en_sents,vi_sents
We must give it time,chúng ta phải cho nó thời gian
Will you look over my report?,bạn sẽ xem qua báo cáo của tôi?
Is there something we can do?,chúng ta có thể làm gì?
Professor White published his first book last year,giáo sư trắng xuất bản cuốn sách đầu tiên của ông năm ngoái
Why does Tom want us to do this?,Tại sao tom muốn chúng ta làm điều này?
Tom wants us to know he did it.,Tom muốn chúng tôi biết anh ấy đã làm điều đó.
Tom left quietly.,Tom lặng lẽ rời đi.
"What's on your mind, Tom?",Bạn đang nghĩ gì vậy?
He graduated from college at the age of 22,anh tốt nghiệp đại học năm 22 tuổi
The wicked witch cast a spell on the man and turned him into a bug,mụ phù thủy độc ác đã bỏ bùa vào người đàn ông và biến anh ta thành một con bọ
She didn't do it out of malice.,cô ấy đã không làm điều đó vì ác ý.
Why have you been asking me these questions?,Tại sao bạn lại hỏi tôi những câu hỏi này?
Tom got sunburned,tom bị cháy nắng
I told Tom I thought it was a good idea.,tôi nói với tom tôi nghĩ rằng đó là một ý tưởng tốt.
It is often easier to make plans than to carry them out.,thường dễ thực hiện kế hoạch hơn là thực hiện chúng.
What's your favorite joke?,trò đùa yêu thích của bạn là gì?
Please make your reservation one week in advance,vui lòng đặt chỗ trước một tuần
"If he had worked harder, he might be a rich man now.","nếu anh ấy làm việc chăm chỉ hơn, bây giờ anh ấy có thể là một người đàn ông giàu có."
He studies American history,anh ấy học lịch sử mỹ
I think I'll take the test this time,tôi nghĩ rằng tôi sẽ làm bài kiểm tra lần này
The floor gave way,sàn nhường đường
Mary spends hours in the bathroom,mary dành hàng giờ trong phòng tắm
I'm going to go to Boston.,Tôi sẽ đi đến boston.
I finally met the right woman.,Cuối cùng tôi đã gặp đúng người phụ nữ.
Aren't you in charge?,bạn không chịu trách nhiệm?
The store changed hands at the end of last summer.,cửa hàng đã đổi chủ vào cuối mùa hè năm ngoái.
The trees were full of birds,cây cối đầy chim
Tom's new shirt shrunk when he washed it and now it doesn't fit.,Chiếc áo mới của tom co lại khi anh giặt nó và bây giờ nó không vừa.
Tom caught the ball.,tom bắt bóng.
I know Tom's widow.,tôi biết quả phụ của tom.
Tom isn't dumb.,Tom không bị câm.
Your time has come,Thời của bạn đã đến
I'm giving you a second chance,tôi đang cho bạn cơ hội thứ hai
"Tom hadn't washed dishes in a week, so the sink was full of dirty dishes.","Tom đã không rửa bát trong một tuần, vì vậy bồn rửa đầy bát đĩa bẩn."
Tom wouldn't have lied.,Tom sẽ không nói dối.
"While I understand what you say, I can't agree with you.","Trong khi tôi hiểu những gì bạn nói, tôi không thể đồng ý với bạn."
There are many stars larger than our sun,có nhiều ngôi sao lớn hơn mặt trời của chúng ta
We aren't dead yet.,chúng tôi chưa chết
The cows are eating grass,những con bò đang ăn cỏ
When did they go?,họ đã đi khi nào
We were all so happy.,chúng tôi đều rất hạnh phúc
She has a talent for dance.,cô ấy có một tài năng về khiêu vũ.
Sheila and I are old friends.,sheila và tôi là bạn cũ.
I'll look after Tom,tôi sẽ chăm sóc tom
Why are you so suspicious?,tại sao bạn lại nghi ngờ
How can you not know?,Làm thế nào bạn có thể không biết?
The church was built in the fifteenth century,nhà thờ được xây dựng vào thế kỷ XV
I wondered if I had ever really understood anyone,tôi tự hỏi nếu tôi đã thực sự hiểu bất cứ ai
He used to try very hard to get straight As,anh ấy đã rất cố gắng để đi thẳng
I said let Tom go.,tôi nói hãy để tom đi.
"The loss amounted to $2,000,000",khoản lỗ lên tới 2.000.000 đô la
He works all night and he sleeps all day.,Anh ấy làm việc cả đêm và anh ấy ngủ cả ngày.
"This isn't an unappealing proposition, is it?","Đây không phải là một đề xuất hấp dẫn, phải không?"
He didn't say a word about it,anh ấy đã không nói một lời về nó
She laid her baby on the bed,cô đặt em bé lên giường
There are discrepancies,có sự khác biệt
He killed himself by taking poison.,anh ta tự sát bằng cách uống thuốc độc.
I still like Tom.,tôi vẫn thích tom
She couldn't convince him to buy her a new car,cô không thể thuyết phục anh mua cho cô một chiếc xe mới
We are going to make up for lost time by taking a short cut,chúng ta sẽ bù đắp thời gian đã mất bằng cách cắt ngắn
I didn't come here alone,tôi đã không đến đây một mình
He drinks a lot but always seems sober.,Anh uống rất nhiều nhưng luôn có vẻ tỉnh táo.
It doesn't matter either way.,dù sao đi nữa cũng không thành vấn đề.
I walk my dog along the river every morning.,Tôi dắt chó đi dạo dọc bờ sông mỗi sáng.
I'm fully recovered,tôi đã bình phục hoàn toàn
I just got back from supermarket.,tôi vừa trở về từ siêu thị
Where's the proof that he committed a crime?,Đâu là bằng chứng cho thấy anh ta phạm tội?
I planned to introduce him to her.,tôi dự định giới thiệu anh ấy với cô ấy.
He taught me how to write,anh ấy dạy tôi viết
Where's the dining car?,xe ăn uống ở đâu
Our teacher hates his students to ask questions while he is giving a lecture,giáo viên của chúng tôi ghét học sinh của mình để đặt câu hỏi trong khi ông đang giảng bài
It seems that Tom is upset about something,có vẻ như tom đang buồn
Let's all just calm down.,tất cả hãy bình tĩnh
Thanks for the support.,cảm ơn về sự hỗ trợ.
I'm going to climb Mt. Kitadake.,Tôi sẽ leo lên mt. kitadake.
He came near being hit by a car,anh ta đến gần bị xe đâm
The battle quickly became fierce and bloody.,trận chiến nhanh chóng trở nên khốc liệt và đẫm máu.
We misjudged Tom.,chúng tôi đánh giá sai tom.
The shopping center will be demolished.,trung tâm mua sắm sẽ bị phá hủy.
The new supermarket was opened last month.,siêu thị mới được khai trương vào tháng trước.
You need someone to help you.,bạn cần ai đó giúp bạn
I've been shopping with Tom.,Tôi đã đi mua sắm với tom.
Don't ask me that,đừng hỏi tôi điều đó
I slept the rest of the day,tôi ngủ phần còn lại của ngày
Tom hugged Mary tightly and never wanted to let her go.,Tom ôm mary thật chặt và không bao giờ muốn buông cô ra.
I'm very impressed by your work.,Tôi rất ấn tượng với công việc của bạn.
They bound the prisoner's arms and legs.,họ trói tay và chân của tù nhân.
His tasks range from digging wells to getting rid of garbage,Nhiệm vụ của anh bao gồm đào giếng đến dọn rác
Just say yes or no.,chỉ nói có hoặc không.
I have just returned from the post office,tôi vừa trở về từ bưu điện
Tom looked at the man who had just come in.,Tom nhìn người đàn ông vừa bước vào.
They all listened.,tất cả họ đều lắng nghe
I can't get used to Tom,tôi không thể quen với tom
Follow the old river bed for two kilometers.,theo lòng sông cũ hai cây số.
Is there any possibility that he'll win the election?,Có khả năng nào ông sẽ giành chiến thắng trong cuộc bầu cử?
That's a very personal question,đó là một câu hỏi rất cá nhân
I'm swamped with work.,Tôi đang bị ngập trong công việc.
Tom doesn't like us very much.,Tom không thích chúng tôi lắm.
How many times a month do you go to the mall?,bao nhiêu lần một tháng bạn đi đến trung tâm mua sắm?
Tom told Mary that he couldn't live without her,Tom nói với mary rằng anh không thể sống thiếu cô ấy
What are some good foods to eat with potatoes?,một số thực phẩm tốt để ăn với khoai tây là gì?
Get out and leave me alone!,ra ngoài và để tôi yên
What do they want?,Họ muốn làm gì?
A stone does not float,một hòn đá không nổi
I've been dying to see him.,Tôi đã rất muốn nhìn thấy anh ấy.
That idea's not bad.,ý tưởng đó không tệ
"As soon as the ship began to move, he got seasick.","Ngay khi con tàu bắt đầu di chuyển, anh ta bị say sóng."
The girl went into the forest to look for mushrooms.,Cô gái đi vào rừng tìm nấm.
I had a meeting with professors and researchers at USP.,tôi đã có một cuộc họp với các giáo sư và nhà nghiên cứu tại usp.
Tom picked up the phone,tom nhấc điện thoại
Are you able to prove it?,bạn có thể chứng minh điều đó không?
I told Tom that I wouldn't help him.,tôi nói với tom rằng tôi sẽ không giúp anh ta.
Don't accuse him of that.,đừng buộc tội anh ấy về điều đó.
Her husband is a member of the Oda family,Chồng cô là thành viên của gia đình oda
I like the Brazilian climate,tôi thích khí hậu Brazil
I'm dead set against the plan,tôi đã chết với kế hoạch
Why do you want such an old car?,Tại sao bạn muốn một chiếc xe cũ như vậy?
Tom will be back home soon.,tom sẽ trở về nhà sớm
You can't accuse him of stealing unless you have proof.,bạn không thể buộc tội anh ta ăn cắp trừ khi bạn có bằng chứng.
Tell us more.,Hãy cho chúng tôi biết thêm.
He doesn't drink coffee,anh ấy không uống cà phê
Don't show me her picture anymore.,đừng cho tôi xem ảnh của cô ấy nữa.
We'll sort this out tomorrow.,chúng ta sẽ sắp xếp thứ này vào ngày mai
The teacher speaks quietly,giáo viên nói khẽ
Is there any danger of radiation?,Có nguy hiểm về phóng xạ không?
What color are your wife's eyes?,Đôi mắt của vợ bạn màu gì?
"Judging from her letter, she seems to be well","đánh giá từ lá thư của cô ấy, cô ấy có vẻ ổn"
They set sail for New York yesterday.,họ đã ra khơi cho new york ngày hôm qua.
Her way of talking got on my nerves,cách nói chuyện của cô ấy làm tôi lo lắng
Tom and Mary have always gotten along well.,tom và mary đã luôn hòa thuận với nhau
It was my plan.,đó là kế hoạch của tôi
Tom sat at the bar drinking by himself,Tom ngồi ở quán rượu uống một mình
"Mom wants to go there, but Dad wants to watch TV at home","mẹ muốn đến đó, nhưng bố muốn xem tivi ở nhà"
He wanted it to be a surprise.,anh muốn nó là một bất ngờ
You were a big help tonight,bạn đã giúp đỡ tối nay
A car drew up in front of my house,một chiếc xe hơi dựng lên trước nhà tôi
I want you to go somewhere,tôi muốn bạn đi đâu đó
I generally don't make mistakes,tôi thường không phạm sai lầm
"I lived in Tokyo a few years ago, but now I live in Kyoto.","tôi đã sống ở Tokyo vài năm trước, nhưng bây giờ tôi sống ở kyoto."
Don't go out now. We're about to have lunch,đừng đi ra ngoài bây giờ chúng tôi chuẩn bị ăn trưa
He slept soundly.,Anh ngủ ngon lành.
Come anytime you like,đến bất cứ lúc nào bạn thích
I'm planning to buy a mobile phone tomorrow.,Tôi dự định mua một chiếc điện thoại di động vào ngày mai.
I realize I'm just stating the obvious.,tôi nhận ra tôi chỉ nói rõ ràng
They run a ferry service across the river.,họ điều hành một dịch vụ phà qua sông.
Doctors suspect smoking has lot to do with cancer,bác sĩ nghi ngờ hút thuốc có liên quan đến ung thư
We were starting to worry you wouldn't make it in time,chúng tôi đã bắt đầu lo lắng bạn sẽ không đến kịp
My shoes are worn out,giày của tôi bị mòn
"Hurry up, and you'll catch the train.","nhanh lên, và bạn sẽ bắt tàu."
It is fortunate that the weather is so nice,thật may mắn vì thời tiết rất đẹp
"Sorry, I mistook you for someone else.","xin lỗi, tôi nhầm bạn với người khác"
Replace it.,thay thế nó.
What are you after?,bạn là gì sau
She's turning red,cô ấy chuyển sang màu đỏ
Tom did nothing but lie in bed all day.,tom không làm gì ngoài nằm trên giường cả ngày.
We had scarcely returned when it began raining.,chúng tôi hiếm khi quay trở lại khi trời bắt đầu mưa.
I'm a new student,toi la hoc sinh moi
It doesn't look promising.,Nó không có vẻ hứa hẹn.
He was very kind to me at the party,anh ấy rất tốt với tôi trong bữa tiệc
I'm not materialistic,tôi không duy vật
The most essential thing in the world to any individual is to understand himself,điều cần thiết nhất trên thế giới đối với bất kỳ cá nhân nào là hiểu chính mình
Have you ever heard someone speaking Esperanto?,Bạn đã bao giờ nghe ai đó nói esperanto chưa?
It was my dream.,đó là giấc mơ của tôi
Eat your veggies,ăn rau của mình đi
Do you have this symptom often?,bạn có triệu chứng này thường xuyên không?
I'm not at fault.,tôi không có lỗi
Tom told me to speak more slowly.,tom bảo tôi nói chậm hơn
He lives in that house over there,anh ấy sống trong ngôi nhà đằng kia
Call me this afternoon,gọi cho tôi chiều nay
You're the one who started the fight,bạn là người bắt đầu cuộc chiến
"You really don't want to go by yourself, do you?","bạn thực sự không muốn đi một mình, phải không?"
Tom has just been told that he's been fired,Tom vừa được thông báo rằng anh ta đã bị sa thải
"To tell the truth, I don't like him.","nói thật, tôi không thích anh ấy."
Tom and I recognized each other even though we hadn't seen each other for years,tom và tôi nhận ra nhau mặc dù chúng tôi đã không gặp nhau trong nhiều năm
Can you tell me how to get to the nearest station?,bạn có thể cho tôi biết làm thế nào để đến ga gần nhất?
Tom couldn't walk without a cane.,Tom không thể đi mà không có gậy.
I wonder where I put my glasses,tôi tự hỏi tôi để kính ở đâu
I don't feel the same way.,tôi không cảm thấy như vậy
Is everything ready?,mọi thứ đã sẵn sàng chưa?
What were you staring at?,bạn đang nhìn gì vậy
He warned me of the danger.,ông cảnh báo tôi về sự nguy hiểm.
Romeo instantly fell in love with Juliet,romeo ngay lập tức yêu juliet
Tom goes to college in Boston.,tom đi học đại học ở boston.
I had a really bad nightmare last night.,tôi đã có một cơn ác mộng thực sự tồi tệ đêm qua.
Tom didn't agree with Mary about the matter,tom không đồng ý với mary về vấn đề này
The man left the restaurant without paying.,Người đàn ông rời khỏi nhà hàng mà không trả tiền.
I'll ask my grandfather to take me there during the next summer vacation.,Tôi sẽ yêu cầu ông tôi đưa tôi đến đó trong kỳ nghỉ hè tới.
I never bet on baseball,tôi không bao giờ đặt cược vào bóng chày
You can't escape.,bạn không thể trốn thoát
It is difficult to relate to someone who has different values from you,thật khó để liên quan đến một người có giá trị khác với bạn
Let's eat lunch outside,chúng ta hãy ăn trưa bên ngoài
His quick temper will get him in trouble one day.,một ngày nóng nảy sẽ khiến anh gặp rắc rối.
He works from nine to five-thirty.,ông làm việc từ chín đến năm giờ ba mươi.
How's the party going?,bữa tiệc diễn ra thế nào
What were you like when you were fifteen?,Bạn thích gì khi bạn mười lăm tuổi?
We were obliged to obey the rule,chúng tôi có nghĩa vụ phải tuân theo quy tắc
He came back after many years.,Anh đã trở lại sau nhiều năm.
Just stay focused.,Chỉ cần tập trung.
Tom is a good father.,tom là một người cha tốt
His speech was brief and to the point,bài phát biểu của ông ngắn gọn và đi vào vấn đề
This adds to the expense.,điều này làm tăng thêm chi phí
Poison can kill you.,chất độc có thể giết chết bạn.
They are lazy. I can't understand such people.,họ lười biếng tôi không thể hiểu những người như vậy.
You need help,bạn cần trợ giúp
Tom wanted Mary to clean her room.,Tom muốn mary dọn phòng.
I suggested that John be called.,tôi đề nghị john được gọi.
Do you still have feelings for him?,bạn có còn tình cảm với anh ấy không?
You must get rid of that bad habit.,bạn phải từ bỏ thói quen xấu đó
Is the rat alive or dead?,con chuột còn sống hay đã chết?
The streets in Tokyo are full on Saturdays.,đường phố ở Tokyo đầy ắp vào thứ bảy.
These grapes are ripe.,những quả nho này đã chín.
She sang as she walked.,Cô vừa hát vừa đi.
I don't understand this novel's plot.,tôi không hiểu cốt truyện của cuốn tiểu thuyết này.
You are mistaken about that.,bạn đang nhầm về điều đó
Tom treats his employees generously,tom đối xử với nhân viên của mình một cách hào phóng
It's worth a fortune.,nó đáng giá cả gia tài
I like my job just fine.,tôi thích công việc của tôi tốt
She always fed her children before she fed her dog.,cô luôn cho con ăn trước khi cho chó ăn.
Tom is a geek,tom là một người đam mê
You need to take a break,bạn cần nghỉ ngơi
Since we insulated the house we've saved a lot on heating oil.,"kể từ khi chúng tôi cách nhiệt ngôi nhà, chúng tôi đã tiết kiệm rất nhiều dầu sưởi."
Tom hasn't complained of any discomfort,Tom đã không phàn nàn về bất kỳ sự khó chịu
"If you can't beat them, join them.","nếu bạn không thể đánh bại họ, hãy tham gia cùng họ."
I was stupid to make a mistake like that.,tôi thật ngu ngốc khi phạm sai lầm như thế
An ice storm is coming in.,một cơn bão băng đang ập đến.
Tom began to feel afraid.,tom bắt đầu thấy sợ.
I've never played golf.,Tôi chưa bao giờ chơi gôn.
Tom and Mary had to go to band rehearsal,Tom và mary đã phải đi đến buổi tập của ban nhạc
"Hey guys, it's getting late","này các bạn, muộn rồi"
Tom is offensive.,tom là xúc phạm.
Tom said you were different.,Tom nói bạn khác biệt.
"She loves Tom, not me","cô ấy yêu tom, không phải tôi"
The ship hasn't even docked yet.,Con tàu thậm chí còn chưa cập cảng.
I am still waiting to be told what happened.,tôi vẫn đang chờ đợi để được nói những gì đã xảy ra.
You've never told us how you met Tom.,bạn chưa bao giờ nói với chúng tôi bạn đã gặp tom như thế nào.
"Human beings, whether they realise it or not, continually seek happiness.","con người, dù có nhận ra hay không, vẫn liên tục tìm kiếm hạnh phúc."
Are you scared to tell Tom?,bạn có sợ nói với tom không?
Tom is wearing a uniform.,Tom đang mặc đồng phục.
I don't like baths.,tôi không thích tắm
Tom didn't tell the truth,tom đã không nói sự thật
I have two passes to the Imperial Theater.,Tôi có hai lần đi đến nhà hát đế quốc.
I have been his greatest fan all my life.,tôi đã là người hâm mộ lớn nhất của anh ấy suốt cuộc đời.
The meat has gone bad.,Thịt đã hỏng
"I did so, not because I wanted to, but because I had to","tôi đã làm như vậy, không phải vì tôi muốn, mà vì tôi phải"
I don't know Tom very well.,tôi không biết rõ về tom
Tom shouldn't have left the window open,Tom không nên để cửa sổ mở
Let's start over,Hãy làm lại từ đầu
"Our stuff got stolen, and we missed our train","công cụ của chúng tôi đã bị đánh cắp, và chúng tôi đã bỏ lỡ chuyến tàu của chúng tôi"
This climate is having a bad effect on your health,khí hậu này có ảnh hưởng xấu đến sức khỏe của bạn
Tom hid the gun under some socks in the drawer.,tom giấu khẩu súng dưới một số vớ trong ngăn kéo.
I still have a few friends in Boston.,Tôi vẫn có một vài người bạn ở boston.
You had me worried,bạn đã làm tôi lo lắng
Night is when most people sleep,đêm là lúc hầu hết mọi người ngủ
Tom got promoted recently.,tom được thăng chức gần đây.
Tom wouldn't run,tom sẽ không chạy
What do you think happened to Tom?,Bạn nghĩ gì đã xảy ra với tom?
What are you going to do with those?,bạn sẽ làm gì với những thứ đó?
I've lived a long time,tôi đã sống một thời gian dài
What's that thing?,cái gì thế
I want a copy of Tom's daily schedule.,tôi muốn một bản sao của lịch trình hàng ngày của tom.
You're very observant.,bạn rất quan sát.
Don't ask me what that is,đừng hỏi tôi đó là gì
This hat suits me nicely,chiếc mũ này rất hợp với tôi
His father got records of bird songs for him.,Cha anh đã thu âm các bài hát chim cho anh.
Thank you very much for your hospitality.,cảm ơn bạn rất nhiều vì sự hiếu khách của bạn
Don't you think we deserve Tom's respect?,bạn không nghĩ rằng chúng tôi xứng đáng với sự tôn trọng của tom sao?
Thunder indicates that a storm is near,sấm sét chỉ ra rằng một cơn bão đang đến gần
You need to go,bạn cần phải đi
Mr. Smith left Japan this morning,Ông. smith rời Nhật Bản sáng nay
Tom keeps a change of clothes in his office.,tom giữ một sự thay đổi quần áo trong văn phòng của mình.
Did Tom happen to tell you how he plans to do that?,Tom đã xảy ra để cho bạn biết làm thế nào anh ta dự định làm điều đó?
We must be going now,chúng ta phải đi ngay bây giờ
Tom wiped away Mary's tears,tom lau nước mắt của mary
I heard it.,tôi đã nghe điều đó.
That's not helpful.,Điều đó không hữu ích.
He never said it again.,anh không bao giờ nói lại.
You were always a little strange.,bạn luôn luôn là một chút lạ.
Tom went home.,tom về nhà
Tom took a step backward,tom lùi một bước
Mr. Smith is sure to come on Sunday,Ông. smith chắc chắn sẽ đến vào chủ nhật
Mrs. Jones counts sheep every night to go to sleep.,Bà. jones đếm cừu mỗi đêm để đi ngủ.
It's a work in progress.,đó là một công việc đang tiến triển.
I told Tom I was going to handle it,tôi nói với tom tôi sẽ xử lý nó
"You write very neatly, don't you?",bạn viết rất gọn gàng phải không?
Sewing is manual work,may là công việc thủ công
"Look, it's my problem","hãy nhìn xem, đó là vấn đề của tôi"
Tom was stupid enough to believe what Mary told him.,Tom đủ ngu ngốc để tin những gì mary nói với anh ta.
"The right word may be effective, but no word was ever as effective as a rightly timed pause","từ đúng có thể có hiệu lực, nhưng không có từ nào hiệu quả bằng việc tạm dừng đúng thời gian"
"By the time we got there, he had left","Khi chúng tôi đến đó, anh ấy đã rời đi"
It was very hard,nó đã rất khó
"By the time we got there, the ship had left.","Khi chúng tôi đến đó, con tàu đã rời đi."
"At the end of every day, his back was tired and his legs hurt.","vào cuối mỗi ngày, lưng anh mệt mỏi và chân anh đau."
The man died a few hours ago,người đàn ông đã chết cách đây vài giờ
Mary died during childbirth.,mary chết trong khi sinh con.
They shouted as loudly as they could,họ hét to hết mức có thể
I was satisfied with the steak dinner,tôi hài lòng với bữa tối bít tết
He worked hard to earn a lot of money.,anh ấy làm việc chăm chỉ để kiếm được nhiều tiền.
What're you two doing?,hai bạn đang làm gì vậy
Tom bounced back.,tom bật lại.
It's your problem now,bây giờ là vấn đề của bạn
The police treated Tom like a common criminal.,cảnh sát đối xử với tom như một tên tội phạm thông thường.
He fell flat on the floor,anh ta ngã xuống sàn
That had to hurt.,mà phải đau.
Mr. Johnson's room was a large one,Ông. phòng của John là một phòng lớn
Maybe he will arrive tonight,có lẽ anh sẽ đến tối nay
Tom promised Mary that he wouldn't drink anymore.,Tom hứa với mary rằng anh sẽ không uống nữa.
Why are they here?,tại sao họ ở đây?
My grandmother can fly,bà tôi có thể bay
Our success depends on whether he helps us or not,thành công của chúng ta phụ thuộc vào việc anh ta có giúp chúng ta hay không
I hate spinach,tôi ghét rau bina
I went to the library to read books.,tôi đến thư viện để đọc sách
He is looked up to as their leader,anh ấy được coi là người lãnh đạo của họ
He confessed he had to lie,anh thú nhận anh phải nói dối
Tom has bad breath,tom bị hôi miệng
We've had trouble with Tom before.,chúng tôi đã gặp rắc rối với tom trước đây.
Have you ever seen a UFO?,bạn có bao giờ thấy vật thể bay không xác định chưa?
I can feel it in my gut,tôi có thể cảm thấy nó trong ruột của tôi
I can't understand the problem,tôi không thể hiểu vấn đề
I found the film interesting.,tôi thấy bộ phim thú vị
He looked like a rich man,anh ấy trông như một người đàn ông giàu có
Tom likes to talk about himself,tom thích nói về bản thân
I'm Tom's driver,tôi là tài xế của tom
Who does she get that from?,cô ấy nhận được điều đó từ ai?
Tom went on a blind date,tom đã đi vào một ngày mù
Tom will go first.,tom sẽ đi trước.
That kid's a chip off the old block.,Đứa trẻ đó là một con chip ra khỏi khối cũ.
That's a pretty good idea,đó là một ý tưởng khá tốt
I need you to help me here,tôi cần bạn giúp tôi ở đây
I'm convinced that Tom didn't do what Mary accused him of doing,Tôi tin rằng tom đã không làm những gì mary buộc tội anh ta đã làm
This bag is greasy.,cái túi này dính dầu mỡ
It is absolutely impossible,nó là hoàn toàn không thể
Tom has no alternative.,tom không có sự thay thế.
It's your turn to drive.,đến lượt bạn lái xe.
I bought a pair of boots,tôi đã mua một đôi giày
Quit joking around,bỏ trò đùa
The sofa takes up too much room.,ghế sofa chiếm quá nhiều phòng.
Let's get a picture of the whole team.,Hãy lấy một bức tranh của cả đội.
Tom was on the bus.,Tom đã lên xe buýt.
It cost me 100 yen to send the letter.,Tôi mất 100 yên để gửi thư.
Tom balled his hands into fists,tom nắm tay thành nắm đấm
I go to bed at eleven.,tôi đi ngủ lúc mười một giờ
I can't sell that to you.,tôi không thể bán nó cho bạn
"I dunno if it's a bug or what, but this software doesn't work right","Tôi không biết đó có phải là lỗi hay không, nhưng phần mềm này không hoạt động đúng"
She's not a bad girl.,cô ấy không phải là một cô gái xấu
Tom is getting worried,tom đang lo lắng
This is the last one we have.,đây là cái cuối cùng chúng ta có
He knows how to drive a car.,Anh ấy biết lái xe.
He was a man of great ambition,ông là một người có tham vọng lớn
I'll be ready in just a second,tôi sẽ sẵn sàng chỉ trong một giây
"Starting tomorrow, we'll stay open until 9:00 p.m","bắt đầu từ ngày mai, chúng tôi sẽ mở cửa đến 9:00 tối"
How come you didn't come to the party?,Sao bạn không đến dự tiệc?
She has no idea what I intend to do.,cô ấy không biết tôi định làm gì
We are just about the same age,chúng ta chỉ bằng tuổi nhau
What've you done?,bạn đã làm gì
Choose one from among these prizes,chọn một trong số những giải thưởng này
We've decided to remove Tom from life support.,chúng tôi đã quyết định loại bỏ tom khỏi hỗ trợ cuộc sống.
Roll up your right sleeve.,xắn tay áo lên.
"It's not going well, is it?","nó sẽ không tốt, phải không?"
"Tom offered Mary a drink of water, but she refused","tom mời mary uống nước, nhưng cô từ chối"
I'm sure I don't need to do that,tôi chắc chắn rằng tôi không cần phải làm điều đó
The wooden chair costs sixty libras.,Chiếc ghế gỗ có giá sáu mươi libras.
"If the boss finds this out, I'm done for","nếu ông chủ phát hiện ra điều này, tôi đã xong"
Tom finished the race,tom kết thúc cuộc đua
He's giving it a go,anh ấy cho nó đi
I'm sure she will become a great singer.,Tôi chắc rằng cô ấy sẽ trở thành một ca sĩ tuyệt vời.
When did you talk to Tom?,khi nào bạn nói chuyện với tom
This road is dangerous.,con đường này nguy hiểm
Are you going to help us?,bạn sẽ giúp chúng tôi chứ?
I only want the money you owe me.,tôi chỉ muốn số tiền bạn nợ tôi
My parents were proud of me,bố mẹ tôi tự hào về tôi
I've done no such thing,tôi đã không làm điều đó
We need water,chúng ta cần nước
"Today, everything went awry from the start","hôm nay, mọi thứ trở nên tồi tệ ngay từ đầu"
The mayor presented him with the key to the city,thị trưởng tặng ông chìa khóa cho thành phố
Tom tipped the bellboy.,tom nghiêng người gác chuông.
He repaired my watch for me.,anh sửa đồng hồ cho tôi.
He must have left,anh ấy phải rời đi
I was going to do it myself.,tôi sẽ tự làm điều đó
He finally succeeded,cuối cùng anh ấy đã thành công
Tom picked up his glass and took a sip of water.,tom cầm ly lên và uống một ngụm nước.
That was it,Điều đó là vậy đó
I am a citizen of Sapporo,tôi là công dân của sapporo
Water and oil are both liquids.,Nước và dầu đều là chất lỏng.
Did you have to get up very early this morning?,sáng nay bạn có dậy sớm không?
Tom made Mary laugh,tom làm mary cười
Nancy can't decide anything for herself,nancy không thể quyết định bất cứ điều gì cho mình
We are faced with many difficulties,chúng tôi đang gặp nhiều khó khăn
Please come over if you have time,vui lòng ghé qua nếu bạn có thời gian
The bus went over the cliff,xe buýt đi qua vách đá
I waited for an hour in the meeting room,tôi đã đợi một giờ trong phòng họp
The parents could not help scolding their little child.,cha mẹ không thể không trách mắng đứa con nhỏ của họ.
"I paid 2,000 yen for this atlas",tôi đã trả 2.000 yên cho tập bản đồ này
Did you leave at the same time as my younger sister?,bạn đã rời đi cùng lúc với em gái tôi?
"Generally speaking, Tom is right","nói chung, tom nói đúng"
I was your age once.,tôi đã bằng tuổi bạn một lần
Tom is the richest man I know.,Tom là người đàn ông giàu nhất mà tôi biết.
"When we are away from home, nothing gives us more pleasure than to receive a parcel from home","khi chúng tôi vắng nhà, không có gì mang lại cho chúng tôi nhiều niềm vui hơn là nhận được một bưu kiện từ nhà"
Tom doesn't like Mary very much,tom không thích mary lắm
I've still got some time,tôi vẫn còn chút thời gian
I saw the cook,tôi đã thấy đầu bếp
You won't believe your eyes.,bạn sẽ không tin vào mắt mình
I'll do it with you,tôi sẽ làm điều đó với bạn
Most Americans approved of what Coolidge did.,Hầu hết người Mỹ đã chấp thuận những gì cool lạnh đã làm.
You're charming.,Bạn duyên dáng.
Brian kept the door open.,brian giữ cửa mở.
How many bus stops are there between here and where you get off?,Có bao nhiêu điểm dừng xe buýt giữa đây và nơi bạn xuống xe?
She is said to have been rich,cô ấy được cho là giàu có
What is the cause of the fire?,nguyên nhân của vụ cháy là gì?
We got a good price for that,chúng tôi có một mức giá tốt cho điều đó
The police searched the house and seized 2 kilograms of heroin.,Cảnh sát đã khám xét ngôi nhà và thu giữ 2 kg heroin.
I should've done it by myself,tôi nên tự làm một mình
Something's beginning.,một cái gì đó bắt đầu.
Tom was the very last to arrive,tom là người cuối cùng đến
Did you have a good time last night?,tối qua bạn có vui không
I just want to know what time I'm supposed to pick Tom up,tôi chỉ muốn biết mấy giờ tôi nên đón tom
Tom gets off work at five,tom nghỉ làm lúc năm giờ
Tom gave Mary the cold shoulder,tom cho mary vai lạnh
I saw a dog crossing the street,tôi thấy một con chó băng qua đường
Tom needs a good lawyer,tom cần một luật sư giỏi
The proposal went through,đề nghị đã đi qua
Who are you quarreling with?,bạn đang cãi nhau với ai
I didn't know you worked here.,Tôi không biết bạn đã làm việc ở đây.
I was thinking about you a lot today,tôi đã suy nghĩ về bạn rất nhiều ngày hôm nay
"When I was young, my father often talked to me about the Golden Pavilion","Khi tôi còn nhỏ, cha tôi thường nói chuyện với tôi về gian hàng vàng"
I had a pleasant dream last night,tôi đã có một giấc mơ dễ chịu đêm qua
"""That's not the problem."" ""Then what's wrong?""","""đó không phải là vấn đề."" ""vậy thì sao?"""
Have you told Tom where you want him to park his car?,bạn đã nói với tom nơi bạn muốn anh ấy đỗ xe chưa?
I just gave Tom 30 dollars,tôi vừa đưa cho Tom 30 đô la
It rained for a week.,trời mưa suốt một tuần.
Tom weighed his options for a moment,Tom cân nhắc lựa chọn của mình một lát
He lied to me. That is why I am angry with him,Anh nói dối tôi. đó là lý do tại sao tôi tức giận với anh ta
There was no objection on the part of the students.,không có sự phản đối về phía các sinh viên.
No one knows when such a custom came into existence,không ai biết khi nào một phong tục như vậy xuất hiện
The person helping Tom is Mary.,người giúp tom là mary.
I buy stationery in bulk.,tôi mua văn phòng phẩm với số lượng lớn.
I can make it look real,tôi có thể làm cho nó trông thật
Dry your face with a towel.,lau khô mặt bằng khăn.
Don't tell Tom,đừng nói với tom
They're giving a big ball at the American Embassy tonight.,Họ đang cho một quả bóng lớn tại đại sứ quán Mỹ tối nay.
She works in marketing,cô ấy làm công việc tiếp thị
Japanese Admiral Isoroku Yamamoto launched the battle,đô đốc Nhật Bản isoroku yamamoto đã phát động trận chiến
Tom bought presents for his children.,tom mua quà cho con.
Tom went to an all-boys school.,tom đã đi đến một trường toàn nam.
No one lived on the island at that time.,không ai sống trên đảo lúc đó
My father is too stubborn to admit his faults,cha tôi quá cứng đầu để thừa nhận lỗi lầm của mình
I am sure of his accepting our invitation.,tôi chắc chắn về việc anh ấy chấp nhận lời mời của chúng tôi.
I can't imagine anybody would be surprised if Tom didn't show up at the party.,Tôi không thể tưởng tượng bất cứ ai sẽ ngạc nhiên nếu tom không xuất hiện tại bữa tiệc.
Someone might see us.,ai đó có thể nhìn thấy chúng tôi.
The doctor advised me not to drink too much.,Bác sĩ khuyên tôi không nên uống quá nhiều.
I want you to stand up,tôi muốn bạn đứng lên
All systems are go.,tất cả các hệ thống đang đi.
You need to be honest with me.,bạn cần phải trung thực với tôi
He has overcome many obstacles,anh ấy đã vượt qua nhiều trở ngại
Tom told me he usually eats breakfast at seven.,Tom nói với tôi anh ấy thường ăn sáng lúc bảy giờ.
Tom says he's really sorry,tom nói anh ấy thực sự xin lỗi
Tell me more about yourself.,nói cho tôi biết thêm về bản thân bạn
They stopped talking as soon as I came into the room.,họ ngừng nói ngay khi tôi vào phòng.
Tom made a bookcase,tom làm một tủ sách
He did nothing but lie in bed all day,anh không làm gì ngoài nằm trên giường cả ngày
How dare you say such a thing to me!,Sao mày dám nói như vậy với tao!
"I'm not disturbing you, am I?",tôi không làm phiền bạn phải không
I resent his rude attitude,tôi bực bội thái độ thô lỗ của anh ấy
Tom often invites himself for dinner,tom thường mời mình ăn tối
Arabic is my mother tongue,tiếng Ả Rập là tiếng mẹ đẻ của tôi
They granted his request,họ đã chấp nhận yêu cầu của anh ấy
Tom always does things the same old way,tom luôn làm mọi thứ theo cách cũ
You need money to make money.,bạn cần tiền để kiếm tiền
Who were you just speaking to?,bạn vừa nói chuyện với ai
I don't like this neighborhood much.,Tôi không thích khu phố này nhiều.
Tom's sensible.,tom hợp lý.
He got fired for slacking off at work.,anh ta bị đuổi việc vì nghỉ việc.
Tom couldn't find his glasses,Tom không thể tìm thấy kính của mình
I'm afraid that I might make you angry.,Tôi sợ rằng tôi có thể làm cho bạn tức giận.
Tom likes to watch baseball on TV,tom thích xem bóng chày trên tv
The postman was bitten by that dog.,người đưa thư đã bị con chó đó cắn.
He's a man of importance.,Anh ấy là một người đàn ông quan trọng.
Tom quit the company.,tom rời công ty.
You look stupid.,bạn trông thật ngu ngốc
"Tom stood at the door, flipping the light switch on and off.","tom đứng ở cửa, bật và tắt công tắc đèn."
It's just my luggage.,nó chỉ là hành lý của tôi
Tom said good night to Mary,Tom nói chúc ngủ ngon
Come the day after tomorrow.,đến ngày mốt
Have you ever invited Tom to your parties?,Bạn đã bao giờ mời tom đến các bữa tiệc của bạn chưa?
I've lived here since I was a kid,tôi đã sống ở đây từ khi còn bé
I want to go there once more.,tôi muốn đến đó một lần nữa
This is something I have to do.,đây là việc tôi phải làm
The habit of smoking is very difficult to get rid of,thói quen hút thuốc rất khó bỏ
He is walking now.,Anh ấy đang đi bộ.
We'll have the element of surprise on our side.,chúng ta sẽ có yếu tố bất ngờ về phía chúng ta.
How long have Tom and Mary been engaged?,Tom và mary đã đính hôn bao lâu rồi?
Mary showed all her friends her engagement ring.,mary cho tất cả bạn bè của cô chiếc nhẫn đính hôn của cô.
My friends are all married,bạn của tôi đều đã kết hôn
I don't like your going there by yourself.,tôi không thích bạn đến đó một mình.
Tom and Mary were plotting to kill Tom's father for the life insurance.,tom và mary đã âm mưu giết cha của tom để mua bảo hiểm nhân thọ.
The lawyer has many clients,luật sư có nhiều khách hàng
He said better times were ahead for the country,ông nói thời gian tốt hơn đã ở phía trước cho đất nước
Tom turned on the light switch.,tom bật công tắc đèn.
Tom thinks it's pretty good.,Tom nghĩ rằng nó khá tốt.
Kids are smarter than you think,trẻ em thông minh hơn bạn nghĩ
The sky is clear almost every day.,bầu trời rõ ràng gần như mỗi ngày.
These supplies became extremely valuable.,những vật tư này trở nên vô cùng quý giá.
Closer examination revealed that the skull had been crushed by some heavy blow,kiểm tra kỹ hơn cho thấy hộp sọ đã bị nghiền nát bởi một cú đánh nặng nề
The children are going to the beach today,bọn trẻ đang đi biển hôm nay
I didn't ask Tom to come back.,tôi không yêu cầu tom quay lại.
He won the first prize at the chess tournament.,anh đã giành giải nhất tại giải cờ vua.
Tom already told me.,tom đã nói với tôi
We're never going to find Tom,chúng ta sẽ không bao giờ tìm thấy tom
Tom is happy when he is with Mary,Tom hạnh phúc khi ở bên mary
I caught them in the act.,tôi bắt gặp họ trong hành động.
That's perfectly legal,điều đó hoàn toàn hợp pháp
It rained gently the whole day,trời mưa nhẹ cả ngày
Nobody wants him to come,không ai muốn anh ấy đến
I have been looking for lemon juice all day long.,Tôi đã tìm kiếm nước chanh cả ngày.
I think we should get out here.,Tôi nghĩ chúng ta nên ra khỏi đây.
I would advise you strongly to quit doing that.,Tôi sẽ khuyên bạn mạnh mẽ để bỏ làm điều đó.
Can't we speed it up?,chúng ta không thể tăng tốc nó lên?
What a stupid thing to say at a time like this!,Thật là một điều ngu ngốc để nói tại một thời điểm như thế này!
You do look a little better today.,hôm nay bạn trông ổn hơn một chút
The bus conductor told her to get off because she could not pay the fare.,người điều khiển xe buýt bảo cô xuống xe vì cô không thể trả tiền vé.
The girl hugged her doll.,Cô gái ôm con búp bê của mình.
Tom can help you out,tom có thể giúp bạn ra ngoài
He borrowed a lot of money from the bank.,ông đã vay rất nhiều tiền từ ngân hàng.
I'll never forget that.,Tôi sẽ không bao giờ quên điều đó.
It was beginner's luck,đó là may mắn của người mới bắt đầu
She handed him the key,cô đưa chìa khóa cho anh
May I ask who you are?,tôi có thể hỏi bạn là ai không?
Be careful going down,cẩn thận đi xuống
Let's start with the good news.,Hãy bắt đầu với những tin tốt.
Tom didn't even say thanks.,Tom thậm chí không nói cảm ơn.
I'm sure everything will work out just fine,tôi chắc chắn mọi thứ sẽ ổn thôi
She came near being run over,cô ấy đến gần bị chạy qua
Tell me what you did to Tom,nói cho tôi biết bạn đã làm gì với tom
I looked up his telephone number in a telephone directory,tôi đã tra cứu số điện thoại của anh ấy trong một danh bạ điện thoại
How long do you plan on staying here?,bạn dự định ở đây bao lâu
Don't run around the house,đừng chạy quanh nhà
Tom never told me he had been in the army,Tom không bao giờ nói với tôi rằng anh ta đã ở trong quân đội
There's a secret passage.,Có một lối đi bí mật.
Sit over there and shut up.,ngồi đằng kia và im lặng.
What have you eaten today?,bạn đã ăn gì hôm nay?
He went crazy,anh ấy đã phát điên
Tom hasn't heard from Mary since last June.,Tom đã không nghe từ mary kể từ tháng sáu năm ngoái.
Tom was aiming his pistol at Mary when John shot him,Tom đang nhắm khẩu súng lục vào mary khi john bắn anh ta
Tom jumped off the roof.,tom nhảy ra khỏi mái nhà.
Why are your eyes so big?,tại sao mắt bạn to vậy
The clock is fast.,đồng hồ nhanh
"""Everybody is invited."" ""Even Tom?""","""mọi người đều được mời."" ""thậm chí tom?"""
Tom can't run as fast as Mary,Tom không thể chạy nhanh như mary
My daughter tells me I'm old-fashioned because I don't use a cellphone.,Con gái tôi nói với tôi rằng tôi lỗi thời vì tôi không sử dụng điện thoại di động.
You should apologize to your father for not getting home in time for dinner,bạn nên xin lỗi cha vì đã không về nhà kịp bữa tối
Are you going to vote in the upcoming election?,bạn sẽ bỏ phiếu trong cuộc bầu cử sắp tới?
What's your favorite form of exercise?,hình thức tập thể dục yêu thích của bạn là gì?
I like this overcoat. May I try it on?,tôi thích cái áo khoác này tôi có thể thử nó không?
The baby was quiet all night.,Đứa bé im lặng suốt đêm.
The same thing happened three years ago in Boston,điều tương tự đã xảy ra ba năm trước ở boston
Here is your bill,đây là hóa đơn của bạn
Let's pray.,hãy cầu nguyện nào.
Tom doesn't want me to see what he's doing,Tom không muốn tôi xem anh ấy đang làm gì
Tom is coming in on the next flight from Boston.,tom đang đến trên chuyến bay tiếp theo từ boston.
Please drive slowly,làm ơn lái chậm
Do you know what they want?,Bạn có biết họ muốn gì không?
There are around three thousand mosques in Istanbul,có khoảng ba ngàn nhà thờ Hồi giáo ở istanbul
I'll stand by you no matter what others may say.,Tôi sẽ luôn bên cạnh bạn cho dù người khác có thể nói gì.
I appreciate your confidence in me.,tôi đánh giá cao sự tự tin của bạn vào tôi.
You've really changed,bạn đã thực sự thay đổi
You looked lovely.,bạn trông thật đáng yêu
I'll meet Tom at the library.,Tôi sẽ gặp tom tại thư viện.
What's your favorite thing about the Christmas season?,điều yêu thích của bạn về mùa Giáng sinh là gì?
She is smarter than he is,cô ấy thông minh hơn anh
I have other priorities.,tôi có những ưu tiên khác
Tom can't speak French without making a lot of mistakes,Tom không thể nói tiếng Pháp mà không phạm nhiều sai lầm
Look at the traffic.,nhìn vào giao thông
Congress refused to act.,Đại hội từ chối hành động.
I'm going with you,Tôi sẽ đi với bạn
Your necktie matches your suit.,cà vạt của bạn phù hợp với bộ đồ của bạn.
She looks exactly the same as she was at school.,cô ấy trông giống hệt như cô ấy ở trường.
You owe me a favor.,bạn nợ tôi một việc
Tom tried to make up for his lack of sleep by taking a nap.,Tom cố gắng bù đắp cho việc thiếu ngủ bằng cách chợp mắt.
Would you join me for some ballroom dancing?,bạn sẽ tham gia cùng tôi để nhảy khiêu vũ chứ?
You weren't that great,bạn không tuyệt lắm
What do you think it was?,Bạn nghĩ gì về nó?
The museum isn't open on Sundays,bảo tàng không mở cửa vào chủ nhật
We should be able to complete the work in five days.,chúng tôi sẽ có thể hoàn thành công việc trong năm ngày.
That made me laugh.,điều đó làm tôi cười
Don't worry. We're not going to leave you.,đừng lo lắng chúng tôi sẽ không rời xa bạn
They wanted Tom dead even more than you did,họ muốn tom chết thậm chí nhiều hơn bạn
What do you think of these?,Bạn nghĩ gì về những thứ này?
Please give me a pillow and a blanket.,xin vui lòng cho tôi một cái gối và một cái chăn
Tom knows it.,Tom biết điều đó.
I'd like a single from the 24th for two nights,Tôi muốn một đĩa đơn từ ngày 24 trong hai đêm
He succeeded in solving the problem.,ông đã thành công trong việc giải quyết vấn đề.
I know that Tom says he doesn't like me,tôi biết rằng tom nói rằng anh ấy không thích tôi
Tom is drinking a beer,tom đang uống bia
Is Spanish spoken in Mexico?,tiếng Tây Ban Nha được nói ở Mexico?
How did you find Tom?,Làm thế nào bạn tìm thấy tom?
There are many people in the world who complain that they are too busy to read.,Có rất nhiều người trên thế giới phàn nàn rằng họ quá bận để đọc.
"Just give me a chance, OK?","chỉ cần cho tôi một cơ hội, ok?"
She is interested in learning new ideas,cô ấy thích học hỏi những ý tưởng mới
Have you ever seen a spider spinning its web?,Bạn đã bao giờ nhìn thấy một con nhện quay web của nó?
Tom's pride won't let him admit he's wrong.,niềm tự hào của tom sẽ không để anh ta thừa nhận mình sai.
I will meet you at the station tomorrow.,Tôi sẽ gặp bạn tại nhà ga vào ngày mai.
Where did you get that sweater?,bạn lấy cái áo len đó ở đâu
Great geniuses have the shortest biographies,những thiên tài vĩ đại có tiểu sử ngắn nhất
Tom is a stranger,tom là một người lạ
Tom couldn't answer all of the questions.,Tom không thể trả lời tất cả các câu hỏi.
Tom was kidnapped,tom bị bắt cóc
I should be thanking you,tôi nên cảm ơn bạn
Anything is possible.,mọi thứ đều có thể.
Is that a fact?,Có phải đó là một thực tế?
Tom heard the alarm.,tom nghe báo thức.
"Not only does she keep house, but she also works as a school teacher","cô ấy không chỉ giữ nhà, mà còn làm giáo viên"
My father is going to kill me,bố tôi sẽ giết tôi
Juries usually have 12 members.,Hội thẩm thường có 12 thành viên.
Don't forget to turn off all the lights before going to bed,đừng quên tắt hết đèn trước khi đi ngủ
Tom devoted his whole life to studying sharks,tom dành cả cuộc đời để nghiên cứu cá mập
The teacher submitted a request for more funds.,giáo viên đã gửi một yêu cầu cho nhiều tiền hơn.
I doubt that Tom would ever do that kind of thing,tôi nghi ngờ rằng tom sẽ làm điều đó
Tom took on more than he could handle.,tom đảm nhận nhiều hơn anh ta có thể xử lý.
Do one thing at a time.,làm một việc tại một thời điểm
I knew you'd help me.,tôi biết bạn sẽ giúp tôi.
He is in charge of making arrangements for our trip to Europe.,anh ấy chịu trách nhiệm sắp xếp cho chuyến đi đến châu Âu của chúng tôi.
Tom got rid of his old car,tom đã thoát khỏi chiếc xe cũ của mình
He is an authority on the humanities,ông là người có thẩm quyền về nhân văn
It's time for you to go to sleep,đến giờ đi ngủ rồi
Why do you want to know what I'm thinking?,tại sao bạn muốn biết tôi đang nghĩ gì
Father gave up cigarettes,cha đã từ bỏ thuốc lá
"If you'd listen a little more carefully to what the teacher says, you'd probably be able to understand","nếu bạn lắng nghe kỹ hơn những gì giáo viên nói, có lẽ bạn sẽ hiểu"
I want Tom arrested for murder.,Tôi muốn tom bị bắt vì tội giết người.
Tom doesn't know where to go,tom không biết đi đâu
You can go to the bus station,bạn có thể đi đến trạm xe buýt
We're looking forward to our vacation,chúng tôi đang mong chờ kỳ nghỉ của chúng tôi
The hotel was designed by a Japanese architect.,khách sạn được thiết kế bởi một kiến trúc sư Nhật Bản.
What's your favorite board game?,trò chơi hội đồng yêu thích của bạn là gì?
Help yourself to anything you'd like to eat.,giúp mình ăn bất cứ thứ gì bạn muốn ăn.
Tom was up all night studying,tom thức cả đêm
Tom smiled at them all.,tom mỉm cười với tất cả họ.
You're an inspiration to us all.,bạn là nguồn cảm hứng cho tất cả chúng ta.
I'm pleased to have you here,tôi rất vui khi có bạn ở đây
There were no more than five passengers in the bus.,không có quá năm hành khách trên xe buýt.
Tom is worried about what Mary is going to say,tom lo lắng về những gì mary sẽ nói
Tom grabbed my arm,tom nắm lấy cánh tay của tôi
The murderer hid in the mountains.,Kẻ giết người trốn trong núi.
His mother is worried sick about him.,Mẹ anh lo lắng về anh.
Please tell me about your hobbies.,xin vui lòng cho tôi biết về sở thích của bạn.
"Right now, we've got bigger problems.","ngay bây giờ, chúng tôi đã có vấn đề lớn hơn."
"You don't know where Tom works, do you?",bạn không biết tom làm việc ở đâu chứ?
His parents took him for a walk,bố mẹ anh đưa anh đi dạo
Is there something you wanted?,bạn muốn gì không
Tom doesn't really listen when Mary is talking to him,Tom không thực sự lắng nghe khi mary đang nói chuyện với anh ấy
Was it a dream?,nó chỉ là một giấc mơ?
The pilot described the scene in detail,Phi công đã mô tả chi tiết hiện trường
I think I'm coming down with the flu.,Tôi nghĩ rằng tôi đang bị cúm.
She cleaned her room before her guests arrived,cô ấy dọn phòng trước khi khách đến
All my problems are over.,tất cả các vấn đề của tôi đã qua.
We must clean up the kitchen,chúng ta phải dọn dẹp nhà bếp
"If anyone should phone, say I'll be back at one o'clock","nếu ai đó nên gọi điện, nói rằng tôi sẽ quay lại vào lúc một giờ"
I only saw Tom once. That was in Boston,tôi chỉ thấy tom một lần. đó là ở boston
My hobby is playing golf.,sở thích của tôi là chơi gôn.
"I know him by name, but not by sight.","Tôi biết anh ta bằng tên, nhưng không phải bằng mắt."
Let's cross here.,Hãy băng qua đây.
Tom is a good judge of character,tom là một thẩm phán tốt của nhân vật
Death is the fate of all people,cái chết là số phận của tất cả mọi người
What are you going to do this weekend?,những gì bạn sẽ làm gì vào cuối tuần này?
I told Tom that the party wouldn't be much fun,tôi nói với tom rằng bữa tiệc sẽ rất vui
I'm not sure whether Tom heard it or not.,Tôi không chắc liệu tom có nghe thấy hay không.
Americans are very friendly people.,Người Mỹ là những người rất thân thiện.
They continued eating as if nothing had happened.,Họ tiếp tục ăn như không có chuyện gì xảy ra.
"It seems like you know me, but I don't know you.","có vẻ như bạn biết tôi, nhưng tôi không biết bạn."
I was hoping we could still be friends.,tôi đã hy vọng chúng ta vẫn có thể là bạn bè.
Tom told me he was really happy there,Tom nói với tôi anh ấy thực sự hạnh phúc ở đó
Tom isn't convinced,tom không bị thuyết phục
Tom kept talking.,Tom tiếp tục nói.
I've already memorized your phone number.,Tôi đã ghi nhớ số điện thoại của bạn.
Tom sneezes a lot,tom hắt hơi nhiều
Be careful! The floor is wet,hãy cẩn thận! cái sàn ướt
He's ready to go,anh ấy đã sẵn sàng để đi
We need to keep bacteria out of food,chúng ta cần tránh vi khuẩn
It is by no means certain.,nó không có nghĩa là chắc chắn
They captured the great Belgian port of Antwerp.,họ đã chiếm được cảng Antwerp tuyệt vời.
Tom works in a hit-or-miss fashion.,tom hoạt động theo kiểu hit-or-miss.
The news that her son was injured in the accident was a great shock to her,tin tức rằng con trai cô bị thương trong vụ tai nạn là một cú sốc lớn đối với cô
Tom often brings his work home,tom thường mang công việc về nhà
Did you hear the news?,Bạn đã nghe những tin tức?
The boy's aggression is making problems.,sự hung hăng của cậu bé đang gây ra vấn đề.
Detroit is famous for its car industry.,Detroit nổi tiếng với ngành công nghiệp xe hơi của nó.
It could have been you,nó có thể là bạn
Does anyone here speak Japanese?,có ai ở đây nói tiếng Nhật không?
I haven't seen Tom smile for a long time.,Tôi đã không thấy nụ cười của tom trong một thời gian dài.
I haven't found a job yet,tôi chưa tìm được việc
Tom's parents returned a day early from their vacation,cha mẹ của tom trở về sớm một ngày từ kỳ nghỉ của họ
Fold the paper in the middle.,gấp giấy ở giữa.
I'd like to strangle Tom.,Tôi muốn bóp cổ tom.
Isn't Tom cute?,Tom không dễ thương sao?
Tom is insincere.,tom là không thành thật
It is no good arguing with you,không có gì để tranh cãi với bạn
I'd be willing to help you for a couple of hours,Tôi sẽ sẵn sàng giúp bạn trong một vài giờ
"For dessert, Tom ordered chocolate parfait with vanilla ice cream","cho món tráng miệng, tom gọi món sô cô la parfait với kem vani"
I can't reach the top shelf.,Tôi không thể đạt đến kệ hàng đầu.
You're three hours late.,bạn trễ ba tiếng rồi
There is a church across the street.,Có một nhà thờ bên kia đường.
He was accused of cowardice,anh ta bị buộc tội hèn nhát
Bob rushed into the classroom.,bob lao vào lớp học.
Tom knows where the money is hidden.,tom biết tiền được giấu ở đâu.
The man next door said he goes for a jog every morning.,Người đàn ông bên cạnh nói anh ta đi chạy bộ mỗi sáng.
I wish my parents would let me do that.,tôi ước bố mẹ tôi sẽ cho tôi làm điều đó
It's a quotation from Don Quixote,đó là một trích dẫn từ don quixote
I climbed to the top of Mt. Fuji.,tôi leo lên đỉnh mt. fuji.
You never gave Tom a chance.,bạn không bao giờ cho tom một cơ hội.
Tom was surprised how well Mary could speak French,tom rất ngạc nhiên khi mary có thể nói tiếng Pháp tốt như thế nào
I'll deal with it later,tôi sẽ giải quyết nó sau
He looked as if he had not eaten for days.,Anh ta trông như thể không ăn gì trong nhiều ngày.
It is our turn to laugh.,đến lượt chúng tôi cười.
I'm dead tired.,tôi chết mê chết mệt
"If it were not for books, life would be boring.","Nếu không có sách, cuộc sống sẽ thật nhàm chán."
I need more practice.,tôi cần luyện tập thêm.
Tom is not fond of pets,tom không thích thú cưng
His car fell into the lake,xe anh rơi xuống hồ
Don't worry. I'll teach you how to drive.,đừng lo lắng Tôi sẽ dạy bạn lái xe.
Tom appreciated all the letters Mary sent him while he was in prison.,tom đánh giá cao tất cả các thư mary gửi cho anh ta khi anh ta ở trong tù.
She was accused of having lied about the affair.,cô bị buộc tội đã nói dối về chuyện tình cảm.
I haven't had a chance to see the movie yet.,tôi chưa có cơ hội xem phim.
There's nothing I want to say to you.,không có gì tôi muốn nói với bạn
Is eating more than eight oranges a day bad for you?,Ăn nhiều hơn tám quả cam mỗi ngày có hại cho bạn không?
The ice watered down the juice,nước đá chảy xuống
They're almost done.,họ sắp xong rồi
I'm happy right now.,Tôi đang hạnh phúc ngay bây giờ.
I sent Tom out of the room.,tôi đã gửi tom ra khỏi phòng
Are you finished with your work?,bạn đã hoàn thành công việc của bạn?
Tom loves being outdoors.,tom thích ở ngoài trời.
I feel sick whenever I see blood,tôi cảm thấy ốm mỗi khi thấy máu
I'll be going on a picnic with Tom and his family next weekend,Tôi sẽ đi dã ngoại với tom và gia đình vào cuối tuần tới
Something went wrong.,một cái gì đó đã đi sai
Have you ever heard this opera sung in Italian?,Bạn đã bao giờ nghe vở opera này hát bằng tiếng Ý chưa?
I feel depressed,tôi cảm thấy chán nản
Don't be so careless!,đừng quá bất cẩn!
I don't doubt you.,tôi không nghi ngờ bạn
I usually read the newspaper during my lunch hour,tôi thường đọc báo trong giờ ăn trưa
Tom became depressed.,Tom trở nên chán nản.
Please forward my mail to this address.,xin vui lòng chuyển tiếp thư của tôi đến địa chỉ này.
Do you drive a manual or automatic?,bạn lái xe bằng tay hay tự động?
Tom knows he's a terrible dancer,Tom biết anh ta là một vũ công tồi tệ
I've been thinking about Tom.,Tôi đã suy nghĩ về tom.
I didn't want to spend any more time working on that project,tôi không muốn dành nhiều thời gian hơn cho dự án đó
He has gone to the library,anh ấy đã đi đến thư viện
Tom bought a house in Boston,tom mua một ngôi nhà ở boston
I don't know what's going on,tôi không biết chuyện gì đang xảy ra
The weather is terrible today.,thời tiết hôm nay thật tồi tệ
Tom's embarrassed.,Tom bối rối.
I'll never tell,tôi sẽ không bao giờ kể
I don't think being poor is anything to be ashamed of.,Tôi không nghĩ nghèo là điều đáng xấu hổ.
Tom and Mary don't need a chaperone.,tom và mary không cần một người đi kèm.
Could I possibly talk to you for a moment?,tôi có thể nói chuyện với bạn một lát không?
Tom seems so lonely.,Tom có vẻ rất cô đơn.
The beaches of Huelva are very pretty,những bãi biển của huelva rất đẹp
We're really hungry,chúng tôi rất đói
Some people think that advertising is a form of brainwashing.,một số người nghĩ rằng quảng cáo là một hình thức tẩy não.
He lives close by,anh ấy sống gần
Tom wants to go hunting.,tom muốn đi săn.
Tom pushed the plug into the socket,tom đẩy phích cắm vào ổ cắm
I would like to do more,tôi muốn làm nhiều hơn nữa
I'm allergic to cats.,Tôi bị dị ứng với mèo.
"Mary's not pretty, but she isn't ugly, either","mary không xinh, nhưng cô ấy cũng không xấu"
He is too proud to ask others any question,anh ấy quá tự hào để hỏi người khác bất kỳ câu hỏi
I've noticed a pattern,tôi đã nhận thấy một mô hình
You had better tell me the whole story,bạn nên nói với tôi toàn bộ câu chuyện
Tom couldn't tell what the problem was,Tom không thể nói vấn đề là gì
I'm sure Tom has told Mary what happened to John,Tôi chắc chắn tom đã nói với mary những gì đã xảy ra với john
I can't do anything like that.,tôi không thể làm bất cứ điều gì như thế
She had the courage to say it,cô ấy đã can đảm nói điều đó
Work doesn't always begin at nine,công việc không phải lúc nào cũng bắt đầu lúc chín giờ
You have good reason to be angry.,bạn có lý do chính đáng để tức giận.
There is only one book on the desk,chỉ có một cuốn sách trên bàn
I want this handled quickly and quietly,tôi muốn điều này được xử lý nhanh chóng và lặng lẽ
I hope Tom's right,tôi hy vọng đúng
What do you think Tom wants?,Bạn nghĩ tom muốn gì?
We're rational,chúng ta hợp lý
Nothing unusual happened during our trip,không có gì bất thường xảy ra trong chuyến đi của chúng tôi
Tom has left the country.,tom đã rời khỏi đất nước.
That guy has a screw loose!,thằng đó có cái đinh vít lỏng lẻo!
It's not as if just anybody can write a literary gem.,không phải là bất cứ ai cũng có thể viết một viên ngọc văn học.
Yumi is leaving for Osaka the day after tomorrow,yumi sẽ rời osaka vào ngày mai
I don't blame them for this.,tôi không đổ lỗi cho họ vì điều này.
What would you have said?,bạn sẽ nói gì
There is a certain amount of truth in what he's saying.,có một sự thật nhất định trong những gì anh ấy nói.
The hawk caught a rat,chim ưng bắt được một con chuột
Tom is the only friend Mary has.,tom là người bạn duy nhất mary có.
Where did I put my keys?,tôi đã để chìa khóa ở đâu?
She's a successful businesswoman.,cô ấy là một nữ doanh nhân thành đạt
You'll have to ask Tom,bạn sẽ phải hỏi tom
"It looks like it'll rain today, too",có vẻ như hôm nay trời cũng sẽ mưa
"That brown one is mine, too.",cái màu nâu đó cũng là của tôi
You should have left half an hour earlier.,bạn nên để lại nửa giờ trước đó.
There is one apple on the desk,có một quả táo trên bàn
"Whatever you do, don't tell Tom","bất cứ điều gì bạn làm, đừng nói với tom"
This blanket will help keep Tom warm.,cái chăn này sẽ giúp giữ ấm cho tom.
Do people ever accuse you of being quick-tempered?,Có bao giờ mọi người buộc tội bạn là người nóng tính?
What do you want me to do with this little girl?,bạn muốn tôi làm gì với cô bé này
Could you lend me a hand?,bạn có thể giúp tôi một tay?
Tom isn't the kind of person I want dating my daughter,Tom không phải là kiểu người tôi muốn hẹn hò với con gái tôi
One cannot do lots of things at the same time.,người ta không thể làm nhiều việc cùng một lúc.
Tom bought a camera that was made in Japan.,Tom đã mua một chiếc máy ảnh được sản xuất tại Nhật Bản.
None of us is perfect.,Không ai trong chúng ta là hoàn hảo cả.
Let's talk about food.,Hãy nói về thực phẩm.
I don't want to stay,tôi không muốn ở lại
Perhaps I should take an umbrella with me just in case.,có lẽ tôi nên mang theo một chiếc ô với tôi trong trường hợp này.
I'm ashamed to say that it's true.,Tôi xấu hổ khi nói rằng đó là sự thật.
He is identical to his older brother,anh ấy giống hệt anh trai của mình
Don't worry. It's going to be fine,đừng lo lắng nó sẽ ổn thôi
What a relief!,thật là nhẹ nhõm!
Many inhabitants of the United States speak Spanish.,nhiều cư dân của các quốc gia thống nhất nói tiếng Tây Ban Nha.
Nobody'll know.,không ai biết
Urgent business discouraged him from going on a picnic,công việc khẩn cấp khiến anh không thể đi dã ngoại
"If something had happened last night, I think I would have heard it","Nếu có chuyện gì xảy ra đêm qua, tôi nghĩ tôi sẽ nghe thấy nó"
I feel sorry.,Tôi cảm thấy rất tiếc.
They want to get married.,họ muốn kết hôn.
You have a difficult schedule to keep,bạn có một lịch trình khó khăn để giữ
He did not try to go to bed at once.,anh không cố gắng đi ngủ ngay lập tức.
Tom has a list of people who helped,tom có một danh sách những người đã giúp đỡ
Tom's efforts have been rewarded,những nỗ lực của tom đã được đền đáp
He chose his words carefully.,Anh chọn lời nói của mình một cách cẩn thận.
She is very afraid of the dark,cô ấy rất sợ bóng tối
Tom drives to school,tom lái xe đến trường
How much money do you have hidden under your bed?,bạn đã giấu bao nhiêu tiền dưới gầm giường?
Do you know Mr. Brown?,bạn có biết ông nâu?
"Tokyo, as you know, is one of the financial centers of the world.","tokyo, như bạn biết, là một trong những trung tâm tài chính của thế giới."
Tom's room is across the hall from mine,phòng của tom ở bên kia sảnh
I asked Tom to come in.,tôi yêu cầu tom đi vào.
I'll have to tell my boss that I won't be in tomorrow,tôi sẽ phải nói với sếp rằng tôi sẽ không đến vào ngày mai
"The weather was not only cold, but also wet.",thời tiết không chỉ lạnh mà còn ẩm ướt
How have you been?,Làm thế nào bạn có được?
You always were an optimist,bạn luôn là một người lạc quan
That sounded like a gunshot,nghe như tiếng súng
Isn't there something else?,không có cái gì khác?
Kate was surprised when she saw that big dog.,kate đã rất ngạc nhiên khi nhìn thấy con chó lớn đó.
Do you have today's paper?,hôm nay bạn có giấy không?
I don't feel like talking to anybody.,tôi không cảm thấy muốn nói chuyện với bất cứ ai.
I know what you know,tôi biết những gì bạn biết
The motor overheats.,động cơ quá nóng.
I suggest you and Tom don't talk about Mary.,tôi đề nghị bạn và tom đừng nói về mary.
Tom brings his children with him to work once or twice a year,Tom mang theo con đi làm một hoặc hai lần một năm
I'm not strange,tôi không lạ
I'm glad that you came,tôi rất vui vì bạn đã đến
"Get up, now!",thức dậy ngay!
That's the least of your problems right now,đó là vấn đề ít nhất của bạn lúc này
Everybody is immune to smallpox nowadays,ngày nay mọi người đều miễn dịch với bệnh đậu mùa
I know what to expect.,tôi biết những gì mong đợi
Tom stopped screaming,tom ngừng la hét
Tom and Mary split up after being married for three years,Tom và mary chia tay sau khi kết hôn được ba năm
Mary gets nervous when Tom drives too fast.,mary trở nên lo lắng khi tom lái xe quá nhanh.
Tom found a job as a mechanic.,tom tìm được việc làm thợ.
Tom looked at the floor,tom nhìn sàn nhà
We'll go talk to Tom this afternoon.,chúng ta sẽ nói chuyện với tom chiều nay.
She just laughed the matter off,cô ấy chỉ cười thôi
Put the suitcases carefully on the rack,đặt vali cẩn thận trên giá
France has a higher birthrate than most of Europe.,Pháp có tỷ lệ sinh cao hơn hầu hết châu Âu.
I wish I'd been there,tôi ước tôi đã ở đó
The cat's fur stood on end.,lông của mèo đứng cuối.
I hardly ever see Tom anymore.,Tôi hầu như không bao giờ nhìn thấy tom nữa.
I promised Tom I'd help him,tôi đã hứa với tom tôi sẽ giúp anh ấy
The problem was time,vấn đề là thời gian
Tom always says hi to me when we pass each other on the street.,Tom luôn nói xin chào với tôi khi chúng tôi gặp nhau trên phố.
He knows he did something wrong,anh ấy biết mình đã làm gì đó sai
Let's get out of here before the police come,chúng ta hãy ra khỏi đây trước khi cảnh sát đến
You can't stop someone from lying to you,bạn không thể ngăn ai đó nói dối bạn
The policeman chased the robber,viên cảnh sát đuổi theo tên cướp
Tom was subpoenaed.,tom đã được trát hầu tòa.
Tom and Mary are now discussing the problem.,Tom và mary hiện đang thảo luận về vấn đề này.
I lost sight of her in the crowd.,tôi đã mất tầm nhìn của cô ấy trong đám đông.
I still have a lot of time for fun,tôi vẫn còn nhiều thời gian để vui chơi
I began to understand the reason why he hated me.,tôi bắt đầu hiểu lý do tại sao anh ấy ghét tôi.
Our soccer team won every game last season,đội bóng đá của chúng tôi đã thắng mọi trận đấu mùa trước
Your daughter's on drugs.,con gái bạn đang dùng thuốc.
We're not desperate yet.,chúng tôi chưa tuyệt vọng
"When making a cake, you must use eggs, butter and sugar","Khi làm bánh, bạn phải sử dụng trứng, bơ và đường"
It's rude of you to ask her that question,bạn thật thô lỗ khi hỏi cô ấy câu hỏi đó
"On arriving in Tokyo, I called him up.","Khi đến Tokyo, tôi gọi anh ta dậy."
I'm about to make a very important phone call,tôi sắp thực hiện một cuộc gọi điện thoại rất quan trọng
Tom paused for a moment,tom dừng lại một lát
"Tom doesn't want you to go, does he?","Tom không muốn bạn đi, phải không?"
This lid is so tight I can't open it.,cái nắp này quá chặt tôi không thể mở được.
Tom seems to be very busy.,tom dường như rất bận rộn
We were all shaking from the bitter cold.,tất cả chúng tôi đều run rẩy vì lạnh.
We shouldn't take the risk.,chúng ta không nên mạo hiểm.
The engineer brought the train to a stop.,người kỹ sư đưa tàu dừng lại.
I didn't want to hurt your feelings.,tôi không muốn làm tổn thương cảm xúc của bạn.
Tom doesn't often wear a suit.,Tom không thường xuyên mặc một bộ đồ.
You handled that deftly.,bạn xử lý một cách khéo léo.
It's Baba's voice.,đó là giọng của baba.
He was shy at the beginning.,Anh ấy đã ngại ngùng ngay từ đầu.
I'm beginning to not like you,tôi bắt đầu không thích bạn
I stopped playing baseball last season,tôi đã dừng chơi bóng chày mùa trước
I regret to inform you that your application has been refused.,tôi rất tiếc phải thông báo cho bạn rằng ứng dụng của bạn đã bị từ chối.
Jane is as clever as any girl in her class.,jane thông minh như bất kỳ cô gái nào trong lớp.
He has mutton chops.,anh ấy có sườn cừu.
Tom is going inside.,tom đang đi vào trong
Tom can't afford to send his children to college,Tom không đủ khả năng để gửi con đến trường đại học
"Excuse me, but would you please open the window?","xin lỗi, nhưng bạn vui lòng mở cửa sổ chứ?"
"I have all these apples to carry, not to mention this bag of potatoes.","tôi có tất cả những quả táo này để mang theo, chưa kể đến túi khoai tây này."
We'll have to have a man-to-man talk about this.,chúng ta sẽ phải có một cuộc nói chuyện giữa hai người với nhau.
She's busy.,cô ấy đang bận
Please fix my toy,vui lòng sửa đồ chơi của tôi
We've already waited three days.,chúng tôi đã đợi ba ngày rồi.
Just answer the question.,Chỉ cần trả lời câu hỏi.
He is a novelist and artist.,ông là một tiểu thuyết gia và nghệ sĩ.
I don't know how this happened again,tôi không biết làm thế nào điều này lại xảy ra
Don't worry. I'll be here the whole time.,đừng lo lắng tôi sẽ ở đây toàn bộ thời gian
I am almost 180 centimeters tall,tôi cao gần 180 cm
Tom is still mad.,Tom vẫn điên.
Who is the man at the other side of the table?,người đàn ông ở phía bên kia của bàn là ai?
It appeared to me that he was very intelligent.,Tôi nhận ra rằng anh ta rất thông minh.
We should've gotten up earlier.,chúng ta nên thức dậy sớm hơn
The machine operates around the clock,Máy hoạt động suốt ngày đêm
You'd better stop doing that.,bạn nên dừng việc đó lại
She wanted to become a teacher,cô ấy muốn trở thành một giáo viên
"To put it bluntly, he's mistaken.","nói thẳng ra, anh nhầm rồi."
"If it had not been for his advice, she would not have flown to London.","nếu không phải vì lời khuyên của anh, cô sẽ không bay đến Luân Đôn."
I value our friendship more than anything.,Tôi coi trọng tình bạn của chúng tôi hơn bất cứ điều gì.
Tom keeps his tools in the garage,tom giữ dụng cụ của mình trong nhà để xe
We heard her cry,chúng tôi nghe thấy cô ấy khóc
The dog defended his master from harm.,Con chó bảo vệ chủ của mình khỏi bị tổn hại.
Have you ever dealt with this kind of a problem before?,Bạn đã bao giờ xử lý vấn đề này chưa?
Is it good?,Liệu nó có tốt không?
We need to deal with the problem before it gets any worse,chúng ta cần phải giải quyết vấn đề trước khi nó trở nên tồi tệ hơn
Our army attacked the enemy during the night.,quân ta tấn công địch trong đêm.
"Tom was injured in an accident, so he couldn't walk very well.","Tom bị thương trong một tai nạn, vì vậy anh không thể đi lại tốt."
Have you ever asked if Tom wants one?,Bạn đã bao giờ hỏi nếu tom muốn một?
Tom didn't mention Mary.,Tom đã không đề cập đến mary.
We're going to go,Chúng ta sẽ đi
You look upset.,bạn có vẻ buồn
Tom is upset,tom đang buồn
I'm glad that you understand,tôi rất vui vì bạn hiểu
"Tom doesn't want to be a doctor, although he's very good in science","Tom không muốn trở thành bác sĩ, mặc dù anh ấy rất giỏi về khoa học"
I lived in Boston for about three years.,tôi sống ở boston khoảng ba năm.
Tom lives in Boston now.,Tom sống ở boston bây giờ.
This tea is very good.,trà này rất tốt
I left my phone in the car,tôi để điện thoại trong xe
It's my business to investigate such things,đó là công việc của tôi để điều tra những điều như vậy
Sit down and have a drink.,ngồi xuống uống nước
"Not knowing what to do, I did nothing","không biết phải làm gì, tôi không làm gì cả"
He mentioned your name to me,anh ấy đã nhắc đến tên bạn
Tom carried Mary in his arms.,tom mang mary trong vòng tay của mình.
I dislike her unfriendly attitude.,Tôi không thích thái độ không thân thiện của cô ấy.
Tom couldn't control his emotions.,Tom không thể kiểm soát cảm xúc của mình.
The criminal had to conceal his identity.,tên tội phạm đã phải che giấu danh tính của mình.
We waited.,chúng tôi đã đợi.
I want you to tell me about your trip.,tôi muốn bạn kể cho tôi về chuyến đi của bạn
Why don't you come along with us to the party?,Tại sao bạn không đi cùng chúng tôi đến bữa tiệc?
Can't you leave me alone?,bạn không thể để tôi một mình?
I'm sorry to bother you at home,tôi xin lỗi đã làm phiền bạn ở nhà
Can you recommend to me a place to stay in London?,bạn có thể giới thiệu cho tôi một nơi để ở lại Luân Đôn không?
Tom recognized Mary right away.,tom nhận ra mary ngay lập tức.
It seems that he believes what he said is right.,có vẻ như anh ấy tin những gì anh ấy nói là đúng
We still have one more problem to worry about.,chúng ta vẫn còn một vấn đề nữa phải lo lắng
Tom is very rude,tom rất thô lỗ
The police are now checking on Tom's alibi.,Cảnh sát hiện đang kiểm tra bằng chứng ngoại phạm của tom.
What did Tom think Mary would say?,Tom nghĩ mary sẽ nói gì?
We can rely on his judgement,chúng ta có thể dựa vào phán đoán của anh ấy
He gave a detailed description of the accident,ông đã mô tả chi tiết về vụ tai nạn
Is it hard for you to do this?,bạn có khó làm điều này không?
It was high time that Tom got out of there,đó là thời gian cao mà tom đã ra khỏi đó
I come from a large family.,tôi đến từ một gia đình lớn
You're kind of scary.,bạn thật đáng sợ
Mary is Tom's younger sister,mary là em gái của tom
Beef is expensive nowadays.,Thịt bò ngày nay đắt tiền.
"Your sister didn't go on a trip, did she?","Em gái của bạn đã không đi du lịch, phải không?"
Please copy this page.,xin vui lòng sao chép trang này.
Tom will be happy.,tom sẽ hạnh phúc
It was quite dark when I got home,trời khá tối khi tôi về nhà
You should have asked her for help.,bạn nên nhờ cô ấy giúp đỡ.
I want you to light the candle.,tôi muốn bạn thắp nến
Don't miss this opportunity.,đừng bỏ lỡ cơ hội này
I'll be there in 30 minutes.,Tôi sẽ đến đó sau 30 phút nữa.
I've brought you something.,tôi đã mang cho bạn vài thứ
You might be wrong.,bạn có thể sai
I like languages,tôi thích ngôn ngữ
The lamp was swinging back and forth,cái đèn đung đưa qua lại
The handle of the cup is broken.,tay cầm của cốc bị hỏng.
Rats have gnawed holes in the door.,chuột đã gặm lỗ trên cửa.
He drives a pickup truck,anh ấy lái một chiếc xe tải nhỏ
I want to figure this out,tôi muốn tìm hiểu điều này
Golf isn't my cup of tea.,golf không phải là tách trà của tôi.
What are my options?,Những lựa chọn của tôi là gì?
I know sign language.,tôi biết ngôn ngữ ký hiệu.
This is the biggest cat that I've ever seen.,Đây là con mèo lớn nhất mà tôi từng thấy.
"I didn't want to catch a cold, so I didn't go skiing","tôi không muốn bị cảm lạnh, vì vậy tôi đã không đi trượt tuyết"
Is he kind to you?,anh ấy có tử tế với bạn không?
He is an old friend of mine,anh ấy là một người bạn cũ của tôi
What a woman!,Đúng là phụ nữ!
"The higher we go up, the thinner the air becomes.","chúng ta càng lên cao, không khí càng loãng."
I think perhaps Tom can help Mary,tôi nghĩ có lẽ tom có thể giúp mary
You aren't yourself,bạn không phải là chính mình
Drive carefully,lái xe cẩn thận
I'm getting kicked out of school,tôi đang bị đuổi khỏi trường
Have you ever seen a panda?,bạn đã bao giờ nhìn thấy một con gấu trúc?
I realize that,tôi nhận ra rằng
He has always been at the head of the class,anh ấy luôn đứng đầu lớp
"Let's face it, it's impossible. We're never gonna make it","Hãy đối mặt với nó, điều đó là không thể. chúng ta sẽ không bao giờ làm được"
Most basketball players are very tall,hầu hết các cầu thủ bóng rổ đều rất cao
Where's your car?,xe của bạn đâu
I think I need both of these,tôi nghĩ rằng tôi cần cả hai
One of the bulls pushed the fence down.,một trong những con bò đực đẩy hàng rào xuống.
I've wanted this CD player for a long time,Tôi đã muốn máy nghe nhạc cd này từ lâu
They're not going to leave us alone,họ sẽ không để chúng ta yên
This problem is very simple.,Vấn đề này rất đơn giản.
I couldn't get out of my garage because there was a car in the way.,Tôi không thể ra khỏi gara của mình vì có một chiếc xe hơi trên đường.
Pardon me one second,tha thứ cho tôi một giây
You don't know how bad I want to see you.,bạn không biết tôi muốn gặp bạn như thế nào.
We only believe in those who believe in themselves,chúng tôi chỉ tin vào những người tin vào chính mình
Tom works in a supermarket.,tom làm việc trong một siêu thị.
Tom slept for twelve hours straight,tom ngủ mười hai giờ liền
Gulliver's Travels was written by a famous English writer,chuyến đi của gulliver được viết bởi một nhà văn tiếng Anh nổi tiếng
I love pandas.,tôi yêu gấu trúc
I don't want to look younger.,tôi không muốn trông trẻ hơn
I have a few books.,tôi có một vài cuốn sách
They are hugging and kissing.,họ đang ôm và hôn nhau.
"Jim's coming to the party, too",jim cũng đến dự tiệc
Some of what you said sounded stupid,một số điều bạn nói nghe có vẻ ngu ngốc
She can jump high,cô ấy có thể nhảy cao
He achieved his desired goal.,anh ấy đã đạt được mục tiêu mong muốn của mình.
Our efforts will soon bear fruit,những nỗ lực của chúng tôi sẽ sớm có kết quả
I didn't suspect anything,tôi không nghi ngờ gì cả
He lent me 30 pesos.,anh cho tôi mượn 30 peso.
We'll try to stop by sometime tomorrow morning.,đôi khi chúng ta sẽ cố gắng dừng lại vào sáng mai.
They tried a third time.,họ đã thử lần thứ ba.
That was an excellent meeting.,đó là một cuộc họp tuyệt vời
I have to know what's going on,tôi phải biết chuyện gì đang xảy ra
You speak French very well. I wish I could speak it as well as you.,bạn nói tiếng Pháp rất tốt tôi ước tôi có thể nói nó tốt như bạn
Tom probably knows why Mary isn't here,Tom có thể biết tại sao mary không ở đây
My hobby is taking pictures of wild flowers,sở thích của tôi là chụp ảnh hoa dại
It's stupid and dangerous,thật ngu ngốc và nguy hiểm
What's your favorite funny quote?,câu nói hài hước yêu thích của bạn là gì?
Tom didn't have time to watch the TV program he wanted to watch,Tom không có thời gian để xem chương trình truyền hình mà anh ấy muốn xem
Tom usually wears jeans,tom thường mặc quần jean
Tom wanted directions to a good Chinese restaurant,tom muốn hướng đến một nhà hàng Trung Quốc tốt
You may go home early today if you like,bạn có thể về nhà sớm hôm nay nếu bạn thích
"Come on, I'll buy you a beer","Thôi nào, tôi sẽ mua cho bạn một cốc bia"
Do you go to school on foot?,bạn có đi học bằng chân không?
Gasoline prices affect all of us one way or another,giá xăng dầu ảnh hưởng đến tất cả chúng ta bằng cách này hay cách khác
I have a really bad hangover.,tôi có một nôn nao thực sự xấu.
The clock is broken,đồng hồ bị hỏng
Would you like anything to drink?,bạn có muốn uống gì không
I asked my mother if breakfast was ready,tôi hỏi mẹ tôi nếu bữa sáng đã sẵn sàng
It's all wet,tất cả đều ướt
It doesn't take long to get to his house.,Không mất nhiều thời gian để đến nhà anh ấy.
This is lame.,Cái này thật dở.
This type of music is not to everyone's taste,thể loại nhạc này không phải là sở thích của mọi người
It's nothing to be ashamed of,không có gì phải xấu hổ về
The couple spent a lot of money on furnishing their house.,cặp vợ chồng đã chi rất nhiều tiền cho việc trang trí nhà cửa.
Come here after you have washed your hands.,đến đây sau khi bạn đã rửa tay
There's a big fly on the ceiling.,Có một con ruồi lớn trên trần nhà.
I guess that you can't do it,tôi đoán rằng bạn không thể làm điều đó
He made me a new suit.,anh ấy làm cho tôi một bộ đồ mới.
Are you going away this summer?,bạn sẽ đi đâu hè này?
You're too young to marry,bạn còn quá trẻ để kết hôn
It was his first job,đó là công việc đầu tiên của anh ấy
I remember my childhood well,tôi nhớ rất rõ tuổi thơ của tôi
Everybody started cheering,mọi người bắt đầu cổ vũ
What did Tom write?,Tom đã viết gì?
Let's sing and dance.,Hãy hát và nhảy.
Tom came back from Australia.,tom trở về từ Úc.
Are you willing to give it a try?,bạn có sẵn sàng thử không?
I should give Tom another chance.,tôi nên cho tom một cơ hội khác
I changed trains at Tokyo Station,tôi đã đổi tàu ở ga tokyo
He will often sit and look at the sea for hours.,anh ta sẽ thường ngồi và nhìn ra biển hàng giờ.
She doesn't have any brothers or sisters.,cô ấy không có anh chị em.
Aren't you going to help?,bạn sẽ không giúp đỡ?
"Since you're here, you can help me.","Vì bạn đang ở đây, bạn có thể giúp tôi."
Do you like pretzels?,bạn có thích bánh quy không?
Tom gave Mary a potted plant.,tom đã cho mary một chậu cây.
Tom told me that he was too tired to study.,Tom nói với tôi rằng anh ấy quá mệt để học.
Tom and Mary used to go out together.,tom và mary dùng để đi chơi cùng nhau
"If you want to learn a foreign language well, you should speak that language with native speakers as often as you can","Nếu bạn muốn học ngoại ngữ tốt, bạn nên nói ngôn ngữ đó với người bản ngữ thường xuyên nhất có thể"
I am in the habit of going for a drive on Sundays,tôi có thói quen lái xe vào chủ nhật
What are the basic rules for keeping a dog?,các quy tắc cơ bản để giữ một con chó là gì?
"It looks like it might rain, so don't forget your umbrella.","Có vẻ như trời có thể mưa, vì vậy đừng quên chiếc ô của bạn."
They were stunned after finding out about his resignation,họ choáng váng sau khi phát hiện ra sự từ chức của ông
The total came to ten dollars,tổng số lên đến mười đô la
I'm worried,Tôi lo lắng
He tried to stand up,anh ấy cố gắng đứng dậy
The cake should be done soon,bánh nên được thực hiện sớm
Don't ask me so many questions. Use your head.,đừng hỏi tôi quá nhiều câu hỏi sử dụng đầu của bạn.
"He has no wife, no children and no friends.","Anh không có vợ, không có con và không có bạn bè."
Have you ever eaten alone in a restaurant?,bạn đã bao giờ ăn một mình trong một nhà hàng?
We came here to build a new town,chúng tôi đến đây để xây dựng một thị trấn mới
We would like to visit Nikko during this summer vacation.,chúng tôi muốn đến thăm nikko trong kỳ nghỉ hè này.
I can come at three,tôi có thể đến lúc ba
I've made a lot of stupid decisions in my life.,Tôi đã có rất nhiều quyết định ngu ngốc trong đời.
Tom filled the empty glass with ice.,tom đổ đầy ly rỗng với đá.
She has married a nobody.,cô ấy đã kết hôn với một người
Tom said he wanted me to spend the summer in Boston with him.,Tom nói rằng anh ấy muốn tôi dành mùa hè ở boston với anh ấy.
I can't tell how bad the damage is.,Tôi không thể nói mức độ thiệt hại là như thế nào.
"You alone can do it, but you can't do it alone","bạn một mình có thể làm điều đó, nhưng bạn không thể làm một mình"
One is all it takes,một là tất cả những gì nó cần
Tom said he didn't think it was worth the risk,Tom nói anh ấy không nghĩ rằng nó đáng để mạo hiểm
He did not walk into the gym,anh ấy không bước vào phòng tập thể dục
"The word ""cliche"" comes from French.","từ ""sáo rỗng"" xuất phát từ tiếng Pháp."
I'll eat lunch when I get home,tôi sẽ ăn trưa khi về nhà
The two men had much in common.,Hai người có nhiều điểm chung.
Tom looked around the room to see who was there.,Tom nhìn quanh phòng để xem ai đang ở đó.
The problem remains unsolved,vấn đề vẫn chưa được giải quyết
We're going to play baseball tomorrow,chúng ta sẽ chơi bóng chày vào ngày mai
Tom could get arrested,tom có thể bị bắt
You're losing your hair.,bạn đang rụng tóc
He was finally forced to resign,cuối cùng anh ta đã bị buộc phải từ chức
Are you sure you don't want to live at home with your parents?,bạn có chắc bạn không muốn sống ở nhà với bố mẹ?
We didn't know what to do next.,chúng tôi không biết phải làm gì tiếp theo.
Turn yourself in to the police,quay lại với cảnh sát
"Beth told Chris that if he didn't take a bath, she wouldn't go out with him.","Beth nói với chris rằng nếu anh không tắm, cô sẽ không đi chơi với anh."
That red dress looks good on her.,cái váy đỏ đó trông đẹp đấy
I may be right,tôi có thể đúng
He taught history at the school,ông dạy môn lịch sử ở trường
This only happens about once a year.,Điều này chỉ xảy ra khoảng một lần một năm.
This is by far the best novel that has been published this year,đây là cuốn tiểu thuyết hay nhất đã được xuất bản năm nay
Tom is well paid for the work he does.,Tom được trả công xứng đáng cho công việc anh ấy làm.
Where's my timecard?,timecard của tôi đâu
The students apologized to the teacher for being late to class,học sinh xin lỗi cô giáo vì đến lớp trễ
What do you do in your spare time?,Bạn làm gì khi rảnh?
Why don't you go on home and get some sleep?,Tại sao bạn không về nhà và ngủ một chút?
Tom will never forget all the time Mary spent with him.,tom sẽ không bao giờ quên tất cả thời gian mary dành cho anh ta.
Tom had a bad dream last night,Tom đã có một giấc mơ tồi tệ đêm qua
I'm the guy who met Tom at the station.,Tôi là người gặp tom ở nhà ga.
"Forget about it, OK?",quên nó đi
Tom might want to consider giving Mary the loan she asked for,tom có thể muốn xem xét cho mary khoản vay mà cô ấy yêu cầu
The police are checking up on the bomb threats.,cảnh sát đang kiểm tra các mối đe dọa bom.
You told me not to lie,bạn nói tôi đừng nói dối
It seems that you don't want to do it.,có vẻ như bạn không muốn làm điều đó
You need to learn to trust people,bạn cần học cách tin tưởng mọi người
Tom apologized to the families of the victims for the explosion at the factory,Tom xin lỗi gia đình các nạn nhân vì vụ nổ tại nhà máy
You need something practical,bạn cần một cái gì đó thiết thực
I often catch colds in the winter.,Tôi thường bị cảm lạnh vào mùa đông.
You don't need to be afraid of making mistakes.,bạn không cần phải sợ phạm sai lầm.
I don't think I can move.,Tôi không nghĩ rằng tôi có thể di chuyển.
I was used to eating like a pig.,tôi đã quen ăn như heo.
Why don't you go ask Tom?,tại sao bạn không đi hỏi tom
I don't think she would understand it.,Tôi không nghĩ cô ấy sẽ hiểu nó.
He is quite at home with computers.,Anh ấy ở nhà với máy tính.
You said you could speak French.,bạn nói bạn có thể nói tiếng Pháp.
Tom is intolerant,tom không dung nạp
I want this suit cleaned,tôi muốn bộ đồ này được làm sạch
We should leave here as soon as possible,chúng ta nên rời khỏi đây càng sớm càng tốt
Have you known her since 1990?,bạn biết cô ấy từ năm 1990?
Let us sing a song.,chúng ta hãy hát một bài hát
It was hilarious,đó là vui nhộn
The final match was not so exciting,trận đấu cuối cùng không quá sôi động
Boston is a great town,boston là một thị trấn tuyệt vời
Tom dropped in on Mary last night,tom thả vào mary tối qua
I think Tom will like this game,tôi nghĩ tom sẽ thích trò chơi này
You should also listen to the other side,bạn cũng nên lắng nghe phía bên kia
I cannot help admiring his courage.,tôi không thể giúp ngưỡng mộ lòng can đảm của anh ấy.
Tom has been giving me a hard time,tom đã cho tôi một thời gian khó khăn
Tom and Mary are much stronger than we are,tom và mary mạnh hơn chúng ta rất nhiều
It's a type of body piercing,nó là một loại xuyên cơ thể
Tom seldom wears a hat,Tom hiếm khi đội mũ
I'm trying to help Tom.,Tôi đang cố gắng giúp tom.
I didn't see anybody following us,tôi không thấy ai theo dõi chúng tôi
I'll be in my quarters.,tôi sẽ ở trong khu của tôi
Please make certain your seat belt is fastened,vui lòng đảm bảo dây an toàn của bạn được buộc chặt
Last week my mother came down with the flu.,Tuần trước mẹ tôi bị cúm.
Tom is a much better liar than you,tom là một kẻ nói dối tốt hơn nhiều so với bạn
I need to see it.,Tôi cần phải nhìn thấy nó.
It's impossible to tell what might happen.,không thể biết chuyện gì có thể xảy ra
We stormed the enemy positions,chúng tôi xông vào các vị trí của địch
Tom likes to skipper small sailboats.,tom thích chèo thuyền buồm nhỏ.
Will you please lend me a stapler?,bạn vui lòng cho tôi mượn cái dập ghim chứ?
I don't want this.,tôi không muốn điều này
What are you doing out at this time?,bạn đang làm gì vào lúc này?
Don't you ever question anything?,bạn chưa bao giờ hỏi bất cứ điều gì?
"He loves her, but she doesn't like him.","Anh yêu cô, nhưng cô không thích anh."
I was going to tell you.,tôi sẽ nói với bạn
I'm a very light sleeper.,Tôi là một người ngủ rất nhẹ.
The air is pure around here,không khí trong lành ở đây
I'm concerned for Tom's safety.,Tôi lo lắng cho sự an toàn của tom.
"When I got out of jail, the first thing I wanted to do was to eat at my favorite restaurant","Khi tôi ra tù, điều đầu tiên tôi muốn làm là ăn ở nhà hàng yêu thích của tôi"
Did you notice that Tom was looking at you?,bạn có để ý rằng tom đang nhìn bạn không?
My mother speaks slowly,mẹ tôi nói chậm
This is all a big misunderstanding.,đây là một sự hiểu lầm lớn
They are professors.,họ là giáo sư
We could use some new ideas.,chúng ta có thể sử dụng một số ý tưởng mới.
I didn't forget about you.,tôi đã không quên bạn
You'd better stay here,bạn nên ở đây
I found out something interesting today at work.,tôi đã tìm ra một cái gì đó thú vị ngày hôm nay tại nơi làm việc.
I doubt that Tom is innocent,tôi nghi ngờ rằng tom là vô tội
I bought two dozen pencils.,tôi đã mua hai chục cây bút chì.
It's very common,nó rất phổ biến
"Though Jim works very hard, his job does not pay very much.","Mặc dù jim làm việc rất chăm chỉ, công việc của anh ấy không trả nhiều tiền."
He is captain of the football team.,Anh ấy là đội trưởng của đội bóng đá.
The ink stain will not wash out,vết mực sẽ không rửa
I can hardly see him,tôi khó có thể nhìn thấy anh ấy
I want to go abroad someday.,Tôi muốn đi ra nước ngoài một ngày nào đó.
What exactly did Tom tell you?,Chính xác thì tom đã nói gì với bạn?
"But that's impossible, professor.","Nhưng điều đó là không thể, giáo sư."
I wasn't hungry.,tôi đã không đói
Tom yanked the curtains closed,tom kéo rèm cửa đóng lại
They always did what Hamilton told them to do,họ luôn làm những gì hamilton bảo họ làm
The doctor told Tom that he should try to get more sleep,Bác sĩ nói với tom rằng anh nên cố gắng ngủ nhiều hơn
He drank three glasses of water.,Anh uống ba ly nước.
Tom backed out of the garage.,tom lùi ra khỏi nhà để xe.
Do you have any proof?,anh có bằng chứng gì không?
Lack of sleep will make you do stupid things.,thiếu ngủ sẽ khiến bạn làm những điều ngu ngốc.
Tom opened his mouth,tom mở miệng
I'm not afraid of you anymore,tôi không sợ bạn nữa
Tom lowered his voice.,tom hạ giọng.
Tom described what had happened,tom mô tả những gì đã xảy ra
I hope your efforts will bear fruit.,tôi hy vọng những nỗ lực của bạn sẽ mang lại kết quả.
I had no visitors today,hôm nay tôi không có khách
Steve goes to school with Kate.,steve đi học với kate.
I'm afraid I'm coming down with a cold,tôi sợ rằng tôi đang bị cảm lạnh
The letter returned.,Bức thư trở lại.
Tom had no intention on waiting until Mary got back,tom không có ý định chờ đợi cho đến khi mary trở lại
How much should I pay today?,hôm nay tôi phải trả bao nhiêu
I won't talk to him anymore.,tôi sẽ không nói chuyện với anh ấy nữa.
"I am lost. Can you help me, please?",tôi bị lạc Bạn co thể giup tôi được không?
Do you think you'll be getting more in soon?,Bạn có nghĩ rằng bạn sẽ sớm nhận được nhiều hơn?
Tom never told me what to do,tom không bao giờ nói tôi phải làm gì
Tom doesn't know exactly how that happened,tom không biết chính xác điều đó đã xảy ra như thế nào
The matter is more serious than you think,vấn đề nghiêm trọng hơn bạn nghĩ
All of his friends thought that he was happy,tất cả bạn bè của anh ấy nghĩ rằng anh ấy hạnh phúc
Tom abused my confidence,tom lạm dụng sự tự tin của tôi
I will always be there for you,tôi sẽ luôn ở đó chờ bạn
They struggled against the dictator,họ đấu tranh chống lại nhà độc tài
"I looked all over for Tom, but couldn't find him.","Tôi tìm khắp nơi để tìm tom, nhưng không thể tìm thấy anh ta."
"It's fine to set up a web page, just be sure you don't infringe anybody's copyright","Thiết lập một trang web là tốt, chỉ cần chắc chắn rằng bạn không vi phạm bản quyền của bất kỳ ai"
We made a promise to meet at school.,chúng tôi đã hứa sẽ gặp nhau ở trường.
Prepare to die,chuẩn bị để chết
Can you tell me which button to press?,bạn có thể cho tôi biết nút nào để nhấn?
We can handle that.,chúng ta có thể xử lý việc đó
I'll call you if I require your assistance,tôi sẽ gọi cho bạn nếu tôi cần sự giúp đỡ của bạn
We've missed the boat,chúng tôi đã lỡ thuyền
Tom seemed really impressed with Mary's speech.,Tom dường như thực sự ấn tượng với bài phát biểu của mary.
"I've never been there, but I think it's past that traffic light.","Tôi chưa bao giờ đến đó, nhưng tôi nghĩ rằng nó đã qua đèn giao thông."
"You're feeling very sleepy, aren't you?",bạn đang cảm thấy rất buồn ngủ phải không?
"The optimist looks into a mirror and becomes more optimistic, the pessimist more pessimistic.","Người lạc quan nhìn vào gương và trở nên lạc quan hơn, người bi quan càng bi quan hơn."
She is buying a cake in the bakery.,cô ấy đang mua một chiếc bánh trong tiệm bánh.
He made a frank admission.,anh ấy đã nhập học thẳng thắn.
Tom won't speak to anybody,tom sẽ không nói chuyện với bất cứ ai
We will have little snow this winter,chúng ta sẽ có ít tuyết vào mùa đông này
How far is it to the museum?,nó đến bảo tàng bao xa
Unique ideas helped him to earn a high income,ý tưởng độc đáo đã giúp anh kiếm được thu nhập cao
I think it's time for you to leave.,Tôi nghĩ rằng đã đến lúc để bạn rời đi.
There was nobody in there,không có ai ở đó
Tom was breathing deeply,tom đang thở sâu
Tom explained how the system worked.,tom giải thích hệ thống làm việc như thế nào
She turned down our offer of help,cô ấy từ chối lời đề nghị giúp đỡ của chúng tôi
Lots of Italians went to Australia.,Rất nhiều người Ý đã đến Úc.
He abandoned himself to grief.,Anh từ bỏ chính mình để đau buồn.
Has prison changed them?,nhà tù đã thay đổi họ?
Tom and Mary are on duty.,tom và mary đang làm nhiệm vụ
Tom kept staring at Mary.,Tom cứ nhìn chằm chằm vào mary.
I have two dogs. One is white and the other black,tôi có hai con chó. một màu trắng và màu đen khác
"Some people like classical music, while others like popular music","một số người thích nhạc cổ điển, trong khi những người khác thích nhạc phổ biến"
Tom is always complaining about something,tom luôn phàn nàn về điều gì đó
Tom picked the baby up and smiled at her.,Tom bế đứa bé lên và mỉm cười với cô.
Do you want to go see a movie after dinner tonight?,Bạn có muốn đi xem phim sau bữa tối nay không?
I wasn't trapped.,Tôi đã không bị mắc kẹt.
It is about the size of an egg,nó có kích thước bằng một quả trứng
"After that, I didn't see him again.","Sau đó, tôi đã không gặp lại anh ấy."
It occurred to me that he might have told a lie,Nó xảy ra với tôi rằng anh ta có thể đã nói dối
We'll see what we can figure out,chúng ta sẽ thấy những gì chúng ta có thể tìm ra
How soon will the meeting begin?,Cuộc họp sẽ bắt đầu sớm bao lâu?
We're smashed.,chúng tôi đang đập phá
Tom doesn't like mathematics.,tom không thích toán học.
A woman appeared from behind a tree,một người phụ nữ xuất hiện từ phía sau một cái cây
Is Father in the kitchen?,Là cha vào bếp?
It's Tom's office,đó là văn phòng của tom
He could hardly make himself understood,anh ta khó có thể hiểu chính mình
Tom is a little embarrassed.,tom có chút xấu hổ.
Give the book to whomever wants it,đưa cuốn sách cho bất cứ ai muốn nó
Tom talks funny,tom nói chuyện vui
I didn't realize you knew Tom.,tôi không nhận ra bạn biết tom.
Tom may have been right.,tom có thể đã đúng
I'd like to see that contract.,Tôi muốn xem hợp đồng đó.
Could you show me how to start this machine?,bạn có thể chỉ cho tôi cách khởi động máy này không?
"We came to the town, where we stayed for a week","chúng tôi đến thị trấn, nơi chúng tôi ở trong một tuần"
You have something on your face.,bạn có một cái gì đó trên khuôn mặt của bạn.
Don't blame yourself. It's my fault.,đừng tự trách mình. Đó là lỗi của tôi.
The rainy season begins towards the end of June,mùa mưa bắt đầu vào cuối tháng sáu
Would you like to do that?,Bạn có muốn làm điều đó?
Tom told Mary he thought she was stupid,Tom nói với mary anh ấy nghĩ cô ấy thật ngốc
Where are you bound?,bạn bị ràng buộc ở đâu
He's sitting at the table,anh ấy đang ngồi ở bàn
I'm proud of my son.,Tôi tự hào về con trai tôi.
Forty-eight sailors are on the ship,bốn mươi tám thủy thủ đang ở trên tàu
Do you know who the British Ambassador to Japan is?,Bạn có biết đại sứ người Anh ở Nhật Bản là ai không?
He's got money to burn.,Anh ta có tiền để đốt.
Some of Martin Luther King's supporters began to question his belief in peaceful protests.,một số người ủng hộ vua Martin Luther bắt đầu đặt câu hỏi về niềm tin của ông vào các cuộc biểu tình ôn hòa.
I didn't get a chance to introduce myself to her,tôi không có cơ hội giới thiệu bản thân với cô ấy
He will come provided that he is well enough,anh ấy sẽ đến với điều kiện là anh ấy đủ khỏe
It's hard to describe,thật khó để diễn tả
You have to stay,bạn phải ở lại
The reporter criticized the politician,phóng viên chỉ trích chính trị gia
There is a little time before the train departs,có một ít thời gian trước khi tàu khởi hành
He's walking around in his underwear.,Anh ấy đi loanh quanh trong quần lót.
Tom said that he liked rain,Tom nói rằng anh ấy thích mưa
I'm the only one qualified to do this.,Tôi là người duy nhất đủ điều kiện để làm điều này.
It rained day after day.,ngày mưa ngày này qua ngày khác
I appreciate all you did.,tôi đánh giá cao tất cả những gì bạn đã làm.
We're both crazy.,cả hai chúng tôi đều điên
"Besides being a doctor, he was a very famous novelist","ngoài việc là một bác sĩ, ông còn là một tiểu thuyết gia rất nổi tiếng"
We need some more food.,chúng ta cần thêm thức ăn
I meet her demands.,tôi đáp ứng nhu cầu của cô ấy
Do you want these tickets?,bạn có muốn những vé này không?
All the English teachers at my son's school are native speakers.,tất cả các giáo viên tiếng Anh ở trường của con trai tôi đều là người bản ngữ.
Make sure you have reserved a room at the hotel,đảm bảo bạn đã đặt phòng tại khách sạn
I can't explain anything,tôi không thể giải thích bất cứ điều gì
I've fallen in love with somebody else.,Tôi đã yêu một người khác.
It's no use pretending that you can't speak French.,không có ích gì khi giả vờ rằng bạn không thể nói tiếng Pháp.
I made believe it was true.,tôi đã tin rằng đó là sự thật.
I fed my dog what I thought was good quality dog food.,Tôi cho chó ăn những gì tôi nghĩ là thức ăn cho chó chất lượng tốt.
He intends to visit the farm on Sunday,anh dự định đến thăm trang trại vào chủ nhật
Who would do something like that?,Ai sẽ làm điều gì đó như thế?
Please refer to page ten.,vui lòng tham khảo trang mười.
One of her shoes dropped off.,một đôi giày của cô bị rơi ra
"That's the real reason Tom ran away from home, isn't it?","Đó là lý do thực sự khiến tom bỏ nhà ra đi, phải không?"
Her house is across the river,nhà cô ấy ở bên kia sông
I like coffee hot.,tôi thích cà phê nóng
They are very kind to me.,họ rất tử tế với tôi
"Tom doesn't see any reason why he can't go, too.",Tom không thấy bất kỳ lý do tại sao anh ấy không thể đi quá.
My dad owns a lot of books,bố tôi sở hữu rất nhiều sách
He is about to die.,anh sắp chết.
What are some foods commonly eaten in America?,một số thực phẩm thường ăn ở Mỹ là gì?
Tom and Mary are always arguing about money,tom và mary luôn tranh cãi về tiền bạc
Did that really cost you three hundred dollars?,điều đó thực sự tiêu tốn của bạn ba trăm đô la?
How is it with you?,nó thế nào với bạn
She has a bad head cold,cô ấy bị cảm lạnh
Don't take it too literally.,đừng hiểu quá nhiều theo nghĩa đen
Can you touch the bottom?,bạn có thể chạm vào đáy không?
What's your schedule like tomorrow?,lịch trình của bạn như thế nào vào ngày mai?
It is abnormal to eat so much.,Thật là bất thường khi ăn quá nhiều.
Do you understand Tom?,bạn có hiểu tom không
My sunglasses are broken,kính râm của tôi bị hỏng
She had already gone to bed when I called her at 11 p.m,cô ấy đã đi ngủ khi tôi gọi cô ấy lúc 11 giờ
It's been hot and humid,trời nóng và ẩm
You probably won't like it,bạn có thể sẽ không thích nó
Tom will be a university student this year,tom sẽ là một sinh viên đại học năm nay
You should wash your hands.,bạn nên rửa tay
The store was closed.,Cửa hàng đã đóng cửa.
Tom is attempting to climb the rock,tom đang cố gắng leo lên đá
Tom doesn't get along with his sisters.,Tom không hòa thuận với các chị gái của mình.
Why didn't you stop Tom?,Tại sao bạn không dừng tom?
Japan entered into an alliance with France just before the war,Nhật Bản đã gia nhập một liên minh với Pháp ngay trước chiến tranh
Tom didn't know if he could do it or not,Tom không biết liệu anh ta có thể làm điều đó hay không
It is not safe for a girl to go out by herself so late at night.,Không an toàn cho một cô gái đi ra ngoài một mình vào đêm khuya.
You've been avoiding me,bạn đã tránh tôi
That's just what I was going to suggest.,đó chỉ là những gì tôi sẽ đề nghị.
Tom has become a Canadian citizen.,tom đã trở thành một công dân Canada.
We don't want them to decrease our paycheck.,chúng tôi không muốn họ giảm tiền lương của chúng tôi.
I feel refreshed after taking a walk.,tôi cảm thấy sảng khoái sau khi đi dạo.
"Everybody, let's have a good year","mọi người, hãy có một năm tốt lành"
We didn't know you were there.,chúng tôi không biết bạn đã ở đó.
She likes short skirts,cô ấy thích váy ngắn
The dictionary is on the desk,từ điển ở trên bàn
People don't like to swim against the tide.,mọi người không thích bơi chống lại thủy triều.
His health gradually changed for the better after he went to live in the countryside,Sức khỏe của anh ấy dần thay đổi tốt hơn sau khi anh ấy sống ở nông thôn.
We should know the result by Thursday.,chúng ta nên biết kết quả vào thứ năm.
I'm still the boss around here.,Tôi vẫn là ông chủ quanh đây.
I'll go and check.,Tôi sẽ đi kiểm tra.
Not every truth is fit to be told,không phải sự thật nào cũng phù hợp để nói
Soccer is more popular in Japan than it used to be.,bóng đá phổ biến hơn ở Nhật Bản hơn trước đây.
"She doesn't talk much, but once she does speak she is eloquent","cô ấy không nói nhiều, nhưng một khi cô ấy nói thì cô ấy rất hùng hồn"
My companions were all asleep,bạn đồng hành của tôi đã ngủ
I wish I had asked Tom for advice before I started.,tôi ước tôi đã hỏi tom cho lời khuyên trước khi tôi bắt đầu.
Land prices are very high in Japan,giá đất ở Nhật Bản rất cao
He studied for ten years,anh ấy đã học mười năm
He was looking for this very thing,anh ấy đang tìm kiếm thứ này
We'll start,chúng ta sẽ bắt đầu
Tom finally realized there was something wrong.,Tom cuối cùng nhận ra có điều gì đó không đúng.
I don't doubt that he's done it.,Tôi không nghi ngờ rằng anh ấy đã làm nó.
He's nuttier than a fruitcake,anh ấy còn hơn cả một chiếc bánh trái cây
Do you have any French wine?,bạn có rượu vang Pháp không
"What do you want me to do, Tom?","bạn muốn tôi làm gì, tom"
Will you take a personal check?,bạn sẽ kiểm tra cá nhân chứ?
"Perseverance is, among other things, necessary for success",sự kiên trì là một trong những điều cần thiết để thành công
You might be right.,bạn có thể đúng
This clock seems to be malfunctioning,đồng hồ này dường như bị trục trặc
He's now studying,anh ấy đang học
The jury has reached a verdict.,bồi thẩm đoàn đã đạt được một bản án.
"To avoid confusion, the teams wore different colors","Để tránh nhầm lẫn, các đội mặc màu sắc khác nhau"
I made fun of him,tôi đã chọc cười anh ấy
We need to remember to send Tom a birthday card,chúng ta cần nhớ gửi cho Tom một tấm thiệp sinh nhật
Tom comes from a good family.,tom đến từ một gia đình tốt.
Can you reach the ceiling?,bạn có thể đạt đến trần nhà?
We saw the lady carried away to the hospital,chúng tôi thấy người phụ nữ mang đi bệnh viện
They don't pay you enough.,họ không trả đủ cho bạn
Do you think Tom is wise?,Bạn có nghĩ tom là khôn ngoan?
You ought not to be cruel to animals,bạn không nên tàn nhẫn với động vật
We were well fed at the hotel,chúng tôi được ăn ngon tại khách sạn
What do you think Tom will be doing this time tomorrow afternoon?,Bạn nghĩ tom sẽ làm gì vào chiều mai?
"We didn't run fast, but kept up a good steady pace.","chúng tôi đã không chạy nhanh, nhưng giữ tốc độ ổn định."
A group of students stood in the street.,Một nhóm sinh viên đứng ngoài đường.
Let them take care of themselves.,hãy để họ tự chăm sóc bản thân
The executive committee appointed him the president of the company.,ủy ban điều hành bổ nhiệm ông làm chủ tịch công ty.
Children exhibit a low tolerance for the frustrations of learning,trẻ em thể hiện sự khoan dung thấp đối với sự thất vọng của việc học
It's not a loan.,nó không phải là một khoản vay.
The story takes place in Lisbon,câu chuyện diễn ra ở lisbon
You should've warned me that this was going to happen,bạn nên cảnh báo tôi rằng điều này sẽ xảy ra
Those who want to remain may do so.,những người muốn ở lại có thể làm như vậy.
I said a very foolish thing.,tôi đã nói một điều rất ngu ngốc
"Obviously, there's to be some kind of mistake","rõ ràng, có một số sai lầm"
They went fishing yesterday.,họ đã đi câu cá ngày hôm qua.
"I intended to go with her, but I was too busy.","tôi định đi với cô ấy, nhưng tôi quá bận."
Tom thinks he's in love.,Tom nghĩ rằng anh ấy đang yêu.
Where did you find the key?,bạn đã tìm thấy chìa khóa ở đâu?
I have just cleaned my room,tôi vừa mới dọn phòng
I'm afraid I have a prior engagement.,Tôi sợ rằng tôi đã đính hôn trước.
He isn't able to buy a car.,anh ta không thể mua một chiếc xe hơi.
The word yes never escapes his lips,từ có không bao giờ thoát khỏi môi anh
I haven't been getting much sleep lately.,Gần đây tôi không ngủ nhiều.
Let me see if I can do anything.,để tôi xem nếu tôi có thể làm bất cứ điều gì
I'm sure Tom will be contacting you in the near future,Tôi chắc chắn tom sẽ liên lạc với bạn trong tương lai gần
This is the couple who showed me the way,đây là cặp vợ chồng chỉ đường cho tôi
You have nothing to be afraid of.,bạn không có gì phải sợ
Tom is chubby,tom là mũm mĩm
I haven't got a clue as to why he quit so suddenly,tôi không biết tại sao anh ấy lại bỏ cuộc đột ngột như vậy
You should have seen that movie last night.,bạn nên xem bộ phim đó tối qua
The boarders are now away on vacation,những người nội trú đang đi nghỉ
We have so much to discuss.,chúng ta có quá nhiều thứ để thảo luận
He asked that we be silent.,Ông yêu cầu chúng tôi im lặng.
Cabbage can be eaten raw.,Bắp cải có thể ăn sống.
My best friend dances really well.,người bạn thân nhất của tôi nhảy rất tốt
We've dodged another bullet.,chúng tôi đã tránh được một viên đạn khác.
Please take your seat,xin mời ngồi
I don't feel good about it.,tôi không cảm thấy tốt về nó
"It may sound strange, but it is true.","Nghe có vẻ lạ, nhưng đó là sự thật."
"I'd like to see it, please.","Tôi muốn nhìn thấy nó, xin vui lòng."
No mountain in Japan is higher than Mt. Fuji,không có ngọn núi nào ở Nhật Bản cao hơn mt. fuji
I should know by now not to ask Tom for help.,Tôi nên biết bây giờ không yêu cầu tom giúp đỡ.
It's supposed to snow tomorrow,ngày mai sẽ có tuyết
I don't feel like translating this sentence,tôi không cảm thấy muốn dịch câu này
You should always try to do your best,bạn nên luôn cố gắng làm hết sức
The old man got off the bus,ông lão xuống xe
"Tom is rich, but not me","tom giàu, nhưng không phải tôi"
Tom is being held hostage.,tom đang bị bắt làm con tin.
I'm taking Tom for a walk,tôi đang đưa tom đi dạo
I'm not saying that you're not beautiful,tôi không nói rằng bạn không đẹp
Can you go around the world in a day?,bạn có thể đi vòng quanh thế giới trong một ngày không?
I assume you've heard that we're having a meeting this afternoon.,Tôi cho rằng bạn đã nghe nói rằng chúng ta có một cuộc họp chiều nay.
I just want to know what I'm getting involved with,tôi chỉ muốn biết những gì tôi đang tham gia
Do you know where your kids are right now?,Bạn có biết con bạn đang ở đâu không?
I'm sure Tom will complain.,Tôi chắc chắn tom sẽ phàn nàn.
They're probably studying,có lẽ họ đang học
I mowed Tom's lawn,tôi cắt cỏ tom
We're not sure why Tom isn't here today,chúng tôi không chắc tại sao hôm nay tom không ở đây
France was at war with Russia,Pháp đã có chiến tranh với Nga
I'm sure you can't do it,tôi chắc chắn bạn không thể làm điều đó
Tom is in detention.,tom đang bị giam giữ
I owe you a sincere apology,tôi nợ bạn một lời xin lỗi chân thành
I feel as if I were dreaming.,tôi cảm thấy như thể tôi đang mơ
Is it Tom's?,có phải của tom không?
Yesterday a pedestrian was run over by a truck at this pedestrian crossing.,hôm qua một người đi bộ đã bị một chiếc xe tải chạy qua ngã tư này.
Please hold this ladder steady,xin giữ vững cái thang này
Tom didn't have the nerve to show up,Tom không có thần kinh để xuất hiện
A politician must always be able to account for money he receives.,một chính trị gia phải luôn có khả năng hạch toán số tiền anh ta nhận được.
We have some.,chúng tôi có một số.
Tom seemed genuinely shocked,tom dường như thực sự bị sốc
I never told you to lie,tôi chưa bao giờ nói bạn nói dối
I go to the city to buy bread.,tôi đến thành phố để mua bánh mì.
Raise your hand if you understand it,giơ tay nếu bạn hiểu
He has written lots of books about his experience abroad,ông đã viết rất nhiều sách về kinh nghiệm của mình ở nước ngoài
"This is your handwriting, isn't it?",đây là chữ viết tay của bạn phải không?
We're on speaking terms.,chúng tôi đang nói về các điều khoản.
I remember that man's name very well.,tôi nhớ tên của người đàn ông đó rất tốt
"Anna has chestnut brown hair, but Magdalena has blonde hair.","Anna có mái tóc nâu hạt dẻ, nhưng magdalena có mái tóc vàng."
"I'm tired, but I still can't go to sleep","tôi mệt, nhưng tôi vẫn không thể đi ngủ"
There's still a little milk left in this glass.,Vẫn còn một ít sữa trong ly này.
Maybe you didn't hear me.,có lẽ bạn đã không nghe tôi.
I am not sure when he will be back.,tôi không chắc chắn khi nào anh ấy sẽ trở lại.
I had to go to America.,tôi đã phải đi đến Mỹ
Tom gave Mary a book about Australia.,tom đã cho mary một cuốn sách về úc.
We threw them away,chúng tôi đã ném chúng đi
"You've never been here, have you?",bạn chưa bao giờ đến đây phải không
Tom wants to tell you about Mary.,Tom muốn nói với bạn về mary.
I don't want to lose my wife.,Tôi không muốn mất vợ.
Did you make the train?,bạn đã làm tàu chưa
Tom is on medical leave.,tom đang nghỉ phép
The little girl burst into tears,cô bé bật khóc
It didn't get that bad,nó đã không trở nên tồi tệ
Japan is in eastern Asia,Nhật Bản là ở Đông Á
Tom was going to tell Mary anyway,Tom sẽ nói với mary
Tom completed his painting,tom hoàn thành bức tranh của mình
I wish I had gone with the others to the game yesterday,tôi ước tôi đã đi với những người khác đến trò chơi ngày hôm qua
What do you look like?,bạn trông như thế nào?
You never cease to amaze me.,bạn không bao giờ ngưng làm tôi ngạc nhiên.
Tom didn't know.,Tom không biết.
I need you to show me what you have in your bag.,tôi cần bạn chỉ cho tôi những gì bạn có trong túi của bạn.
Tom angrily pushed Mary away,Tom giận dữ đẩy mary đi
She was advised by him not to go there by herself,cô được anh khuyên không nên đến đó một mình
It is on the tip of my tongue.,nó ở trên đầu lưỡi của tôi
I'm the one who has to do most of the work,tôi là người phải làm hầu hết công việc
"If that's true, then she's better than me",nếu đó là sự thật thì cô ấy tốt hơn tôi
Is he satisfied with his daily life?,anh ấy có hài lòng với cuộc sống hàng ngày không?
My boss turned down his proposal,ông chủ của tôi từ chối đề nghị của mình
You're being modest,bạn khiêm tốn
We have made friends with Tom,chúng tôi đã kết bạn với tom
I'm sick. Will you send for a doctor?,tôi bị ốm. bạn sẽ gửi cho bác sĩ?
It's very impolite of you to decline her invitation.,thật là bất lịch sự khi bạn từ chối lời mời của cô ấy.
That will benefit the community,Điều đó sẽ có lợi cho cộng đồng
This is between you and me,đây là giữa bạn và tôi
I wouldn't mind stopping for a while now,tôi sẽ không dừng lại một lúc
He ate twice the amount that you ate.,Anh ấy đã ăn gấp đôi số tiền mà bạn đã ăn.
Is this for real?,điều này là thật?
The monkey is in the cage,con khỉ đang ở trong chuồng
They're weird,họ thật kỳ lạ
Why are you studying Italian?,tại sao bạn học tiếng ý
I found his latest novel interesting,tôi thấy cuốn tiểu thuyết mới nhất của anh ấy rất thú vị
We usually expect that trains will arrive on time.,chúng tôi thường mong đợi rằng các chuyến tàu sẽ đến đúng giờ.
The work was all but finished.,công việc đã xong nhưng đã xong.
The question deserved study.,câu hỏi xứng đáng học tập
Tom was finished.,tom đã xong.
Tom left earlier this morning,tom rời đi sáng nay
That would be wonderful,điều đó thật tuyệt vời
Why would anyone do such a thing?,Tại sao mọi người sẽ làm một điều như vậy?
She went back to England in the end.,cuối cùng cô ấy đã trở lại Anh.
Now give me the book.,bây giờ đưa tôi cuốn sách
That's a bad name for a ship,đó là một tên xấu cho một con tàu
"To tell you the truth, I'm completely bored","nói thật với bạn, tôi hoàn toàn chán"
The two men were released from jail.,Hai người được ra tù.
You must learn to restrain yourself.,bạn phải học cách kiềm chế bản thân.
Tom said he was exhausted.,Tom nói rằng anh ta đã kiệt sức.
Can you teach me to play chess?,bạn có thể dạy tôi chơi cờ vua không?
A typhoon prevented us from going on our trip to Okinawa,một cơn bão đã ngăn chúng tôi đi vào chuyến đi đến okinawa
"Ladies and gentlemen, please come this way.","Thưa quý vị, xin hãy đến đây."
I think we are about to make a lot of money.,Tôi nghĩ rằng chúng ta sắp kiếm được nhiều tiền.
I'm taking you home,tôi đang đưa bạn về nhà
They have weapons,họ có vũ khí
"Of us all, Tom was by far the best swimmer","Trong tất cả chúng ta, tom là người bơi giỏi nhất"
Tom looked lonely.,Tom trông cô đơn.
The only thing that really matters is whether or not you are happy.,Điều duy nhất thực sự quan trọng là bạn có hạnh phúc hay không.
Has Tom already eaten?,tom đã ăn chưa
"I studied French a long time ago, but now all I remember is ""bonjour.""","tôi đã học tiếng Pháp từ lâu, nhưng bây giờ tất cả những gì tôi nhớ là ""bonjour."""
"The odds are against me, so I think I'll quit now.","tỷ lệ cược chống lại tôi, vì vậy tôi nghĩ rằng tôi sẽ bỏ ngay bây giờ."
The frost did a lot of damage to the crops.,sương giá đã làm thiệt hại rất nhiều cho mùa màng.
I'm finished here,tôi đã kết thúc ở đây
I was told to report to you.,tôi đã nói để báo cáo với bạn
Tom doesn't want the same thing to happen here,Tom không muốn điều tương tự xảy ra ở đây
I think it's time for me to say goodbye.,Tôi nghĩ rằng đã đến lúc tôi nói lời tạm biệt.
The man answers the description.,Người đàn ông trả lời mô tả.
I hope you get the job,tôi hy vọng bạn có được công việc
"Tom, you look very sleepy.","tom, bạn trông rất buồn ngủ"
Mary doesn't have time to do the laundry.,mary không có thời gian để giặt giũ.
That's a photo of my sister,đó là một bức ảnh của em gái tôi
We've discussed this.,chúng tôi đã thảo luận về điều này.
I don't want to see that happen,tôi không muốn thấy điều đó xảy ra
Tom spent a few years in Boston when he was in college,Tom đã dành một vài năm ở boston khi anh ấy học đại học
That's a beautiful story.,đó là một câu chuyện hay
His son-in-law completely recovered from his illness,con rể của ông đã hoàn toàn khỏi bệnh
That's normal,đó là bình thường
Yuriko Himekusa killed herself.,yuriko himekusa tự sát.
Father came home about ten minutes ago.,cha về nhà khoảng mười phút trước.
He behaved badly.,Anh cư xử tệ.
I missed my stop. How long does it take to reach the next stop?,tôi đã bỏ lỡ điểm dừng của tôi Mất bao lâu để đến điểm dừng tiếp theo?
Tom can be quite stubborn,tom có thể khá bướng bỉnh
Nancy seems tired.,nancy có vẻ mệt mỏi.
Come here at once,đến đây một lần
"That job was not very interesting, but on the other hand it was well paid.","công việc đó không thú vị lắm, nhưng mặt khác nó được trả lương cao."
I said nothing about the matter.,tôi không nói gì về vấn đề này
I am afraid it's not so easy,tôi sợ nó không dễ dàng
The teacher and I sat face to face.,Cô giáo và tôi ngồi đối mặt.
What do you have up your sleeve?,bạn có gì lên tay áo của bạn?
Tom suggested that they convert the old church into a concert hall,Tom đề nghị họ chuyển nhà thờ cũ thành phòng hòa nhạc
State your business.,nêu doanh nghiệp của bạn.
Tom is foolhardy,tom thật ngốc nghếch
How will you get them to help us?,Làm thế nào bạn sẽ có được họ để giúp chúng tôi?
Tom cut the pie into six pieces,tom cắt chiếc bánh thành sáu miếng
The door to Tom's room was closed,cánh cửa phòng tom đã đóng
Tell me about your job.,hãy kể cho tôi về công việc của bạn.
It'll work out.,nó sẽ làm việc
We'll never forget you.,chúng tôi sẽ không bao giờ quên bạn.
Tom often makes mistakes.,tom thường mắc lỗi.
Is there some kind of problem here?,Có một số loại vấn đề ở đây?
She prefers beer to wine.,Cô ấy thích bia hơn rượu.
Can you recommend a good place for me to stay in Boston?,bạn có thể giới thiệu một nơi tốt để tôi ở lại boston không?
Cleveland was not sure the boy was his son,cleescent không chắc cậu bé là con trai mình
I can't be happy when Tom is so sad,tôi không thể vui khi tom buồn
The government collapsed after a vote in parliament.,Chính phủ sụp đổ sau một cuộc bỏ phiếu tại quốc hội.
You need to see a doctor.,Bạn cần phải đi khám bác sĩ.
I know something Tom doesn't know,tôi biết vài thứ mà tom không biết
Have you already tried not thinking of anything?,bạn đã cố gắng không nghĩ gì chưa?
A fox is not caught twice in the same snare,một con cáo không bị bắt hai lần trong cùng một bẫy
How long has it been since you received a letter from him?,Đã bao lâu rồi kể từ khi bạn nhận được một lá thư từ anh ấy?
Tom was surprised to hear Mary had gotten married.,Tom rất ngạc nhiên khi biết mary đã kết hôn.
He took a detour to avoid the heavy traffic,anh đi đường vòng để tránh giao thông đông đúc
It is common for children to cause trouble,Trẻ em thường gây rắc rối
There is a strong anti-nuclear movement in Germany.,có một phong trào chống hạt nhân mạnh mẽ ở Đức.
"If you listen carefully to my instructions, it'll save you some time","nếu bạn lắng nghe cẩn thận những chỉ dẫn của tôi, nó sẽ giúp bạn tiết kiệm thời gian"
I think you've answered all my questions.,Tôi nghĩ rằng bạn đã trả lời tất cả các câu hỏi của tôi.
You must leave everything,bạn phải để lại mọi thứ
Tom recognized it.,tom nhận ra nó.
You don't have to do this alone,bạn không phải làm điều này một mình
You are just saying that.,bạn chỉ đang nói vậy thôi
Can you please open this door for me?,bạn có thể vui lòng mở cánh cửa này cho tôi?
Let me know if I need to change.,cho tôi biết nếu tôi cần thay đổi
We had to make the best of our small house.,chúng tôi đã phải làm tốt nhất của ngôi nhà nhỏ của chúng tôi.
Tom couldn't tell one twin from the other.,Tom không thể nói một cặp từ người kia.
Please will you close the door when you go out.,xin vui lòng bạn sẽ đóng cửa khi bạn đi ra ngoài.
I thought you wanted to eat at that Chinese restaurant on Park Street,tôi nghĩ bạn muốn ăn ở nhà hàng Trung Quốc trên đường công viên
I allowed her to go to the party,tôi cho phép cô ấy đi dự tiệc
There's a spider in the bathroom.,Có một con nhện trong phòng tắm.
"You know what's happening, don't you?","bạn biết những gì đang xảy ra, phải không?"
This car must have had tough usage.,chiếc xe này phải có sử dụng khó khăn.
The field is full of wild flowers,cánh đồng đầy hoa dại
Tom washed his face.,Tom rửa mặt.
I've done everything possible to discourage people from doing that.,Tôi đã làm mọi thứ có thể để ngăn cản mọi người làm điều đó.
She was anxious for help,cô ấy đã lo lắng để được giúp đỡ
Have you ever been to Hawaii?,bạn đã từng đến hawaii chưa?
We ought to be more interested in environmental issues.,chúng ta nên quan tâm nhiều hơn đến các vấn đề môi trường.
Health is wealth.,sức khỏe là của cải.
Tom has been following me around,tom đã theo tôi xung quanh
How many operations has Dr. Jackson performed this month?,Có bao nhiêu hoạt động đã dr. jackson thực hiện trong tháng này?
Prussian is a baltic language,Phổ là một ngôn ngữ baltic
How did you know?,Làm sao bạn biết?
You have to tell Tom what happened.,bạn phải nói với tom những gì đã xảy ra
Do you want me to get that for you?,bạn có muốn tôi lấy cái đó cho bạn không?
He kept walking back and forth.,Anh cứ đi đi lại lại.
She was tempted to come with me.,cô ấy đã cố gắng đi cùng tôi
They became citizens after receiving political asylum,họ trở thành công dân sau khi được tị nạn chính trị
He applied for the job but was turned down on the spot,anh xin việc nhưng bị từ chối ngay tại chỗ
He began to work for that company last year,anh ấy bắt đầu làm việc cho công ty đó vào năm ngoái
I will try,tôi sẽ thử
I don't want to see it,tôi không muốn nhìn thấy nó
"You can't read French, can you?","bạn không thể đọc tiếng Pháp, bạn có thể?"
Let's agree to share in the profits.,hãy đồng ý chia sẻ lợi nhuận.
We are free!,chúng tôi rảnh!
Do any of the members agree with you?,có thành viên nào đồng ý với bạn không?
I'm not interested in the tea ceremony or flower arranging.,Tôi không quan tâm đến trà đạo hay cắm hoa.
Tom hit Mary on the head with a skillet.,tom đánh mary trên đầu với một cái chảo.
It was real,nó là thật
I have money enough to buy it.,Tôi có đủ tiền để mua nó.
These books will make your work easier,những cuốn sách này sẽ làm cho công việc của bạn dễ dàng hơn
I'm beginning to get the idea.,Tôi đang bắt đầu có ý tưởng.
Let me tell you a funny story,hãy để tôi kể cho bạn một câu chuyện vui
You can spend the night with us,bạn có thể qua đêm với chúng tôi
I didn't steal it,tôi đã không ăn cắp nó
Tom wants to learn to swim.,tom muốn học bơi.
Who remembers him?,ai còn nhớ anh
"He tried it again, only to fail","anh thử lại lần nữa, chỉ để thất bại"
Tom has been to many places in and around Boston.,tom đã đến nhiều nơi trong và xung quanh boston.
Why don't you wash your dishes?,tại sao bạn không rửa bát
I bought a suit with two pairs of pants,tôi đã mua một bộ đồ với hai cặp quần
Tom threw a wadded-up piece of paper at Mary.,tom ném một mảnh giấy bông lên mary.
Would you please step back?,bạn vui lòng lùi lại
Tom said Mary was a stewardess.,Tom nói mary là một tiếp viên.
I remember now.,tôi nhớ bây giờ
Tom says he's never kissed Mary,Tom nói rằng anh ấy chưa bao giờ hôn mary
Tell me where Tom took Mary,cho tôi biết tom đã đưa mary ở đâu
I'll stop by the post office on the way home.,Tôi sẽ ghé qua bưu điện trên đường về nhà.
I wonder if Prince William lets anyone call him Bill.,Tôi tự hỏi nếu hoàng tử william cho phép bất cứ ai gọi anh ta hóa đơn.
I thought you were going to offer me the job.,Tôi nghĩ bạn sẽ cung cấp cho tôi công việc.
Tom didn't do well enough on the driver's test to get a driver's license,Tom đã không làm đủ tốt trong bài kiểm tra trình điều khiển để lấy bằng lái xe
Most opponents of slavery did not vote,hầu hết các đối thủ của chế độ nô lệ đã không bỏ phiếu
Tom lived in an interesting part of Boston.,tom sống trong một phần thú vị của boston.
The sky was full of stars.,bầu trời đầy sao.
We must put safety before anything else.,chúng ta phải đặt sự an toàn trước bất cứ điều gì khác.
I have to take this call.,tôi phải nhận cuộc gọi này
Tom accepted the job offer.,tom chấp nhận lời mời làm việc.
He could not send his son to school.,ông không thể gửi con trai mình đến trường.
This pen is a real bargain at such a low price,cây bút này là một món hời thực sự ở một mức giá thấp như vậy
Americans pay both federal taxes and state taxes,người Mỹ trả cả thuế liên bang và thuế nhà nước
My sister got engaged.,chị tôi đã đính hôn.
You seemed happy here,bạn có vẻ hạnh phúc ở đây
I have some friends to help,tôi có vài người bạn để giúp đỡ
My husband is a very good cook.,Chồng tôi là một đầu bếp rất giỏi.
He exchanged seats with the next person,anh ấy đã đổi chỗ với người bên cạnh
"As soon as I get to London, I'll drop you a line.","Ngay sau khi tôi đến Luân Đôn, tôi sẽ thả bạn xuống."
"In spite of the heavy snow, she came all the way to the station","bất chấp tuyết rơi dày đặc, cô đã đến nhà ga"
We had no other option,chúng tôi không có lựa chọn nào khác
Tom can't handle the truth,tom không thể xử lý sự thật
You want to go out for a drink?,bạn muốn đi uống nước không?
I'll be in the next room if you need me.,Tôi sẽ ở phòng bên nếu bạn cần tôi.
Lightning hit that tower.,sét đánh vào tháp đó.
Tom got very angry at Mary,tom đã rất tức giận với mary
Lincoln was a great statesman,lincoln là một chính khách tuyệt vời
Who gave you my number?,Ai đưa số điện thoại của tôi?
The driver increased his speed,người lái xe tăng tốc
I thought you said you studied all night.,Tôi nghĩ bạn nói rằng bạn học cả đêm.
Was there something else you wanted?,bạn còn muốn gì nữa không?
Tom looked up quickly.,tom nhìn lên nhanh chóng.
Tom walked over to where Mary was sitting.,Tom đi đến nơi mary đang ngồi.
I have heard the story,tôi đã nghe câu chuyện
Tom is rather weak,tom khá yếu
Tom keeps a diary.,tom giữ một cuốn nhật ký.
That's remarkable,thật đáng chú ý
Sulfur is used to make matches.,lưu huỳnh được sử dụng để làm cho phù hợp.
One more person will be joining us later,một người nữa sẽ tham gia với chúng tôi sau
I'm pretty sure Tom is the only one who can tell us what we need to know,Tôi khá chắc chắn tom là người duy nhất có thể cho chúng tôi biết những gì chúng tôi cần biết
The radio is too loud. Please turn the volume down,radio quá to làm ơn giảm âm lượng
You're the only person that can do this,bạn là người duy nhất có thể làm điều này
Please fill this bottle with water.,xin vui lòng đổ đầy chai này
I had a room with a beautiful view of the mountains.,tôi đã có một căn phòng với một cái nhìn tuyệt đẹp của những ngọn núi.
Did I give you the tickets?,tôi đã cho bạn vé?
You should be true to your friends,bạn nên đúng với bạn bè của bạn
This is harassment,đây là sự quấy rối
She has three times as many dictionaries as you do.,cô ấy có số từ điển nhiều gấp ba lần bạn.
I had the documents sent to Tom,tôi đã gửi tài liệu cho tom
The audience applauded the actress.,khán giả vỗ tay cho nữ diễn viên.
He suggested we should start at once,ông đề nghị chúng ta nên bắt đầu ngay lập tức
A tall tree hid his house from our view.,một cây cao che giấu ngôi nhà của mình từ tầm nhìn của chúng tôi.
We tried to keep it a secret.,chúng tôi đã cố gắng giữ bí mật.
They are now either in Kyoto or in Osaka,bây giờ họ đang ở kyoto hoặc osaka
Tom poured himself another shot of bourbon,Tom rót cho mình một phát súng khác của bourbon
Someone could be hurt.,ai đó có thể bị tổn thương.
Tom wants Mary to meet John,tom muốn mary gặp john
We're all dying.,tất cả chúng ta đều chết
I told you this was going to be boring,tôi nói với bạn điều này sẽ nhàm chán
"The more we learn, the better we realize our ignorance.","chúng ta càng học nhiều, chúng ta càng nhận ra sự thiếu hiểu biết của mình."
Could I please have one more can of beer?,tôi có thể xin thêm một lon bia không?
How many cups of coffee did you drink?,bạn đã uống bao nhiêu tách cà phê
I had a special ticket,tôi đã có một vé đặc biệt
You make me want to throw up!,bạn làm cho tôi muốn ném lên!
I was a first year student last year,tôi là sinh viên năm thứ nhất năm ngoái
I keep thinking about Tom,tôi cứ nghĩ về tom
The book is very interesting.,Cuốn sách rất thú vị.
I cleaned out the fridge,tôi dọn tủ lạnh
I just heard Tom.,tôi vừa nghe tom.
I can wait a little longer.,tôi có thể đợi thêm một chút nữa
I haven't had a chance yet,tôi chưa có cơ hội
This is a serious setback.,đây là một trở ngại nghiêm trọng
Tom picked up a paintbrush and started helping Mary paint the fence,tom nhặt một cây cọ vẽ và bắt đầu giúp mary vẽ hàng rào
What's that flower?,đó là hoa gì
I'm just glad it's all over,tôi chỉ vui vì tất cả
Why are we here?,tại sao chúng ta ở đây
I never even got to tell Tom about what we did for him,tôi thậm chí không bao giờ phải nói với tom về những gì chúng tôi đã làm cho anh ấy
Tom wasn't fired,tom không bị sa thải
"Last night, there was a fire in the supermarket.","đêm qua, có một đám cháy trong siêu thị."
This coffee is quite strong,cà phê này khá mạnh
I am reading a book now.,tôi đang đọc một cuốn sách bây giờ
You're not allowed in this room.,bạn không được phép ở trong phòng này
Tom got paint on his shirt while he was painting the fence.,Tom đã vẽ lên áo trong khi anh ta đang vẽ hàng rào.
Please tell me where you will live.,xin vui lòng cho tôi biết nơi bạn sẽ sống.
I like running,tôi thích chạy
Tom started shooting,tom bắt đầu chụp
This apple is sweet,quả táo này ngọt
Tom's doorbell rang,chuông cửa của tom vang lên
What do you say we get to work?,bạn nói chúng ta làm gì
Who will be the next pope?,Ai sẽ là giáo hoàng tiếp theo?
I have small hands,tôi có bàn tay nhỏ
To live without air is impossible.,sống mà không có không khí là không thể
Tom got into a fight with the people who were staring at him.,Tom đã đánh nhau với những người đang nhìn chằm chằm vào anh ta.
She knows she does not have any other choices.,cô ấy biết mình không có lựa chọn nào khác.
It's a quarter after six right now.,bây giờ là sáu giờ kém sáu giờ.
He told me where to buy origami.,anh bảo tôi mua origami ở đâu.
Tom eats at least three bowls of rice every day,tom ăn ít nhất ba bát cơm mỗi ngày
I don't want to miss my train.,tôi không muốn bỏ lỡ chuyến tàu của mình
Tom certainly isn't as bad as Mary claims he is.,Tom chắc chắn không tệ như mary tuyên bố.
Who's fasting?,ai nhịn ăn?
Tom certainly has a lot to be happy about,tom chắc chắn có rất nhiều để được hạnh phúc về
Would you like more coffee?,bạn có muốn uống thêm cà phê không
I just told Tom to leave Mary alone,tôi chỉ bảo tom rời khỏi mary một mình
I'm going to call it a day.,Tôi sẽ gọi nó là một ngày.
Summers are very hot in Kyoto.,mùa hè rất nóng ở kyoto.
He kissed her hand,anh hôn tay cô
Do you want another beer?,bạn có muốn uống bia nữa không
We're creative.,chúng tôi sáng tạo.
I had no trouble finding his office,tôi không gặp khó khăn khi tìm văn phòng của anh ấy
I cannot stand this noise.,tôi không thể chịu được tiếng ồn này
He's very upset by this.,Anh ấy rất buồn vì điều này.
You're really very good.,bạn thực sự rất tốt
Tom was there before anyone else,tom đã ở đó trước bất cứ ai khác
Tom understands the risks,tom hiểu những rủi ro
Little did I dream that I would never see her again,Tôi đã mơ một chút rằng tôi sẽ không bao giờ gặp lại cô ấy
I'll be waiting in the lobby.,Tôi sẽ đợi ở sảnh.
Tom could've won if he'd wanted to,Tom có thể thắng nếu anh ta muốn
I have a cat.,tôi có một con mèo.
Why don't you go and have a look?,tại sao bạn không đi và có một cái nhìn?
Science has brought about many changes in our lives,khoa học đã mang lại nhiều thay đổi trong cuộc sống của chúng ta
I like this color as well.,tôi cũng thích màu này
I saw the film in San Francisco last year.,tôi đã xem bộ phim ở san francisco năm ngoái.
He is as rich as any man in this town,anh ta giàu có như bất kỳ người đàn ông nào trong thị trấn này
They wanted to stay out of international conflicts,họ muốn tránh xa các cuộc xung đột quốc tế
"Tom isn't here now, but Mary is.","Tom không ở đây bây giờ, nhưng mary là."
He's my friend.,anh ấy là bạn của tôi.
My uncle lives in New York.,chú tôi sống ở new york.
Tom looks annoyed,tom có vẻ khó chịu
Take your seat,ngồi vào chỗ ngồi của bạn đi
Her sons have gone to Tokyo,Các con trai của bà đã đi đến Tokyo
I wonder whose these scissors are.,tôi tự hỏi những cái kéo này là của ai
Tom has been uncooperative.,tom đã không hợp tác.
That's really weird.,Thật kỳ quặc.
I did nothing out of the ordinary.,tôi không làm gì khác thường
She is absent because of sickness.,cô vắng mặt vì ốm.
The repairs will cost at least 20 pounds,việc sửa chữa sẽ tốn ít nhất 20 bảng
The meeting lasted two hours,cuộc họp kéo dài hai giờ
Take a nap.,đánh một giấc.
Go over the choices again,đi qua các lựa chọn một lần nữa
Tom is going bird watching next weekend,Tom sẽ đi xem chim vào cuối tuần tới
It's not as hot today as it was yesterday.,hôm nay trời không nóng như hôm qua.
They bought a basket of fruit,họ đã mua một giỏ trái cây
It goes without saying that friendship is more important than business.,Không cần phải nói rằng tình bạn quan trọng hơn kinh doanh.
I only did my duty,tôi chỉ làm nhiệm vụ của mình
This is inappropriate,cái này không phù hợp
I've never woken up this early.,Tôi chưa bao giờ thức dậy sớm thế này.
I'll jump in.,Tôi sẽ nhảy vào.
Ken has to run fast.,ken phải chạy thật nhanh.
It was lucky that you left when you did,thật may mắn khi bạn rời đi khi bạn đã làm
You disappoint me.,bạn làm tôi thất vọng
She's very susceptible to hypnotic suggestion.,cô ấy rất dễ bị gợi ý thôi miên.
I haven't been home since July,tôi đã không về nhà kể từ tháng bảy
Would you see to it that they get properly fed?,Bạn có thấy rằng họ được cho ăn đúng cách?
He didn't drink the milk,anh ấy đã không uống sữa
I think that's why Tom doesn't have any friends,tôi nghĩ đó là lý do tại sao tom không có bạn bè
"In February, I was in Sao Paulo.","vào tháng hai, tôi đã ở sao paulo."
What are you contemplating?,bạn đang suy nghĩ gì
Tom has lived in New York since he was a child.,Tom đã sống ở New York từ khi còn nhỏ.
"This is your chance, Tom","đây là cơ hội của bạn, tom"
I wish I could have stayed longer.,tôi ước tôi có thể ở lại lâu hơn
Don't pull my leg!,đừng kéo chân tôi!
Tom is my neighbor.,tom là hàng xóm của tôi
They crossed the Atlantic Ocean,họ băng qua đại dương
It's true any way you look at it.,đó là sự thật bất cứ cách nào bạn nhìn vào nó.
Tom found Mary's story interesting.,Tom thấy câu chuyện của mary thú vị.
I want to know who was in charge,tôi muốn biết ai chịu trách nhiệm
When did you have your last physical examination?,Lần khám cuối cùng của bạn là khi nào?
Tom has no comment at this time.,tom không có bình luận tại thời điểm này.
Do you remember your first kiss?,Cậu có nhớ nụ hôn đầu của cậu không?
A group of militia saw him and began shooting,một nhóm dân quân nhìn thấy anh ta và bắt đầu nổ súng
Tom appears to be strong and healthy.,tom có vẻ mạnh mẽ và khỏe mạnh
I don't want Tom giving Mary advice,tôi không muốn tom cho mary lời khuyên
Tom was completely confused.,tom đã hoàn toàn bối rối.
I asked Tom for some advice,tôi hỏi tom một vài lời khuyên
I gave Tom the run of my house,tôi đã cho tom chạy về nhà tôi
Would you teach me?,bạn sẽ dạy tôi chứ
"I'm very sorry, but I seem to have lost your umbrella.","Tôi rất xin lỗi, nhưng tôi dường như đã mất chiếc ô của bạn."
He would have no part of it.,anh ta sẽ không có phần của nó.
That shouldn't have happened.,Điều đó không nên xảy ra.
You all might want to sit down,tất cả các bạn có thể muốn ngồi xuống
The old man looks sad.,ông già có vẻ buồn.
Tom handed Mary the keys.,Tom đưa mary chìa khóa.
We don't want to lose you,chúng tôi không muốn mất bạn
Bill came to see me last autumn,hóa đơn đã đến gặp tôi vào mùa thu năm ngoái
Can I see your hands?,tôi có thể nhìn thấy bàn tay của bạn?
Everybody's suspicious,mọi người đều nghi ngờ
I guess they really weren't busy,tôi đoán họ thực sự không bận
I'll pack.,Tôi sẽ gói.
The insider trading scandal put a lot of people out of business.,vụ bê bối giao dịch nội gián đưa rất nhiều người ra khỏi doanh nghiệp.
This watch is a really good buy,đồng hồ này là một mua thực sự tốt
The baby cried itself to sleep,em bé đã khóc
A few passengers went on board the plane.,Một vài hành khách đã lên máy bay.
You saved us,bạn đã cứu chúng tôi
Do you want to talk about the matter?,Bạn có muốn nói về vấn đề này?
I told myself I could do it.,tôi tự nhủ mình có thể làm được.
Adams was an intelligent man,adams là một người đàn ông thông minh
I'll be there sometime after lunch,Thỉnh thoảng tôi sẽ đến đó sau bữa trưa.
Tom doesn't know Mary's telephone number.,tom không biết số điện thoại của mary.
They're at the bar drinking.,Họ đang ở quán rượu.
Your blood pressure is very high,huyết áp của bạn rất cao
Your site appeals to people who are interested in cats,trang web của bạn hấp dẫn những người quan tâm đến mèo
Everybody knows that where I come from.,mọi người đều biết tôi đến từ đâu
I could do this for a living,tôi có thể làm điều này để kiếm sống
It seemed like a good idea at the time.,Nó có vẻ như là một ý tưởng tốt vào thời điểm đó.
This dog saved that little girl's life,con chó này đã cứu mạng cô bé đó
It's good exercise to climb hills.,đó là bài tập tốt để leo đồi.
You're so dirty.,bạn thật bẩn
I like English best,tôi thích tiếng anh nhất
I love the way you make me feel,tôi yêu cách bạn làm tôi cảm thấy
Tom could find Mary's house easily,Tom có thể dễ dàng tìm thấy nhà của mary
We're both named Tom.,chúng tôi đều tên là tom.
Tom got a suntan,tom có một người anh em
I hope it's not too late.,tôi hy vọng nó không quá muộn.
I wonder if she'll accept a belated birthday present,tôi tự hỏi nếu cô ấy sẽ chấp nhận một món quà sinh nhật muộn
I just remembered,tôi chỉ nhớ
When will you be able to finish that job?,khi nào bạn có thể hoàn thành công việc đó?
Tom thinks it possible for Mary to get a job with that company,Tom nghĩ rằng mary có thể có một công việc với công ty đó
Don't get excited.,đừng phấn khích
When are you going to tell Tom about Mary?,khi nào bạn sẽ nói với tom về mary
Tom and I have a lot more in common than I thought,tom và tôi có nhiều điểm chung hơn tôi nghĩ
I will return your book on Tuesday if I have finished it.,tôi sẽ trả lại sách của bạn vào thứ ba nếu tôi đã hoàn thành nó.
We give a 10% discount for cash,chúng tôi giảm giá 10% cho tiền mặt
Everything you said was false,tất cả những gì bạn nói là sai
How many aunts and uncles do you have?,bạn có bao nhiêu cô dì chú bác
I came near to being run over by the truck,tôi đến gần để bị xe tải chạy qua
We call our dog Pochi,chúng tôi gọi chó pochi của chúng tôi
Please wash your hands after using the bathroom,vui lòng rửa tay sau khi sử dụng phòng tắm
It wasn't my idea.,đó không phải là ý tưởng của tôi
I'd like to make a collect call to Los Angeles.,Tôi muốn thực hiện một cuộc gọi thu thập đến los angeles.
"If you mail it by 7:00 p.m., it'll arrive tomorrow","nếu bạn gửi nó trước 7:00 tối, nó sẽ đến vào ngày mai"
Tom came back at 2:30,tom trở lại lúc 2:30
"Take a seat, Tom","ngồi đi, tom"
That's no big deal,đó không phải là vấn đề lớn
I don't think Tom hates you,tôi không nghĩ tom ghét bạn
You still have a lot of work to do.,bạn vẫn còn rất nhiều việc phải làm
Here he is!,anh ta đây rồi!
It's wrong to tell lies,nói dối là sai
We have a right to live wherever we want to.,chúng ta có quyền sống bất cứ nơi nào chúng ta muốn.
You don't look like Tom.,bạn không giống tom.
He seems to be very fond of the student.,anh ấy có vẻ rất thích học sinh
Something was wrong.,có cái gì đó không đúng.
He told me the story of his life.,Anh kể cho tôi nghe câu chuyện về cuộc đời anh.
Won't you come with us?,bạn sẽ không đến với chúng tôi chứ?
I've never met Tom's wife.,Tôi chưa bao giờ gặp vợ của tom.
I was jealous,tôi đã ghen tị
I don't want to go out with Tom.,tôi không muốn đi chơi với tom.
Motorcycles are great. They can easily get through even in heavy traffic.,xe máy rất tuyệt. họ có thể dễ dàng vượt qua ngay cả trong giao thông đông đúc.
Britain was in no hurry to agree on a peace treaty,người Anh không vội vàng đồng ý về một hiệp ước hòa bình
"I don't know my address yet, I'm going to stay with my friend for a while","tôi chưa biết địa chỉ của mình, tôi sẽ ở lại với bạn tôi một lúc"
"Tom didn't want to sing, but Mary made him sing.","Tom không muốn hát, nhưng mary đã bắt anh hát."
We came to the conclusion that he should be fired.,chúng tôi đi đến kết luận rằng anh ta nên bị sa thải.
Don't stop until I tell you,đừng dừng lại cho đến khi tôi nói với bạn
Winter in this area was extremely cold.,mùa đông ở vùng này cực kỳ lạnh.
I'm pretty sure Tom really loved Mary.,Tôi khá chắc chắn tom thực sự yêu mary.
Tell me what you thought I said.,nói cho tôi biết bạn nghĩ gì
This is my song,đây là bài hát của tôi
She advised him to come by 2:30.,Cô khuyên anh nên đến lúc 2:30.
Tom is disagreeable.,tom là không đồng ý
The poor child was born deaf and dumb,Đứa trẻ đáng thương bị câm điếc
She was admitted to Waseda University.,cô được nhận vào đại học waseda.
Is he interested in me?,Có phải anh ấy quan tâm đến tôi?
I must replace that fluorescent lamp,tôi phải thay cái đèn huỳnh quang đó
They gave him a glass of orange juice laced with vodka,họ đưa cho anh một ly nước cam pha với rượu vodka
It is rumored that secret peace talks have already begun,có tin đồn rằng các cuộc đàm phán hòa bình bí mật đã bắt đầu
You'd probably be disappointed.,có lẽ bạn sẽ thất vọng
I started this job an hour ago,tôi đã bắt đầu công việc này một giờ trước
We really enjoyed ourselves,Chúng tôi thực sự rất thích bản thân
"""Do you have any siblings?"" ""No, I'm an only child.""","""Bạn có anh chị em ruột không?"" ""không, tôi là con một."""
"It's valid until March thirty-first, nineteen-ninety-seven.","nó có hiệu lực cho đến tháng ba mươi mốt, mười chín chín mươi bảy."
Tom locked himself in his room and wouldn't let anyone in,Tom nhốt mình trong phòng và không cho ai vào
He is hoping to entice her into doing what he wants,anh đang hy vọng lôi kéo cô làm những gì anh muốn
My house is your house,nhà tôi là ngôi nhà của bạn
Why doesn't he hug me anymore?,Tại sao anh ấy không ôm tôi nữa?
The pressures of supporting a big family are beginning to catch up with him.,những áp lực của việc hỗ trợ một gia đình lớn đang bắt đầu theo kịp anh ta.
May I ask a question?,tôi có thể hỏi một câu được không?
"As a child, I liked baseball better than football","khi còn nhỏ, tôi thích bóng chày hơn bóng đá"
They both giggled.,cả hai cười khúc khích.
I killed them all,tôi đã giết tất cả
She writes to her parents once a week,cô ấy viết thư cho cha mẹ mỗi tuần một lần
He waited his turn,anh ấy đợi đến lượt mình
The wall wasn't high enough to keep dogs out,bức tường không đủ cao để tránh chó
Don't you just love that?,bạn không thích điều đó sao?
Meetings are held every other week.,các cuộc họp được tổ chức mỗi tuần.
Why don't you go get Tom?,tại sao bạn không đi lấy tom?
I want to do it again,tôi muốn làm lại lần nữa
Is there a restaurant close by?,Có nhà hàng nào gần không?
Tom doesn't spend much time in Boston,tom không dành nhiều thời gian ở boston
This tea is very nice,trà này rất đẹp
He missed the train by one minute,anh ấy đã lỡ chuyến tàu một phút
Tom always wears his seatbelt,Tom luôn luôn thắt dây an toàn
Tom remained calm.,Tom vẫn bình tĩnh.
She went out,cô ấy đã đi ra ngoài
It was less than fifty dollars.,nó chưa đến năm mươi đô la.
We split up.,chúng tôi chia tay.
What's this doing here?,cái này làm gì ở đây
I carefully took down everything that my teacher said,tôi cẩn thận gỡ xuống tất cả những gì giáo viên của tôi nói
They stopped quarreling when I came in.,họ ngừng cãi nhau khi tôi bước vào.
"If you wish, I'll ask","nếu bạn muốn, tôi sẽ hỏi"
Tom didn't know anything about what was happening,tom không biết gì về những gì đang xảy ra
I just uncorked a bottle of wine,tôi chỉ mở một chai rượu
This looks like a nice watering hole.,nó trông giống như một lỗ tưới nước đẹp
The cathedral's clock just struck three,Đồng hồ của nhà thờ vừa chạm ba
Do you want to kiss me?,bạn có muốn hôn tôi không
Many scientists live in this small village.,nhiều nhà khoa học sống trong ngôi làng nhỏ này.
Jenny thanked me for the gift,jenny cảm ơn tôi về món quà
"I don't know about you, but I agree with Tom","tôi không biết về bạn, nhưng tôi đồng ý với tom"
Can you tell me how to do this?,bạn có thể cho tôi biết làm thế nào để làm điều này?
I know you think highly of Tom,tôi biết bạn nghĩ rất nhiều về tom
I'm not sad.,Tôi không buôn.
Show me how it works,chỉ cho tôi cách nó hoạt động
We should talk.,chúng ta nên nói chuyện.
Professor Tanaka wants somebody to help him with his study.,giáo sư tanaka muốn ai đó giúp mình học.
What happened to your eye?,những gì đã xảy ra với mắt của bạn?
Tom would never give up.,tom sẽ không bao giờ bỏ cuộc
Just slow down.,cứ chậm lại
Artists are highly respected in France.,nghệ sĩ rất được tôn trọng ở Pháp.
I could fall in love with you.,tôi có thể yêu bạn
The police seized the robber by the neck,cảnh sát đã bắt giữ tên cướp bằng cổ
This is totally unacceptable.,Điều này là hoàn toàn không thể chấp nhận.
He was not interested in the debate.,anh không quan tâm đến cuộc tranh luận.
I thought it would be a good idea.,Tôi nghĩ rằng nó sẽ là một ý tưởng tốt.
I have trouble picturing that.,tôi gặp khó khăn khi hình dung điều đó.
We only use our basement for storage.,chúng tôi chỉ sử dụng tầng hầm của chúng tôi để lưu trữ.
You're too particular,bạn quá đặc biệt
I sure wouldn't mind a sip of some fine almond liqueur right now.,Tôi chắc chắn sẽ không nhớ một ngụm rượu mùi hạnh nhân tốt ngay bây giờ.
Her beauty will fade in time,vẻ đẹp của cô ấy sẽ mất dần theo thời gian
She rushed home with the good news,cô ấy vội vã về nhà với tin vui
I'm being fired because I've been late to work a lot.,Tôi bị sa thải vì tôi đã đi làm muộn rất nhiều.
Tom grew up speaking both English and French,Tom lớn lên nói cả tiếng Anh và tiếng Pháp
This recording has been tampered with.,bản ghi này đã bị giả mạo.
Tom cut his hand with a rusty knife.,tom cắt tay anh ta bằng một con dao rỉ sét.
I knew it was real,tôi biết đó là sự thật
He acts as if he were a king.,Anh ta hành động như thể anh ta là một vị vua.
That's easier said than done.,điều đó nói dễ hơn là làm.
The boy can handle a knife and fork very well.,Cậu bé có thể xử lý một con dao và nĩa rất tốt.
The horses make dust as they run.,Những con ngựa tạo ra bụi khi chúng chạy.
I have no choice but to follow those orders.,tôi không có lựa chọn nào khác ngoài việc tuân theo những mệnh lệnh đó.
There is a small pond here,có một cái ao nhỏ ở đây
I want you to keep up with me,tôi muốn bạn theo kịp tôi
I'm glad you're okay.,Tôi rất vui vì bạn ổn.
It started raining just as I was leaving home,trời bắt đầu mưa khi tôi rời khỏi nhà
Tom used to eat a lot of meat,tom thường ăn nhiều thịt
He sat reading a weekly magazine.,anh ngồi đọc tạp chí hàng tuần.
How dare you speak to me like that?,Sao bạn dám nói với tôi như thế?
Don't lean against this wall.,đừng dựa vào bức tường này
You may only borrow my camera if you are careful with it.,bạn chỉ có thể mượn máy ảnh của tôi nếu bạn cẩn thận với nó.
My prayer was answered,lời cầu nguyện của tôi đã được trả lời
I brought you some ice cream,tôi đã mang cho bạn một ít kem
The baby needs his mother.,em bé cần mẹ.
His French is improving little by little,Tiếng Pháp của anh ấy đang cải thiện từng chút một
"I'll be the one helping Tom, not you.",Tôi sẽ là người giúp Tom chứ không phải bạn.
"On hearing the news, everybody became quiet","Nghe tin, mọi người trở nên im lặng."
Tom couldn't go anywhere without his dog.,Tom không thể đi bất cứ nơi nào mà không có con chó của mình.
Why does Tom think that?,Tại sao tom nghĩ vậy?
Tom is obviously shaken.,Tom rõ ràng là bị lung lay.
This year's weather is rather unusual.,thời tiết năm nay khá bất thường.
I was in London last month.,tôi đã ở Luân Đôn tháng trước.
Tom took a swig from the flask.,tom lấy một thanh kiếm từ bình.
"I don't suppose you know anything about Tom, do you?","Tôi không cho rằng bạn biết bất cứ điều gì về tom, phải không?"
Tom will tell the truth,tom sẽ nói sự thật
The cost of building the railroad was very high,chi phí xây dựng đường sắt rất cao
The doctor warned me to stay away from booze,bác sĩ cảnh báo tôi tránh xa rượu
Wait until dark.,Đợi đến tối.
Tom won't have any part of it.,Tom sẽ không có bất kỳ phần nào của nó.
I can't keep track of our family budget,tôi không thể theo dõi ngân sách gia đình của chúng tôi
Wash your hands before eating,rửa tay trước khi ăn
She wrote a book about the visitors.,cô ấy đã viết một cuốn sách về du khách.
"Quiet down, please",làm ơn im lặng
Tom told me that he wanted to study French.,Tom nói với tôi rằng anh ấy muốn học tiếng Pháp.
I wish I had gone to Boston with Tom,tôi ước tôi đã đi đến boston với tom
I do like Tom.,tôi thích tom
I actually had fun tonight,tôi thực sự đã có niềm vui tối nay
He is not the boy who came here yesterday.,Anh ấy không phải là cậu bé đến đây ngày hôm qua.
Kate drinks a lot of milk every day.,kate uống rất nhiều sữa mỗi ngày.
He has married his daughter to a young lawyer,ông đã kết hôn với con gái của mình với một luật sư trẻ
Tom had no one to help him,Tom không có ai giúp anh ta
You're quite a philosopher,bạn là một triết gia
"If I should be late getting home, please don't wait up for me","nếu tôi nên về muộn, xin đừng đợi tôi"
We're being watched.,chúng tôi đang được theo dõi.
Did Tom see what happened?,Tom đã thấy những gì đã xảy ra?
She advised him not to go there by himself,cô khuyên anh đừng tự mình đến đó
Could you tell me what you saw?,bạn có thể cho tôi biết những gì bạn đã thấy?
I'm going to open the wine.,Tôi sẽ mở rượu.
I don't want to be alone.,tôi không muốn ở một mình
You told me Tom was sick in bed. Why is he here?,bạn nói với tôi tom bị ốm trên giường. tại sao anh ta ở đây
My father plays golf every Sunday.,Cha tôi chơi golf mỗi chủ nhật.
This is the surest way to succeed,đây là cách chắc chắn nhất để thành công
Do you miss me at all?,bạn có nhớ tôi không
He believes in Santa Clause,ông tin vào điều khoản santa
Who'll start?,ai sẽ bắt đầu
"Show me your driving license, please",cho tôi xem bằng lái xe của bạn
He drowned in the river.,Anh chết đuối dưới sông.
Did Tom forget to pay?,Tom đã quên trả tiền?
He had no money to buy the farm,anh ta không có tiền để mua trang trại
I hope we didn't keep you waiting too long.,tôi hy vọng chúng tôi đã không khiến bạn chờ đợi quá lâu.
He was injured in the accident.,anh bị thương trong vụ tai nạn.
We are searching for a place to stay.,chúng tôi đang tìm kiếm một nơi để ở.
You must be so proud.,Hẳn là bạn tự hào lắm.
You should not depend on your parents.,bạn không nên phụ thuộc vào cha mẹ của bạn.
Who were you speaking with?,bạn đang nói chuyện với ai
What does Tom want to say to Mary?,Tom muốn nói gì với mary?
I still have a lot of questions I want to ask you about your relationship with Tom,tôi vẫn còn rất nhiều câu hỏi tôi muốn hỏi bạn về mối quan hệ của bạn với tom
I needed to talk to you,tôi cần nói chuyện với bạn
Mother always gets up early in the morning,mẹ luôn dậy sớm vào buổi sáng
You could come with me if you like,bạn có thể đi với tôi nếu bạn thích
I probably shouldn't have done that,tôi có lẽ không nên làm điều đó
I don't like this game,tôi không thích trò chơi này
I've no friend to talk to about my problems.,Tôi không có bạn để nói về vấn đề của mình.
I suggest you not say anything else.,Tôi đề nghị bạn không nói bất cứ điều gì khác.
She denied having taken part in the scheme.,cô phủ nhận đã tham gia chương trình này.
What was that loud crash in the kitchen?,sự cố lớn trong nhà bếp là gì?
She never told me.,cô ấy không bao giờ nói với tôi
Everyone is exhausted.,Mọi người đều kiệt sức.
I'm sure you'll figure out how to do it,tôi chắc chắn bạn sẽ tìm ra cách để làm điều đó
He thanked me for the gift.,Anh cảm ơn tôi về món quà.
Tom wants a sandwich.,tom muốn một chiếc bánh sandwich.
They nodded to each other.,họ gật đầu với nhau.
Please buy this for me.,vui lòng mua cái này cho tôi
Thank you for coming in.,cảm ơn bạn đã đến
Everything's ruined.,mọi thứ đều bị hủy hoại
I saw her spike his drink,tôi thấy cô ấy uống nước
I don't have the time to do everything I want to do.,tôi không có thời gian để làm mọi thứ tôi muốn làm.
We need to conserve ammo.,chúng ta cần bảo tồn đạn.
I wish I could figure out how to get Flash to work on my iPad.,tôi ước tôi có thể tìm ra cách để flash hoạt động trên ipad của tôi.
The question is who will make the decision,Câu hỏi là ai sẽ đưa ra quyết định
"He works as a teacher, but actually he is a spy.","anh ta làm giáo viên, nhưng thực ra anh ta là một gián điệp."
"Tickets are valid for just two days, including the day they are purchased on.","vé có giá trị chỉ trong hai ngày, bao gồm cả ngày họ được mua."
There are holes in the floor,có lỗ trên sàn nhà
He studied as hard as anybody in his class.,anh học chăm chỉ như bất kỳ ai trong lớp.
It was a ridiculous question,đó là một câu hỏi lố bịch
Tom has curly hair.,tom có mái tóc xoăn.
Please give me a chance.,Làm ơn cho tôi một cơ hội.
"While I was waiting for the bus, I witnessed a traffic accident","Trong khi tôi đang đợi xe buýt, tôi đã chứng kiến một vụ tai nạn giao thông"
London was bombed several times,london đã bị ném bom nhiều lần
Tom rewrote his essay and turned it in a day late.,tom viết lại bài luận của mình và biến nó trong một ngày muộn.
Mary can't decide whether or not to buy the dress.,mary không thể quyết định có mua chiếc váy đó hay không.
Do you still want to go?,bạn vẫn muốn đi chứ
Tom was unable to hide his reaction,tom không thể che giấu phản ứng của mình
They are not sisters.,họ không phải là chị em
He forgot it again.,Anh lại quên mất.
How is your last name written?,họ của bạn được viết như thế nào?
They settled on the terms of the contract.,họ giải quyết các điều khoản của hợp đồng.
I'm sick and tired of being lonely.,Tôi phát ốm và mệt mỏi vì cô đơn.
Is anybody on the line?,có ai trên đường không?
The people set up a new government.,người dân thành lập một chính phủ mới.
I want to see him no matter what,tôi muốn gặp anh ấy dù thế nào đi nữa
You can't have any of this cake,bạn không thể có bất kỳ chiếc bánh này
Can we do anything to help Tom?,chúng ta có thể làm gì để giúp tom không?
That's what makes the difference,đó là điều làm nên sự khác biệt
I'll get in touch with Jim and ask him to come over,tôi sẽ liên lạc với jim và yêu cầu anh ấy đến đây
I'm sure the two of you agree.,Tôi chắc chắn rằng hai bạn đồng ý.
I need to know.,tôi cần biết.
Illness kept me from going there,bệnh tật giữ tôi khỏi đó
There's a trend these days towards small families,ngày nay có xu hướng gia đình nhỏ
You can let go of me now.,bạn có thể buông tôi ra bây giờ
This is shocking.,Điều này gây sốc.
Tom doesn't know how much the ticket will cost.,Tom không biết vé sẽ có giá bao nhiêu.
Did you hear what happened at school last Monday?,bạn có nghe thấy những gì đã xảy ra ở trường vào thứ hai tuần trước không?
I think we can go on our way now.,Tôi nghĩ rằng chúng ta có thể đi trên con đường của chúng tôi bây giờ.
"She has some faults, but I love her all the more because of them.","Cô ấy có một số lỗi, nhưng tôi yêu cô ấy nhiều hơn vì chúng."
We're not waiting around.,chúng tôi không chờ đợi xung quanh.
This is getting crazy,điều này đang trở nên điên rồ
Tom and Mary are very much in love,tom và mary rất nhiều trong tình yêu
I sat behind a very tall man in the theater,tôi ngồi sau một người đàn ông rất cao trong nhà hát
My life is different now.,cuộc sống của tôi bây giờ đã khác
You've got to answer the question,bạn phải trả lời câu hỏi
I'm as tall as Tom,tôi cao bằng tom
Tom could be anywhere,tom có thể ở bất cứ đâu
What's it good for?,nó tốt cho cái gì
Mary went on a voyage around the world.,mary đã đi một chuyến đi vòng quanh thế giới.
I'd rather clean my room than spend time doing my homework,Tôi thà dọn phòng hơn là dành thời gian làm bài tập về nhà
"She is rich, certainly, but I don't think she's very smart.","Cô ấy giàu có, chắc chắn, nhưng tôi không nghĩ cô ấy rất thông minh."
I thought you gave Tom your old jacket,tôi nghĩ bạn đã cho tom chiếc áo khoác cũ của bạn
The Soviet Union launched Sputnik I in 1957,Liên minh Xô Viết ra mắt Sputnik i vào năm 1957
The court condemned the man to death by lethal injection.,Tòa án kết án người đàn ông đến chết bằng cách tiêm thuốc độc.
You've got your work cut out for you.,bạn đã có công việc của bạn cắt ra cho bạn.
Tom almost convinced me,tom gần như đã thuyết phục tôi
The murderer was executed,kẻ giết người đã bị xử tử
Why do I even bother?,tại sao tôi còn bận tâm
Is this Tom's bag?,cái túi này của tom phải không?
You can wear my scarf as long as you don't spill anything on it.,bạn có thể đeo khăn của tôi miễn là bạn không làm đổ bất cứ thứ gì lên nó.
I enlisted in the Air Force,tôi nhập ngũ
I started studying French a few weeks ago.,tôi bắt đầu học tiếng Pháp vài tuần trước.
Don't vilify me!,đừng phỉ báng tôi!
Tom just wanted to have fun.,tom chỉ muốn vui vẻ
I wish Tom would stay,tôi ước tom sẽ ở lại
I know you don't know Tom,tôi biết bạn không biết tom
I knew Tom was dead,tôi biết tom đã chết
We'll have troubles for sure.,Chắc chắn chúng ta sẽ gặp rắc rối.
They didn't say anything,họ không nói gì cả
I have a secret dream,tôi có một giấc mơ bí mật
Please come and see us sometime during the vacation,thỉnh thoảng hãy đến và gặp chúng tôi trong kỳ nghỉ
Be careful when you cross the street,cẩn thận khi bạn băng qua đường
Are you going somewhere?,bạn đang đi đâu đó à
What was there?,cai gi đa ở đo?
The cat seems to want some water.,Con mèo dường như muốn uống nước.
She reluctantly agreed to our proposal.,Cô miễn cưỡng đồng ý với đề nghị của chúng tôi.
A mere repetition of other people's research cannot be called true scientific research,một sự lặp lại chỉ nghiên cứu của người khác không thể được gọi là nghiên cứu khoa học thực sự
They wash their hands.,họ rửa tay.
I don't want any distractions.,tôi không muốn bất kỳ phiền nhiễu.
You catch on quickly.,bạn nắm bắt nhanh chóng
I can't get in touch with Tom,tôi không thể liên lạc với tom
Tom didn't get on the train with Mary,Tom đã không lên tàu với mary
This is no time for joking,đây không phải là lúc để nói đùa
How is Tom anyhow?,Tom thế nào rồi?
Tom's big-headed,đầu to của tom
Tom spent all night worrying about what might happen,tom dành cả đêm để lo lắng về những gì có thể xảy ra
Keep Tom away from me,tránh xa tôi ra
She is now eighty-one years old,cô ấy bây giờ đã tám mươi mốt tuổi
I haven't yet been told how much they are willing to pay,tôi chưa được cho biết họ sẵn sàng trả bao nhiêu
I hope Tom remembers us,tôi hy vọng tom nhớ chúng tôi
Tom began to open the present.,tom bắt đầu mở quà
"For a refund, you must return the item unopened","để được hoàn lại tiền, bạn phải trả lại hàng chưa mở"
Shall we go and eat?,chúng ta sẽ đi ăn chứ
We welcome you to our club,chúng tôi chào đón bạn đến câu lạc bộ của chúng tôi
I caught them by surprise,tôi bất ngờ bắt gặp họ
Do you like Moscow?,bạn có thích moscow không?
I'm a little hesitant to go there by myself,tôi hơi do dự khi đến đó một mình
Where can I buy stamps?,Tôi có thể mua tem ở đâu?
A growing child who doesn't seem to have much energy perhaps needs medical attention,một đứa trẻ đang lớn dường như không có nhiều năng lượng có lẽ cần được chăm sóc y tế
"If you do come up with something, let me know","nếu bạn nghĩ ra cái gì đó, hãy cho tôi biết"
Tom lives on the other side of the valley.,tom sống ở phía bên kia thung lũng.
I'm so glad,tôi rất vui mừng
What would you do if you failed?,Bạn sẽ làm gì nếu thất bại?
Tom shared his chocolate bar with his friend.,tom chia sẻ thanh sô cô la của mình với bạn của mình.
Why were you laughing?,tại sao bạn lại cười
Tom can speak French well.,tom có thể nói tiếng Pháp tốt
The old woman climbed the stairs with difficulty.,Bà lão leo lên cầu thang một cách khó khăn.
I'm not a good person,tôi không phải là người tốt
There are plenty of oranges on the tree.,có rất nhiều cam trên cây.
I didn't think Tom would want to see me again,tôi không nghĩ tom sẽ muốn gặp lại tôi
I'd love to know everything about you,tôi rất muốn biết mọi thứ về bạn
Many paintings hang in the shop.,nhiều bức tranh treo trong cửa hàng.
I can't pay Tom today.,Tôi không thể trả tom hôm nay.
She held her baby in her arms.,cô bế con trên tay.
Let's go get lunch,chúng ta hãy đi ăn trưa
Would you mind telling me how to do this?,bạn có phiền cho tôi biết làm thế nào để làm điều này?
Who wants to go?,Ai muốn đi?
I can't remember where I hid my money.,tôi không thể nhớ nơi tôi đã giấu tiền của mình.
Tom is obviously trying to cause trouble,tom rõ ràng là đang cố gây rắc rối
He's out of the office because he's in Osaka on business,Anh ấy ra khỏi văn phòng vì anh ấy ở osaka vì công việc
Tom doesn't mind being told what to do.,Tom không phiền khi được bảo phải làm gì.
That's one of the reasons,đó là một trong những lý do
Tom is a bookkeeper.,tom là một nhân viên kế toán
Do you know when his plane is arriving?,Bạn có biết khi máy bay của anh ấy đến không?
That won't help,điều đó sẽ không giúp
"Whether we win or lose, I won't have any hard feelings","dù chúng ta thắng hay thua, tôi sẽ không có cảm giác khó khăn"
I do not understand the exact meaning of this sentence.,tôi không hiểu ý nghĩa chính xác của câu này.
Our security cameras are fake,camera an ninh của chúng tôi là giả
This isn't everyone's cup of tea,đây không phải là tách trà của mọi người
I'll call you up tomorrow morning.,Tôi sẽ gọi bạn dậy vào sáng mai.
I'm still not used to living in Boston,Tôi vẫn chưa quen sống ở boston
He snored loudly while he slept,anh ta ngáy to trong khi ngủ
What will happen to her?,chuyện gì sẽ xảy ra với cô ấy
Tom came to see you yesterday.,Tom đã đến gặp bạn ngày hôm qua.
It has been raining for three days on end.,trời đã mưa trong ba ngày liên tục.
Please give me the newspaper when you've finished reading it,vui lòng đưa cho tôi tờ báo khi bạn đọc xong
His jokes made us laugh,những trò đùa của anh ấy làm chúng tôi cười
He saved the princess.,anh cứu công chúa.
I'm supposed to see Tom,tôi phải xem tom
Thank you very much for inviting me.,cảm ơn bạn rất nhiều vì đã mời tôi
Michael is to be on a TV program tonight.,michael sẽ có mặt trong một chương trình truyền hình tối nay.
I was really scared,tôi đã rất sợ
"No, my name is not Maria. My name is Teresa","không, tên tôi không phải là maria tôi tên là teresa"
I want to speak with Tom now.,tôi muốn nói chuyện với tom bây giờ
I put my suitcase in the trunk.,tôi để vali vào cốp xe.
Tom wants very much to see you.,tom rất muốn gặp bạn
Would you excuse me a moment?,bạn sẽ tha cho tôi một lát?
I just wish I could speak French a little better,tôi chỉ ước tôi có thể nói tiếng Pháp tốt hơn một chút
I saw a movie for the first time in two years.,tôi đã xem một bộ phim lần đầu tiên sau hai năm.
We really thank you for your patronage.,chúng tôi thực sự cảm ơn bạn đã bảo trợ của bạn.
We leave tomorrow afternoon,chúng ta rời đi vào chiều mai
The caller refused to give us his name,người gọi từ chối cho chúng tôi biết tên của anh ấy
Tom didn't put up a fight.,Tom đã không đưa ra một cuộc chiến.
I'd better call Tom again,Tôi nên gọi cho tom một lần nữa
There was a lot of wind.,Có rất nhiều gió.
Would you like me to pack you a lunch?,bạn có muốn tôi gói cho bạn một bữa ăn trưa?
Tom's company went public.,công ty của tom đã được công khai.
I want to think for myself.,tôi muốn nghĩ cho bản thân mình
Tom was nervous before the race.,Tom đã lo lắng trước cuộc đua.
The sheets feel damp,tấm cảm thấy ẩm ướt
Tom said he had never planned to stay that long.,Tom cho biết anh chưa bao giờ có kế hoạch ở lại lâu như vậy.
She waited for you for two hours.,cô ấy đợi bạn trong hai giờ.
He is a pleasant person,anh ấy là một người dễ chịu
I'll report on this matter tomorrow,Tôi sẽ báo cáo về vấn đề này vào ngày mai
He was hard to please,anh ấy rất khó để làm hài lòng
She can speak three foreign languages,cô ấy có thể nói ba ngoại ngữ
I'm glad it's all over,tôi rất vui vì tất cả
Tom should be in Boston by now.,Bây giờ tom nên ở boston.
I am sending a copy of my letter to you.,tôi đang gửi một bản sao thư của tôi cho bạn
Your mother will probably object to your climbing the mountain.,mẹ của bạn có thể sẽ phản đối việc bạn leo núi.
Stop moving,ngừng di chuyển
Somebody has stolen my suitcase,ai đó đã đánh cắp vali của tôi
"He told me to do it, so I did it.","ông bảo tôi làm điều đó, vì vậy tôi đã làm nó."
I'm feeling a little tense,tôi đang cảm thấy hơi căng thẳng
You can finish your essay now,bạn có thể hoàn thành bài luận của bạn bây giờ
"""Will you buy it for me?"" ""Buy what?""","""bạn sẽ mua nó cho tôi chứ?"" ""mua gì?"""
There was a heavy rain last night,có một trận mưa lớn đêm qua
They respect authority,họ tôn trọng chính quyền
I'll go if the weather's good.,Tôi sẽ đi nếu thời tiết tốt.
A square is both a rectangle and a rhombus,hình vuông vừa là hình chữ nhật vừa là hình thoi
Do you want to go together?,bạn có muốn đi cùng nhau không
We're not afraid of any difficulties,chúng tôi không sợ bất kỳ khó khăn
"Her family, as a matter of fact, knew nothing about her friends.","Gia đình cô, như một vấn đề thực tế, không biết gì về bạn bè của cô."
Nancy knows better than to marry Jack,nancy biết tốt hơn là kết hôn với jack
It was hot in the room,nó nóng trong phòng
Here comes a bus. We might as well take it.,đây là một chiếc xe buýt chúng tôi cũng có thể lấy nó
Do you think Tom wants to eat now?,bạn có nghĩ rằng tom muốn ăn bây giờ không?
Tom still has to finish painting the fence.,tom vẫn phải vẽ xong hàng rào.
I can't believe I did this,tôi không thể tin rằng tôi đã làm điều này
Don't any of you know anything?,bạn có biết gì không?
"That would be nice, wouldn't it?",Điều đó sẽ rất tuyệt phải không?
There's no doubt that Tom poisoned Mary,không có nghi ngờ rằng tom độc mary
I still need your help.,tôi vẫn cần sự giúp đỡ của bạn
What's your favorite protest song?,bài hát phản đối yêu thích của bạn là gì?
We love trees,chúng tôi yêu cây
I always figured Tom would become a teacher.,tôi luôn luôn nghĩ rằng tom sẽ trở thành một giáo viên.
I'll wait for you downstairs.,Tôi sẽ đợi bạn ở tầng dưới.
It makes no difference whether you agree or not.,nó không có sự khác biệt cho dù bạn có đồng ý hay không.
The coffee was too hot for me to drink.,cà phê quá nóng để tôi uống
I have spots coming out all over my face,tôi có những đốm nổi trên mặt
Would you like to visit the city?,Bạn có muốn đến thăm thành phố?
The man who stepped out was frowning.,Người đàn ông bước ra đang cau mày.
Drinks are on me.,đồ uống là trên tôi
Tom said all right.,Tom nói đúng.
I will have been studying English for five years next February,tôi sẽ học tiếng anh trong năm năm tới
I'll show you that I am right.,Tôi sẽ cho bạn thấy rằng tôi đúng.
Who gave the order?,ai đã ra lệnh?
"Let me hear from you now and again, will you?","Hãy để tôi nghe từ bạn bây giờ và một lần nữa, phải không?"
Can you identify that?,bạn có thể xác định điều đó?
You can't sit here if you're not going play poker with us,bạn không thể ngồi đây nếu bạn không chơi bài poker với chúng tôi
I offered to lend money to her,tôi đề nghị cho cô ấy mượn tiền
When was it purchased?,nó được mua khi nào
Tom is a teaching assistant.,tom là một trợ giảng
He dances gracefully.,Anh ấy nhảy một cách duyên dáng.
We have French in third period,chúng tôi có tiếng Pháp trong giai đoạn thứ ba
Shouldn't we be talking about what happened?,chúng ta không nên nói về những gì đã xảy ra?
Tom gave Mary advice on effective ways to study French.,tom đã cho mary lời khuyên về những cách hiệu quả để học tiếng Pháp.
Would I kid you?,tôi sẽ đùa bạn
The house is comfortable to live in.,Ngôi nhà thoải mái để ở.
You have it in the bag,bạn có nó trong túi
I worked a lot this week,tôi đã làm việc rất nhiều trong tuần này
You should ask Tom about all of this.,bạn nên hỏi tom về tất cả những điều này
Are you coming to my party?,bạn đang đến bữa tiệc của tôi?
Memories of the good old days came flooding back one after another,ký ức về những ngày xưa tốt đẹp lại tràn về nhau
You'll soon get accustomed to this cold weather.,bạn sẽ sớm quen với thời tiết lạnh này.
Where are you sitting at the moment?,bạn đang ngồi ở đâu
I'm not sure I'd be much help,tôi không chắc tôi sẽ giúp được nhiều
They knew how to make iron.,họ biết làm sắt.
Tom made it clear that he didn't like Mary.,Tom nói rõ rằng anh ta không thích mary.
"Frankly speaking, I don't want to go with you.","thẳng thắn mà nói, tôi không muốn đi cùng bạn."
He talks as if he knew everything,anh ấy nói như thể anh ấy biết tất cả mọi thứ
He delegated his authority to his competent assistant,ông ủy quyền cho trợ lý có thẩm quyền của mình
We are used to eating plain food.,chúng ta đã quen ăn thức ăn đơn giản.
Tom was fair,tom đã công bằng
I assume it's impossible to know exactly when that'll happen.,tôi cho rằng không thể biết chính xác khi nào điều đó sẽ xảy ra.
I know you can do this,Tôi biết bạn có thể làm điều này
The robots never get sick or complain and they can work 24 hours a day.,các robot không bao giờ bị bệnh hoặc phàn nàn và chúng có thể làm việc 24 giờ một ngày.
"You're really serious about this, aren't you?","bạn thực sự nghiêm túc về điều này, phải không?"
Our school's principal is very old.,hiệu trưởng của trường chúng tôi rất cũ.
I always study hard,tôi luôn học hành chăm chỉ
He advised us against doing it,ông khuyên chúng tôi không nên làm điều đó
I'll ask Tom to get you something to eat.,Tôi sẽ yêu cầu tom mang cho bạn thứ gì đó để ăn.
You can sit in my chair.,bạn có thể ngồi trên ghế của tôi
Tom got three presents for his birthday.,Tom nhận được ba món quà cho ngày sinh nhật của mình.
Tom is very overweight.,tom rất thừa cân
Tom sat alone at the kitchen table,tom ngồi một mình ở bàn bếp
She is far better today than yesterday,hôm nay cô ấy tốt hơn hôm qua
The river rose above the level of the dam,dòng sông dâng cao hơn mực nước
I only wish it were that simple,tôi chỉ ước nó thật đơn giản
How can Tom do that?,Làm thế nào tom có thể làm điều đó?
I'm not sure Tom wants to go there.,Tôi không chắc tom muốn đến đó.
He gave me a blank stare.,Anh nhìn tôi chằm chằm.
Does it have to be tonight?,nó có phải là tối nay không?
Here are the pictures from last night,đây là những hình ảnh từ tối qua
I don't care what Tom tries to do.,tôi không quan tâm những gì tom cố gắng làm.
Make me ten copies.,làm cho tôi mười bản.
Tom hates it when Mary pretends to understand sports.,tom ghét nó khi mary giả vờ hiểu thể thao.
I'm the only one left.,Tôi là người duy nhất còn lại.
Tom is currently not working here.,Tom hiện không làm việc ở đây.
Tom told me he was thirty.,tom nói với tôi anh đã ba mươi.
She showed her album to me,cô ấy cho tôi xem album
The man you saw yesterday was my uncle.,người đàn ông bạn thấy hôm qua là chú tôi.
Tom suggested ways we could save money.,tom đề xuất những cách chúng ta có thể tiết kiệm tiền.
These are the people who live next door.,đây là những người sống bên cạnh
Let's have a serious talk about your future.,Hãy nói chuyện nghiêm túc về tương lai của bạn.
I really need to go home and catch some zees,tôi thực sự cần phải về nhà và bắt một số zees
Will you stay here for a while?,bạn sẽ ở đây một thời gian chứ?
"You can talk to Tom, right?","bạn có thể nói chuyện với tom, phải không?"
Do you know what time Tom usually goes to bed?,Bạn có biết tom thường đi ngủ lúc mấy giờ không?
He pressed his face against the shop window,anh áp mặt vào cửa sổ cửa hàng
I think it's strange that she was absent from school.,Tôi nghĩ thật lạ khi cô ấy nghỉ học.
He observed that we would probably have rain.,Ông quan sát rằng chúng ta có thể sẽ có mưa.
Who's your favorite game show host?,Ai là người dẫn chương trình trò chơi yêu thích của bạn?
"Since Mary gained weight over the winter, I think it's likely her swimsuit won't fit her anymore","Kể từ khi mary tăng cân trong mùa đông, tôi nghĩ có khả năng áo tắm của cô ấy sẽ không còn phù hợp với cô ấy nữa"
Would you like to talk?,bạn có muốn nói chuyện không?
I like traveling by train,tôi thích đi du lịch bằng tàu hỏa
"I tried to talk Tom out of it, but he wouldn't listen.","tôi đã cố gắng nói chuyện về nó, nhưng anh ấy không nghe."
The flowers smell good.,Những bông hoa thơm tho.
I told Tom that I wouldn't be at his party,tôi nói với tom rằng tôi sẽ không đến bữa tiệc của anh ấy
I couldn't get that song out of my mind,tôi không thể lấy bài hát đó ra khỏi tâm trí
I'm counting on it.,Tôi đang trông chờ vào nó.
She tore a hole in her dress,cô ấy xé một lỗ trên váy
We don't even know if they're planning to help us or not,chúng tôi thậm chí không biết liệu họ có kế hoạch giúp chúng tôi hay không
Many people thought Lincoln could be that man.,Nhiều người nghĩ lincoln có thể là người đàn ông đó.
Wilson probably was correct about this.,wilson có lẽ đã đúng về điều này.
We should write a formal letter to the director.,chúng ta nên viết một lá thư chính thức cho giám đốc.
I'm interested in history,tôi quan tâm đến lịch sử
Tom ate what little food he had left,tom ăn những gì ít thức ăn anh ấy để lại
Tom wants to call his lawyer.,tom muốn gọi luật sư của mình.
Tom looked like he wasn't happy with the way Mary was behaving.,Tom trông có vẻ không hài lòng với cách cư xử của mary.
He hung his jacket on a hook.,Anh treo áo khoác lên một cái móc.
Those who do not know the sadness of love may not speak of it,những người không biết nỗi buồn của tình yêu có thể không nói về nó
He lives frugally,anh ấy sống đạm bạc
"Look, we're wasting time.","Hãy nhìn xem, chúng ta đang lãng phí thời gian."
Tom told me you needed some money.,tom nói với tôi bạn cần một số tiền
It takes about 15 minutes to get to my office,Mất khoảng 15 phút để đến văn phòng của tôi
"Don't worry about it, Tom. It's not your problem","đừng lo lắng về điều đó, tom. Đó không phải là vấn đề của bạn"
I wish you would let Tom go with us.,tôi ước bạn sẽ để tom đi với chúng tôi
You could always hand off some of the work to the junior staff.,bạn luôn có thể giao một số công việc cho nhân viên cơ sở.
He can't hear him.,anh ấy không thể nghe thấy anh ấy.
You can't see my house from here,bạn không thể thấy nhà tôi từ đây
Please fill out the Customs Declaration Form,vui lòng điền vào tờ khai hải quan
My family went to the zoo to see pandas last Sunday.,gia đình tôi đã đi đến sở thú để xem gấu trúc chủ nhật cuối cùng.
Tom honked his horn.,Tom bấm còi.
It looks as though this summer will be cold again,Dường như mùa hè này sẽ lại lạnh
"No matter how hard he tried, he could not get out of the maze","dù cố gắng thế nào, anh cũng không thể thoát ra khỏi mê cung"
Do you want to get married?,Bạn co muôn cươi không?
Don't put all your eggs in one basket,đừng bỏ tất cả trứng vào một giỏ
Tom talked with Mary for nearly an hour,tom nói chuyện với mary trong gần một giờ
Would you like meat or fish?,Bạn muốn thịt hay cá?
"I tried to change her mind, but I couldn't.","tôi đã cố gắng thay đổi suy nghĩ của cô ấy, nhưng tôi không thể."
What I really want is something hot to eat.,những gì tôi thực sự muốn là một cái gì đó nóng để ăn.
"There were many things that we wanted to do, but we never got around to doing many of them.","có nhiều việc chúng tôi muốn làm, nhưng chúng tôi không bao giờ thực hiện được nhiều việc trong số đó."
Let's go get a Christmas tree,chúng ta hãy đi lấy một cây thông giáng sinh
He goes to the park every morning,anh ấy đi đến công viên mỗi sáng
Nice talking with you,Rất vui khi được nói chuyện với bạn
Where's your proof?,bằng chứng của bạn ở đâu
I want you to watch this video,tôi muốn bạn xem video này
Please don't tell anybody,xin đừng nói với ai
I don't want to argue about this in front of everybody,tôi không muốn tranh luận về điều này trước mặt mọi người
Could you tell Tom to come to work an hour early tomorrow?,bạn có thể nói tom đến làm việc sớm một tiếng vào ngày mai không?
Tom's not at all sure what he should do.,Tom không chắc chắn những gì anh ấy nên làm.
I'll go talk to Tom right now.,Tôi sẽ đi nói chuyện với tom ngay bây giờ.
The summer vacation is over.,kỳ nghỉ hè đã qua.
I think it's time for me to study,tôi nghĩ rằng đã đến lúc tôi học
Most students like sports.,hầu hết các sinh viên thích thể thao.
He wants to go to the United States.,anh ấy muốn đi đến các quốc gia thống nhất.
Please speak as slowly as possible,làm ơn nói càng chậm càng tốt
Tom got lost.,tom bị lạc
I would like your picture,tôi muốn hình ảnh của bạn
His ideas are up to date.,ý tưởng của ông được cập nhật.
You look kind of down.,bạn nhìn xuống
You said you didn't understand,bạn nói bạn không hiểu
"If the plant is completed next year, a new production manager will have to be hired","Nếu nhà máy được hoàn thành vào năm tới, một giám đốc sản xuất mới sẽ phải được thuê"
Water the flowers before you have breakfast,tưới hoa trước khi ăn sáng
I'll make sure that doesn't happen again,tôi sẽ đảm bảo điều đó không xảy ra lần nữa
I don't think Tom did anything about the problem,tôi không nghĩ tom đã làm gì về vấn đề này
What room in your house do you spend the most time in?,bạn ở phòng nào trong nhà nhiều nhất?
We'll go back to Boston together.,chúng ta sẽ quay trở lại boston cùng nhau.
Tom sipped some tea.,tom nhâm nhi một ít trà.
I imagine that Tom will eventually fire Mary,tôi tưởng tượng rằng tom cuối cùng sẽ bắn mary
Tom rode his horse through the woods,Tom cưỡi ngựa qua rừng
Tom doesn't want Mary to find out the truth.,Tom không muốn mary tìm ra sự thật.
How far are we from the sea?,chúng ta cách biển bao xa
Tom told me that he was very busy.,tom nói với tôi rằng anh ấy rất bận
He sent about 2.2 billion spam emails over a period of around one and a half years.,"ông đã gửi khoảng 2,2 tỷ email spam trong khoảng thời gian khoảng một năm rưỡi."
Do you really want to work in Boston?,Bạn có thực sự muốn làm việc trong boston?
I'll go in,tôi sẽ đi vào
Tom never asked them what they wanted.,tom không bao giờ hỏi họ những gì họ muốn.
Have you thought of that?,bạn đã nghĩ về điều đó?
Tom and I have known each other for years,tom và tôi đã biết nhau nhiều năm
The snow was several meters deep.,tuyết sâu vài mét.
You were overconfident,bạn đã quá tự tin
I'm trying to keep an open mind,tôi đang cố giữ một tâm trí cởi mở
I should've just stayed home and read a book,tôi nên ở nhà và đọc một cuốn sách
I'm not the one who should be doing this,tôi không phải là người nên làm việc này
Tom knows how to do that.,tom biết làm thế nào
"She was only frightened, not injured.","Cô chỉ sợ hãi, không bị thương."
I will never hurt you.,tôi sẽ không bao giờ làm tổn thương bạn
"I came to you for advice, nothing more","tôi đã đến với bạn để được tư vấn, không có gì hơn"
I know who you voted for,tôi biết bạn đã bình chọn cho ai
So what will you do in the afternoon?,vậy bạn sẽ làm gì vào buổi chiều?
They need your help,họ cần sự giúp đỡ của bạn
They all watched.,tất cả họ đã xem.
A mother's love is unconditional,tình yêu của một người mẹ là vô điều kiện
"Tom doesn't want to study French, but he has to.","Tom không muốn học tiếng Pháp, nhưng anh ta phải làm."
He explained to me how to use the machine.,Anh giải thích cho tôi cách sử dụng máy.
Tom was daydreaming.,Tom đã mơ mộng.
Tom and I have a plan,tom và tôi có một kế hoạch
I'll tell you the truth now,tôi sẽ nói với bạn sự thật bây giờ
"We've had fun, haven't we?",chúng ta đã vui vẻ phải không?
The resolution was not approved immediately,Nghị quyết không được phê duyệt ngay lập tức
She'll cry even when no one is looking.,cô ấy sẽ khóc ngay cả khi không ai nhìn.
Can you come pick me up?,bạn có thể đến đón tôi không?
I told Tom I was coming.,tôi nói với tom tôi đang đến
It is said that treasure is buried in this area,người ta nói rằng kho báu được chôn trong khu vực này
"Without water, the soldiers would have died.","không có nước, những người lính sẽ chết"
"I can tell the twins apart, no problem","tôi có thể phân biệt cặp song sinh, không vấn đề gì"
I was in New York when it happened.,tôi đã ở new york khi nó xảy ra.
He can speak Chinese a little,anh ấy có thể nói tiếng Trung Quốc một chút
Can you teach me how to defend myself?,bạn có thể dạy tôi cách tự vệ?
I finally got through the test,tôi cuối cùng đã vượt qua bài kiểm tra
I left the car in the garage.,Tôi để xe trong gara.
It's really windy,trời rất gió
I don't need to be here anymore,tôi không cần phải ở đây nữa
Tell Tom what you want to do.,nói với tom những gì bạn muốn làm.
Can we hurry this up?,chúng ta có thể nhanh lên không?
Send me your picture,Gửi tôi ảnh của bạn
I got a fish bone stuck in my throat,tôi bị xương cá mắc kẹt trong cổ họng
Everything that lives will die sometime.,đôi khi mọi thứ sẽ sống
Kyoto gets lots of visitors from all over the world.,kyoto có rất nhiều du khách từ khắp nơi trên thế giới.
It doesn't look like anything,nó không giống bất cứ thứ gì
Somebody wrote my name on the wall,ai đó đã viết tên tôi trên tường
They had to be turned away from the theater.,họ phải quay đi khỏi nhà hát.
Tom made a U-turn,tom quay đầu
You should confer with your attorney on this matter.,bạn nên trao đổi với luật sư về vấn đề này.
We were completely exhausted from the five-hour trip,chúng tôi đã hoàn toàn kiệt sức sau chuyến đi năm giờ
Tom didn't know where to put his umbrella.,Tom không biết đặt chiếc ô của mình vào đâu.
My plan for the summer is to go to Europe.,kế hoạch của tôi cho mùa hè là đi đến châu Âu.
Oranges are sweeter than lemons.,cam ngọt hơn chanh.
Are you going back to the office?,bạn đang quay lại văn phòng à
Her boyfriend is Turkish,bạn trai của cô là người Thổ Nhĩ Kỳ
It is bad manners to speak with your mouth full.,đó là cách cư xử tệ khi nói với miệng đầy.
The skies are clear,bầu trời trong xanh
Don't spend more than you earn,không chi tiêu nhiều hơn bạn kiếm được
He did not say so,anh ấy đã không nói như vậy
You will not get there on time.,bạn sẽ không đến đó đúng giờ
Don't touch that book,đừng chạm vào cuốn sách đó
I couldn't have done better myself.,tôi không thể làm tốt hơn bản thân mình
She died at the age of 54,bà qua đời ở tuổi 54
I can't give up smoking.,Tôi không thể bỏ hút thuốc.
Don't stay underwater.,đừng ở dưới nước.
I can hardly wait until summer,tôi khó có thể đợi đến mùa hè
Many young people in Japan eat bread for breakfast.,Nhiều người trẻ ở Nhật Bản ăn bánh mì cho bữa sáng.
Tom is a very dangerous man.,tom là một người đàn ông rất nguy hiểm
The company gave him a gold watch in acknowledgement of his services.,công ty đã cho anh ta một chiếc đồng hồ vàng để thừa nhận dịch vụ của anh ta.
Water is to fish what air is to man,Nước là để câu không khí là gì đối với con người
When did Tom tell you?,Tom đã nói với bạn khi nào?
I've done exactly what I promised to do,tôi đã làm đúng những gì tôi đã hứa
Tom called you,tom gọi bạn
He's buying apples.,Anh ấy đang mua táo.
I can't see my dad,tôi không thể nhìn thấy bố tôi
I didn't find Tom.,tôi đã không tìm thấy tom.
John makes fun of his dog.,john làm cho niềm vui của con chó của mình.
The children are already tired,bọn trẻ đã mệt rồi
Are you a student of a private high school?,bạn là học sinh của một trường trung học tư thục?
We'll catch up with them later.,chúng ta sẽ bắt kịp với họ sau
I need to hear it,Tôi cần phải nghe nó
It is good for us to understand other cultures.,nó là tốt cho chúng ta để hiểu các nền văn hóa khác.
I made Tom very angry.,tôi đã làm tom rất tức giận.
A hedge between keeps friendship green.,hàng rào ở giữa giúp tình bạn trở nên tươi tốt hơn.
Don't speak unless you're spoken to,đừng nói trừ khi bạn nói chuyện với
Tom said you were good at skiing.,Tom nói bạn rất giỏi trượt tuyết.
The snowstorm continued.,cơn bão tuyết tiếp tục.
Jim must be hospitalized at once.,jim phải nhập viện ngay lập tức.
"Here, try it on","ở đây, thử nó"
A penny for your thoughts.,Một xu cho những suy nghĩ của bạn.
Tom is incredibly brilliant.,tom là vô cùng rực rỡ.
Should I make something up?,tôi có nên làm gì không?
Let's do this together.,chúng ta hãy làm điều này cùng nhau
How long has George studied Portuguese?,George đã học tiếng Bồ Đào Nha bao lâu rồi?
Those who live in glass houses should not throw stones.,những người sống trong nhà kính không nên ném đá.
Have a good day.,chúc bạn ngày mới tốt lành.
Tom is helpful,tom rất hữu ích
"Tom is one of the more than 3,000 inmates on death row",tom là một trong số hơn 3.000 tù nhân bị kết án tử hình
A big earthquake occurred in Tokyo,một trận động đất lớn xảy ra ở Tokyo
You can eat any mushroom once.,bạn có thể ăn bất kỳ loại nấm nào một lần.
The clouds are getting darker and darker and it's beginning to look like it might rain.,những đám mây ngày càng tối hơn và trời bắt đầu có vẻ như trời có thể mưa.
His story aroused my suspicion.,Câu chuyện của anh làm dấy lên sự nghi ngờ của tôi.
Tom's wife kicked him out.,Vợ của Tom đuổi anh ta ra.
I have lived in Boston since 1995,tôi đã sống ở boston từ năm 1995
What doesn't Tom want us to see?,những gì không tom muốn chúng ta nhìn thấy?
She has a very high-pitched voice.,cô ấy có một giọng nói rất cao
You're supposed to be home with your parents,bạn phải ở nhà với bố mẹ
Papa made sure all the lights were turned off before going to bed,papa đảm bảo tất cả các đèn đã tắt trước khi đi ngủ
The meeting broke up at seven,cuộc họp chia tay lúc bảy giờ
Do you wish to speak to me?,bạn có muốn nói chuyện với tôi không?
You are a tennis player.,bạn là một tay vợt
He has received a commission as a naval officer.,ông đã nhận được một ủy ban như một sĩ quan hải quân.
Tom was born the year after Mary was born,tom được sinh ra một năm sau khi mary được sinh ra
My father loves us.,cha tôi yêu chúng tôi
Yumi plays tennis on Sunday,yumi chơi tennis vào chủ nhật
This accident resulted from the carelessness of the driver.,tai nạn này là do sự bất cẩn của người lái xe.
We named the dog Pochi,chúng tôi đặt tên cho con chó pochi
I wouldn't want to get thrown into a situation like that,tôi sẽ không muốn bị ném vào một tình huống như thế
I'm already busy.,tôi đang bận
"At first, Meg was homesick.","Lúc đầu, meg nhớ nhà."
Use the highest heat settings only when you're ironing fabrics made of natural fibers like cotton or linen,chỉ sử dụng cài đặt nhiệt cao nhất khi bạn ủi các loại vải làm từ sợi tự nhiên như cotton hoặc lanh
I'm sick of this game.,Tôi phát ngán với trò chơi này.
Tom walks quickly,tom đi nhanh
He acted as my guide,anh ấy đã hành động như hướng dẫn của tôi
I glanced at my watch.,tôi liếc nhìn đồng hồ.
He shouldn't have done that.,anh ta không nên làm điều đó.
We're getting nowhere with those problems.,chúng ta không đi đến đâu với những vấn đề đó
I'm getting a new house built,tôi đang xây một ngôi nhà mới
"For the peasant, fruits are more important than flowers.","Đối với nông dân, trái cây quan trọng hơn hoa."
The President called on everyone to save energy,Tổng thống kêu gọi mọi người tiết kiệm năng lượng
I've seen loads of concerts.,Tôi đã thấy vô số các buổi hòa nhạc.
You've succeeded where others have failed.,bạn đã thành công khi người khác thất bại.
Watch him and do the same thing.,xem anh ta và làm điều tương tự
The doctor decided to operate at once,Bác sĩ quyết định phẫu thuật ngay lập tức.
Who in the world do you think you are?,bạn nghĩ bạn là ai trên thế giới
Let me think about it a bit longer.,hãy để tôi suy nghĩ về nó lâu hơn một chút
"I'm sorry, but you're wrong.","tôi xin lỗi, nhưng bạn đã sai"
"We don't want this to get damaged, do we?","chúng ta không muốn điều này bị hư hại, phải không?"
That's great!,thật tuyệt!
Tom told me that he was going to Boston.,Tom nói với tôi rằng anh ấy sẽ đến boston.
I don't intend to do what Tom told me to do,tôi không có ý định làm những gì tom bảo tôi làm
They asked his brother to help them with their homework,họ nhờ anh trai giúp họ làm bài tập về nhà
Tom said he didn't enjoy watching baseball,Tom nói anh ấy không thích xem bóng chày
Don't hit me.,đừng đánh tôi.
The storm became even more violent.,cơn bão càng trở nên dữ dội hơn.
We're hammered.,chúng tôi đang đập
Tom wants to become famous,tom muốn trở nên nổi tiếng
You didn't hear this from me,bạn đã không nghe điều này từ tôi
Are you busy on Monday?,bạn có bận vào thứ hai không?
How do you know that Tom is undressing you with his eyes?,Làm thế nào để bạn biết rằng tom đang cởi quần áo của bạn bằng mắt của mình?
Tom drove to the supermarket,tom lái xe đến siêu thị
He does speak well.,Anh ấy nói tốt.
That's not going to be enough.,Điều đó sẽ không đủ.
Tom had dreams of becoming a famous tennis player,tom có ước mơ trở thành một tay vợt nổi tiếng
The floor is wet and slippery.,sàn nhà ẩm ướt và trơn trượt.
Japanese tourists can be found everywhere,khách du lịch Nhật Bản có thể được tìm thấy ở khắp mọi nơi
Have you ever had a problem similar to this?,Bạn đã bao giờ có một vấn đề tương tự như thế này?
I saw him come this way.,tôi thấy anh ta đến đây
Gradually the interest rate will increase,dần dần lãi suất sẽ tăng
Tom doesn't remember me,tom không nhớ tôi
This is an extremely serious matter,đây là một vấn đề cực kỳ nghiêm trọng
"He is not coming, apparently.","Anh ấy không đến, rõ ràng."
Tom happened to meet Mary at the supermarket.,Tom tình cờ gặp mary ở siêu thị.
Everybody has their favorite drink.,mọi người đều có đồ uống yêu thích của họ
I don't have the nerve to watch it.,Tôi không có thần kinh để xem nó.
I searched for a book with many pictures.,tôi đã tìm kiếm một cuốn sách với nhiều hình ảnh
We don't have any time to waste.,chúng ta không có thời gian để lãng phí
I heard Tom was mugged,tôi nghe nói tom đã bị lừa
"He's reigning champion, and no young challenger is going to take it away from him","Anh ta đang trị vì, và không có thách thức trẻ nào sẽ lấy nó từ anh ta"
None of my friends know,không ai trong số bạn bè của tôi biết
Tom could help us,tom có thể giúp chúng ta
People are not always what they seem,Mọi người không phải lúc nào họ cũng có vẻ như vậy
I wonder what has become of the friend I used to go fishing with.,tôi tự hỏi những gì đã trở thành của người bạn tôi từng đi câu cá.
Lighten up,làm sáng lên
Do you know where my watch is?,bạn có biết đồng hồ của tôi ở đâu không?
The carpenter brought his tools along.,người thợ mộc mang dụng cụ của mình theo.
"In spite of the fact that he was tired, he continued working","mặc dù thực tế là anh ta mệt mỏi, anh ta tiếp tục làm việc"
I can tell it's him by the way he speaks,tôi có thể nói với anh ấy bằng cách anh ấy nói
I read this book again and again.,tôi đọc cuốn sách này nhiều lần.
Her aim in life is to become a movie star.,Mục tiêu của cô trong cuộc sống là trở thành một ngôi sao điện ảnh.
We'll go for a drive next Sunday,chúng ta sẽ lái xe vào chủ nhật tới
I remember one poem in particular.,tôi nhớ một bài thơ nói riêng
They are out in the garden,họ đang ở ngoài vườn
Some believe that seven is a lucky number,một số người tin rằng bảy là con số may mắn
I hope you don't hold it against me,tôi hy vọng bạn không giữ nó chống lại tôi
The speaker requested that the audience remain silent.,người nói yêu cầu khán giả giữ im lặng.
This room is very cold.,căn phòng này rất lạnh.
Tom doesn't like talking about sports.,Tom không thích nói về thể thao.
The Giants lost the game by 20 points.,Gã khổng lồ thua trận với 20 điểm.
He begins to sketch no matter where he is,anh ấy bắt đầu phác thảo bất kể anh ấy ở đâu
Tom's clueless,Tom không biết gì
Tom turned on the table lamp.,tom bật đèn bàn.
Everybody cheered.,Mọi người cổ vũ.
That gave me a rough idea,điều đó đã cho tôi một ý tưởng sơ bộ
They were prohibited from leaving the hotel.,họ bị cấm rời khỏi khách sạn.
They made me wait for a long time.,họ làm tôi chờ đợi rất lâu
I warned you not to underestimate Tom.,Tôi đã cảnh báo bạn không được đánh giá thấp tom.
You should know better at your age.,bạn nên biết rõ hơn ở tuổi của bạn.
He is up for reelection.,anh ấy đang lên để tái tranh cử.
You have beautiful eyes.,bạn có đôi mắt đẹp.
Why did you leave like that?,tại sao bạn lại rời đi như vậy
I should've waited another three months,tôi nên đợi thêm ba tháng nữa
I really miss you a lot.,tôi thực sự nhớ bạn rất nhiều.
Tom threatened Mary,tom đe dọa mary
My dream is to become a pilot,ước mơ của tôi là trở thành phi công
Is the top rung strong enough?,là bậc thang đủ mạnh?
Are you punctual?,bạn có đúng giờ không
I don't want Tom to know where I live.,tôi không muốn tom biết tôi sống ở đâu.
Tom destroyed his marriage by lying to his wife,Tom phá hủy cuộc hôn nhân của mình bằng cách nói dối vợ
This has never been attempted before,điều này chưa bao giờ được thử
Tom is the best student in our class,tom là học sinh giỏi nhất lớp
Where is the nearest bank?,Ngân hàng gần nhất ở đâu?
The beach isn't far from here.,bãi biển không xa đây.
I won't bother you anymore tonight,tôi sẽ không làm phiền bạn nữa đêm nay
I really didn't want to bother you again.,tôi thực sự không muốn làm phiền bạn một lần nữa.
Sunday's match will be crucial.,trận đấu chủ nhật sẽ rất quan trọng.
I've been very busy,Tôi đã rất bận rộn
The box was open and empty.,Cái hộp đã mở và trống rỗng.
Didn't Tom say something about that?,Tom không nói gì về điều đó sao?
Tom and Mary talked over a cup of coffee,Tom và mary nói chuyện với một tách cà phê
I kept still and said nothing,tôi giữ im lặng và không nói gì
We learned that Newton discovered the law of gravitation.,chúng tôi đã học được rằng newton đã khám phá ra luật hấp dẫn.
Tom ate the apple that Mary had left on the dining room table.,tom ăn quả táo mà mary đã để lại trên bàn ăn.
John Rutledge disagreed strongly,john rutledge không đồng ý mạnh mẽ
"Ethnic minorities struggle against prejudice, poverty and so on","các dân tộc thiểu số đấu tranh chống lại định kiến, nghèo đói và như vậy"
Leave me a bit of ice cream.,để lại cho tôi một chút kem.
They lost the battle,họ thua trận
Tom isn't in there,tom không ở đó
Tom has lost his job,tom đã mất việc
Tom lived to be 97.,Tom sống đến 97 tuổi.
I think Tom is dying.,Tôi nghĩ rằng tom đang chết.
"You don't really trust us, do you?","bạn không thực sự tin tưởng chúng tôi, phải không?"
We'll get started as soon as we can.,chúng tôi sẽ bắt đầu ngay khi có thể.
Most car accidents happen because drivers aren't paying attention.,hầu hết các vụ tai nạn xe hơi xảy ra vì lái xe không chú ý.
He concentrated on his studies,anh ấy tập trung vào việc học
I can't detect any pattern.,tôi không thể phát hiện bất kỳ mô hình.
Mary often hums a tune as she works in the kitchen.,mary thường ngân nga một giai điệu khi cô ấy làm việc trong nhà bếp.
It kept raining all day long,trời cứ mưa suốt ngày
I couldn't remember their names.,tôi không thể nhớ tên của họ.
"Apparently, Tom is going to a university in Boston.","Rõ ràng, tom đang đi đến một trường đại học ở boston."
He sent money to help care for her,anh gửi tiền để giúp chăm sóc cô.
The faucet in the bathroom's out of order,vòi nước trong phòng tắm bị hỏng
She's drop-dead gorgeous.,Cô ấy tuyệt trần.
Tom looks a little upset,tom có vẻ hơi khó chịu
May I take a bath?,tôi có thể tắm không
Tom has three brothers in Boston.,tom có ba anh em ở boston.
Are you going to kiss me or not?,bạn sẽ hôn tôi hay không?
You've got the advantage.,bạn đã có lợi thế.
The book is about the law.,Cuốn sách nói về luật pháp.
I didn't expect that to come from you.,tôi không mong đợi điều đó đến từ bạn
Nobody was injured,không ai bị thương
The papers were mixed together in a big box,các giấy tờ được trộn với nhau trong một hộp lớn
Buy the dress you want.,mua chiếc váy bạn muốn
Why would anyone do this if they didn't have to?,Tại sao mọi người sẽ làm điều này nếu họ không phải?
I think my German is really bad.,Tôi nghĩ tiếng Đức của tôi rất tệ.
"I tried my best, but I still lost the race.","Tôi đã cố gắng hết sức, nhưng tôi vẫn thua cuộc đua."
You need to come quickly.,bạn cần phải đến nhanh
Tom is still not talking to Mary,Tom vẫn không nói chuyện với mary
It's quite simple.,nó khá đơn giản
This really isn't a good time.,đây thực sự không phải là thời điểm tốt
That's exactly why I didn't tell you,đó chính xác là lý do tại sao tôi không nói với bạn
I didn't notice her going out of the room,tôi không để ý cô ấy ra khỏi phòng
Do you want to know how I did it?,Bạn có muốn biết làm thế nào tôi làm điều đó?
Are they coming at six or at seven?,họ đến lúc sáu hay bảy giờ?
The prince made it known all over the land that he would marry the poor girl,hoàng tử làm cho mọi người biết rằng anh sẽ cưới cô gái nghèo
He lied to me,anh ấy đã nói dối tôi
You sure sound upset,bạn chắc chắn âm thanh buồn
I wouldn't want anything to happen to you.,tôi sẽ không muốn bất cứ điều gì xảy ra với bạn
I don't want to waste my time trying to do this again,tôi không muốn lãng phí thời gian để cố gắng làm điều này một lần nữa
I don't understand what happened,tôi không hiểu chuyện gì đã xảy ra
The teacher told Mary to shut up.,Cô giáo bảo mary im lặng.
Tom can't help it,tom không thể giúp nó
Tom isn't up here,Tom không ở đây
She hummed a song,cô ấy ngân nga một bài hát
What are you up to these days?,bạn định làm gì trong những ngày này
I want to go by air if possible.,tôi muốn đi bằng đường hàng không nếu có thể
There is frost on the grass.,Có sương trên cỏ.
I have a bad feeling about this,Tôi có một cảm giác xấu về việc này
Our rent is four times as much as it was ten years ago,tiền thuê nhà của chúng tôi gấp bốn lần so với mười năm trước
Robert got a small proportion of the profit.,robert có một tỷ lệ nhỏ lợi nhuận.
Tom is very disappointed.,Tom rất thất vọng.
"To make our house payments, we're going to have to tighten our belts","để thanh toán tiền nhà, chúng tôi sẽ phải thắt lưng buộc bụng"
I sent Tom back home,tôi đã gửi tom về nhà
There's my ride.,Có chuyến đi của tôi.
It is uncertain whether he will agree or not.,không chắc anh ta có đồng ý hay không.
We work from nine to five,chúng tôi làm việc từ chín đến năm
You had a week to do this.,bạn đã có một tuần để làm điều này.
She told me an interesting story,cô ấy kể cho tôi một câu chuyện thú vị
Tom certainly is fat.,Tom chắc chắn là béo.
I'm not real good with kids.,Tôi không thực sự tốt với trẻ em.
Tom is motionless,tom bất động
I wonder why nobody told me.,tôi tự hỏi tại sao không ai nói với tôi
Do you smoke cigars?,bạn có hút xì gà không?
Count your change.,đếm sự thay đổi của bạn
He attacked the government's policy in his speech.,ông đã công kích chính sách của chính phủ trong bài phát biểu của mình.
When you start looking like your passport photo you should go on vacation.,"Khi bạn bắt đầu trông giống như ảnh hộ chiếu của bạn, bạn nên đi nghỉ."
Tom began climbing the ladder.,tom bắt đầu leo lên thang.
I don't think this is how it's done,tôi không nghĩ đây là cách nó được thực hiện
Tom and I are both a little busy,tom và tôi đều bận một chút
How long will you stay in Japan?,bạn sẽ ở Nhật bao lâu
Did you call anyone else?,bạn đã gọi cho ai khác chưa?
Tom welded the two pipes together.,tom hàn hai ống với nhau.
It was only after Tom had been lost for over an hour that he got the map out to see where he was.,"Chỉ sau khi tom bị mất hơn một giờ, anh ta mới lấy được bản đồ để xem mình đang ở đâu."
Tell her that I am playing with the kids.,nói với cô ấy rằng tôi đang chơi với những đứa trẻ.
Tom is an outcast,tom là một kẻ bị ruồng bỏ
I couldn't lie to you.,tôi không thể nói dối bạn
The women stuck to their cause.,Những người phụ nữ mắc kẹt với nguyên nhân của họ.
Your house is big.,ngôi nhà của bạn lớn
People can't live without air.,con người không thể sống mà không có không khí.
Don't you read the tabloids?,bạn không đọc báo lá cải à?
Half of the students are absent,một nửa số học sinh vắng mặt
Tom wished he had studied harder,Tom ước gì mình đã học chăm chỉ hơn
I may have a solution,tôi có thể có một giải pháp
I'm not cut out for all this.,Tôi không cắt ra cho tất cả điều này.
You can see that every day.,bạn có thể thấy điều đó mỗi ngày
Tom reacted angrily,tom phản ứng giận dữ
Tom isn't well today,hôm nay tom không tốt
Tom told me that his father was a teacher,tom nói với tôi rằng cha anh là một giáo viên
Don't you have work today?,hôm nay bạn không có việc à
You did not need to come so early.,bạn không cần phải đến sớm như vậy.
You must not touch the paintings.,bạn không được chạm vào tranh.
What would she have said?,cô ấy sẽ nói gì
"Look, if you still want to go, I won't stop you.","Hãy nhìn xem, nếu bạn vẫn muốn đi, tôi sẽ không ngăn bạn."
Please help yourself to these cakes.,Xin hãy giúp mình những chiếc bánh này.
She boiled the eggs,cô ấy luộc trứng
I wish Tom had been here today,tôi ước tom đã ở đây hôm nay
There's a snag.,có một chút khó khăn.
I was going to make cookies for Tom.,tôi sẽ làm bánh cho tom.
We both know you don't swim very well,cả hai chúng tôi đều biết bạn không bơi rất giỏi
Is this accurate?,Nó thật sự đúng?
The students applauded,các sinh viên vỗ tay
She bought a toy for her child.,cô ấy đã mua một món đồ chơi cho con mình
The sky has brightened,bầu trời đã sáng
Sign on the dotted line,ký tên trên đường chấm chấm
Tom said he would buy it.,tom nói anh sẽ mua nó
He doesn't lie,anh ấy không nói dối
"Hey Tom, can I talk to you?","này tom, tôi có thể nói chuyện với bạn không?"
The boy was searching for the lost key.,Cậu bé đang tìm chìa khóa bị mất.
Has it happened to you?,Điều đó có xảy ra với bạn không?
We used to be close friends.,chúng tôi từng là bạn thân.
The bar is busy,quán bar bận
I got up early this morning to go fishing.,Tôi dậy sớm sáng nay để đi câu cá.
Where did you buy that skirt?,bạn mua cái váy đó ở đâu
We used to date.,chúng tôi đã từng hẹn hò
I can't tell you how much I appreciate all your help.,tôi không thể nói cho bạn biết tôi đánh giá cao sự giúp đỡ của bạn đến mức nào.
I left my coat here last night,tôi đã để lại áo khoác của tôi ở đây đêm qua
"Actually, it makes perfect sense.","thực sự, nó có ý nghĩa hoàn hảo"
Ice skating can be graceful and beautiful.,trượt băng có thể duyên dáng và xinh đẹp.
It was delicious,nó rất là ngon
Could you bring me some water?,bạn có thể mang cho tôi một ít nước không?
She told him that she was happy,cô ấy nói với anh ấy rằng cô ấy hạnh phúc
They went fishing.,họ đã đi câu cá.
"Tom was afraid that Mary might poke her eye out, so he told her to be careful","Tom sợ rằng mary có thể thò mắt ra, nên anh bảo cô cẩn thận."
"Not knowing her telephone number, I couldn't call her","không biết số điện thoại của cô ấy, tôi không thể gọi cho cô ấy"
You have bad manners,bạn có cách cư xử tệ
I beg to differ from you on that point.,tôi cầu xin khác với bạn về điểm đó.
I told you to stay put.,tôi đã nói với bạn ở lại
I can help you if you let me,tôi có thể giúp bạn nếu bạn để tôi
Tom didn't know how old Mary was.,Tom không biết mary bao nhiêu tuổi.
I will abolish capital punishment.,tôi sẽ bãi bỏ hình phạt tử hình.
I ignored him,tôi lờ anh ấy đi
It's a cinch to learn to swim,học bơi là một cái cinch
I won't interfere with your work again.,tôi sẽ không can thiệp vào công việc của bạn một lần nữa.
"In a recession, people usually only buy what they really need, like food","trong thời kỳ suy thoái, mọi người thường chỉ mua những gì họ thực sự cần, như thực phẩm"
"""Have you ever been to New York?"" ""Yes, I've been there a couple of times.""","""bạn đã từng đến New York chưa?"" ""vâng, tôi đã ở đó một vài lần."""
"My father's factory turns out 30,000 cars each month.",Nhà máy của cha tôi sản xuất 30.000 xe mỗi tháng.
He must find work,anh ấy phải tìm việc
Tom has been living in Boston for the past couple of years.,tom đã sống ở boston trong vài năm qua.
This is the worst thing I've ever done.,đây là điều tồi tệ nhất tôi từng làm
The teacher got quite well again,giáo viên đã khá tốt trở lại
All are present,tất cả đều có mặt
Tom ignored Mary's advice,tom bỏ qua lời khuyên của mary
He's always late for class.,anh ấy luôn đến lớp trễ.
How many flights to New York do you offer a week?,Có bao nhiêu chuyến bay đến new york bạn cung cấp một tuần?
Tom forced Mary to sit down,tom buộc mary ngồi xuống
Your dog always barks at me,con chó của bạn luôn sủa tôi
How much did you pay for that?,bạn đã trả bao nhiêu cho việc đó?
I think maybe that's all you have to do,tôi nghĩ có lẽ đó là tất cả những gì bạn phải làm
We owe you one.,chúng tôi nợ bạn một cái
Tom was probably pondering something,tom có lẽ đang cân nhắc điều gì đó
How much do those things cost?,Những thứ đó giá bao nhiêu?
He is writing to some friends of his.,anh ấy đang viết cho một vài người bạn của anh ấy
We should go get something to eat.,chúng ta nên đi ăn gì đó
I told you Tom would be here.,tôi đã nói với bạn tom sẽ ở đây
It wasn't mine.,nó không phải của tôi
He denies nothing to his children,ông không phủ nhận điều gì với con cái
Tom doesn't understand me the way you do.,Tom không hiểu tôi theo cách bạn làm.
You are strong,bạn rất mạnh
You're pretty.,em xinh thật.
This doctor is a man of culture,bác sĩ này là một người đàn ông của văn hóa
You don't need to know that,bạn không cần phải biết rằng
He crashed his car because someone tampered with the brakes.,Anh đâm xe vì ai đó can thiệp vào phanh.
The teacher is fresh from college,giáo viên mới ra trường
How did you know Tom would do that?,Làm thế nào bạn biết tom sẽ làm điều đó?
I was at the hospital with Tom when he died,tôi đã ở bệnh viện với tom khi anh ấy chết
Tom said you like popcorn,tom nói bạn thích bỏng ngô
He is a little over forty,anh ấy hơn bốn mươi tuổi
The newborn chicks still have not opened their eyes,gà con mới sinh vẫn chưa mở mắt
I wanted to speak in French with Tom.,tôi muốn nói tiếng Pháp với tom.
Do you know what this means?,bạn có biết nó có nghĩa là gì không?
There aren't any clouds today,hôm nay không có mây
"Come on, guys. This is not funny anymore",cố lên các bạn điều này không còn buồn cười nữa
Thank you for the time you spent with me during my visit to Atlanta,cảm ơn bạn đã dành thời gian cho tôi trong chuyến thăm của tôi đến Atlanta
She can't suppress her emotions.,cô ấy không thể kìm nén cảm xúc của mình.
"Man, don't say that!","Người đàn ông, đừng nói vậy!"
I take a walk almost every morning before breakfast.,Tôi đi dạo gần như mỗi buổi sáng trước khi ăn sáng.
Cats hate to get wet,mèo ghét bị ướt
He stole a kiss from her,anh ấy đã đánh cắp một nụ hôn từ cô ấy
I'm on holiday.,tôi đang trong kỳ nghỉ.
Tom gets bored quickly.,tom nhanh chán
She couldn't convince him to accept a personal check,cô không thể thuyết phục anh chấp nhận kiểm tra cá nhân
You're the responsible one.,bạn là người có trách nhiệm
My brothers are always joking around,anh em tôi luôn đùa giỡn
I never heard from him again.,Tôi chưa bao giờ nghe từ anh ấy một lần nữa.
I do want to go with you.,tôi muốn đi với bạn
The text needs to be translated into Belarusian.,văn bản cần được dịch sang tiếng Caribê.
We need plants in order to live.,chúng ta cần thực vật để sống.
Tom is recovering.,tom đang hồi phục.
We dated for three months,chúng tôi hẹn hò trong ba tháng
We must control our passions.,chúng ta phải kiểm soát đam mê của mình
Can you show it to me?,bạn có thể chỉ cho tôi được không?
I'd rather she sat next to me.,Tôi muốn cô ấy ngồi cạnh tôi.
I told you not to talk to Tom.,tôi đã nói với bạn không nói chuyện với tom.
I'm not sure anymore.,tôi không chắc nữa
My neighbors say they're going on a family trip to Hokkaido,hàng xóm của tôi nói rằng họ đang đi du lịch gia đình đến hokkaido
I studied hard so that I could pass the examination.,tôi học chăm chỉ để có thể vượt qua kỳ thi.
I don't give lessons.,tôi không cho bài học
Soldiers are used to danger,binh lính đã quen với nguy hiểm
Why don't I just buy you a hat?,Tại sao tôi không mua cho bạn một chiếc mũ?
Why are you wearing a sweater?,tại sao bạn mặc áo len
Tom asked me for help when he was in trouble,Tom nhờ tôi giúp đỡ khi anh ấy gặp rắc rối
Bill can run faster than Bob,hóa đơn có thể chạy nhanh hơn bob
Why don't you ask Tom yourself?,tại sao bạn không tự hỏi tom?
I don't like being cheated.,Tôi không thích bị lừa dối.
I don't like it when you're so busy,tôi không thích nó khi bạn quá bận rộn
The light doesn't work.,ánh sáng không hoạt động.
He stammered out a few words.,Anh lắp bắp vài lời.
We're interested.,chúng tôi quan tâm.
I have wanted to go to Brazil for many years,tôi đã muốn đến brazil trong nhiều năm
He came from another country,anh ấy đến từ nước khác
Anything will do,bất cứ điều gì sẽ làm
This aroused her suspicion,điều này làm dấy lên sự nghi ngờ của cô
Set the alarm for six.,đặt báo thức cho sáu.
Don't you think it's weird?,bạn không nghĩ nó lạ sao?
We have a party tomorrow evening,chúng ta có một bữa tiệc tối mai
I keep this bottle separate from all the others,tôi giữ cái chai này tách biệt với tất cả những cái khác
He's not like us,anh ấy không thích chúng tôi
Tom got in the car and started the engine,tom lên xe và nổ máy
I'd like to pay for this with my Visa card.,Tôi muốn trả tiền cho điều này bằng thẻ visa của tôi.
I'd like you to tell Tom not to be late,tôi muốn bạn nói với tom đừng đến muộn
I'm tired now,bây giờ tôi mệt
They quietly asked to be served,họ lặng lẽ yêu cầu được phục vụ
Your friend left town,bạn của bạn rời thị trấn
You shouldn't be here.,bạn không nên ở đây
Peter didn't intend to break the vase.,Peter không có ý định phá vỡ chiếc bình.
A bead of sweat started forming on his brow.,một giọt mồ hôi bắt đầu hình thành trên trán anh.
I can't help thinking what Tom would say if he saw me doing this.,Tôi không thể không nghĩ tom sẽ nói gì nếu anh ấy thấy tôi làm điều này.
I should be at school,tôi nên ở trường
I've been married for three years,tôi đã kết hôn được ba năm
I made a list of things I needed to do.,tôi đã lập một danh sách những việc tôi cần làm.
They are so much alike that I don't know which is which.,chúng giống nhau đến mức tôi không biết đó là cái gì.
I can't get by on such a small income.,Tôi không thể có được thu nhập nhỏ như vậy.
Children begin school when they are six years old.,trẻ em bắt đầu đi học khi chúng được sáu tuổi.
"If you count the baby, then there are four of us.","nếu bạn đếm đứa bé, thì có bốn người chúng tôi."
It's an embarrassing question,đó là một câu hỏi đáng xấu hổ
Why won't Tom listen?,Tại sao tom không nghe?
Tom is sitting beneath the tree,tom đang ngồi dưới gốc cây
Can you tell us what happened at school last Monday?,bạn có thể cho chúng tôi biết những gì đã xảy ra ở trường vào thứ hai tuần trước?
I'd like you to be my partner.,Tôi muốn bạn là đối tác của tôi.
Why should I give Tom money?,Tại sao tôi nên cho tiền tom?
"In my opinion, you're wrong","theo tôi, bạn đã sai"
You're not telling me anything I don't know,bạn không nói với tôi bất cứ điều gì tôi không biết
Pat stripped off his clothes and dived in,vỗ nhẹ cởi quần áo của anh ấy và lao vào
My mother only had two children at the time.,Mẹ tôi chỉ có hai đứa con.
He was not satisfied with the final bill,anh ta không hài lòng với hóa đơn cuối cùng
Do you have anything for a headache?,bạn có gì đau đầu không?
He fixed my umbrella for me,anh ấy đã sửa ô cho tôi
The fire was put out at the cost of a fireman's life,ngọn lửa được dập tắt bằng cái giá của cuộc sống của một người lính cứu hỏa
I've heard everything,tôi đã nghe tất cả mọi thứ
So why don't you just give up?,vậy tại sao bạn không từ bỏ?
I hear it's buried under all that snow,tôi nghe nói nó bị chôn vùi dưới tất cả tuyết
Please don't forget to mail the letters.,xin đừng quên gửi thư.
I felt tired after having worked for hours.,tôi cảm thấy mệt mỏi sau khi làm việc nhiều giờ.
It's unusual.,nó không bình thường
You shouldn't smoke.,bạn không nên hút thuốc.
He's better than us all,anh ấy tốt hơn tất cả chúng ta
Water is important for humans,nước rất quan trọng đối với con người
He is talking on the phone.,anh ấy đang nói chuyện điện thoại.
We swam until it got dark,chúng tôi bơi cho đến khi trời tối
He aimed at the bird,anh ta nhắm vào con chim
We're still checking.,chúng tôi vẫn đang kiểm tra.
Maybe Tom can explain what happened here,có lẽ tom có thể giải thích những gì đã xảy ra ở đây
I wish Tom had come to our party last night.,tôi ước tom đã đến bữa tiệc của chúng tôi đêm qua.
Tom grew up in Australia,tom lớn lên ở Úc
Don't let her go out after dark,đừng để cô ấy đi ra ngoài sau khi trời tối
It hasn't been done before.,nó đã không được thực hiện trước đây.
I have no books to read,tôi không có sách để đọc
She gives the impression of not caring much about anything.,cô ấy cho ấn tượng là không quan tâm nhiều về bất cứ điều gì.
Go to the doctor to get your prescription!,đi đến bác sĩ để nhận toa thuốc của bạn!
Which dog is yours?,con chó nào là của bạn
I think you and he wanna be alone,tôi nghĩ bạn và anh ấy muốn ở một mình
His wagon drew up at the entrance to the market,toa xe của anh ta kéo lên ở lối vào chợ
I'm a management consultant.,Tôi là một nhà tư vấn quản lý.
There are a lot of new buildings here now.,có rất nhiều tòa nhà mới ở đây
She was a pioneer in this field.,cô ấy là người tiên phong trong lĩnh vực này.
We were playing rugby.,chúng tôi đã chơi bóng bầu dục.
What did you think it was?,Bạn nghĩ gì về nó?
He finally consented to our plan,cuối cùng anh ấy đã đồng ý với kế hoạch của chúng tôi
Sit down for a second.,ngồi xuống một giây
Tom has been in Boston for three years,tom đã ở boston được ba năm
Few people know how to do it.,ít người biết làm thế nào
Tom isn't picky,tom không kén chọn
Tom told me a lot of things other people wouldn't tell me.,Tom nói với tôi rất nhiều điều mà người khác sẽ không nói với tôi.
We're all hungry,chúng tôi đều đói
This has been fun,điều này thật thú vị
I called my mother up from the station.,Tôi gọi mẹ tôi từ nhà ga.
Didn't you hear the doorbell?,bạn không nghe thấy tiếng chuông cửa à?
Our son died in the war,con trai chúng tôi đã chết trong chiến tranh
I'll call at seven,tôi sẽ gọi lúc bảy giờ
I had not expected Tom to be at the meeting,tôi đã không mong đợi tom sẽ có mặt tại cuộc họp
Tom helped Mary move the dresser.,tom giúp mary di chuyển tủ quần áo.
You think I don't know what's going on?,bạn nghĩ tôi không biết chuyện gì đang xảy ra?
They went to the beach,họ đã đi đến bãi biển
Tom looks troubled.,Tom có vẻ lo lắng.
I haven't thought of anything yet.,tôi chưa nghĩ gì cả
She is handy with a needle.,cô ấy tiện dụng với một cây kim.
Tom doesn't have a microwave oven.,Tom không có lò vi sóng.
I've always hated you.,tôi luôn ghét bạn
Is it really that hard to speak English?,nói tiếng anh có khó không
Do you have any idea who might want to do that?,Bạn có biết ai muốn làm điều đó không?
She cared for her sick father,cô chăm sóc cho người cha ốm yếu của mình
Does anyone here have any money?,có ai ở đây có tiền không
What should've happened?,chuyện gì đã xảy ra
I had a fender bender on my way to work.,tôi đã có một fender bender trên đường đi làm.
Tom will try,tom sẽ cố gắng
Who sent you?,ai gửi cho bạn?
We're already too late,chúng ta đã quá muộn
Tom started to climb the ladder,tom bắt đầu leo lên thang
I have finished the course,tôi đã hoàn thành khóa học
She has caught up with you in every respect,cô ấy đã bắt kịp bạn trong mọi khía cạnh
She quietly entered the room.,Cô lặng lẽ bước vào phòng.
He greeted his parents.,anh chào bố mẹ.
I don't want to rock the boat.,Tôi không muốn làm rung chuyển con thuyền.
I had a really weird dream yesterday,tôi đã có một giấc mơ thực sự kỳ lạ ngày hôm qua
"Even though they're not still married, Tom and Mary still have dinner together once a week.","mặc dù họ vẫn chưa kết hôn, tom và mary vẫn ăn tối cùng nhau mỗi tuần một lần."
Tom usually sits in the back pew,tom thường ngồi ở phía sau
"If we don't trust each other, we won't be able to live together","nếu chúng ta không tin tưởng lẫn nhau, chúng ta sẽ không thể sống cùng nhau"
Tom didn't tell Mary the whole truth.,Tom đã không nói với mary toàn bộ sự thật.
Let's not go there.,chúng ta đừng đến đó
The portions are huge at this restaurant,các phần rất lớn tại nhà hàng này
Would you like me to see you home?,bạn có muốn tôi gặp bạn ở nhà không?
The evolution of dinosaurs interests me greatly,sự tiến hóa của khủng long làm tôi rất thích
Tom tried to convince me to do that.,tom đã cố gắng thuyết phục tôi làm điều đó.
"If you have any questions, don't hesitate to ask","nếu bạn có bất kỳ câu hỏi nào, đừng ngần ngại hỏi"
It's my first time.,đây là lần đầu tiên của tôi.
Tom was at the bus stop ten minutes before the bus arrived,Tom đã ở trạm xe buýt mười phút trước khi xe buýt đến
You're so intense,bạn thật dữ dội
Tom didn't want Mary to go out with John,Tom không muốn mary đi chơi với john
Let's hear what you've got to say,hãy nghe những gì bạn đã nói
What is your idea?,ý tưởng của bạn là gì?
I'll see if I can find a map.,Tôi sẽ xem nếu tôi có thể tìm thấy một bản đồ.
Tom blamed it on me,Tom đổ lỗi cho tôi
There was no need for verbal communication.,không cần giao tiếp bằng lời nói.
I've always known something like this might happen.,Tôi đã luôn biết điều gì đó như thế này có thể xảy ra.
Should I be talking to Tom?,tôi có nên nói chuyện với tom không?
Tom begged Mary for forgiveness,tom cầu xin mary tha thứ
I'm not afraid at all.,tôi không sợ chút nào
Tom is very protective of his daughter,tom rất bảo vệ con gái
Don't be silly. You know I love you.,đừng ngớ ngẩn bạn biết tôi yêu bạn
Something is the matter with him today,hôm nay có vấn đề với anh ấy
Do you believe in love at first sight?,Bạn có tin vào tình yêu từ cái nhìn đầu tiên?
Tom ought to be here by now.,tom nên ở đây bây giờ
Who else would you like to meet?,bạn muốn gặp ai nữa
"I've got the same feeling, Tom.","Tôi cũng có cảm giác tương tự, tom."
Maybe you should tell Tom?,có lẽ bạn nên nói với tom?
"Since he was honest, I hired him","kể từ khi anh ấy thành thật, tôi đã thuê anh ấy"
Have you been working out?,Bạn có đang làm việc bên ngoài phải không?
I think Tom did a good job.,Tôi nghĩ rằng tom đã làm một công việc tốt.
Tom is old enough to drive,tom đủ tuổi lái xe
I didn't think you could keep it a secret,tôi không nghĩ bạn có thể giữ bí mật
He would sit for hours without saying a word,anh ấy sẽ ngồi hàng giờ mà không nói lời nào
I'll try to get up early tomorrow.,Tôi sẽ cố gắng dậy sớm vào ngày mai.
Sometimes it is pleasant to look back on one's childhood,đôi khi thật dễ chịu khi nhìn lại thời thơ ấu của một người
"Unfortunately, I missed all the fun.","Thật không may, tôi đã bỏ lỡ tất cả các niềm vui."
How in the world did you do such a thing?,Làm thế nào trên thế giới bạn đã làm một điều như vậy?
I was late for the appointment,tôi đã trễ hẹn
Tom is a chauffeur,tom là tài xế
He tends to shy away from anything that involves public speaking.,anh ấy có xu hướng né tránh mọi thứ liên quan đến việc nói trước công chúng.
Tom said he wouldn't stay here with me,Tom nói anh ấy sẽ không ở đây với tôi
It wasn't that big a deal,nó không phải là một vấn đề lớn
It's only a theory.,nó chỉ là một lý thuyết.
Tom saw that movie last summer,Tom đã xem bộ phim đó vào mùa hè năm ngoái
I don't know what to do either.,tôi cũng không biết phải làm gì.
I needed the money.,tôi cần tiền
He cried out for help in a loud voice,anh kêu lên để được giúp đỡ
He has acted wisely.,anh ấy đã hành động khôn ngoan.
No one can stop me.,không ai có thể ngăn cản tôi.
Bela Lugosi acted in several movies,bela lugosi diễn xuất trong một số bộ phim
I heard everything,tôi đã nghe thấy tất cả
I went out for a walk to get some fresh air.,tôi ra ngoài đi dạo để có được không khí trong lành.
He stole my watch.,Anh ta đã lấy trộm đồng hồ của tôi.
I won't be here long,tôi sẽ không ở đây lâu
Did you break something?,bạn đã phá vỡ một cái gì đó?
You could have been happy.,bạn có thể đã được hạnh phúc.
Tom definitely needs to spend more time studying.,Tom chắc chắn cần phải dành nhiều thời gian hơn cho việc học.
Tom didn't answer all the questions,tom không trả lời tất cả các câu hỏi
The question is which to choose.,Câu hỏi là chọn cái nào.
Tom and Mary are honeymooning.,tom và mary đang hưởng tuần trăng mật
My major is medieval European history.,chuyên ngành của tôi là lịch sử châu Âu thời trung cổ.
Ken laid aside some money each week,ken dành một số tiền mỗi tuần
This letter's for me,lá thư này cho tôi
"Do you swim very fast, too?",bạn cũng bơi rất nhanh phải không?
Students have access to the library,sinh viên có quyền truy cập vào thư viện
I carried the heavy bag on my back.,Tôi mang cái túi nặng trên lưng.
Tom removed his goggles.,tom tháo kính ra.
French is a difficult language,tiếng Pháp là một ngôn ngữ khó
All men have equal rights,tất cả đàn ông đều có quyền bình đẳng
How do you feel about the issue?,bạn cảm thấy thế nào về vấn đề này?
Your mother must have been beautiful when she was young,Mẹ của bạn phải đẹp khi còn trẻ
The questionnaire form was distributed properly,mẫu câu hỏi đã được phân phối hợp lý
Tom sat with some of his teammates on the bench,Tom ngồi với một số đồng đội của mình trên băng ghế dự bị
He went abroad soon after his father,ông ra nước ngoài ngay sau khi cha
"I tried to make myself understood, but in vain.","tôi đã cố gắng để làm cho bản thân mình hiểu, nhưng vô ích."
Tom always leaves for work at 8:00,tom luôn đi làm lúc 8:00
It's worse than I thought.,nó tệ hơn tôi nghĩ
I don't know where to buy imported cheese,tôi không biết mua phô mai nhập khẩu ở đâu
Are you going to tell Tom about what you did?,bạn sẽ nói với tom về những gì bạn đã làm?
The boy talks as if he were a man,Cậu bé nói chuyện như thể là một người đàn ông
Tom will fill in.,tom sẽ điền vào.
"It doesn't matter whether I'm sleeping or awake, I'm always thinking about you","không quan trọng tôi đang ngủ hay thức, tôi luôn nghĩ về bạn"
He doesn't get along with her father,anh ấy không hòa thuận với cha cô ấy
The photograph brought back memories of my childhood.,bức ảnh mang lại những kỷ niệm thời thơ ấu của tôi.
I've decided to go to the theater,tôi đã quyết định đi đến nhà hát
I shouldn't have come here,tôi không nên đến đây
That sounds good to me.,Đó là âm thanh tốt với tôi.
My father helped me with my homework,cha tôi đã giúp tôi làm bài tập về nhà
We've run out of tea,chúng ta đã hết trà
I never go to Kyoto without visiting the Nanzenji Temple.,tôi không bao giờ đến kyoto mà không ghé thăm ngôi đền nanzenji.
Tom's stuff is everywhere,đồ của tom ở khắp mọi nơi
The two came to the same conclusion,cả hai đi đến cùng một kết luận
Tom didn't mind.,Tom không bận tâm.
Can you confirm that he was hired?,bạn có thể xác nhận rằng anh ta đã được thuê?
This box was made by Tony,cái hộp này được làm bởi tony
Tom has been sick in bed for the last three weeks.,Tom đã bị ốm trên giường trong ba tuần qua.
Now this is more like it.,bây giờ nó giống như nó hơn
I fell in love with him,Tôi đã yêu anh ấy
"I know her by sight, but I've never spoken to her.","Tôi biết cô ấy bằng mắt thường, nhưng tôi chưa bao giờ nói chuyện với cô ấy."
I can't blame you for being angry,tôi không thể trách bạn đã tức giận
He did not agree with it,anh ấy đã không đồng ý với nó
"I am tired, and I want to go to bed.","tôi mệt, và tôi muốn đi ngủ"
I had lost my pen,tôi bị mất bút
Just tell Tom not to worry,chỉ nói với tom đừng lo lắng
She set the tray down on the table,cô đặt khay xuống bàn
What a heavy bag!,Thật là một cái túi nặng!
Tom is wearing protective gloves,tom đang đeo găng tay bảo vệ
I've got to take my library books back before January 25th,tôi phải lấy lại thư viện sách của mình trước ngày 25 tháng 1
Tom stuffed the money into his pocket.,tom nhét tiền vào túi.
Tom knew what he did was wrong.,Tom biết những gì anh ấy đã làm là sai.
He plans to buy a new bicycle,anh ấy dự định mua một chiếc xe đạp mới
He squashed the insect with the heel of his foot.,Anh ta đè bẹp con côn trùng bằng gót chân.
He was angry with his wife,anh ấy giận vợ
I don't know you very well.,tôi không biết bạn rất rõ
It's wonderful that we're all gathered here today,thật tuyệt vời khi tất cả chúng ta tập trung ở đây hôm nay
By all means consider yourself invited,bằng mọi cách xem xét bản thân được mời
Mary isn't really sick. She's faking it,mary không thực sự bị bệnh cô ấy giả vờ
Leave no stone unturned,dùng đủ mọi cách
"I didn't want to work with him, but I made the best of it","tôi không muốn làm việc với anh ta, nhưng tôi đã làm tốt nhất"
There comes our teacher.,có giáo viên của chúng tôi
I'm dying for frozen yogurt,Tôi đang chết vì sữa chua đông lạnh
My father has lived in Nagoya for more than fifteen years,cha tôi đã sống ở nagoya hơn mười lăm năm
We don't need to ask for permission,chúng tôi không cần phải xin phép
They must have found out about what happened,họ hẳn đã phát hiện ra chuyện gì đã xảy ra
How about going to the movie?,Đi xem phim thì sao?
They are paid by the day,họ được trả tiền trong ngày
"Save your breath, Tom.","tiết kiệm hơi thở của bạn, tom."
It was a perfect fit.,Nó là một sự kết hợp hoàn hảo.
There's nothing else I can do for you,tôi không thể làm gì khác cho bạn
I knew you'd come to save me,tôi biết bạn sẽ đến cứu tôi
When was the last time you made Mary cry?,Lần cuối bạn khóc mary là khi nào?
You're in my way,bạn theo cách của tôi
Tom started walking.,tom bắt đầu đi bộ.
"In science class, we drew pictures of cells","Trong lớp học khoa học, chúng tôi đã vẽ hình ảnh của các tế bào"
Tom's drinking has caused a lot of problems in his marriage.,Uống rượu của tom đã gây ra rất nhiều vấn đề trong cuộc hôn nhân của anh ấy.
I had never seen her,tôi chưa bao giờ nhìn thấy cô ấy
You're the only person I can rely on in this kind of situation,bạn là người duy nhất tôi có thể dựa vào trong tình huống này
I am on speaking terms with Tom.,tôi đang nói chuyện với tom.
We were made to stand in line,chúng tôi đã được thực hiện để đứng trong dòng
Does that make it any clearer?,Điều đó làm cho nó rõ ràng hơn?
I'll be very busy next month,tôi sẽ rất bận rộn vào tháng tới
He is as busy as ever.,Anh ấy bận rộn hơn bao giờ hết.
Tom needed us.,tom cần chúng tôi
I'm not going to be able to help Tom.,Tôi sẽ không thể giúp tom.
She never wears green,cô ấy không bao giờ mặc màu xanh lá cây
He has the advantage of a good education.,anh ta có lợi thế của một nền giáo dục tốt.
Stop worrying about me.,đừng lo lắng về tôi
We were very careful,chúng tôi đã rất cẩn thận
Don't you want to tell me anything?,bạn không muốn nói với tôi bất cứ điều gì?
I used to work in the same restaurant as Tom,tôi đã từng làm việc trong cùng một nhà hàng như tom
We leave tonight.,chúng ta rời đi tối nay
Tom has trouble judging distances.,tom gặp khó khăn trong việc phán đoán khoảng cách.
I thought you said your name was Tom,tôi nghĩ bạn nói tên của bạn là tom
Her child had been seriously ill for a week before Dr. Kim arrived.,Con cô đã bị ốm nặng một tuần trước khi dr. kim đến.
Are you saying that you don't remember?,bạn đang nói rằng bạn không nhớ?
We can't get close to the enemy,chúng ta không thể đến gần kẻ thù
Somebody ought to talk to Tom,ai đó nên nói chuyện với tom
Let me try one of those,hãy để tôi thử một trong những
They're cute.,chúng dễ thương.
The work has already begun,công việc đã bắt đầu
Have you seen this man?,Bạn đã thấy người đàn ông này?
Tom is not really in Boston now.,Tom bây giờ không thực sự ở boston.
All seats are reserved.,tất cả các ghế đều được bảo lưu
Tom never should have eaten those oysters.,Tom không bao giờ nên ăn những con hàu đó.
We're sunk.,chúng ta đang chìm đắm.
Why did you buy it?,Tại sao bạn mua nó?
I'll look after our guests.,Tôi sẽ chăm sóc khách của chúng tôi.
People talk without having anything to say,mọi người nói mà không có gì để nói
"At that time, we were quite rich.","Lúc đó, chúng tôi khá giàu."
He has suffered through a long period of illness,anh ấy đã trải qua một thời gian dài bị bệnh
"The pay was good, and that was their only motivation to participate in the study.","lương là tốt, và đó là động lực duy nhất của họ để tham gia vào nghiên cứu."
Do you have any apples?,bạn có trái táo nào không?
Where were you when Tom needed help?,Bạn đã ở đâu khi tom cần giúp đỡ?
"When Peter got up, Jean had already left home","Khi peter thức dậy, jean đã rời khỏi nhà"
Do you know how to fix this TV?,Bạn có biết làm thế nào để sửa tv này?
I don't know how to speak French properly,tôi không biết nói tiếng Pháp đúng cách
I thought Tom would be valuable to you.,Tôi nghĩ tom sẽ có giá trị với bạn.
I've never seen them so busy,tôi chưa bao giờ thấy họ bận rộn như vậy
Another thing to consider is the payment,một điều khác cần xem xét là thanh toán
You'll be silenced,bạn sẽ im lặng
I guess you didn't get my message,tôi đoán bạn đã không nhận được tin nhắn của tôi
Once I had the chance to visit Paris,một khi tôi đã có cơ hội đến thăm paris
The meeting will be held next week at the earliest,cuộc họp sẽ được tổ chức vào tuần tới sớm nhất
I won't pay for Tom.,tôi sẽ không trả tiền cho tom.
I told Tom not to come today,tôi đã bảo tom đừng đến hôm nay
The population of Tokyo is about five times as large as that of our city,dân số của Tokyo lớn gấp năm lần thành phố của chúng ta
Tom didn't take it with him,Tom đã không mang nó theo anh ta
Has Tom told Mary anything yet?,Tom đã nói với mary gì chưa?
I keep receiving unwanted emails.,Tôi tiếp tục nhận được email không mong muốn.
I really enjoyed myself.,tôi thực sự rất thích bản thân mình.
I have to find out what killed Tom,tôi phải tìm ra cái gì đã giết tom
I demand an explanation for this mistake.,tôi yêu cầu một lời giải thích cho sai lầm này.
English is an international language.,tiếng Anh là một ngôn ngữ quốc tế.
The others will arrive in a few minutes,những người khác sẽ đến trong vài phút
It couldn't hurt to give it a shot.,nó không thể làm tổn thương nó
Tom talked to Mary.,tom nói chuyện với mary.
I thought Tom had already done that.,tôi nghĩ tom đã làm điều đó
I'm going to change my clothes,tôi sẽ thay quần áo
It was lovely,nó thật đáng yêu
"If you cannot make full remittance, please get in touch with me by October 28, 1998.","nếu bạn không thể thực hiện chuyển tiền đầy đủ, vui lòng liên hệ với tôi trước ngày 28 tháng 10 năm 1998."
He often gets worked up over little things,anh ấy thường làm việc vì những điều nhỏ nhặt
"You do a lot of your work at home, don't you?",bạn làm rất nhiều việc ở nhà phải không?
"He, and he alone, must go","Anh và anh một mình, phải đi"
She lead me on.,cô ấy dẫn tôi đi
He's love struck,anh ấy yêu
Won't you have some coffee?,bạn sẽ không uống cà phê chứ?
There is a rock in my shoe.,Có một tảng đá trong giày của tôi.
I gave my half to Tom.,tôi đã đưa một nửa của mình cho tom.
I'm not used to dealing with people like Tom,tôi không quen giao tiếp với những người như tom
Can I sit with you?,tôi có thể ngồi với bạn chứ?
My mother is angry.,Mẹ tôi tức giận.
It's already eleven,nó đã mười một
It happens to everyone,nó xảy ra với tất cả mọi người
Tom reluctantly agreed to the proposal.,tom miễn cưỡng đồng ý với đề xuất.
She got up and left in the middle of our conversation,cô đứng dậy và rời đi giữa cuộc trò chuyện của chúng tôi
He got out his pen.,anh lấy bút ra.
Mary likes nuts,mary thích các loại hạt
We don't have anything to do right now.,chúng tôi không có gì để làm ngay bây giờ.
Tom blinked his eyes.,Tom chớp mắt.
John is older than Robert.,John già hơn robert.
Where's your bulletproof vest?,áo chống đạn của bạn đâu
Tom understood exactly what Mary wanted him to do.,tom hiểu chính xác những gì mary muốn anh ta làm.
I think Tom doesn't come here very often.,tôi nghĩ rằng tom không đến đây rất thường xuyên.
The baby cried all night,em bé khóc suốt đêm
I thought Tom had gotten over Mary.,tôi nghĩ tom đã vượt qua mary.
The lion is king of beasts.,sư tử là vua của các loài thú.
The dining area is rather busy,khu vực ăn uống khá bận rộn
The ribbon doesn't match the dress.,ruy băng không phù hợp với chiếc váy.
The scarecrow in the backyard fell over during the hurricane.,con bù nhìn ở sân sau ngã xuống trong cơn bão.
I go to work by bus,tôi đi làm bằng xe buýt
"On gift-giving occasions, people generally avoid giving money, but there are exceptions.","trong những dịp tặng quà, mọi người thường tránh đưa tiền, nhưng vẫn có ngoại lệ."
I'm falling in love with you.,Tôi đang rơi vào tình yêu với bạn.
What was all this about?,Tất cả những thứ này là về cái gì?
She should know better at her age,cô ấy nên biết rõ hơn ở tuổi của mình
He did not repeat the truth to anyone.,anh không nhắc lại sự thật với ai.
I want to come back here.,tôi muốn quay lại đây
Tom said he saw a shark the other day when he was swimming,Tom nói rằng anh ấy đã nhìn thấy một con cá mập vào một ngày khác khi anh ấy đang bơi
I heard her calling from the kitchen,tôi nghe cô ấy gọi từ bếp
Tom failed to pass the final exam.,tom không vượt qua kỳ thi cuối cùng
"Tom is honest and expects other people to be honest, too",tom là trung thực và mong người khác cũng trung thực
It gets worse,nó trở nên tồi tệ
Has that secretarial position been filled?,vị trí thư ký đó đã được lấp đầy chưa?
Tom knows I want to leave as soon as possible,tom biết tôi muốn rời đi càng sớm càng tốt
It may rain soon,trời có thể mưa sớm
I have to talk with her about the new plan.,tôi phải nói chuyện với cô ấy về kế hoạch mới.
I went fishing with my brother in the river,tôi đã đi câu cá với anh trai trên sông
I didn't mean to make Tom cry.,tôi không có ý làm tom khóc.
Don't despise a man because he is poor,đừng coi thường một người đàn ông vì anh ta nghèo
Do you want to leave with Tom?,bạn có muốn đi với tom không?
I know where he comes from.,tôi biết anh ấy đến từ đâu
When did you last see Tom?,Lần cuối bạn nhìn thấy tom là khi nào?
My husband is an expert when it comes to cooking Chinese food.,Chồng tôi là một chuyên gia khi nấu ăn Trung Quốc.
Christmas is approaching.,Giáng sinh đang đến gần.
The letter was written by hand,lá thư được viết bằng tay
I could have done it by myself.,tôi có thể tự làm điều đó
The police are questioning Tom,cảnh sát đang thẩm vấn tom
I threw up my food,tôi đã ném thức ăn của tôi
I'm fed up with his long talks.,Tôi chán ngấy với những cuộc nói chuyện dài của anh ấy.
That would be awkward.,đó sẽ là khó xử.
The circumstances did not allow me to go abroad.,hoàn cảnh không cho phép tôi ra nước ngoài.
You won't regret hiring Tom.,bạn sẽ không hối hận khi thuê tom.
Can I buy you dinner?,tôi có thể mua cho bạn bữa tối?
Who did you meet?,bạn đã gặp ai?
A good specimen might weigh up to a kilo,một mẫu vật tốt có thể nặng tới một kg
I know a store where you can buy that,tôi biết một cửa hàng nơi bạn có thể mua nó
My dream is to travel in a space shuttle.,Ước mơ của tôi là đi du lịch trong một tàu con thoi.
I could barely speak,tôi hầu như không thể nói
Tom had his rent money in the wallet he lost,Tom có tiền thuê trong ví mà anh ta mất
I'll give you the article I wrote on that matter,tôi sẽ cung cấp cho bạn bài viết tôi đã viết về vấn đề đó
"Two years ago, I traveled to Obihiro.","Hai năm trước, tôi đi du lịch đến obihiro."
"This soup is really delicious, isn't it?",món súp này rất ngon phải không?
The fire burnt ten houses down.,Ngọn lửa thiêu rụi mười căn nhà.
Tom came back early.,tom về sớm
He is busy correcting test papers.,anh đang bận sửa bài thi.
I had to get away from Tom.,tôi phải tránh xa tom.
Why don't we we play chess or something?,Tại sao chúng ta không chơi cờ hay gì đó?
Tom is desperate,tom đang tuyệt vọng
Have you ever brought your dog to this beach?,Bạn đã bao giờ đưa con chó của bạn đến bãi biển này?
I often listen to soothing music in order to relax.,tôi thường nghe nhạc êm dịu để thư giãn.
I'm not that kind of girl.,Tôi không phải là cô gái như vậy.
You were kind to help me.,bạn đã tử tế để giúp tôi
We had a very good time at the dinner,chúng tôi đã có một thời gian rất tốt tại bữa ăn tối
I hope this isn't a mistake.,tôi hy vọng đây không phải là một sai lầm.
I took a bus so I wouldn't be late for my appointment,tôi đã đi xe buýt vì vậy tôi sẽ không trễ hẹn
We fixed the date for our class reunion.,chúng tôi đã sửa ngày cho cuộc hội ngộ của lớp chúng tôi.
Tony took off his shirt and cleaned the piano with it.,Tony cởi áo ra và lau sạch cây đàn piano với nó.
We're getting nowhere.,chúng ta chẳng đi đến đâu cả.
Tom appeared suddenly.,tom xuất hiện bất ngờ.
Would you like to freshen up?,Bạn có muốn làm mới?
Tom left Mary a note.,tom trái mary một ghi chú.
You must wonder who I am,bạn phải tự hỏi tôi là ai
You make life worth living.,bạn làm cho cuộc sống đáng sống.
I shouldn't have to do that again,tôi không nên làm điều đó một lần nữa
Tom isn't creepy.,tom không đáng sợ.
Where did you all go for New Year's Eve?,tất cả các bạn đã đi đâu cho đêm giao thừa?
Can you come here for a minute?,bạn có thể đến đây một phút không?
I don't like to drive.,tôi không thích lái xe
I could stay with you,tôi có thể ở lại với bạn
They met on a blind date,họ gặp nhau vào một ngày mù
What's Tom doing here?,Tom đang làm gì ở đây?
I don't think Tom is the person you should be talking to,tôi không nghĩ tom là người bạn nên nói chuyện
I hope you enjoy your stay with us,tôi hy vọng bạn thích ở lại với chúng tôi
I didn't know who was going to meet me at the airport,tôi không biết ai sẽ gặp tôi ở sân bay
Tom asked a long string of questions,tom hỏi một chuỗi câu hỏi dài
"You have eaten lunch, haven't you?",bạn đã ăn trưa chưa
There's time.,Có thời gian.
How many years has Tom lived in Boston?,Tom đã sống ở boston bao nhiêu năm rồi?
Can I get you a cocktail?,tôi có thể lấy cho bạn một ly cocktail không?
The boy I thought was honest deceived me,cậu bé mà tôi nghĩ là thật lòng đã lừa dối tôi
Tom called Mary to ask if everything was OK,tom gọi mary để hỏi xem mọi thứ có ổn không
Whose glasses are these?,Mấy cái mắt kính này của ai thế?
What is the length of this piece of cloth?,chiều dài của mảnh vải này là gì?
My hair's too long.,tóc của tôi quá dài
Tom draws well.,tom vẽ tốt.
What kind of dreams do you have?,bạn có những giấc mơ nào
Tom celebrated his twentieth birthday last week.,Tom tổ chức sinh nhật lần thứ hai mươi vào tuần trước.
That's my cat.,đó là con mèo của tôi
She soon adjusted to his way of life,Cô sớm điều chỉnh cách sống của anh.
I am very glad school is over.,tôi rất vui vì trường học đã kết thúc
Have you ever started this engine?,Bạn đã bao giờ khởi động động cơ này?
We are here because we have a right to be involved in these decisions.,chúng tôi ở đây vì chúng tôi có quyền tham gia vào các quyết định này.
We've come home,chúng ta về nhà
The bottle Tom was holding had a purple label,Cái chai tom đang cầm có một nhãn màu tím
"At the party, one of his political opponents humiliated him in the presence of many guests","tại bữa tiệc, một trong những đối thủ chính trị của ông đã làm bẽ mặt ông trước sự chứng kiến của nhiều vị khách"
I know you want to help Tom,tôi biết bạn muốn giúp tom
Wait until I'm done eating.,Đợi đến khi tôi ăn xong.
We are anticipating receiving a gift from our uncle,chúng tôi đang mong nhận được một món quà từ chú của chúng tôi
Why don't you try listening?,tại sao bạn không thử nghe?
Stay on this side of the yellow line,ở bên này của dòng màu vàng
I really hate dairy products,tôi thực sự ghét các sản phẩm sữa
My sister can't start the day without reading her horoscope,chị tôi không thể bắt đầu ngày mới mà không đọc lá số tử vi của mình
Tom doesn't smoke anymore.,Tom không hút thuốc nữa.
He has gone back to California for good.,anh ấy đã trở lại california mãi mãi.
I'm so happy to meet you,tôi rất vui được gặp bạn
She always gets her own way,cô ấy luôn luôn có con đường của riêng mình
You can buy it at newsstands.,bạn có thể mua nó tại quầy thông tin.
This week is Fire Prevention Week,tuần này là tuần phòng cháy
Just give me a bit more time.,chỉ cần cho tôi thêm một chút thời gian
Tom ate breakfast by himself.,tom ăn sáng một mình.
He ate everything that was on his plate,anh ấy ăn mọi thứ trên đĩa
Father bought me a motorcycle.,bố mua cho con một chiếc xe máy.
"There's a cure for everything, except death","có cách chữa trị cho mọi thứ, ngoại trừ cái chết"
We were passengers,chúng tôi là hành khách
Let me speak to Tom first,hãy để tôi nói chuyện với tom trước
Your payment is now two months overdue,thanh toán của bạn bây giờ đã quá hạn hai tháng
I'm not going to stop.,Tôi sẽ không dừng lại.
There's another possibility,có một khả năng khác
I thought I was doing it your way,tôi nghĩ tôi đã làm theo cách của bạn
I'll get Tom to stay with you,tôi sẽ nhận tom ở lại với bạn
The room is spacious and light.,Căn phòng rộng rãi và nhiều ánh sáng.
He ran so fast that he was out of breath.,Anh chạy nhanh đến nỗi hết hơi.
What're you planning on doing after you graduate from high school?,bạn dự định làm gì sau khi tốt nghiệp trung học?
I thought I could be of some help,tôi nghĩ rằng tôi có thể giúp đỡ
You should bear that in mind.,bạn nên ghi nhớ điều đó
He sent an immediate reply to my telegram.,ông đã gửi một câu trả lời ngay lập tức cho bức điện tín của tôi.
Could you help us out here?,bạn có thể giúp chúng tôi ra khỏi đây?
It was just a stupid fight about something that didn't matter,đó chỉ là một cuộc chiến ngu ngốc về những điều không quan trọng
We don't have the time.,chúng ta không có thời gian
Just shut up,chỉ im lặng
"During that month, he had no money on which to live","Trong tháng đó, anh không có tiền để sống"
Everyone makes mistakes sometimes,đôi khi ai cũng mắc lỗi
His parents were furious,bố mẹ anh rất tức giận
Tom knows quite a lot about Mary.,tom biết khá nhiều về mary.
Don't blame Tom for this.,đừng đổ lỗi cho tom vì điều này
I no longer want that,tôi không còn muốn điều đó
Watch the prisoner.,xem tù nhân.
"To his surprise, the door opened by itself","Trước sự ngạc nhiên của anh, cánh cửa tự mở ra."
I waited more than two hours,tôi đã đợi hơn hai giờ
The doctor informed his patient of the name of his disease,bác sĩ thông báo cho bệnh nhân biết tên bệnh
Tom told Mary he needed her help.,Tom nói với mary anh cần cô giúp đỡ.
Tom was very sleepy,tom rất buồn ngủ
A clerk in the office is only a pawn in the game of big business.,một nhân viên bán hàng trong văn phòng chỉ là một con tốt trong trò chơi của các doanh nghiệp lớn.
That's plenty,thật nhiều
They say that Isabela died.,họ nói rằng isabela đã chết.
"Tom doesn't only teach the guitar, he often gives concerts.","Tom không chỉ dạy guitar, anh ấy thường tổ chức các buổi hòa nhạc."
The movie will have started before we get there,bộ phim sẽ bắt đầu trước khi chúng ta đến đó
Let me get this straight. You're my father?,hãy để tôi nói thẳng điều này bạn là bố tôi
How many more of you are there?,bạn còn bao nhiêu nữa
What is for dessert?,Món tráng miệng là gì?
That's not nice,Điều đó không tốt
Tom and Mary quietly slipped out of the room.,Tom và mary lặng lẽ rời khỏi phòng.
He is familiar with the subject,anh ấy quen thuộc với chủ đề này
What's so special about this place?,nơi này có gì đặc biệt?
Where is the logic in that?,Lý luận đó ở đâu?
Let's not allow Tom to do that,chúng ta đừng cho phép tom làm điều đó
He has gone to Hawaii on vacation,anh ấy đã đi hawaii vào kỳ nghỉ
It is a payday today,hôm nay là ngày trả lương
Tom has gone mad,tom đã phát điên
You are selling him short.,bạn đang bán anh ta ngắn.
I don't usually sweat like this,tôi thường không đổ mồ hôi như thế này
Tom asked Mary for a loan.,tom hỏi mary cho vay.
Are you saying that because you're afraid?,bạn đang nói vậy bởi vì bạn sợ?
Tom doesn't know what Mary expects from him,Tom không biết mary mong đợi gì ở anh ta
"Hey guys, I think I found something.","này các bạn, tôi nghĩ rằng tôi đã tìm thấy một cái gì đó"
I have eaten at Chuck's Diner on several occasions,tôi đã ăn ở quán ăn của chuck nhiều lần
Tom got muddy playing football,tom bị bùn chơi bóng đá
I don't think Tom knows how to run the business,tôi không nghĩ tom biết cách điều hành doanh nghiệp
I said I wasn't serious.,tôi nói tôi không nghiêm túc
I always watch the weather report before going out in the morning.,tôi luôn xem báo cáo thời tiết trước khi ra ngoài vào buổi sáng.
You never asked me.,bạn không bao giờ hỏi tôi
He fixed the net,anh ấy đã sửa lưới
I broke the vase on purpose.,Tôi đã phá vỡ chiếc bình trên mục đích.
"We met in 2008. A year later, we got married","chúng tôi gặp nhau vào năm 2008, một năm sau đó, chúng tôi kết hôn"
I've never given a speech before.,Tôi chưa bao giờ đưa ra một bài phát biểu trước đây.
I think Tom is finally asleep.,Tôi nghĩ rằng tom cuối cùng đã ngủ.
"So tell me, how many people were at your party?","cho tôi biết, có bao nhiêu người đã ở bữa tiệc của bạn?"
This project will involve 50 trained staff members.,dự án này sẽ có sự tham gia của 50 nhân viên được đào tạo.
How is your father?,bố bạn thế nào?
We nearly missed the train,chúng tôi suýt lỡ chuyến tàu
They gave me what I wanted.,họ đã cho tôi những gì tôi muốn.
Is this all there is?,Co phải đây la tât cả không?
Tom wanted me to get things started.,tom muốn tôi bắt đầu mọi thứ
Do you know the reason why two-thirds of the students did not attend the student meeting?,Bạn có biết lý do tại sao hai phần ba số sinh viên không tham dự cuộc họp sinh viên?
I think Tom was hiding something.,tôi nghĩ rằng tom đã che giấu điều gì đó.
What do you want to get Tom for Christmas?,Bạn muốn gì để có được tom cho Giáng sinh?
I wish the subway wasn't so crowded every morning,tôi ước tàu điện ngầm không quá đông đúc mỗi sáng
I'm touched by your concern.,Tôi cảm động trước sự quan tâm của bạn.
The argument lasted a long time because nobody would admit to being in the wrong,cuộc tranh cãi kéo dài vì không ai thừa nhận mình đã sai
Thank you very much for your present,cảm ơn bạn rất nhiều vì món quà của bạn
I named the kitten Tama.,tôi đặt tên cho mèo con
We removed the old furniture.,chúng tôi loại bỏ đồ cũ.
Let's go outside and eat,chúng ta hãy ra ngoài ăn
It's a quarter till two.,đó là một phần tư cho đến hai.
I can see clearly now.,Bây giờ tôi có thể nhìn rõ rồi.
Are you kidding me?,bạn đang đùa tôi à
Do you remember what happened?,bạn có nhớ những gì đã xảy ra?
What Tom saw made him unhappy.,những gì tom nhìn thấy làm anh không vui.
My daughter's driving me crazy.,Con gái tôi làm tôi phát điên.
Tom arrived last,tom đến lần cuối
Let me drive your new Toyota.,Hãy để tôi lái toyota mới của bạn.
Look in the mirror,nhìn vào gương
I've gotten hungry.,Tôi đã đói.
Tom is much fatter than Mary,tom béo hơn nhiều so với mary
I have clients waiting.,tôi có khách hàng đang chờ
The boy reached out for another piece of cake,Cậu bé với lấy một miếng bánh khác
I'm not going to argue with you.,Tôi sẽ không tranh luận với bạn.
I'm not usually still awake this late at night,Tôi thường không thức dậy vào đêm khuya
He donated a lot of money,anh ấy đã quyên góp rất nhiều tiền
She lives on milk and vegetables.,cô ấy sống bằng sữa và rau.
She was not the first to encourage me to do so.,cô ấy không phải là người đầu tiên khuyến khích tôi làm như vậy.
They sat side by side,họ ngồi cạnh nhau
"Here, sit down","ở đây, ngồi xuống"
Paul's sitting in front of Jack,paul đang ngồi trước jack
William Tell shot an arrow at the apple on his son's head,william nói bắn một mũi tên vào quả táo trên đầu con trai mình
When was the last time you washed the car?,Lần cuối bạn rửa xe là khi nào?
I didn't recognize him at first on the train.,tôi đã không nhận ra anh ta lúc đầu trên tàu.
Tom only seems to be busy in the morning.,Tom chỉ có vẻ bận rộn vào buổi sáng.
You can't stay here any longer.,bạn không thể ở đây lâu hơn.
Be careful what you wish for,Hãy cẩn thận những gì bạn mong muốn
Is Tom in a coma?,Tom đang hôn mê?
What can you do now?,bạn có thể làm gì bây giờ?
Tom told Mary to give him a call after dinner.,Tom bảo mary gọi cho anh ta sau bữa tối.
They are going shopping.,họ đang đi mua sắm
Could you please tell me why your were late?,bạn có thể vui lòng cho tôi biết tại sao bạn đến muộn?
Tom was very quick to volunteer.,tom rất nhanh để tình nguyện.
Tom was just stating the obvious,tom chỉ nói rõ ràng
"After a brief fight, they won","Sau một cuộc chiến ngắn, họ đã thắng"
You should call your lawyer,bạn nên gọi luật sư của bạn
Don't work too hard!,đừng làm việc quá sức
It won't take long to do the job,Sẽ không mất nhiều thời gian để thực hiện công việc
He went on doing it,anh ấy tiếp tục làm nó
I honestly have no idea,tôi thực sự không có ý tưởng
Betty is watering the flowers.,Betty đang tưới hoa.
I just wanted cash,tôi chỉ muốn tiền mặt
The issue of Third World poverty is very pressing,vấn đề nghèo đói thế giới thứ ba là rất cấp bách
She sometimes has her sister write her term papers.,đôi khi cô có chị gái viết giấy hạn.
Let them do their jobs.,hãy để họ làm công việc của họ
He had his sister help him paint the wall of his room,anh có chị gái giúp anh sơn tường phòng anh.
It is very short,nó rất ngắn
Tom gave Mary John's phone number,tom đã cho số điện thoại của mary john
I know where to start.,tôi biết bắt đầu từ đâu
You used to love that.,bạn đã từng yêu nó
I don't remember what Tom looked like.,tôi không nhớ tom trông như thế nào
You'll have to ask Tom about that. I don't know.,bạn sẽ phải hỏi tom về điều đó. tôi không biết.
Take your time. We have all afternoon to shop.,mất thời gian của bạn chúng tôi có tất cả các buổi chiều để mua sắm.
Tom was feeling sleepy.,Tom đã cảm thấy buồn ngủ.
Why are we going this way?,Tại sao chúng ta đi theo cách này?
That wouldn't really be a problem for me.,đó sẽ không thực sự là một vấn đề đối với tôi.
I'd be crazy to do that,tôi sẽ điên lên để làm điều đó
Mrs. North is very proud of her children.,Bà. Bắc rất tự hào về con mình.
She's got a cat. The cat's white.,cô ấy có một con mèo. Con mèo trắng.
I knew we were going to get married the moment I met you.,tôi biết chúng tôi sẽ kết hôn ngay khi tôi gặp bạn.
"When he would not give them higher pay, they went on strike.","khi anh ta không cho họ lương cao hơn, họ đã đình công."
Do it carefully. I don't like botched jobs,làm nó thật cẩn thận. tôi không thích những công việc khó khăn
I want a piece of pie.,tôi muốn một miếng bánh
It happened more than three days ago.,nó đã xảy ra hơn ba ngày trước.
I still expect Tom to help me solve the problems he created,tôi vẫn mong tom giúp tôi giải quyết những vấn đề anh ấy tạo ra
I couldn't even understand the main point of what he said.,tôi thậm chí không thể hiểu ý chính của những gì anh ấy nói.
Samantha has arrived,samantha đã đến
Why aren't you laughing?,tại sao bạn không cười
Tom drank three glasses of wine.,tom uống ba ly rượu.
Let's go to a store with lower prices,Hãy đến một cửa hàng với giá thấp hơn
Please transfer 450 dollars to my account.,vui lòng chuyển 450 đô la vào tài khoản của tôi.
Our teacher separated us into two groups.,giáo viên của chúng tôi tách chúng tôi thành hai nhóm.
My schedule is pretty crazy.,lịch trình của tôi là khá điên rồ.
We should do this more often,Chúng ta nên làm điều này thường xuyên hơn
There is a lake in front of my house.,Có một cái hồ trước nhà tôi.
"It was very cold, and what was worse, it began to rain","trời rất lạnh, và điều tồi tệ hơn là trời bắt đầu mưa"
You are richer than I am because your pay is double my pay,bạn giàu hơn tôi vì lương của bạn gấp đôi lương của tôi
I got caught in a traffic jam on the Autobahn,tôi bị kẹt xe ở Autobahn
The boy did nothing but cry all day long.,Cậu bé không làm gì ngoài khóc suốt ngày.
I'm not sure I have enough time finish this report,tôi không chắc mình có đủ thời gian để hoàn thành báo cáo này
Tom drives a Datsun.,tom lái một datsun.
Where is he going to settle down?,Anh ấy định cư ở đâu?
I got bored with his long talk,tôi đã chán với cuộc nói chuyện dài của anh ấy
I would like to address two questions.,tôi muốn giải quyết hai câu hỏi
The parents couldn't make out what their daughter wanted.,cha mẹ không thể biết được con gái họ muốn gì.
Would you please close the window?,bạn vui lòng đóng cửa sổ chứ?
I'd like to make an appointment with Dr. King.,Tôi muốn làm một cuộc hẹn với dr. nhà vua.
Tom doesn't know where Mary is,tom không biết mary ở đâu
There's nothing we can do to save Tom.,chúng tôi không thể làm gì để cứu tom.
I didn't know Tom was going to Boston with Mary.,tôi không biết tom sẽ đến boston với mary.
I'd like to transfer some funds from my account to another account.,Tôi muốn chuyển một số tiền từ tài khoản của tôi sang tài khoản khác.
"According to the radio, it will rain tomorrow.","Theo đài phát thanh, ngày mai trời sẽ mưa."
That's unfair,thật không công bằng
He asked $5 for it,anh ấy đã hỏi $ 5 cho nó
How old is the Eiffel Tower?,tháp eiffel bao nhiêu tuổi
"He's shy, and never speaks unless spoken to. You have to talk to him","Anh ấy ngại ngùng, và không bao giờ nói trừ khi được nói chuyện. bạn phải nói chuyện với anh ấy"
Is that our problem?,đó có phải là vấn đề của chúng ta không?
I'm older than Tom.,Tôi lớn tuổi hơn tom.
I wanted to kill Tom,tôi muốn giết tom
See what you can find.,xem những gì bạn có thể tìm thấy.
We have no choice but to give up the whole plan.,chúng tôi không có lựa chọn nào khác ngoài từ bỏ toàn bộ kế hoạch.
I saw the sights of Kyoto during my vacation,tôi đã nhìn thấy cảnh đẹp của kyoto trong kỳ nghỉ của tôi
"I had no more than 1,000 yen",tôi đã có không quá 1.000 yên
Tom turned when he heard Mary shout.,Tom quay lại khi nghe tiếng mary hét lên.
We seem to have escaped from danger,chúng ta dường như đã thoát khỏi nguy hiểm
I'm coming back to Boston in October.,Tôi sẽ trở lại boston vào tháng mười.
There were too many people there,có quá nhiều người ở đó
I hope we have a white Christmas,tôi hy vọng chúng ta có một Giáng sinh trắng
He makes a point of reading newspapers after dinner.,Anh ấy đọc báo sau bữa tối.
Now stay there.,bây giờ ở lại đó
I chopped the onions and put them in a casserole with butter and oil,tôi băm nhỏ hành tây và cho chúng vào một cái hầm với bơ và dầu
Can you bring down my trunk from upstairs?,bạn có thể mang thân cây của tôi xuống từ trên lầu không?
His remark was not intended to be a factual statement.,nhận xét của ông không có ý định là một tuyên bố thực tế.
I didn't know Tom was going to come with us,tôi không biết tom sẽ đi cùng chúng tôi
That's the theory,đó là lý thuyết
I don't know either boy,tôi cũng không biết
I need it yesterday,tôi cần nó ngày hôm qua
Let's work together,Hãy làm việc cùng nhau
She is said to have been beautiful.,cô ấy được cho là xinh đẹp
I'll give Tom half of my share.,Tôi sẽ cho tom một nửa số chia sẻ của tôi.
I don't think Tom will want to go with us.,tôi không nghĩ tom sẽ muốn đi với chúng tôi.
I am very sad today,tôi rất buồn vào hôm nay
I work hard and play hard,Tôi làm việc chăm chỉ và chơi hết mình
The picnic was a disappointment,buổi dã ngoại là một sự thất vọng
I have something you want.,tôi có thứ bạn muốn
"After his wife died, he lived for quite a few more years.","Sau khi vợ mất, anh ta sống thêm vài năm nữa."
He substituted for his father,ông thay thế cho cha mình
Were there any glasses on the table?,Có cái ly nào trên bàn không?
We ought to send Jordan to the hospital,chúng ta nên gửi jordan đến bệnh viện
He went to America last year to brush up his English,anh ấy đã đến Mỹ năm ngoái để cải thiện tiếng Anh của mình
You have no obligation to help,bạn không có nghĩa vụ phải giúp đỡ
Peter and Emma are just friends. There's nothing between him and her,peter và emma chỉ là bạn bè không có gì giữa anh ấy và cô ấy
I looked at myself in the mirror and I didn't like what I saw,tôi nhìn mình trong gương và tôi không thích những gì tôi thấy
They have lived here for a long time.,họ đã sống ở đây trong một thời gian dài.
"He was about to fall asleep, when he heard his name called.","Anh sắp ngủ thiếp đi, khi nghe tên anh gọi."
Has Tom ever told you why he doesn't like Mary?,Tom đã bao giờ nói với bạn tại sao anh ta không thích mary chưa?
This and that are two different stories.,Đây và đó là hai câu chuyện khác nhau.
The police are looking into his disappearance,cảnh sát đang xem xét sự mất tích của anh ta
Here come the police. Let's get out of here,đến đây cảnh sát. hãy ra khỏi đây
"Whether he agrees or not, we won't change our plans.","cho dù anh ta có đồng ý hay không, chúng tôi sẽ không thay đổi kế hoạch của chúng tôi."
I never thought I'd want to buy an iPad.,Tôi chưa bao giờ nghĩ rằng tôi muốn mua một chiếc ipad.
They killed Tom as an example to the other prisoners.,họ đã giết tom như một ví dụ cho các tù nhân khác.
He's very shy. He says he wants to see you,Anh ấy rất ngại. anh ấy nói muốn gặp bạn
Tom certainly looks like he wants to start a fight.,Tom chắc chắn trông giống như anh ấy muốn bắt đầu một cuộc chiến.
Tom handed Mary a thick gray envelope.,Tom đưa cho mary một phong bì màu xám dày.
Tokyo has a larger population than any other city in Japan.,tokyo có dân số đông hơn bất kỳ thành phố nào khác ở Nhật Bản.
We'll eat lunch after we get home,chúng ta sẽ ăn trưa sau khi về nhà
I only slept for three hours,tôi chỉ ngủ được ba tiếng
I gave it to Tom,tôi đã đưa nó cho tom
Wasn't Tom supposed to be here?,Tom không ở đây à?
We rented a romantic comedy,chúng tôi đã thuê một bộ phim hài lãng mạn
The medicine didn't do me any good,thuốc không làm tôi tốt chút nào
Tom broke his collarbone when he was thirteen,Tom bị gãy xương đòn khi anh mười ba tuổi
I don't want Tom to be disappointed.,tôi không muốn tom thất vọng.
He bought me a nice camera,anh ấy đã mua cho tôi một chiếc máy ảnh đẹp
You can't go in there alone,bạn không thể đến đó một mình
They were having marriage problems,họ đã có vấn đề hôn nhân
You've really earned this.,bạn đã thực sự kiếm được điều này.
These shoes are too expensive.,những đôi giày này quá đắt
You have to hurry if you want to go with them,bạn phải nhanh lên nếu bạn muốn đi với họ
The shrine was built two hundred years ago.,Ngôi đền được xây dựng cách đây hai trăm năm.
You will be paid according to your ability.,bạn sẽ được trả tiền theo khả năng của bạn.
I try not to dwell on the past.,tôi cố gắng không để quá khứ.
She knew better than to believe him.,Cô biết rõ hơn là tin anh.
It took many torpedo hits to send the battleship Bismarck to Davy Jones's locker.,phải mất nhiều lần trúng ngư lôi để gửi tàu chiến bismarck tới tủ khóa của dones jones.
I buried it,tôi đã chôn nó
That was a stupid idea,đó là một ý tưởng ngu ngốc
They have a very good curriculum at that university.,họ có một chương trình giảng dạy rất tốt tại trường đại học đó.
Bob found various kinds of nuts.,bob tìm thấy các loại hạt.
Let's discuss it over dinner.,Hãy thảo luận về nó trong bữa tối.
"Not only was he a doctor, he was also a very famous novelist.","Ông không chỉ là một bác sĩ, ông còn là một tiểu thuyết gia rất nổi tiếng."
He's the fifth man in line,anh ấy là người đàn ông thứ năm trong hàng
"Can I have a word, please?",tôi có thể có một từ được không?
Would that be possible?,Điều đó có thể không?
"Tom bought a camera just a couple of days ago, but he's already lost it","Tom đã mua một chiếc máy ảnh chỉ vài ngày trước, nhưng anh ấy đã mất nó"
I have to pull a ripcord to start my lawn mower.,tôi phải kéo ripcord để khởi động máy cắt cỏ.
What did Tom forget?,Tom đã quên cái gì?
I can't imagine it,tôi không thể tưởng tượng nó
Food is a basic necessity,thực phẩm là một nhu cầu cơ bản
We live together.,chúng tôi sống cùng nhau
I had forgotten all about today's meeting. I'm glad you reminded me.,tôi đã quên tất cả về cuộc họp hôm nay. Tôi rất vui vì bạn đã nhắc nhở tôi.
Why should I talk to you?,tại sao tôi nên nói chuyện với bạn
You should have known better than to lend him money,bạn nên biết nhiều hơn là cho anh ta mượn tiền
We made the best of that bad situation,chúng tôi đã làm tốt nhất tình huống xấu đó
I bet he doesn't make it,tôi cá là anh ấy không làm được
Who turned off the light?,ai tắt đèn?
I can explain why I needed it.,tôi có thể giải thích tại sao tôi cần nó
I've visited Boston a few times,tôi đã đến thăm boston một vài lần
I am allowed to swim in the river,tôi được phép bơi trên sông
Can you tell me where you are?,bạn có thể cho tôi biết bạn đang ở đâu?
Don't mess things up.,đừng làm mọi thứ rối tung lên
She undertook the responsibility for the project,cô đảm nhận trách nhiệm cho dự án
Thousands of people attended,hàng ngàn người tham dự
Tom wouldn't have been able to manage without Mary's support,tom sẽ không thể quản lý mà không có sự hỗ trợ của mary
Tom knows exactly how Mary feels.,tom biết chính xác cảm giác của mary.
There's plenty to talk about,có rất nhiều điều để nói
A bird is singing in the tree,một con chim đang hót trên cây
He caught them stealing apples,ông bắt chúng ăn cắp táo
Please explain it,hãy giải thích nó
This is Tom speaking. I'd like to speak to Mary,đây là tom nói. tôi muốn nói chuyện với mary
My father can speak French as well as English,cha tôi có thể nói tiếng Pháp cũng như tiếng Anh
The radio is on.,radio đang bật.
I know what we should do.,tôi biết những gì chúng ta nên làm.
I should probably lose a little weight,tôi có lẽ nên giảm một chút cân nặng
"""You look pale. Are you sick?"" ""Not exactly.""","""bạn trông nhợt nhạt. Bạn có bị bệnh không?"" ""không chính xác."""
Do I look like a guy who wants to get married?,Trông tôi có giống một chàng trai muốn kết hôn không?
My father is going to retire soon.,Bố tôi sẽ nghỉ hưu sớm.
Tom was seen stealing apples from the neighbor's tree.,Tom đã được nhìn thấy ăn cắp táo từ cây hàng xóm.
Are you planning on helping Tom?,bạn có kế hoạch giúp tom không?
What will you do if you fail the exam?,Bạn sẽ làm gì nếu bạn trượt kỳ thi?
Tom said he wanted to go swimming with us,Tom nói anh ấy muốn đi bơi với chúng tôi
Tom is the only one Mary will talk to,tom là người duy nhất sẽ nói chuyện với
How could Tom be so stupid?,Làm thế nào tom có thể ngu ngốc như vậy?
What's the big attraction?,Điểm thu hút lớn là gì?
Tom doesn't have much time to waste,tom không có nhiều thời gian để lãng phí
Manuela's dresses are very elegant.,váy của manuela rất thanh lịch.
You'll be receiving your license in the mail,bạn sẽ nhận được giấy phép của bạn qua thư
Did you go to the last class?,bạn đã đi đến lớp học cuối cùng chưa?
Are you one of Tom's students?,bạn có phải là một trong những học sinh của tom không?
You're very skeptical.,bạn đang rất hoài nghi.
"Fish, please","cá, làm ơn"
The old lady was kind enough to show me the way to the station.,người phụ nữ tốt bụng chỉ cho tôi đường đến nhà ga.
This bar is much busier later in the evening,quán bar này bận rộn hơn nhiều vào buổi tối
We visited our old school.,chúng tôi đã đến thăm trường cũ của chúng tôi.
I was bored because I had seen the movie before,tôi đã chán vì tôi đã xem bộ phim trước đó
Tom didn't say anything about why he was late.,Tom không nói gì về lý do anh đến muộn.
He is a handsome man.,anh ấy là một người đàn ông đẹp trai.
I'd like to open a bank account.,Tôi muốn mở một tài khoản ngân hàng.
Your CV has really impressed me,cv của bạn đã thực sự gây ấn tượng với tôi
Did they say anything?,họ có nói gì không?
Tom is staying in Boston.,tom đang ở boston.
You must be Tom and Mary.,bạn phải là tom và mary.
Don't you think I want to believe you?,bạn không nghĩ tôi muốn tin bạn sao?
She came in quietly so she wouldn't wake up the baby,Cô lặng lẽ đi vào để cô không đánh thức đứa bé
You and I have unfinished business.,bạn và tôi có việc chưa hoàn thành
The baby was sleeping in the cradle,em bé đang ngủ trong nôi
I couldn't quite hear you,tôi không thể nghe thấy bạn
Tom can go home.,tom có thể về nhà
Mary is Tom's daughter,mary là con gái của tom
He picked out the best book.,Anh chọn ra cuốn sách hay nhất.
"Do you think Tom saw it, too?",bạn có nghĩ rằng tom cũng nhìn thấy nó không?
Tom knows what's coming.,Tom biết những gì sắp tới.
Tom got out of the van,tom ra khỏi xe
Atoms are in everything.,nguyên tử là trong tất cả mọi thứ.
The airplane climbed sharply.,Máy bay leo dốc mạnh.
I'm not turning back.,Tôi không quay lại.
She wanted him to say that he loved her,cô muốn anh nói rằng anh yêu cô
He is careless in everything.,Anh ấy bất cẩn trong mọi thứ.
We've got a lot of things to do first.,chúng tôi có rất nhiều việc phải làm trước tiên.
What does this have to do with us?,cái này có liên quan gì đến chúng ta
Give it to Tom.,đưa nó cho tom.
What were you saying?,Bạn đang nói gì vậy?
I'm perfectly fine,tôi hoàn toàn ổn
I have to cook dinner.,tôi phải nấu bữa tối
He had the right idea,anh ấy đã có ý tưởng đúng
I can't believe Tom bought that house,tôi không thể tin tom mua căn nhà đó
I'm not guilty,Tôi không có tội
It would have been nice if Tom had listened to what I said more carefully,Sẽ thật tuyệt nếu tom lắng nghe những gì tôi nói cẩn thận hơn
I don't want you to worry about anything,tôi không muốn bạn lo lắng về bất cứ điều gì
Please push the table over this way.,xin vui lòng đẩy bảng theo cách này.
The fog closed in,sương mù đóng lại
I came as soon as I could,tôi đến sớm nhất có thể
"While some private and church schools in America have uniforms, they are not common.","trong khi một số trường tư và nhà thờ ở Mỹ có đồng phục, chúng không phổ biến."
He is younger than me by three years,anh ấy trẻ hơn tôi ba tuổi
I am going down the stairs.,tôi đang đi xuống cầu thang
Let's sing a happy song,hãy hát một bài hát vui vẻ
My parents want me to come home.,bố mẹ tôi muốn tôi về nhà
Have you finished your preparations for the trip?,bạn đã chuẩn bị xong cho chuyến đi chưa?
What did you do next?,bạn đã làm gì tiếp theo?
I know exactly when that happened,tôi biết chính xác khi điều đó xảy ra
Psycho-horror films dealing with the mysteries of human psychology are popular these days,Những bộ phim kinh dị tâm lý liên quan đến những bí ẩn của tâm lý con người đang phổ biến ngày nay
I think it's dangerous to climb that mountain alone.,Tôi nghĩ thật nguy hiểm khi leo lên ngọn núi đó một mình.
I tried solving the problem,tôi đã cố gắng giải quyết vấn đề
Whose is it?,nó là của ai
I don't think I could ever do this again,tôi không nghĩ rằng tôi có thể làm điều này một lần nữa
I have to buy a new scanner,tôi phải mua một máy quét mới
There was a lot to eat.,Có rất nhiều thứ để ăn.
It's dangerous to expose babies to strong sunlight,Thật nguy hiểm khi để em bé tiếp xúc với ánh sáng mặt trời mạnh
Turn your face this way.,quay mặt theo cách này
I was on the road.,tôi đang trên đường
"Now that I have enough money, I can get that camera.","Bây giờ tôi có đủ tiền, tôi có thể lấy chiếc máy ảnh đó."
I speak Spanish,tôi nói tiếng Tây Ban Nha
He glared at me fiercely,anh ấy lườm tôi dữ dội
I have a lot more homework than Tom does,tôi có nhiều bài tập về nhà hơn tom
The player faked an injury,cầu thủ bị chấn thương
His carelessness brought about the accident,sự bất cẩn của anh ấy đã gây ra tai nạn
My brother prefers windsurfing,anh tôi thích lướt ván
He wrote a book on porcelain,ông đã viết một cuốn sách về đồ sứ
Have you gone nuts?,bạn đã đi hạt chưa
He is married with two children.,Ông có vợ và hai con.
Is there something in there?,Có cái gì trong đó không?
Let me think it over for a couple of days.,hãy để tôi nghĩ về nó trong một vài ngày
Tom had a terrible childhood,tom có một tuổi thơ khủng khiếp
Tom shared his lunch with me,tom chia sẻ bữa trưa của anh ấy với tôi
I'm not in favor of such a plan,Tôi không ủng hộ một kế hoạch như vậy
Tom kept crying all night,tom khóc suốt đêm
Obesity is a national epidemic,béo phì là một dịch bệnh quốc gia
I can't stand all this noise.,tôi không thể chịu đựng được tiếng ồn này
How many guards were there?,Có bao nhiêu lính canh ở đó?
I know how frustrating this must be,tôi biết điều này phải bực bội như thế nào
I really hate job hunting.,Tôi thực sự ghét săn việc.
I'd like to ask you some questions now.,Tôi muốn hỏi bạn một số câu hỏi bây giờ.
He must be the principal,anh ấy phải là hiệu trưởng
Moses came down from the mountain bearing divine commandments,Moses từ trên núi mang điều răn
I have no time for reading.,tôi không có thời gian để đọc
Tom doesn't have to do it.,Tom không phải làm điều đó.
I was taken in by the salesman,tôi đã được nhân viên bán hàng đưa vào
He's the one who touched me.,Anh ấy là người đã chạm vào tôi.
"Tom didn't win the race, ruining his perfect record.","Tom đã không chiến thắng cuộc đua, phá hỏng kỷ lục hoàn hảo của mình."
We're unambitious,chúng tôi không quan tâm
"In Australia, they speak English.","ở Úc, họ nói tiếng Anh."
I gather you don't like him.,tôi tập hợp bạn không thích anh ấy.
It doesn't work so well because the battery is low.,Nó không hoạt động tốt vì pin yếu.
Tom complained about the accommodations.,tom phàn nàn về chỗ ở.
You must choose between honor and death.,bạn phải chọn giữa danh dự và cái chết.
May I suggest something?,tôi có thể đề nghị một cái gì đó?
He's up there waiting for you,anh ấy đang đợi bạn
Tom congratulated Mary for her driving test.,tom chúc mừng mary cho bài kiểm tra lái xe của cô.
We have to tell them something.,chúng ta phải nói với họ điều gì đó
We live in the neighborhood of the school.,chúng tôi sống trong khu phố của trường
We don't have a problem,chúng tôi không có vấn đề gì
You should leave right now,bạn nên rời đi ngay bây giờ
I'm not sure what I should do,tôi không chắc mình nên làm gì
I don't know where Tom is from,tôi không biết tom đến từ đâu
How did you get here?,bạn đến đây bằng cách nào?
Were you alone?,bạn ở một mình à
Stay and watch,ở lại và xem
She quoted a poem by Keats,cô ấy trích dẫn một bài thơ của keats
It's from the Bible,nó đến từ kinh thánh
There was a small audience in the hall.,Có một khán giả nhỏ trong hội trường.
I will eat supper at seven.,tôi sẽ ăn bữa tối lúc bảy giờ
I touched the bottom of the pool.,Tôi chạm vào đáy hồ bơi.
I received a Christmas card from my brother in Italy,tôi đã nhận được một tấm thiệp Giáng sinh từ anh trai của tôi ở Ý
I'm attentive.,Tôi đang chú ý.
I have an exam tomorrow,tôi có một bài kiểm tra vào ngày mai
What's wrong with this one?,Có chuyện gì với cái này vậy?
I can read them all,tôi có thể đọc tất cả
They released Tom,họ đã phát hành tom
John is my best friend.,John là người bạn tốt nhất của tôi.
He got out of the cab in haste.,Anh vội vã bước ra khỏi chiếc taxi.
Tom expected at least a ten percent return on his investment.,tom mong đợi lợi nhuận ít nhất mười phần trăm cho khoản đầu tư của mình.
A man's worth lies in what he is rather than what he has.,giá trị của một người đàn ông nằm ở những gì anh ta hơn là những gì anh ta có.
I thought Tom would get here ahead of us,tôi nghĩ tom sẽ đến đây trước chúng ta
Tom had barely taken his coat off when they started asking questions.,Tom hầu như không cởi áo khoác khi họ bắt đầu đặt câu hỏi.
"He has some grave defects, but I think he is a great scholar all the same.","anh ta có một số khiếm khuyết nghiêm trọng, nhưng tôi nghĩ rằng anh ta là một học giả tuyệt vời như nhau."
Did you take Tom's advice?,bạn đã nghe lời khuyên của tom chưa?
I'm fixing something.,Tôi đang sửa cái gì đó.
Tom was involved in a traffic accident.,tom đã tham gia vào một vụ tai nạn giao thông.
This ice is going to crack.,băng này sẽ nứt.
Tom is the only member of the baseball team that Mary knows,tom là thành viên duy nhất của đội bóng chày mà mary biết
We started talking,chúng tôi bắt đầu nói chuyện
You need to figure out what you're doing wrong.,bạn cần tìm ra những gì bạn đang làm sai.
He saw a UFO flying last night,anh ấy thấy một con ufo bay đêm qua
I've got plenty of money,tôi đã có nhiều tiền
I'll be leaving in March.,Tôi sẽ rời đi vào tháng ba.
I think I may have a picture of Tom I can show you.,tôi nghĩ rằng tôi có thể có một hình ảnh của tom tôi có thể cho bạn thấy.
That's what you said last time.,đó là những gì bạn nói lần trước
"If we're going to do this, let's do it right.","Nếu chúng ta sẽ làm điều này, hãy làm điều đó đúng."
I went to the airport to see my mother off,tôi đã đến sân bay để tiễn mẹ tôi
I decided to be a doctor.,tôi quyết định làm bác sĩ
He is famous both at home and abroad.,Anh ấy nổi tiếng cả trong và ngoài nước.
We will have to postpone the game.,chúng tôi sẽ phải hoãn trò chơi
The increase in juvenile delinquency is a serious problem,sự gia tăng tội phạm vị thành niên là một vấn đề nghiêm trọng
Tom is furious,tom là tức giận
That tour already has a waiting list,tour đó đã có sẵn danh sách chờ
That seems fair,điều đó có vẻ công bằng
He stuck a flower in his buttonhole,anh ta cắm một bông hoa vào cái khuy
"I spent three years looking for a good director, but couldn't find one.","tôi đã dành ba năm để tìm một đạo diễn giỏi, nhưng không thể tìm được."
I went to see the movies yesterday.,tôi đã đi xem phim ngày hôm qua
"This isn't your place, is it?","Đây không phải là nơi của bạn, phải không?"
You're so cute together.,bạn thật dễ thương với nhau
I'm sure it wasn't easy.,Tôi chắc chắn rằng nó không dễ dàng.
I've decided to be more positive and give it all I've got,tôi đã quyết định tích cực hơn và cho đi tất cả những gì tôi có
Tom wouldn't be too surprised if Mary didn't like the puppy he gave her,Tom sẽ không quá ngạc nhiên nếu mary không thích chú chó con mà anh ấy tặng cô ấy
Tom has written a very good paper on the production of rubber,Tom đã viết một bài báo rất hay về sản xuất cao su
He took charge of the family business after his father died.,ông phụ trách công việc kinh doanh của gia đình sau khi cha mất.
I built a house within a stone's throw of the forest,tôi đã xây một ngôi nhà trong một khu rừng ném đá
I have no money in my pocket.,tôi không có tiền trong túi
She doesn't like anyone,cô ấy không thích ai
What size do you take?,bạn có kích thước bao nhiêu
James was caught in a shower,James bị bắt gặp khi đang tắm
Do you think you can live on a dollar a day in America?,Bạn có nghĩ rằng bạn có thể sống bằng một đô la một ngày ở Mỹ không?
Are you falling for Tom?,bạn đang yêu tom phải không?
That was then and this is now.,Đó là sau đó và đây là bây giờ.
I think we still have plenty of time,tôi nghĩ chúng ta vẫn còn nhiều thời gian
"Before long, she came into my room.","Không lâu sau, cô ấy vào phòng tôi."
Ken was looking for you,ken đang tìm bạn
I'll be in my office from ten tomorrow,tôi sẽ ở trong văn phòng của tôi từ mười ngày mai
Tom couldn't ask for more,tom không thể yêu cầu thêm
Tom is still interested in buying your old car,Tom vẫn quan tâm đến việc mua chiếc xe cũ của bạn
Tom wouldn't tell me anything about what happened that night.,Tom sẽ không cho tôi biết bất cứ điều gì về những gì đã xảy ra đêm đó.
My watch loses three minutes a day,đồng hồ của tôi mất ba phút mỗi ngày
I thought you wanted this,tôi nghĩ bạn muốn điều này
This doll has big eyes.,con búp bê này có đôi mắt to.
"Even though Tom is my neighbor, I don't know him very well","mặc dù tom là hàng xóm của tôi, tôi không biết rõ về anh ấy"
Tom stayed in Boston for three days,tom ở lại boston trong ba ngày
I rode my bicycle a lot today.,hôm nay tôi đạp xe rất nhiều
Tom should've known better.,Tom nên biết nhiều hơn.
That is the shop where I used to work.,đó là cửa hàng nơi tôi từng làm việc
I lent him a magazine.,tôi cho anh ấy mượn tạp chí
They won't be in time for the meeting,họ sẽ không đến kịp cuộc họp
"Because of the typhoon, my parents ended their trip one day early.","Vì cơn bão, bố mẹ tôi đã kết thúc chuyến đi sớm một ngày."
I'm trying to work out this problem,tôi đang cố gắng giải quyết vấn đề này
He's an absolute fool,anh ấy là một kẻ ngốc tuyệt đối
Maybe they're hungry.,có lẽ họ đang đói
What is the harm in doing that?,tác hại của việc đó là gì?
Do you feel like going swimming?,bạn có thích đi bơi không
It was disgraceful,thật là ô nhục
"Tom can't speak French, can he?","Tom không thể nói tiếng Pháp, phải không?"
Tom bet Mary that he could beat her at arm wrestling,Tom cá cược rằng anh ta có thể đánh bại cô ta trong cuộc đấu vật tay
"It's my responsibility, isn't it?","Đó là trách nhiệm của tôi, phải không?"
This is the watch that I bought yesterday,đây là chiếc đồng hồ mà tôi đã mua ngày hôm qua
I thanked him for lending me a book,tôi cảm ơn anh ấy đã cho tôi mượn một cuốn sách
Tom told me I had done a pretty good job.,Tom nói với tôi rằng tôi đã làm một công việc khá tốt.
We'll have to come up with something soon.,chúng tôi sẽ phải đưa ra một cái gì đó sớm.
He was paralyzed by fear.,anh bị tê liệt vì sợ hãi.
I worked for a full 24 hours without getting any sleep.,tôi làm việc đủ 24 giờ mà không ngủ được.
I quit smoking three years ago,tôi đã bỏ thuốc lá ba năm trước
I'm too tired to think,tôi quá mệt mỏi để suy nghĩ
Put the question in writing,đặt câu hỏi bằng văn bản
Do you envy your neighbors?,bạn có ghen tị với hàng xóm của bạn?
I want to give you a goodbye kiss,tôi muốn trao cho bạn một nụ hôn tạm biệt
It was silly of you to make such a mistake,thật là ngớ ngẩn khi bạn phạm phải một sai lầm như vậy
Today is the anniversary of his death.,hôm nay là ngày giỗ của ông.
I addressed the envelope containing the invitation.,tôi gửi địa chỉ phong bì chứa lời mời.
The rumor is true to some extent.,tin đồn là đúng ở một mức độ nào đó.
He came to London to study English,anh đến london để học tiếng anh
The station is about three miles from here,trạm là khoảng ba dặm từ đây
"He came back not because he was homesick, but because he was running short of money","Anh ta quay lại không phải vì nhớ nhà, mà vì anh ta đang thiếu tiền"
Tom asked me to look after you,tom yêu cầu tôi chăm sóc bạn
"I had a couple of questions, but I didn't ask them.","tôi đã có một vài câu hỏi, nhưng tôi đã không hỏi họ."
I'm kind of full,tôi là người đầy đủ
She saved money for a rainy day.,Cô tiết kiệm tiền cho một ngày mưa.
We had a lot more fun in Boston than we thought we would,chúng tôi đã có nhiều niềm vui ở boston hơn chúng tôi nghĩ chúng tôi sẽ
"Could you give us a minute, please?",bạn có thể cho chúng tôi một phút được không?
I will not be able to pick up Shigemi at the kindergarten,tôi sẽ không thể nhận shigemi ở trường mẫu giáo
The teacher wrote French words on the blackboard.,giáo viên viết từ tiếng Pháp trên bảng đen.
Tom and Mary reached the front door at the same time.,tom và mary đến cửa trước cùng một lúc.
Vegemite is awesome,vegemite là tuyệt vời
He seems to have a habit of getting on his coworker's back when he makes a mistake.,anh ta dường như có thói quen trở lại với đồng nghiệp khi anh ta phạm lỗi.
Tom could see that Mary was in a lot of pain.,Tom có thể thấy rằng mary đã rất đau đớn.
I'm not expecting anyone,tôi không mong đợi ai
Tom was gone,tom đã biến mất
I can work anywhere I want,tôi có thể làm việc ở bất cứ đâu tôi muốn
What in the world are you getting at?,bạn đang làm gì trên thế giới?
That's the whole problem,đó là toàn bộ vấn đề
When will they give a concert?,Khi nào họ sẽ tổ chức một buổi hòa nhạc?
Who do you suspect stole your wallet?,bạn nghi ngờ ai đã lấy trộm ví của bạn?
Where were you at the time of the murder?,bạn đã ở đâu trong vụ giết người?
Tell me how to get to the restaurant we're going to be eating at.,cho tôi biết làm thế nào để đến nhà hàng chúng ta sẽ ăn ở.
We had to get something to eat so we stopped at a restaurant near the exit,chúng tôi phải đi ăn gì đó nên dừng lại ở một nhà hàng gần lối ra
I want a book in Swedish,tôi muốn một cuốn sách ở Thụy Điển
All governments will have to cooperate in this matter,tất cả các chính phủ sẽ phải hợp tác trong vấn đề này
Tom phoned to say he was on his way.,Tom gọi điện để nói rằng anh ấy đang trên đường.
Delivery is not included in the price,giao hàng không được bao gồm trong giá
That leaves no room for doubt,không còn chỗ để nghi ngờ
Tom had his key dangling around his neck on a chain,Tom có chìa khóa lủng lẳng quanh cổ trên một sợi xích
"Normally this wouldn't worry the pilot, but recently this kind of thing has been happening more and more often","thông thường điều này sẽ không làm phi công lo lắng, nhưng gần đây loại chuyện này đã xảy ra ngày càng thường xuyên hơn"
The president's death caused great sorrow,cái chết của tổng thống gây ra nỗi buồn lớn
Will you go over my plan?,bạn sẽ đi qua kế hoạch của tôi?
We shouldn't keep secrets from each other,chúng ta không nên giữ bí mật với nhau
This is a terrible thing to say to a man.,Đây là một điều khủng khiếp để nói với một người đàn ông.
I don't remember ever seeing Tom carrying a red bag.,tôi không nhớ đã từng thấy tom mang một cái túi màu đỏ.
You'd have fun,bạn sẽ vui vẻ
Open the curtains and let the sunshine in,mở rèm cửa và để ánh nắng chiếu vào
I had a good sleep.,tôi đã có một giấc ngủ ngon
He studied the flight of birds.,ông đã nghiên cứu chuyến bay của các loài chim.
"The old cottage had only one bed, so we all took turns sleeping in it.","ngôi nhà cũ chỉ có một cái giường, vì vậy tất cả chúng tôi thay phiên nhau ngủ trong đó."
I just thought that you wouldn't want to go.,Tôi chỉ nghĩ rằng bạn sẽ không muốn đi.
"Can you weigh this, please?",bạn có thể cân cái này không?
She gets up the earliest in my family.,cô ấy dậy sớm nhất trong gia đình tôi
Tom yelled,tom hét lên
This town is quite different from what it was ten years ago.,thị trấn này khá khác so với mười năm trước.
I heard a door slam.,tôi nghe thấy tiếng sập cửa.
It wasn't the first time they had done it,đó không phải là lần đầu tiên họ làm điều đó
Tom and Mary are going downtown to eat pizza,tom và mary đang đi vào trung tâm thành phố để ăn pizza
It will cost 500 dollars to fly to Paris.,Nó sẽ có giá 500 đô la để bay đến paris.
His horse ran in the Derby,ngựa của anh ấy chạy trong trận derby
When was the last time you visited Australia?,Lần cuối bạn đến Úc là khi nào?
Tom got on his horse.,Tom lên ngựa.
You were always such a happy boy.,bạn luôn là một cậu bé hạnh phúc
I had to walk home,tôi phải đi bộ về nhà
What are you going to do?,bạn định làm gì?
Europe is now reported to be entirely free of new cases of this disease.,Châu Âu hiện được báo cáo là hoàn toàn không có trường hợp mới mắc bệnh này.
This will never happen again,điều này sẽ không bao giờ xảy ra nữa
We must make a decision on this right away,chúng ta phải đưa ra quyết định về điều này ngay lập tức
You stay right there,bạn ở ngay đó
You're not special.,bạn không đặc biệt
I think you're not telling me something,tôi nghĩ bạn không nói với tôi điều gì
Large areas of the ocean are polluted.,các khu vực rộng lớn của đại dương bị ô nhiễm.
It was all a trick,tất cả là một mánh khóe
Tom took his son John to a baseball game,Tom đưa con trai john đến một trận bóng chày
I often play soccer after class.,Tôi thường chơi bóng đá sau giờ học.
Will you look over these papers?,bạn sẽ xem qua các giấy tờ này?
Tom is half your age.,tom bằng một nửa tuổi của bạn
I can buy what I need at a store near my house.,tôi có thể mua những gì tôi cần tại một cửa hàng gần nhà.
Tom forgives you.,tom tha thứ cho bạn
I got it for half price at a sale.,tôi đã nhận được nó với một nửa giá bán.
"People often lie about what they did on the weekend, so their friends won't realize how boring they really are.","mọi người thường nói dối về những gì họ đã làm vào cuối tuần, vì vậy bạn bè của họ sẽ không nhận ra họ thực sự nhàm chán như thế nào."
He is good at football,anh ấy giỏi bóng đá
Let's rent bicycles over there,hãy thuê xe đạp ở đằng kia
The bus is slow.,xe buýt chậm.
It is very important to obey the traffic rules.,nó là rất quan trọng để tuân thủ các quy tắc giao thông.
I am thinking of going abroad next year.,tôi đang nghĩ đến việc ra nước ngoài vào năm tới
May I come see you this afternoon?,tôi có thể đến gặp bạn chiều nay không?
I have a guilty conscience about that.,tôi có một lương tâm tội lỗi về điều đó.
They built a bridge across the river.,họ đã xây một cây cầu bắc qua sông.
Tom didn't remember where he'd put his passport.,Tom không nhớ anh đã để hộ chiếu ở đâu.
I'm just tired.,Tôi chỉ thấy mệt mỏi.
How many constellations can you name?,bạn có thể đặt tên cho bao nhiêu chòm sao?
We'll fail.,chúng ta sẽ thất bại
Tom wasn't expecting that,Tom đã không mong đợi rằng
Tom is very good at doing things with his hands.,tom rất giỏi làm mọi việc với đôi tay của mình.
The boss will be angry at me,ông chủ sẽ giận tôi
I'm not letting Tom do that.,Tôi sẽ không để tom làm điều đó.
I'm more interested in spoken English,tôi thích nói tiếng anh hơn
"At about the same time, Tom was in his room studying","cùng lúc đó, tom đang ở trong phòng học"
Modern cats don't eat mice.,mèo hiện đại không ăn chuột.
Are you seeing anybody?,bạn có thấy ai không
What's the price of a ticket?,giá vé là bao nhiêu?
Tom was being questioned by the police in the next room,Tom đang bị cảnh sát thẩm vấn ở phòng bên cạnh
You're worse than I am.,bạn tệ hơn tôi
I wonder where she studied English conversation.,tôi tự hỏi cô ấy học tiếng anh ở đâu
It is their only choice.,đó là sự lựa chọn duy nhất của họ
I can't finish this today,hôm nay tôi không thể hoàn thành
I bought a box lunch at the station.,tôi đã mua một hộp ăn trưa tại nhà ga.
I'll go get some,tôi sẽ đi lấy một ít
We must warn them,chúng ta phải cảnh báo họ
I made pancakes for breakfast,tôi làm bánh kếp cho bữa sáng
Is that all you have to say to me?,đó là tất cả những gì bạn phải nói với tôi?
Jane's farewell speech made us very sad.,bài phát biểu chia tay của jane khiến chúng tôi rất buồn.
I know why Tom is here.,tôi biết tại sao tom ở đây
Tom said he had something important to do,Tom nói anh ấy có việc quan trọng phải làm
"It may seem like just a little thing to you, but Tom is really worried about the whole thing.","nó có vẻ như chỉ là một điều nhỏ với bạn, nhưng tom thực sự lo lắng về tất cả mọi thứ."
He has made remarkable progress in English,anh ấy đã đạt được tiến bộ đáng kể trong tiếng Anh
My brother has never been beaten at tennis,anh tôi chưa bao giờ bị đánh tại tennis
How much do you make a month?,bạn kiếm được bao nhiêu một tháng
Tom realized he had no idea how to do what needed to be done.,Tom nhận ra anh ta không biết làm thế nào để làm những gì cần phải làm.
I am pretty sure,tôi khá chắc chắn
The bank was run by private citizens,ngân hàng được điều hành bởi công dân tư nhân
Tom would've turned thirty next month if he hadn't died in the accident.,Tom sẽ bước sang tuổi ba mươi vào tháng tới nếu anh ta không chết trong vụ tai nạn.
I share a bedroom with my sister.,tôi chia sẻ một phòng ngủ với em gái của tôi.
Tom can't picture himself as a teacher,Tom không thể hình dung mình là một giáo viên
I had my suitcase carried to my room,tôi đã mang vali đến phòng của tôi
They're a bunch of windbags.,chúng là một loạt các túi gió.
I didn't want you to get nervous.,tôi không muốn bạn lo lắng
I'm not sure how that happened,tôi không chắc điều đó đã xảy ra như thế nào
You're temperamental.,bạn là người nóng tính.
Tom seems to want to talk to you,Tom dường như muốn nói chuyện với bạn
You owe me.,bạn nợ tôi.
Tom is a drunk.,Tom là một người say rượu.
It is not easy to speak English.,nói tiếng anh không dễ
"I wanted Tom to take some aspirin, but he said he didn't think it would help","Tôi muốn tom uống một ít aspirin, nhưng anh ấy nói anh ấy không nghĩ nó sẽ giúp"
"Like I told you yesterday, I'm too busy to help.","Như tôi đã nói với bạn ngày hôm qua, tôi quá bận để giúp đỡ."
Thank you for helping me with on my essay.,cảm ơn bạn đã giúp tôi về bài luận của tôi
The river flooded the entire region.,dòng sông tràn ngập cả vùng.
He sent his son out to get the newspaper,ông đã gửi con trai của mình ra để lấy báo
We'll be safe here,chúng ta sẽ an toàn ở đây
We looked at our old yearbook pictures.,chúng tôi nhìn vào hình ảnh kỷ yếu cũ của chúng tôi.
I stayed up all night,tôi thức cả đêm
What's your favorite way to stay cool in the summer?,Cách yêu thích của bạn để giữ mát trong mùa hè?
I want Tom to have a decent life,tôi muốn tom có một cuộc sống tốt
I'm not asking you to change your opinion,tôi không yêu cầu bạn thay đổi ý kiến
This is a good place to pitch a tent.,đây là một nơi tốt để dựng lều
Don't waste so much food,đừng lãng phí quá nhiều thức ăn
Tom is leaving me,tom đang rời xa tôi
I'm trying to get out of here.,Tôi đang cố gắng ra khỏi đây.
We've got one casualty,chúng tôi có một người thương vong
The only access to the farmhouse is across the fields.,truy cập duy nhất vào trang trại là trên các lĩnh vực.
It's happening again,Điều đó một lần nữa lại xảy ra
"Finding it hard to make ends meet on his income, she started to work.","thấy khó kiếm tiền nhờ thu nhập của anh, cô bắt đầu đi làm."
He took a shortcut through the forest,anh đi đường tắt xuyên rừng
I gave my sister a doll,tôi đã cho em gái tôi một con búp bê
Have you changed your mind?,bạn đã thay đổi suy nghĩ của bạn?
He left the window open.,Anh để cửa sổ mở.
I ran away from the training camp,tôi đã chạy trốn khỏi trại huấn luyện
Tom can't survive alone,tom không thể sống một mình
Is eating a clove of garlic every day beneficial to your health?,Ăn một tép tỏi mỗi ngày có lợi cho sức khỏe của bạn không?
Is there a hospital near here?,Có bệnh viện nào gần đây không?
I didn't realize what time it was,tôi đã không nhận ra mấy giờ rồi
I want to talk with Tom.,tôi muốn nói chuyện với tom
"Tom reached in his pocket, pulled out some matches, struck one, and then lit the campfire.","Tom thò tay vào túi, rút ra một số que diêm, đánh một cái, rồi đốt lửa trại."
They built the walls of the fortress without using cement at all.,họ đã xây dựng các bức tường của pháo đài mà không sử dụng xi măng.
We're a little behind,chúng tôi chậm hơn một chút
Why would you want to go?,tại sao bạn muốn đi
He said he would cut taxes,ông nói sẽ cắt giảm thuế
It is rather difficult to assemble a watch.,việc lắp ráp một chiếc đồng hồ là khá khó khăn.
What time did you get in?,mấy giờ bạn vào
That's very sweet.,Điều đó thật ngọt ngào.
Our company has come a long way since it was set up.,công ty chúng tôi đã đi một chặng đường dài kể từ khi nó được thành lập.
Don't answer that phone,đừng trả lời điện thoại đó
Tom has to get out of here before the police get here,Tom phải ra khỏi đây trước khi cảnh sát đến đây
Am I safe here?,tôi có an toàn ở đây không?
Not a day went by when he didn't regret what he'd done.,Không một ngày nào trôi qua khi anh không hối hận về những gì mình đã làm.
Ask me anything you want,Hỏi tôi bất cứ thứ gì bạn muốn
"It's your choice, Tom.","đó là sự lựa chọn của bạn, tom."
Slide to unlock.,trượt để mở khóa.
This is a pretty amazing place.,đây là một nơi khá tuyệt vời
Could I look at that book?,tôi có thể nhìn vào cuốn sách đó không?
"I think that, for the first time in my life, I understood her.","Tôi nghĩ rằng, lần đầu tiên trong đời, tôi hiểu cô ấy."
What we have is enough.,những gì chúng ta có là đủ.
You're not the only one here who wants to go home early.,bạn không phải là người duy nhất ở đây muốn về nhà sớm.
He is in the prime of life.,Anh ấy đang ở trong cuộc đời.
Tom had a good time talking with Mary.,tom đã có một thời gian nói chuyện với mary.
They missed the train.,họ đã lỡ chuyến tàu.
You have to come now.,bạn phải đến ngay bây giờ
I don't believe you just said that.,Tôi không tin bạn vừa nói điều đó.
Older people are often afraid of trying new things.,người già thường sợ thử những điều mới.
I suppose you like it,tôi cho rằng bạn thích nó
The USSR will only use air strikes in the country as a last resort,ussr sẽ chỉ sử dụng các cuộc không kích ở nước này như là phương sách cuối cùng
You're not fooling anyone.,bạn không lừa ai cả.
The office has been transferred up to the sixth floor.,văn phòng đã được chuyển lên tầng sáu.
Tom doesn't belong here.,Tom không thuộc về nơi này.
They're jealous.,họ ghen tị
Let's go find Tom.,Hãy đi tìm tom.
How much are the grapes?,nho bao nhiêu tiền
I'm smarter than you,Tôi thông minh hơn bạn
The police continued their investigation,cảnh sát tiếp tục điều tra
Half a loaf is better than none.,một nửa ổ bánh mì là tốt hơn không có.
Tom didn't say anything about you coming by.,Tom đã không nói bất cứ điều gì về bạn đi qua.
I've never seen a rainbow,tôi chưa bao giờ thấy cầu vồng
Don't take unnecessary risks.,đừng chấp nhận rủi ro không cần thiết.
"I'm sorry, I can't stay long","tôi xin lỗi, tôi không thể ở lại lâu"
Will the defendant please rise?,bị cáo xin vui lòng tăng lên?
Both Tom and Mary can swim quite well,cả tom và mary đều có thể bơi khá tốt
You are a patient woman,bạn là một người phụ nữ kiên nhẫn
I would've taken care of Tom,tôi sẽ chăm sóc tom
Sydney is the largest city in Australia.,sydney là thành phố lớn nhất ở Úc.
Tom brought Mary a gift.,tom mang mary một món quà.
It cost less than fifteen dollars,nó có giá dưới mười lăm đô la
Can you put up with the noise?,bạn có thể chịu đựng tiếng ồn không?
A convict has escaped from prison,một kẻ bị kết án đã trốn thoát khỏi nhà tù
How much more does it cost to return the rental car to another location?,Mất bao nhiêu tiền để trả xe cho thuê đến một địa điểm khác?
Tom is just talking to himself,tom chỉ nói với chính mình
My parents met each other in the mountains.,Bố mẹ tôi gặp nhau trên núi.
You should keep in touch with Mr. Smith.,bạn nên giữ liên lạc với ông. thợ rèn.
I have a migraine.,Tôi bị chứng đau nửa đầu.
"Hold on, please.",xin vui lòng giữ
Does anyone know what this is?,Có ai biết đây là gì?
May I use your phone?,tôi có thể sử dụng điện thoại của bạn?
I want to find out how many people died in that accident,tôi muốn tìm hiểu có bao nhiêu người chết trong vụ tai nạn đó
We're going to need some,chúng ta sẽ cần một số
I might as well do it now,tôi cũng có thể làm điều đó ngay bây giờ
He will come back soon.,Anh sẽ quay lại sớm.
I'll tell Tom that's not true,tôi sẽ nói với tom điều đó không đúng
He's pathetic and stupid,anh ta thảm hại và ngu ngốc
Tom is going to do something about it,tom sẽ làm gì đó về nó
No one on either side was killed.,không ai ở hai bên bị giết.
She pretended that she was sick.,Cô giả vờ rằng mình bị bệnh.
I erased my hard disk by accident,tôi đã vô tình xóa đĩa cứng của tôi
I'm going to shave.,tôi sẽ cạo râu
This kind of work is very dangerous.,loại công việc này rất nguy hiểm.
Let's just stay out of each other's way.,chúng ta hãy tránh xa nhau
I've heard that carrots are good for your eyes.,Tôi đã nghe nói rằng cà rốt là tốt cho mắt của bạn.
You said I'd get better.,bạn nói tôi sẽ khá hơn
We're all out of booze,tất cả chúng ta đã hết say
I've been asked to help out.,Tôi đã được yêu cầu giúp đỡ.
I met him just now.,tôi vừa mới gặp anh ấy
"There's still a lot left to do, so I won't get bored.","Vẫn còn nhiều việc phải làm, vì vậy tôi sẽ không cảm thấy buồn chán."
I intended to have visited Rome last year.,tôi dự định đã đến thăm rome năm ngoái.
There are a number of shops selling foreign books and periodicals,có một số cửa hàng bán sách nước ngoài và định kỳ
Don't be afraid of seeing the doctor,đừng sợ gặp bác sĩ
We used to play over by that grassy knoll.,chúng tôi đã từng chơi qua tiếng gõ cửa cỏ đó.
He did not go into Earth orbit.,ông không đi vào quỹ đạo trái đất.
He led a life of luxury.,Ông sống một cuộc sống xa hoa.
"In 1955, the cancer returned and she died in 1956 at the age of 42.","Năm 1955, căn bệnh ung thư quay trở lại và bà qua đời năm 1956 ở tuổi 42."
The dog is mine,con chó là của tôi
Not a sound was to be heard in the concert hall,không một âm thanh nào được nghe trong phòng hòa nhạc
"To all appearances, they are a happy couple","Trong tất cả các lần xuất hiện, họ là một cặp vợ chồng hạnh phúc"
I was really drunk last night.,tôi đã thực sự say tối qua.
Please forgive me for not having written sooner.,xin vui lòng tha thứ cho tôi vì đã không viết sớm hơn.
Tom didn't tell anybody about what happened until he was thirty,Tom đã không nói cho ai biết chuyện gì đã xảy ra cho đến khi anh ta ba mươi tuổi
I'm afraid I'm not who you think I am.,Tôi sợ tôi không phải là bạn nghĩ tôi là ai.
Is this book the one he always uses?,cuốn sách này anh ấy luôn sử dụng phải không?
It won't be long before he is up and about,sẽ không lâu nữa trước khi anh ấy thức dậy
Don't phone her now,đừng gọi cho cô ấy bây giờ
The man left the restaurant without paying his bill.,Người đàn ông rời khỏi nhà hàng mà không trả hóa đơn của mình.
I'm at a loss to explain Tom's absence,tôi không thể giải thích sự vắng mặt của tom
An old man came tottering along.,Một ông già đi cùng.
I'm sure I can help,tôi chắc chắn tôi có thể giúp
Tom plans to buy a new motorcycle,tom có kế hoạch mua một chiếc xe máy mới
Tom looked a little annoyed.,Tom có vẻ hơi khó chịu.
"You told Tom to go to bed early, didn't you?",bạn bảo tom đi ngủ sớm phải không?
Tom is selfish.,tom là ích kỷ.
You need to lose some weight,bạn cần giảm cân
Why does he always make allowances for her conduct?,Tại sao anh ta luôn luôn cho phép cô ấy thực hiện?
I'm not in the mood anymore.,Tôi không còn tâm trạng nữa.
That happened seventeen years before the Wright brothers flew for the first time,Điều đó đã xảy ra mười bảy năm trước khi anh em ngay lập tức bay lần đầu tiên
I know where Tom's office is,tôi biết văn phòng của tom ở đâu
How did you learn to cook so well?,Làm thế nào mà bạn học nấu ăn giỏi như vậy?
The bad weather is responsible for the delay.,thời tiết xấu chịu trách nhiệm cho sự chậm trễ.
It is about time we were leaving.,đó là khoảng thời gian chúng tôi đã rời đi.
They branded him as a liar.,họ coi anh là kẻ dối trá.
I want some money,tôi muốn một ít tiền
It is going to rain very soon.,trời sẽ mưa rất sớm
We'll do our best.,chúng tôi sẽ làm tốt nhất của chúng tôi.
Leave everything,bỏ lại mọi thứ
Tom was charged with murder,tom bị buộc tội giết người
Stop yelling. My head hurts,đừng la hét. đầu tôi đau
This diver's watch is a little too expensive,đồng hồ của thợ lặn này là một chút quá đắt
Knock before you open the door.,gõ trước khi bạn mở cửa.
We look up to Tom as our leader,chúng tôi trông đợi tom là người lãnh đạo của chúng tôi
"In retrospect, I should have treated her with more respect.","nhìn lại, tôi nên đối xử với cô ấy với sự tôn trọng hơn."
He asked his teacher stupid questions.,anh hỏi cô giáo những câu hỏi ngu ngốc.
I don't care what you do with your money,tôi không quan tâm bạn làm gì với tiền của bạn
Let's leave the decision to Tom.,Hãy để quyết định tom.
I see no reason to continue.,tôi thấy không có lý do để tiếp tục.
"From my position, I cannot see the tower","từ vị trí của tôi, tôi không thể nhìn thấy tòa tháp"
Tom doesn't want a party.,Tom không muốn một bữa tiệc.
I will read a book.,Tôi sẽ đọc một cuốn sách.
Tom never makes the same mistake twice,tom không bao giờ mắc lỗi tương tự hai lần
Robots are used to manufacture cars.,robot được sử dụng để sản xuất ô tô.
"""Why are you mad at me?"" ""I'm not mad at you!""","""tại sao bạn giận tôi?"" ""tôi không giận bạn!"""
He couldn't bear the thought of leaving her.,anh không thể chịu đựng được ý nghĩ rời bỏ cô.
Tom is barely conscious,tom hầu như không có ý thức
The gasoline tank was underneath,bình xăng nằm bên dưới
You are my father.,Ông là bố của tôi.
You are the reason I'm here.,bạn là lý do tôi ở đây
There's no one in the room,không có ai trong phòng
I can play Chopin,tôi có thể chơi chopin
I'm pretty sure Tom is safe.,Tôi khá chắc chắn rằng tom an toàn.
What is your favorite song on this album?,Bài hát yêu thích của bạn trong album này là gì?
Tom is doing all right.,tom đang làm tốt
Are they paying you well enough?,họ trả tiền cho bạn đủ tốt chưa?
I need lots of time,tôi cần rất nhiều thời gian
I got into town only a week ago.,tôi đã vào thị trấn chỉ một tuần trước.
What is the origin of the universe?,nguồn gốc của vũ trụ là gì?
They look confused.,Trông họ bối rối.
We just met,chúng ta vừa mới gặp nhau
I saw Tom's daughter last week.,tôi đã thấy con gái của tom tuần trước.
He works as hard as any student,anh ấy làm việc chăm chỉ như bất kỳ sinh viên nào
Japan depends on imports for raw materials.,Nhật Bản phụ thuộc vào nhập khẩu nguyên liệu.
He saw the accident on his way to school.,Anh thấy tai nạn trên đường đến trường.
I'm writing a song in French.,Tôi đang viết một bài hát bằng tiếng Pháp.
I heard that you're not going home either,tôi nghe nói bạn cũng không về nhà
It took Tom a few weeks to get used to working in his new office,Phải mất vài tuần để làm quen với văn phòng mới của anh ấy.
I'm getting farsighted as I get older.,Tôi đang bị viễn thị khi tôi già đi.
I had a toothache yesterday,tôi bị đau răng ngày hôm qua
What did you have?,những gì bạn đã có?
I'd like to speak to the lady of the household.,Tôi muốn nói chuyện với người phụ nữ của gia đình.
This can lead to unpleasant consequences,điều này có thể dẫn đến hậu quả khó chịu
Can I interest you in a drink?,tôi có thể quan tâm bạn trong một thức uống?
"The next time you do that, you're fired.","lần tiếp theo bạn làm điều đó, bạn bị sa thải."
She's well known as a singer.,Cô ấy nổi tiếng là một ca sĩ.
How did Tom ever talk you into this?,Làm thế nào mà tom từng nói với bạn về điều này?
Can you please just give Tom whatever he wants?,bạn có thể vui lòng chỉ cho tom bất cứ điều gì anh ấy muốn?
I washed the dishes after supper.,Tôi rửa chén sau bữa ăn tối.
What hotel are you staying in?,bạn đang ở khách sạn nào
All sorts of people came to the exhibition,tất cả các loại người đã đến triển lãm
Why isn't Tom saying anything?,Tại sao tom không nói gì?
I'm sure that our team will win.,Tôi chắc chắn rằng đội của chúng tôi sẽ giành chiến thắng.
Most of the people in this town are on vacation.,Hầu hết mọi người trong thị trấn này đang đi nghỉ.
Your mother would have been very proud of you.,mẹ bạn sẽ rất tự hào về bạn
I felt reborn,tôi cảm thấy được tái sinh
You can't really expect Tom to change his mind.,bạn thực sự không thể mong đợi tom sẽ thay đổi suy nghĩ của anh ấy.
Let's take turns rowing the boat,chúng ta hãy lần lượt chèo thuyền
Kenji is a tennis player.,kenji là một tay vợt.
"With Christmas just around the corner, I should do some shopping","với giáng sinh chỉ quanh quẩn, tôi nên đi mua sắm"
Tom tried not to yawn.,tom cố không ngáp.
She has put her house up for sale,cô ấy đã rao bán nhà
She allegedly killed him,cô bị cáo buộc đã giết anh ta
I must remind you about your promise.,tôi phải nhắc bạn về lời hứa của bạn
My aunt is older than my mother.,dì tôi lớn tuổi hơn mẹ tôi
I can't get along with that man any more,tôi không thể hòa hợp với người đàn ông đó nữa
I still have to get rid of this carpet.,tôi vẫn phải thoát khỏi tấm thảm này
You didn't tell me this was yours.,bạn đã không nói với tôi đây là của bạn.
You have to come back,bạn phải quay lại
I just can't help worrying about you.,tôi không thể không lo lắng về bạn
What's Tom doing in there?,Tom đang làm gì trong đó?
I have to make a call,tôi phải gọi
Tom's family vacations in the mountains every summer.,kỳ nghỉ của gia đình tom trên núi mỗi mùa hè.
We've got the house surrounded,chúng tôi có ngôi nhà bao quanh
Tom played guitar for nearly an hour,tom chơi guitar trong gần một giờ
I've got nothing to do,tôi chẳng có việc gì để làm cả
We're fair.,chúng ta công bằng
Roger liked writing songs. He also liked to perform his own songs on the stage,roger thích viết bài hát. anh ấy cũng thích thể hiện các bài hát của mình trên sân khấu
I thought you'd be in Boston by now.,Tôi nghĩ bây giờ bạn đang ở boston.
Do you want me to take you to the doctor?,bạn có muốn tôi đưa bạn đến bác sĩ?
He seized the boy by the arm.,anh nắm lấy tay cậu bé.
Tom must be nearly thirty.,tom phải gần ba mươi.
What have you learned?,Bạn đã học được gì?
Don't be a bad boy,đừng là một cậu bé hư
Can you smell anything?,bạn có thể ngửi thấy gì không?
The boy is over there,cậu bé ở đằng kia
"As far as I'm concerned, what you do in your free time is your own business, as long as it doesn't interfere with your work.","theo như tôi quan tâm, những gì bạn làm trong thời gian rảnh là việc riêng của bạn, miễn là nó không can thiệp vào công việc của bạn."
Tom went missing,tom mất tích
He did not know how many of them needed help.,anh không biết có bao nhiêu người trong số họ cần sự giúp đỡ.
I can't agree with them on this matter.,Tôi không thể đồng ý với họ về vấn đề này.
He called his mother up from the airport,anh gọi mẹ anh từ sân bay lên
Tom keeps his important papers in a brown leather case,tom giữ giấy tờ quan trọng của mình trong một bao da nâu
Tom sure can sing.,Tom chắc chắn có thể hát.
"Don't tell the others, OK?","đừng nói với những người khác, được chứ?"
What did you think of my speech?,Bạn nghĩ gì về bài phát biểu của tôi?
Where should I throw away this empty cup?,Tôi nên vứt cái cốc rỗng này đi đâu?
She can handle it.,cô ấy có thể xử lý nó.
"I used to smoke a lot, but I have given up smoking now.","Tôi đã từng hút thuốc rất nhiều, nhưng giờ tôi đã bỏ hút thuốc."
Don't ever think that.,đừng bao giờ nghĩ vậy
It's nice and warm in here,ở đây thật đẹp và ấm áp
Is this how you want to live the rest of your life?,đây có phải là cách bạn muốn sống phần còn lại của cuộc đời?
Tom bought a very expensive camera.,tom mua một máy ảnh rất đắt tiền.
Tom and I aren't fools,tom và tôi không ngốc
We left together,chúng tôi đã rời đi cùng nhau
Let me talk to you a second.,Hãy để tôi nói chuyện với bạn một giây.
It took me several hours to draw it.,tôi phải mất vài giờ để vẽ nó.
Do you think it a bad thing?,Bạn có nghĩ đó là một điều xấu?
I've never heard him complaining about his meals.,Tôi chưa bao giờ nghe anh ta phàn nàn về bữa ăn của mình.
"She said she was sick yesterday, which was not true.","Cô ấy nói hôm qua cô ấy bị ốm, điều đó không đúng."
I love sports,tôi yêu thể thao
I have to get changed for work,tôi phải thay đổi công việc
We're not going to leave Tom here by himself.,chúng tôi sẽ không để tom ở đây một mình.
UFO stands for unidentified flying object,ufo là viết tắt của vật thể bay không xác định
She couldn't study abroad for lack of money,cô ấy không thể đi du học vì thiếu tiền
It's hardly raining at all.,trời hầu như không mưa.
Tom's heart suddenly began to beat faster,Tim tom đột nhiên đập nhanh hơn.
I am used to living alone,tôi quen sống một mình
I was going to tell you everything.,tôi sẽ nói với bạn mọi thứ.
It looks like I'm going to arrive late.,có vẻ như tôi sẽ đến muộn
Love is not enough,yêu thì chưa đủ
"As far as I know, he is an honest man","theo như tôi biết, anh ấy là một người đàn ông trung thực"
I like mountains better than seas,tôi thích núi hơn biển
You had better wait until the police come.,bạn nên chờ đợi cho đến khi cảnh sát đến.
I think Tom is relaxed,tôi nghĩ rằng tom là thư giãn
"Exhausted from a day's work, he went to bed much earlier than usual","Kiệt sức sau một ngày làm việc, anh đi ngủ sớm hơn bình thường"
I'm tired of playing games,tôi mệt mỏi khi chơi game
She's in the hospital now,cô ấy đang ở bệnh viện
"He likes the music. I like it, too.",Anh ấy thích âm nhạc. tôi thích nó quá.
So what's the big mystery?,Vậy bí ẩn lớn là gì?
I wondered when I'd see you again.,Tôi tự hỏi khi tôi sẽ gặp lại bạn.
I'm not so sure about that.,Tôi không chắc về điều đó.
You're better off without her,bạn tốt hơn nếu không có cô ấy
Tom should've listened to Mary.,Tom nên nghe mary.
I'm here because I want to be.,Tôi ở đây vì tôi muốn.
You shouldn't go to school,bạn không nên đi học
"We had a good many anxious moments, but everything turned out all right in the end","chúng tôi đã có rất nhiều khoảnh khắc lo lắng, nhưng cuối cùng mọi thứ đều ổn"
What do you think of this plan?,Bạn nghĩ gì về kế hoạch này?
You're not an expert at this job any more than I am.,bạn không phải là một chuyên gia trong công việc này hơn tôi.
I am nothing but a poor peasant,tôi chẳng là gì ngoài một người nông dân nghèo
I filled the pail with water.,Tôi đổ đầy nước vào thùng.
I had so little time that I had to eat lunch in a hurry.,tôi đã có rất ít thời gian mà tôi phải ăn trưa vội vàng.
You're the only person I know besides me who would prefer to live in a tent,"bạn là người duy nhất tôi biết ngoài tôi, người thích sống trong lều"
I'm very busy this week.,tuần này tôi rất bận
She wore a sad expression,cô ấy có vẻ mặt buồn bã
"I'm looking for a navy blue raincoat, size 36.","Tôi đang tìm một chiếc áo mưa màu xanh hải quân, cỡ 36."
There is a church near my house,có một nhà thờ gần nhà tôi
It's possible Tom doesn't have a driver's license,có thể tom không có bằng lái xe
You're unnecessary,bạn không cần thiết
Can you stay for a bit?,bạn có thể ở lại một chút không?
Tom knew Mary was up to something,tom biết mary là một cái gì đó
She kept him waiting half an hour.,Cô cứ đợi anh nửa tiếng.
We can both do it.,cả hai chúng ta có thể làm điều đó
I was just wondering if you have been able to find a place to live.,tôi chỉ tự hỏi nếu bạn đã có thể tìm một nơi để sống.
He made it clear that he intended to do so,ông nói rõ rằng ông dự định làm như vậy
He came up with a terrific solution to the complex problem,ông đã đưa ra một giải pháp tuyệt vời cho vấn đề phức tạp
I'm afraid there's nothing we can do,tôi sợ không có gì chúng ta có thể làm
There're more than 100 people in the room.,Có hơn 100 người trong phòng.
Our team is still undefeated,đội của chúng tôi vẫn bất bại
Grace goes upstairs to the extension telephone,ân sủng đi lên lầu điện thoại
He is painting a picture,anh ấy đang vẽ một bức tranh
They have to figure out the cost.,họ phải tính toán chi phí.
What's the flight's scheduled arrival time?,thời gian đến dự kiến của chuyến bay là gì?
You are responsible for what you do,bạn chịu trách nhiệm cho những gì bạn làm
New facts have been brought to light.,sự thật mới đã được đưa ra ánh sáng.
You've got to get me out of this place.,bạn phải đưa tôi ra khỏi nơi này.
None of this matters,không có vấn đề này
The new president wants to build up the army.,Tổng thống mới muốn xây dựng quân đội.
Mary's smiling face let everyone know that she was happy.,khuôn mặt tươi cười của mary cho mọi người biết rằng cô ấy hạnh phúc.
A lot of soldiers died here,rất nhiều binh lính đã chết ở đây
My brother is arriving tomorrow morning,sáng mai anh tôi đến
Tom picked some berries and ate them.,tom chọn một số quả mọng và ăn chúng.
She put on dark glasses to protect her eyes from the sun.,Cô đeo kính đen để bảo vệ mắt khỏi ánh nắng mặt trời.
Are those two going out?,hai người đó có đi chơi không?
I want you to have a copy of this.,tôi muốn bạn có một bản sao này.
Come near the fire,đến gần đám cháy
"To tell the truth, I don't really like her.","nói thật, tôi không thích cô ấy lắm."
Take care of yourself. Don't get sick.,chăm sóc bản thân. đừng để bị bệnh
I'm not going to leave until I find out what happened.,Tôi sẽ không rời đi cho đến khi tôi biết chuyện gì đã xảy ra.
How many players are there?,có bao nhiêu người chơi
I want to tell Tom about the book,tôi muốn nói với tom về cuốn sách
I really liked talking to Tom,tôi rất thích nói chuyện với tom
"He's a crybaby, just like always.","Anh ấy là một đứa bé khóc nhè, như mọi khi."
What do you guys want?,Các anh muốn gì?
The man I was talking to is my English teacher.,người đàn ông tôi đang nói chuyện là giáo viên tiếng Anh của tôi.
Do you think I should do this?,Bạn có nghĩ rằng tôi nên làm điều này?
I want to beat Tom,tôi muốn đánh bại tom
You never know for sure,bạn không bao giờ biết chắc chắn
"The next time I tell you to do something, do it.","lần sau tôi bảo bạn làm gì đó, làm đi."
Tom got embarrassed.,Tom bối rối.
Tom was cremated.,tom đã được hỏa táng.
She asked us to leave her alone,cô ấy yêu cầu chúng tôi để cô ấy một mình
Do you really believe that?,Bạn có thực sự tin rằng?
Breakfast is served from 7:30 a.m. to 11:00 a.m,bữa sáng được phục vụ từ 7:30 sáng đến 11:00 sáng
"Today, most people in the world condemn slavery.","ngày nay, hầu hết mọi người trên thế giới đều lên án chế độ nô lệ."
Bring Tom along,mang tom theo
I'm learning a lot,tôi đang học rất nhiều
I wonder what Tom was trying to find out,tôi tự hỏi những gì tom đã cố gắng tìm hiểu
Can I borrow your phone?,tôi có thể mượn điện thoại của bạn không?
You must be mentally exhausted.,bạn phải kiệt sức về tinh thần
I'll get some for you right away.,Tôi sẽ lấy một ít cho bạn ngay lập tức.
Don't bother to call me,đừng bận tâm gọi cho tôi
I saw Tom jump into the pool.,tôi thấy tom nhảy xuống hồ bơi.
He couldn't take it any longer.,anh không thể chịu đựng được nữa.
Send for the doctor.,gửi cho bác sĩ.
Tom was hesitant,Tom đã do dự
I heard my phone ring.,tôi nghe thấy tiếng chuông điện thoại của tôi.
Tom said he'd pay for the entire thing,Tom nói anh ấy sẽ trả tiền cho toàn bộ
The money that Chris has not paid back adds up to a large sum.,số tiền mà chris chưa trả lại cộng lại thành một khoản lớn.
She hasn't come yet. She may have taken a wrong bus.,cô ấy chưa đến cô ấy có thể đã đi xe buýt sai.
I just bought some cardboard.,tôi vừa mua vài tấm bìa cứng
They're always having trouble with their word processor,họ luôn gặp rắc rối với trình xử lý văn bản của họ
I'm not wearing any underwear,tôi không mặc đồ lót
What's your favorite metaphor?,phép ẩn dụ yêu thích của bạn là gì?
Variety is the spice of life.,Sự đa dạng là gia vị của cuộc sống.
That house is really better than this house.,Ngôi nhà đó thực sự tốt hơn ngôi nhà này.
We are to meet in front of his house.,chúng ta sẽ gặp nhau trước nhà anh.
I think Tom said his last name is Jackson,tôi nghĩ tom nói họ của anh ấy là jackson
Change was in the air.,thay đổi là trong không khí.
Tom speaks Japanese better than the Japanese do,tom nói tiếng Nhật tốt hơn tiếng Nhật
He resembles his father very closely,ông rất giống cha mình
It is funny that the mailman hasn't come yet,thật là buồn cười khi người đưa thư chưa đến
"She doesn't like being alone, but I prefer it like that.","cô ấy không thích ở một mình, nhưng tôi thích nó như thế."
It was raining hard in New York.,trời mưa rất to ở new york.
All the furniture was covered with dust.,tất cả đồ đạc đều phủ đầy bụi.
I'm not satisfied with that company's service.,Tôi không hài lòng với dịch vụ của công ty đó.
What Tom did was awful,những gì tom đã làm là khủng khiếp
Do you have any plans for Saturday?,bạn có kế hoạch gì cho thứ bảy không?
He's a big boy,anh ấy là một cậu bé lớn
We should tell the others as soon as possible,chúng ta nên nói với những người khác càng sớm càng tốt
"I was going to tell you, but Tom told me not to.","tôi sẽ nói với bạn, nhưng tom nói với tôi là không."
"He went there, never to return.","Anh đến đó, không bao giờ quay lại."
Tom won't eat anything I give him.,Tom sẽ không ăn bất cứ thứ gì tôi đưa cho anh ta.
There's only one possible explanation,chỉ có một lời giải thích khả dĩ
Tom told me he thought he was going to die in prison.,Tom nói với tôi rằng anh ta nghĩ mình sẽ chết trong tù.
Should I bring something to read?,tôi có nên mang gì để đọc không?
Do you have enough blankets?,bạn có đủ chăn không?
I have no intention of going to your wedding,tôi không có ý định đi dự đám cưới của bạn
What is her husband like?,Chồng cô ấy như thế nào?
It goes without saying that smoking is bad for your health.,Không cần phải nói rằng hút thuốc là có hại cho sức khỏe của bạn.
He went skiing in Hokkaido,anh ấy đã đi trượt tuyết ở hokkaido
Did you actually see Tom going into the Mary's office?,bạn có thực sự thấy tom đi vào văn phòng của mary không?
I found Tom's diary,tôi tìm thấy nhật ký của tom
The island is a paradise for children.,hòn đảo là thiên đường cho trẻ em.
I remember you often went to Betty's house to tea when you were a little girl.,tôi nhớ bạn thường đến nhà của betty để uống trà khi bạn còn là một cô bé.
Mt. Aso is an active volcano.,mt. Aso là một ngọn núi lửa đang hoạt động.
I had nothing to do with that incident.,tôi không có gì để làm với sự cố đó.
He eats a lot,Anh ấy ăn nhiều
"Except for the weather, it was a great picnic","ngoại trừ thời tiết, đó là một chuyến dã ngoại tuyệt vời"
I'm going to miss you.,tôi sẽ nhớ bạn.
Would you like to hear my new song?,bạn có muốn nghe bài hát mới của tôi không?
He tried to restrain his anger,anh cố gắng kiềm chế cơn giận của mình
There is a white dove on the roof.,Có một con bồ câu trắng trên mái nhà.
That's pretty funny.,điều đó thật buồn cười
Have you finished it?,bạn đã hoàn thành nó?
I heard you switched majors,tôi nghe nói bạn đã chuyển ngành
Can you give me a cup of tea?,bạn có thể cho tôi một tách trà?
"Since the bridge looks like a pair of glasses, they call it Meganebashi.","vì cây cầu trông giống như một cặp kính, họ gọi nó là meganebashi."
I got paid today.,tôi đã được trả tiền ngày hôm nay
He remained calm even in the presence of danger.,Anh vẫn bình tĩnh ngay cả khi gặp nguy hiểm.
I go to bed early at night,tôi đi ngủ sớm
Tom looks curious.,Tom có vẻ tò mò.
She wouldn't harm a fly.,cô ấy sẽ không làm hại một con ruồi.
The bride came into the room with lowered eyes and with everyone staring at her,Cô dâu bước vào phòng với đôi mắt trầm xuống và mọi người nhìn chằm chằm vào cô.
What makes you so sure I want to be your friend?,Điều gì làm cho bạn chắc chắn tôi muốn trở thành bạn của bạn?
Who is to blame?,ai là người có lỗi
You should ask Mary out,bạn nên hỏi mary
I would like to have breakfast,tôi muốn ăn sáng
It's an hour's walk to the station,đó là một giờ đi bộ đến nhà ga
I'm not a good liar,tôi không phải là một kẻ nói dối tốt
Give me your money or else I'll beat you up,cho tôi tiền của bạn nếu không tôi sẽ đánh bại bạn
I don't think Tom will be back.,tôi không nghĩ tom sẽ trở lại.
What do you see yourself doing over the next ten years?,Bạn thấy mình làm gì trong mười năm tới?
The world is a dangerous place,Thế giới là một nơi nguy hiểm
Tom misunderstood me,tom hiểu lầm tôi
I think my job is pointless,tôi nghĩ công việc của tôi là vô nghĩa
There are seven men and four women in my section,Có bảy người đàn ông và bốn người phụ nữ trong phần của tôi
Benjamin Franklin was an American statesman and inventor,benjamin franklin là một chính khách và nhà phát minh người Mỹ
Tom is a faith healer.,tom là một người chữa lành đức tin.
The leaves fell.,những chiếc lá rơi.
I'm sure Tom will be thrilled.,Tôi chắc chắn tom sẽ vui mừng.
Tom ate all the food I had stashed.,tom ăn tất cả thức ăn tôi đã cất.
I was being serious,tôi đã nghiêm túc
The boy was admitted to the school.,Cậu bé được nhận vào trường.
Ellie loves that poet. She knows many of his poems by heart,ellie yêu nhà thơ đó. cô ấy biết rất nhiều bài thơ của anh ấy
This film was surprisingly interesting.,bộ phim này thật thú vị
I am sixteen years old.,tôi mười sáu tuổi.
The bank needs a check for the exact amount,ngân hàng cần kiểm tra số tiền chính xác
It is no use crying over spilt milk,Nó không có tác dụng khóc qua sữa tràn
Tom's incompetent.,Tom không đủ năng lực.
Is it necessary for me to answer this letter?,Có cần thiết cho tôi để trả lời thư này?
"Sorry, but I am unable to do so","xin lỗi, nhưng tôi không thể làm như vậy"
There is a new survey,có một khảo sát mới
Don't leave the air-conditioner on,đừng để điều hòa
Tom's car's outside.,xe của tom bên ngoài.
I'll be back to get you in 20 minutes,tôi sẽ quay lại để gặp bạn sau 20 phút
I am looking forward to the summer vacation.,tôi đang mong chờ kỳ nghỉ hè
I'll do anything but that job,tôi sẽ làm bất cứ điều gì ngoài công việc đó
I made a list,tôi đã lập một danh sách
If only I could drive a car.,Giá như tôi có thể lái xe.
Don't worry. Everything's going to be all right,đừng lo lắng mọi thứ sẽ ổn thôi
The number of people who go abroad has been increasing.,số lượng người ra nước ngoài ngày càng tăng.
You look pretty upset,bạn trông khá buồn
Tom looks intrigued.,Tom có vẻ tò mò.
I work hard in the garden in the morning,tôi làm việc chăm chỉ trong vườn vào buổi sáng
Tom reminded us to do our homework,tom nhắc chúng tôi làm bài tập về nhà
They worship every Sunday.,họ tôn thờ mỗi chủ nhật.
We must make every effort to do away with all discrimination.,chúng ta phải cố gắng hết sức để loại bỏ mọi sự phân biệt đối xử.
None of us are cowards.,không ai trong chúng ta là những kẻ hèn nhát.
"In the future, you have to get here on time","trong tương lai, bạn phải đến đây đúng giờ"
Where's my sister?,chị của tôi đâu
I have a million questions.,tôi có một triệu câu hỏi
Tom kicked Mary in the shin.,tom đá mary trong ống chân.
The man is mourning after receiving sad news.,Người đàn ông đang than khóc sau khi nhận được tin buồn.
Tom can sleep anywhere,tom có thể ngủ ở bất cứ đâu
The Galapagos Islands giant tortoise known as Lonesome George is dead.,Những con rùa khổng lồ galapagos được gọi là george cô đơn đã chết.
You had just turned on the radio.,bạn vừa bật radio.
I can't deal with this right now.,Tôi không thể đối phó với điều này ngay bây giờ.
It's written here,nó được viết ở đây
Tom is sitting on the bench.,Tom đang ngồi trên băng ghế.
You said you didn't want that.,bạn nói rằng bạn không muốn điều đó.
What was Tom doing there?,Tom đã làm gì ở đó?
Tom eats brown rice more often than white rice,tom ăn gạo lức thường xuyên hơn gạo trắng
This looks like it might be the weapon that was used to kill Tom.,có vẻ như nó có thể là vũ khí được sử dụng để giết tom.
I am very tall,tôi rất cao
Tom says that he has no trouble understanding Mary's French.,Tom nói rằng anh ta không gặp khó khăn gì để hiểu tiếng Pháp của mary.
Tom is starting to cry,tom đang bắt đầu khóc
The story was amusing,câu chuyện thật thú vị
Tom took his coat off the hanger and put it on.,Tom lấy áo khoác ra khỏi móc áo và mặc vào.
I never said any such thing,tôi chưa bao giờ nói bất cứ điều gì như vậy
Tom sneaked up behind the guard and clobbered him with a monkey wrench,Tom lẻn ra phía sau người bảo vệ và bịt miệng anh ta bằng một cái mỏ lết
I was the one who gave that to Tom.,tôi là người đã đưa nó cho tom.
He was elected mayor again,ông được bầu lại làm thị trưởng
We'll dine together and then go to the theater,chúng ta sẽ ăn tối cùng nhau và sau đó đi đến nhà hát
I've been mugged.,Tôi đã bị lừa.
That's all I have to say.,đó là tất cả những gì tôi phải nói
I love the way you think.,Tôi thích cách bạn nghĩ.
I couldn't give Tom what he needed.,tôi không thể cho tom những gì anh ấy cần.
Tom had the right idea.,tom đã có ý tưởng đúng.
Your efforts will be rewarded in the long run,những nỗ lực của bạn sẽ được đền đáp trong thời gian dài
Do you have any special plans for the holidays?,bạn có kế hoạch gì đặc biệt cho ngày lễ không?
"He endeavored to make his wife happy, but in vain.","Anh nỗ lực để làm cho vợ mình hạnh phúc, nhưng vô ích."
I know every word on this page,tôi biết từng từ trên trang này
Tom lived in Boston for three years when he was a kid,Tom sống ở boston được ba năm khi anh còn nhỏ
We met by chance the other day.,chúng tôi gặp nhau tình cờ ngày khác.
I'm glad you liked it,Tôi vui vì bạn thích nó
Tom closed his eyes and tried to concentrate.,Tom nhắm mắt và cố gắng tập trung.
"Knowing how much school for my kids is costing, it's impossible to relax with a beer and take it easy","biết các trường học của con tôi tốn bao nhiêu tiền, không thể thư giãn với bia và làm cho nó dễ dàng"
How's everybody?,mọi người thế nào?
I can hardly wait till I see you.,tôi khó có thể đợi đến khi tôi gặp bạn
Tom spent a sleepless night thinking of Mary,tom trải qua một đêm mất ngủ khi nghĩ về mary
We'll meet Tom later.,chúng ta sẽ gặp tom sau.
Japan trades with lots of countries in the world,Nhật Bản giao dịch với rất nhiều quốc gia trên thế giới
I was playing tennis all day,tôi đã chơi tennis cả ngày
Tom has a closet full of trophies that he won at competitions.,tom có một tủ đầy những danh hiệu mà anh đã giành được tại các cuộc thi.
The job was bigger than I anticipated,công việc lớn hơn tôi dự đoán
Isn't he a little young?,Anh ấy không còn trẻ sao?
I only know that Tom isn't happy.,tôi chỉ biết rằng tom không hạnh phúc.
I ran into the classroom out of breath.,Tôi chạy vào lớp hết hơi.
Have they done that?,họ đã làm điều đó?
I don't really care one way or another,tôi không thực sự quan tâm cách này hay cách khác
I need some expert advice.,Tôi cần một số lời khuyên chuyên gia.
Tom doesn't have any cash on hand.,Tom không có tiền trong tay.
They all chuckled.,tất cả họ đều cười thầm.
He rose from his chair to welcome me,anh ấy đứng dậy khỏi ghế để chào đón tôi
"While he was lost in thought, he heard his name called.","Trong khi anh lạc lối trong suy nghĩ, anh nghe thấy tên mình được gọi."
He set up a company recently.,anh ấy đã thành lập một công ty gần đây.
A large bird landed on the window sill.,Một con chim lớn đáp xuống bệ cửa sổ.
The dog ran around and around the tree.,Con chó chạy xung quanh cây.
There's no telling what'll happen.,không biết chuyện gì sẽ xảy ra
The supermarket was relatively empty for that time of day.,siêu thị tương đối trống trong thời gian đó trong ngày.
Tom doesn't know how to pronounce my name properly,tom không biết cách phát âm tên tôi đúng
He knows how to fight.,Anh ấy biết cách chiến đấu.
It may rain before long,trời có thể mưa rất lâu
He made a clean break with them,anh ấy đã làm sạch với họ
Their meeting was inevitable.,cuộc họp của họ là không thể tránh khỏi.
Tom was wearing a blue hospital gown.,Tom đang mặc một chiếc áo choàng bệnh viện màu xanh.
Tom lives in a small town on the outskirts of Boston,Tom sống trong một thị trấn nhỏ ở ngoại ô boston
"In many cultures, men and women dress differently","trong nhiều nền văn hóa, đàn ông và phụ nữ ăn mặc khác nhau"
How much interest does it pay?,nó trả bao nhiêu tiền lãi
My brother went to Italy.,anh tôi đi ý.
The Mississippi River is deep and wide.,sông mississippi sâu và rộng.
Tom might go with you,tom có thể đi với bạn
Who did you kill?,bạn đã giết ai
There is strength in numbers,Có sức mạnh về số lượng
Which platform is the train for Boston?,nền tảng nào là tàu cho boston?
Who did Confucius teach?,Khổng Tử đã dạy ai?
He wore a robe over his pajamas,anh ta mặc một chiếc áo choàng qua bộ đồ ngủ
We'll find a way out of here.,chúng ta sẽ tìm cách thoát khỏi đây
Her father never let her go to town with her friends.,Cha cô không bao giờ để cô đi thị trấn với bạn bè.
I believe Tom is acquainted with Mary,tôi tin rằng tom đã quen với mary
Tom doesn't sleep as much as he used to.,Tom không ngủ nhiều như trước đây.
My younger brother went to school,em trai tôi đi học
I did try to warn you.,tôi đã cố gắng để cảnh báo bạn.
This book is way more interesting than that one.,Cuốn sách này thú vị hơn cuốn sách đó.
I met my friend in the library last night.,tôi đã gặp người bạn của tôi trong thư viện tối qua.
He was willing to work for others,anh ấy sẵn sàng làm việc cho người khác
I have one sister.,tôi có một em gái.
I was detained.,tôi đã bị giam giữ
Is this a coincidence?,Đây có phải là một sự trùng hợp?
I thought I told you not to come here.,Tôi nghĩ tôi đã nói với bạn không đến đây.
She bought a handkerchief for ten dollars,cô ấy đã mua một chiếc khăn tay với giá mười đô la
All the girls in my class are kind.,tất cả các cô gái trong lớp tôi đều tốt bụng
Tom is the only witness. There are no other witnesses.,tom là nhân chứng duy nhất không có nhân chứng nào khác
I'll get that for you,tôi sẽ lấy nó cho bạn
Tom seems to have made a big mistake.,Tom dường như đã phạm một sai lầm lớn.
She has legally divorced her husband.,Cô đã ly hôn hợp pháp với chồng.
The tide is rising fast,thủy triều đang lên nhanh
It took John about two weeks to get over his illness.,john mất khoảng hai tuần để vượt qua bệnh tật.
I began living by myself.,tôi bắt đầu sống một mình.
We won't do it without you.,chúng tôi sẽ không làm điều đó mà không có bạn.
Tom finally mustered up the courage to ask Mary to lend him the money he needed.,Tom cuối cùng cũng tập trung can đảm để yêu cầu mary cho anh ta mượn số tiền anh ta cần.
Let's check one more time.,Hãy kiểm tra thêm một lần nữa.
You'd better tell Tom soon.,bạn nên nói với tom sớm.
Tom's illiterate.,Tom không biết chữ.
My mom bought this shirt for me.,mẹ tôi đã mua chiếc áo này cho tôi
"Tom made several tries, but failed each time","tom đã thử vài lần, nhưng mỗi lần đều thất bại"
It's been two years since I came here.,Đã hai năm kể từ khi tôi đến đây.
What will become of his children after his death?,Những gì sẽ trở thành của con mình sau khi chết?
Everybody has secrets.,mọi người đều có bí mật
Are you sure you want to leave now?,bạn có chắc chắn muốn rời đi bây giờ?
My stomach is grumbling.,Bụng tôi đang càu nhàu.
We'll soon be together,chúng ta sẽ sớm ở bên nhau
His teeth are yellow from smoking too much,Răng của anh ấy màu vàng do hút thuốc quá nhiều
What did you feel?,bạn đã cảm thấy gì
I want to know what's out there.,tôi muốn biết những gì ngoài đó.
"We're your friends, Tom","chúng ta là bạn của bạn, tom"
You're so handsome.,bạn thật đẹp trai.
He is good and drunk,anh ấy tốt và say rượu
I'm sure they're wrong.,Tôi chắc chắn họ đã sai.
We're ignoring you.,chúng tôi đang phớt lờ bạn.
Maybe tonight I'm going to my younger sister's house,có lẽ tối nay tôi sẽ đến nhà em gái tôi
Now the mountain is hidden by the clouds,bây giờ ngọn núi bị che khuất bởi những đám mây
Help yourself to these cookies.,giúp mình với những cái bánh quy
"If he comes, tell him to wait for me.","nếu anh ấy đến, bảo anh ấy đợi tôi"
Tom definitely should have gotten the death sentence,Tom chắc chắn đã nhận bản án tử hình
This is a really lonely stretch of shoreline,đây là một bờ biển thực sự cô đơn
I hate Tom's guts.,tôi ghét lòng can đảm của tom.
Moderate exercise is good for your health,tập thể dục vừa phải tốt cho sức khỏe của bạn
They asked a lot of questions about my past experience,họ đã hỏi rất nhiều câu hỏi về kinh nghiệm trong quá khứ của tôi
Tom didn't do so well on his test.,Tom đã không làm tốt bài kiểm tra của mình.
I don't need a interpreter.,Tôi không cần một thông dịch viên.
You have an e-mail message in your inbox,bạn có một tin nhắn e-mail trong hộp thư đến của bạn
Tom didn't answer,tom không trả lời
We have enough water,chúng ta có đủ nước
It is not necessary for you to quit the job.,bạn không cần phải nghỉ việc
I was just showering,tôi vừa mới tắm xong
I wish there was something I could say,tôi ước có một cái gì đó tôi có thể nói
Tom continued yelling.,Tom tiếp tục la hét.
These shoes are made in Italy.,Những đôi giày này được làm ở Ý.
She was named Alice after her aunt.,cô được đặt tên là alice theo dì của mình.
It occurred to him that he should start at once,Nó xảy ra với anh ta rằng anh ta nên bắt đầu ngay lập tức
I'm pleased to meet you,tôi rất vui được gặp bạn
Is there something in particular that you want to eat?,bạn có muốn ăn gì không?
I wonder what's on her mind,tôi tự hỏi những gì trong tâm trí của cô ấy
"You're disappointed, aren't you?",bạn thất vọng phải không?
There is absolutely no way that I would go on a trip alone,hoàn toàn không có cách nào để tôi đi một mình
Tom walked over to the door and opened it,tom bước tới cửa và mở nó ra
I remember that he said that,tôi nhớ rằng anh ấy đã nói rằng
Tom is not a rational guy.,tom không phải là một chàng trai lý trí.
Communications have been cut off for two hours because of a thunderstorm,thông tin liên lạc đã bị cắt trong hai giờ vì giông bão
I'm grateful for that,tôi biết ơn vì điều đó
Have you prepared everything for tomorrow?,bạn đã chuẩn bị mọi thứ cho ngày mai chưa?
Tom has been dead for three years,tom đã chết được ba năm
Why were you in Boston?,Tại sao bạn lại ở boston?
We boil water to cook spaghetti.,chúng tôi đun nước để nấu mì spaghetti.
You have to listen.,Bạn phải lắng nghe.
So why didn't you tell the truth before?,vậy tại sao bạn không nói sự thật trước đây?
I don't want to shoot.,tôi không muốn bắn.
This week has been terribly busy for both of us.,tuần này đã rất bận rộn cho cả hai chúng tôi.
Tom is still up.,tom vẫn còn
"I can see you're busy, so I'll get right to the point.","Tôi có thể thấy bạn đang bận rộn, vì vậy tôi sẽ đi thẳng vào vấn đề."
Tom and Mary finally decided to get married,Tom và mary cuối cùng đã quyết định kết hôn
It looks like Tom was right,có vẻ như tom đã đúng
I'm on my lunch break,tôi đang trong giờ nghỉ trưa
Does the end justify the means?,cuối cùng biện minh cho phương tiện?
What's wrong with your eyes?,mắt bạn bị sao thế
I can't keep up with you if you walk so fast.,Tôi không thể theo kịp bạn nếu bạn đi quá nhanh.
Parents who beat their children really make my blood boil.,cha mẹ đánh con thực sự làm máu tôi sôi lên.
My mother cooks well.,mẹ tôi nấu ăn ngon
Eternity is a really long time.,vĩnh cửu là một thời gian thực sự dài.
It's urgent.,đó là khẩn cấp.
Some people seem to have forgotten what it was like before the war.,một số người dường như đã quên nó như thế nào trước chiến tranh.
How did she get to know so much about fish?,Làm thế nào mà cô ấy biết nhiều về cá?
The fish is in clear water.,Cá ở trong nước.
He wants to take over his father's business.,ông muốn tiếp quản công việc của cha mình.
I have a deadline,tôi có thời hạn
Tom wasn't happy with how the painters painted his office,Tom không hài lòng với cách các họa sĩ vẽ văn phòng của mình
I'm the only one with a key to this room.,Tôi là người duy nhất có chìa khóa phòng này.
She sleeps on her back,cô ấy ngủ trên lưng
Tom didn't do well on today's test,Tom đã không làm tốt bài kiểm tra hôm nay
Few people know that Mr. Itsumi is from Kansai,ít người biết rằng ông. Itsumi là từ kansai
Let's not waste what little time we have.,chúng ta đừng lãng phí những gì chúng ta có ít thời gian
Both quantity and quality are important in most cases,cả số lượng và chất lượng đều quan trọng trong hầu hết các trường hợp
"The older you get, the less sleep you need.","bạn càng lớn tuổi, bạn càng cần ngủ ít hơn."
This is how I made the machine,đây là cách tôi tạo ra máy
I did the best I could do,tôi đã làm tốt nhất có thể
He put his thoughts on paper,anh ấy đặt suy nghĩ của mình lên giấy
We want to be fair.,chúng tôi muốn công bằng
"From the look of the sky, it may begin to snow tonight","từ cái nhìn của bầu trời, đêm nay có thể bắt đầu có tuyết"
Why didn't you tell them?,tại sao bạn không nói với họ?
I expect you to treat Tom with respect,tôi mong bạn đối xử với tom một cách tôn trọng
I'll be only too glad to go with you.,Tôi sẽ chỉ rất vui khi đi với bạn.
I'm going to grab a bite to eat,tôi sẽ cắn một miếng để ăn
I love it when that happens,Tôi yêu nó khi điều đó xảy ra
"I'm sorry, but I don't understand French well.","Tôi xin lỗi, nhưng tôi không hiểu tiếng Pháp."
Most of the Amazon jungle is still wild.,hầu hết các khu rừng amazon vẫn còn hoang dã.
Check this.,kiểm tra điều này.
I'm going to need at least five minutes.,Tôi sẽ cần ít nhất năm phút.
All of us like her,tất cả chúng ta đều thích cô ấy
We are to meet at seven.,chúng ta sẽ gặp nhau lúc bảy giờ
My parents worry about my health,bố mẹ tôi lo lắng cho sức khỏe của tôi
The mayor granted our request.,thị trưởng cấp yêu cầu của chúng tôi.
Are you here alone?,bạn ở đây một mình à?
It cannot have rained during the night.,trời không thể mưa trong đêm.
I am going to go play ball with Mohan.,tôi sẽ đi chơi bóng với mohan.
You can be sure that the money you give them will be put to good use.,bạn có thể chắc chắn rằng số tiền bạn cung cấp cho họ sẽ được sử dụng tốt.
What's the cash limit on this card?,giới hạn tiền mặt trên thẻ này là gì?
Tom Jackson is one of the best detectives in Boston.,tom jackson là một trong những thám tử giỏi nhất trong boston.
Have there been any changes?,có sự thay đổi nào không?
I assume you still live in Boston.,Tôi giả sử bạn vẫn sống ở boston.
Tom was reading a letter written in French,tom đang đọc một lá thư viết bằng tiếng Pháp
I am ashamed of my son's laziness.,tôi xấu hổ về sự lười biếng của con trai tôi.
Tom turned off the light.,tom tắt đèn.
"Let me call you back later, OK?",để tôi gọi lại cho bạn sau nhé
Tom is taking a nap.,Tom đang ngủ trưa.
"""We were invited to their wedding."" ""Is that so? Well, what are you going to get them?","""chúng tôi đã được mời đến đám cưới của họ."" ""Có phải vậy không? tốt, bạn sẽ lấy gì cho họ?"
"If you became a designer, you could make better use of your talents.","nếu bạn trở thành một nhà thiết kế, bạn có thể sử dụng tài năng của mình tốt hơn."
Don't make such careless mistakes.,đừng phạm sai lầm bất cẩn như vậy.
I'm pretty certain I haven't made any mistakes,Tôi khá chắc chắn rằng tôi đã không phạm sai lầm
I am good friends with Bill,tôi là bạn tốt với hóa đơn
Tea was introduced from China,trà được giới thiệu từ Trung Quốc
Does Tom go to the same school as you?,Tom có học cùng trường với bạn không?
"If you help me learn English, I'll help you learn Japanese","nếu bạn giúp tôi học tiếng anh, tôi sẽ giúp bạn học tiếng nhật"
They have been here for an hour,họ đã ở đây được một giờ
Last night I had a weird dream,đêm qua tôi có một giấc mơ kỳ lạ
Let's look into the matter.,Hãy nhìn vào vấn đề.
Is she at home?,cô ấy có ở nhà không?
I think Tom is ambitious,tôi nghĩ rằng tom là tham vọng
I usually take a shower first thing in the morning.,Tôi thường tắm đầu tiên vào buổi sáng.
I've never been to such a nice party,tôi chưa bao giờ đến một bữa tiệc tuyệt vời như vậy
The drunken man couldn't walk straight.,Người đàn ông say rượu không thể đi thẳng.
Tom thought it would be a good idea to see a doctor,Tom nghĩ rằng đó là một ý tưởng tốt để gặp bác sĩ
Keep your hands off my bicycle.,giữ tay ra khỏi xe đạp của tôi
The girl has a scarf around her neck.,Cô gái có một chiếc khăn quanh cổ.
He was covered with mud from head to foot.,anh ta phủ đầy bùn từ đầu đến chân.
You should've never come here,bạn không bao giờ nên đến đây
What type of job are you looking for?,Bạn đang tìm kiếm loại hình công việc gì?
I thought you knew Tom.,Tôi nghĩ bạn biết tom.
The teacher blamed her for the mistake,cô giáo đổ lỗi cho cô vì lỗi lầm
Is today Monday?,hôm nay là thứ hai
She was about to leave.,cô chuẩn bị rời đi.
The little cabin was bathed in moonlight.,cabin nhỏ được tắm trong ánh trăng.
Tom reconsidered the matter.,tom xem xét lại vấn đề.
Tom was trained as a doctor,tom được đào tạo như một bác sĩ
I'm old enough to support myself,tôi đủ tuổi để nuôi sống bản thân
"The anti-smoking law is just, in my opinion","Theo tôi, luật chống hút thuốc là"
Tom is a hot-blooded individual.,tom là một cá nhân máu nóng.
You must not smoke in this building.,bạn không được hút thuốc trong tòa nhà này
Don't make me answer that question,đừng bắt tôi trả lời câu hỏi đó
I think nothing is more important than friendship,tôi nghĩ không có gì quan trọng hơn tình bạn
My grandmother went peacefully in the night,bà tôi đã đi bình yên trong đêm
She has gone over to the other side.,cô ấy đã đi qua phía bên kia.
That publisher specialises in children's books.,nhà xuất bản chuyên về sách thiếu nhi.
Tom doesn't enjoy family gatherings very much.,Tom không tận hưởng những buổi họp mặt gia đình rất nhiều.
I want to hold your hand.,tôi muốn nắm tay bạn.
You have one hour.,bạn có một giờ
Tom will be out of town next week.,Tom sẽ ra khỏi thành phố vào tuần tới.
I'm sure Tom will know how to do it,tôi chắc chắn tom sẽ biết cách làm
You must miss Tom a lot,bạn phải nhớ tom rất nhiều
We are faced with new kinds of diseases,chúng ta đang phải đối mặt với những loại bệnh mới
I just wanted Mary to love me.,tôi chỉ muốn mary yêu tôi
I think I got everything,tôi nghĩ rằng tôi đã có tất cả
Everything is better without you.,mọi thứ sẽ tốt hơn nếu không có em
I need more money,tôi cần nhiều tiền hơn
What a blessing it is that they did not come,thật là một phước lành khi họ không đến
Tom's least favorite color is blue-green,Màu sắc yêu thích nhất của tom là xanh dương
They love it.,họ thích nó
Water contains hydrogen and oxygen.,nước chứa hydro và oxy.
I took Tom to a hospital.,tôi đưa tom đến bệnh viện.
Tom woke up in the middle of the night,Tom thức dậy vào giữa đêm
He hid his toys under the bed.,Anh giấu đồ chơi dưới gầm giường.
I crossed the river by boat,tôi qua sông bằng thuyền
I'm sick of hearing it.,Tôi phát ốm khi nghe nó.
Read your statement before you sign it.,đọc tuyên bố của bạn trước khi bạn ký tên
She happened to have the day off,cô ấy đã có một ngày nghỉ
We regret that you have to leave.,chúng tôi rất tiếc rằng bạn phải rời đi.
Where would I find books?,tôi sẽ tìm sách ở đâu?
There's a degree of stress in every job,có một mức độ căng thẳng trong mọi công việc
Tom is putting his pens into the pencil case,Tom đang đặt bút vào hộp bút chì
We'll do it ourselves.,chúng tôi sẽ tự làm điều đó.
"It's a fake one, right?",nó là đồ giả phải không?
If you had left home a little earlier you would have been in time,"nếu bạn rời khỏi nhà sớm hơn một chút, bạn sẽ có mặt kịp thời"
A fire broke out at the inn where they were staying.,một đám cháy bùng phát tại nhà trọ nơi họ đang ở.
Why don't you give it to Tom?,Tại sao bạn không đưa nó cho tom?
Will you please put that in simpler words?,bạn sẽ vui lòng đặt nó trong những từ đơn giản hơn?
"Which wire should I cut, the red one or the white one?","Tôi nên cắt dây nào, màu đỏ hay màu trắng?"
I can hear the wind in the trees.,tôi có thể nghe thấy tiếng gió trên cây.
Tom knocked on the door again,tom lại gõ cửa
You're depressed,bạn bị trầm cảm
I stopped working for Tom three years ago.,tôi đã ngừng làm việc cho tom ba năm trước.
I work alone,tôi làm một mình
This girl has very good judgment,cô gái này có óc phán đoán rất tốt
Thanks for the hospitality,cảm ơn vì sự hiếu khách
She was wearing a white T-shirt,cô ấy mặc áo phông trắng
"In 1972, Dr. Francine Patterson started to teach sign language to Koko","vào năm 1972, dr. patterson francine bắt đầu dạy ngôn ngữ ký hiệu cho koko"
Tom walked down the hall alone.,tom bước xuống hội trường một mình.
Tom was killed with an icepick,tom đã bị giết bằng một cái băng
He's going to join our club.,Anh ấy sẽ tham gia câu lạc bộ của chúng tôi.
"Each person paid $7,000",mỗi người trả 7.000 đô la
We should look into the problem,chúng ta nên xem xét vấn đề
When do you eat breakfast?,Bạn dùng điểm tâm lúc nào?
I want you to send this report to Tom.,tôi muốn bạn gửi báo cáo này cho tom.
I wonder why Tom isn't here yet,tôi tự hỏi tại sao tom chưa ở đây
Is that the guitar you bought from Tom?,đó có phải là cây đàn guitar bạn mua từ tom không?
Let's talk about that over drinks.,Hãy nói về điều đó qua đồ uống.
Corporations are downsizing and reducing the amount of profits they put back into R&D,các công ty đang thu hẹp quy mô và giảm số tiền lãi mà họ đưa lại vào r & d
His dog is barking at me.,Con chó của anh ta đang sủa tôi.
She kept me waiting for half an hour.,cô ấy giữ tôi đợi trong nửa giờ.
It isn't locked,nó không bị khóa
I want to talk to Tom about Mary,tôi muốn nói chuyện với tom về mary
Did you phone him?,bạn đã gọi cho anh ấy?
"Clean your room, please.",làm sạch phòng của bạn
What I want is a word processor.,những gì tôi muốn là một trình xử lý văn bản.
You're safe as long as you stay here.,bạn an toàn miễn là bạn ở đây.
Tom played the part of Hamlet,tom chơi một phần của ấp
They elected Taro captain of their team,họ đã bầu đội trưởng khoai môn của đội của họ
I thought you were going to stay with Tom.,Tôi nghĩ bạn sẽ ở lại với tom.
Why are you so busy today?,sao hôm nay bạn bận thế
Auckland is a city in New Zealand.,aogi là một thành phố ở New Zealand.
The meeting was put off until next Friday,cuộc họp đã kết thúc vào thứ sáu tới
I want to buy an automobile,tôi muốn mua một chiếc ô tô
You're half right,bạn đúng một nửa
Tom looks like he might be interested,tom có vẻ như anh ta có thể quan tâm
He worked hard to make up for his lack of experience,anh ấy làm việc chăm chỉ để bù đắp cho sự thiếu kinh nghiệm của mình
I can't believe you're involved in this,tôi không thể tin rằng bạn tham gia vào việc này
I go to a restaurant once in a blue moon.,Tôi đến một nhà hàng một lần trong một mặt trăng màu xanh.
How much have your lives changed?,cuộc sống của bạn đã thay đổi bao nhiêu
"If you go by bus, you can get there in about one-third of the time","nếu bạn đi bằng xe buýt, bạn có thể đến đó trong khoảng một phần ba thời gian"
I'm not easygoing.,Tôi không dễ dãi.
Tom sent me a funny text message,tom gửi cho tôi một tin nhắn vui
Do you think I would really do that?,Bạn có nghĩ rằng tôi thực sự sẽ làm điều đó?
Tom has lived alone ever since his wife died,Tom đã sống một mình kể từ khi vợ anh ta chết
A blizzard is an example of extreme weather conditions.,một trận bão tuyết là một ví dụ về điều kiện thời tiết khắc nghiệt.
Mr. Wall put off going to the dentist's.,Ông. tường tắt đi đến nha sĩ.
He was very pleased with the result.,ông rất hài lòng với kết quả.
Our plane was flying over the Pacific Ocean.,máy bay của chúng tôi đã bay qua đại dương Thái Bình Dương.
Tom picked up his glass and took a big sip of wine,tom cầm ly lên và uống một ngụm rượu lớn
I'm trying to apologize.,Tôi đang cố gắng xin lỗi.
Let's pretend that what happened today didn't happen,hãy giả vờ rằng những gì xảy ra hôm nay đã không xảy ra
This town is really dead at night,thị trấn này thực sự đã chết vào ban đêm
I wish I had listened to your advice,tôi ước tôi đã lắng nghe lời khuyên của bạn
I'd rather eat something simple.,Tôi thà ăn một cái gì đó đơn giản.
She managed to drive a car,cô ấy đã lái xe
It was torture for him to see his girlfriend with another man,Thật là tra tấn cho anh ta khi thấy bạn gái của mình với một người đàn ông khác
Is it hard to learn German?,học tiếng Đức có khó không?
What should you do if you find a big spider on your bed?,Bạn nên làm gì nếu bạn tìm thấy một con nhện lớn trên giường của bạn?
I'm not accusing you of anything,tôi không cáo buộc bạn bất cứ điều gì
How much do you know about the process?,bạn biết bao nhiêu về quy trình?
There was no reason to stay.,không có lý do để ở lại.
I think that our living together has influenced your habits.,Tôi nghĩ rằng việc chúng ta sống chung đã ảnh hưởng đến thói quen của bạn.
You need to stay here.,bạn cần ở lại đây
You should go to bed,bạn nên đi ngủ
I'm not quite sure,tôi không chắc lắm
Tom will be there tomorrow for sure.,Tom sẽ có mặt vào ngày mai cho chắc chắn.
I'm aware that you failed.,Tôi biết rằng bạn đã thất bại.
I think you are the one who broke it.,Tôi nghĩ bạn là người đã phá vỡ nó.
Tom told me that he was thirsty.,Tom nói với tôi rằng anh ta khát nước.
Tom treated Mary badly,tom đối xử tệ với mary
I don't know which child is yours.,tôi không biết đứa trẻ nào là của bạn
I almost got hit by a car today.,Tôi gần như đã bị một chiếc xe hơi ngày hôm nay.
Do you think I'm happy about this?,bạn có nghĩ rằng tôi hạnh phúc về điều này?
Are you asking us to give you back the money?,bạn đang yêu cầu chúng tôi trả lại tiền cho bạn?
He had an accident on his way home.,anh gặp tai nạn trên đường về nhà.
I only read the first four chapters.,tôi chỉ đọc bốn chương đầu tiên.
He ordered three dinners.,Anh gọi ba bữa tối.
I remember this music,tôi nhớ nhạc này
How often do you look at yourself in a mirror?,bạn có thường xuyên nhìn mình trong gương không?
We were next-door neighbors.,chúng tôi là hàng xóm của nhau
Time flies when you're having fun,thời gian trôi nhanh khi bạn vui vẻ
Tom could have phrased his answer more politely,Tom có thể nói câu trả lời của mình một cách lịch sự hơn
"Tom tried to stand up, but he couldn't.","Tom cố gắng đứng dậy, nhưng anh không thể."
That's real nice,điều đó thật tuyệt
Jim was so tired that he lay down and slept.,jim mệt đến nỗi nằm xuống và ngủ.
Tom tried to put on a happy face.,tom cố gắng để đưa lên một khuôn mặt hạnh phúc.
There are a lot of tools in the box,có rất nhiều công cụ trong hộp
We don't need a visa to go to France.,chúng tôi không cần thị thực để đi đến Pháp.
He is twelve years old. He is tall for his age.,anh ấy mười hai tuổi. Anh ấy cao bằng tuổi anh ấy.
John is the taller of the two,john là cao hơn của hai
The storm blew down a tree,cơn bão thổi bay một cái cây
There was something.,có một cái gì đó
I finally decided to go and see Tom,cuối cùng tôi quyết định đi xem tom
How tall is your youngest brother?,em út của bạn cao bao nhiêu
Tell Tom we'll be ready,nói với tom chúng tôi sẽ sẵn sàng
Could you teach me how to play the piano?,bạn có thể dạy tôi chơi piano không?
He has a maid.,anh ấy có một người giúp việc
My computer crashed and now it won't boot up.,máy tính của tôi bị hỏng và bây giờ nó sẽ không khởi động được.
"The clerk nodded, so the woman wrote a check and handed it over.","nhân viên bán hàng gật đầu, vì vậy người phụ nữ đã viết một tấm séc và trao nó."
I saw many people who had no clothes and I saw many clothes which had no people in them.,tôi thấy nhiều người không có quần áo và tôi thấy nhiều quần áo không có người trong đó.
Their financial problems began in the second half of the year,vấn đề tài chính của họ bắt đầu vào nửa cuối năm
The evening meal is served between 9 and 12.,bữa ăn tối được phục vụ từ 9 đến 12.
The police officers arrested the burglar.,Các sĩ quan cảnh sát đã bắt giữ tên trộm.
He would not take this chance.,anh sẽ không nắm lấy cơ hội này.
I wasn't sure where I was supposed to wait,tôi không chắc là mình sẽ đợi ở đâu
It isn't safe for us to remain in this area,chúng tôi vẫn không an toàn trong khu vực này
You don't have to tell me twice,bạn không cần phải nói với tôi hai lần
This work is beyond me.,công việc này vượt quá tôi
You just turned the radio on,bạn vừa bật radio
He has seldom had a meal with his family.,anh hiếm khi dùng bữa với gia đình.
"Let's forget the whole thing, OK?","Hãy quên đi tất cả, được chứ?"
It's impossible to see all the sights in Rome in one day,Không thể nhìn thấy tất cả các điểm tham quan ở Rome trong một ngày
Tom has given me some tips,tom đã cho tôi một số lời khuyên
One of the suitcases is completely empty.,một trong những chiếc vali hoàn toàn trống rỗng
I traveled around Europe,tôi đã đi du lịch vòng quanh châu Âu
Why can't Tom stay here?,Tại sao tom không thể ở đây?
I'm committed.,Tôi cam kết.
That's an easy one,đó là một điều dễ dàng
"Tom wanted me to come over for breakfast, so I did.","Tom muốn tôi đến ăn sáng, vì vậy tôi đã làm."
I trust Ken.,tôi tin tưởng ken.
Tom just doesn't want me to embarrass him.,Tom chỉ không muốn tôi làm anh ấy xấu hổ.
I had high hopes for Tom.,tôi đã hy vọng cao cho tom.
He understands physics.,anh ấy hiểu vật lý.
He's the man that was here last week,anh ấy là người đàn ông đã ở đây tuần trước
Practice is the best way to improve your English,thực hành là cách tốt nhất để cải thiện tiếng anh của bạn
You are actresses.,bạn là nữ diễn viên
Tom's face got red,mặt tom đỏ lên
Have you ever sung in French?,bạn đã bao giờ hát bằng tiếng Pháp chưa?
The treasure lay hidden for a long time,kho báu nằm ẩn trong một thời gian dài
Tom was worn out,tom đã mòn
You've seen that.,bạn đã thấy điều đó.
Do you want to take over?,bạn có muốn tiếp quản?
She was the first girl to win that contest,cô ấy là cô gái đầu tiên giành chiến thắng trong cuộc thi đó
Who was the last to reach the goal?,ai là người cuối cùng đạt được mục tiêu?
The hotel where we stayed was very comfortable,khách sạn nơi chúng tôi ở rất thoải mái
I just don't feel satisfied,tôi chỉ không cảm thấy hài lòng
Please wait a moment,xin vui lòng chờ trong giây lát
Tom married a Canadian,tom kết hôn với một người Canada
Hanako came all the way from Hokkaido in order to see her father.,hanako đến từ hokkaido để gặp cha cô.
It's really infuriating,nó thực sự gây phẫn nộ
It's obvious Tom doesn't like Mary anymore.,Rõ ràng tom không thích mary nữa.
French isn't my native language.,tiếng Pháp không phải là ngôn ngữ mẹ đẻ của tôi.
The wind carries seeds for great distances,gió mang hạt giống cho khoảng cách lớn
I want to see it for myself,tôi muốn nhìn thấy nó cho chính mình
This coffee shop is cozy,quán cà phê này ấm cúng
I don't want to miss the bus,tôi không muốn bỏ lỡ xe buýt
Tom waited nearby.,tom đợi gần đó.
He studied the way birds fly.,ông nghiên cứu cách chim bay.
Tom is always eating.,tom luôn ăn
My cousins live near the beach,anh em họ của tôi sống gần bãi biển
Do you really want to know what happened?,Bạn có thực sự muốn biết những gì đã xảy ra?
He has a very vivid imagination,anh ấy có một trí tưởng tượng rất sống động
Have you ever hired a maid?,bạn đã bao giờ thuê người giúp việc chưa?
Tom and I roomed together in college,tom và tôi cùng phòng ở trường đại học
"Tom can't remember all his passwords, so he keeps them in a list disguised as phone numbers","Tom không thể nhớ tất cả mật khẩu của mình, vì vậy anh ta giữ chúng trong một danh sách được ngụy trang dưới dạng số điện thoại"
Where's my watch?,đồng hồ của tôi đâu
The building is on fire,tòa nhà đang cháy
I can't work like this.,Tôi không thể làm việc như thế này.
He did not want war,anh ấy không muốn chiến tranh
This CD is my son's.,cd này là của con trai tôi.
Just ignore it.,chỉ cần bỏ qua nó
I ordered a veggie burger,tôi đã gọi một chiếc burger chay
Please mail this letter for me at once.,xin vui lòng gửi thư này cho tôi cùng một lúc.
Bill has stock in that company.,hóa đơn có cổ phiếu trong công ty đó.
I ran downstairs.,Tôi chạy xuống cầu thang.
I think Mary is the most beautiful woman I've ever seen.,tôi nghĩ mary là người phụ nữ đẹp nhất tôi từng thấy.
We've got to figure this out,chúng ta phải tìm ra điều này
I am in no mood for joking.,tôi không có tâm trạng để nói đùa
That's exactly what Tom was talking about,đó chính xác là những gì tom đang nói
I love Laurie's hair,tôi yêu mái tóc của laurie
I tied my dog to the tree in the yard.,Tôi buộc con chó của tôi vào cây trong sân.
I'll take these roses,tôi sẽ lấy những bông hồng này
"If you knew, you'd tell me, right?","nếu bạn biết, bạn sẽ nói với tôi, phải không?"
It won't be a long time before she recovers from the shock,sẽ không lâu nữa trước khi cô hồi phục sau cú sốc
I think I know where Tom went,tôi nghĩ tôi biết tom đã đi đâu
Horseradish tastes good on roast beef sandwiches.,cải ngựa có vị ngon trên bánh mì thịt bò nướng.
Tom is the murderer,tom là kẻ giết người
Let me find out,hãy để tôi tìm hiểu
I've found the answer,tôi đã tìm thấy câu trả lời
I ate nothing but bread and butter,tôi không ăn gì ngoài bánh mì và bơ
Go and ask Tom,đi và hỏi tom
He didn't seem to understand what you were saying,anh ấy dường như không hiểu bạn đang nói gì
It would be unfortunate if he were to fail.,Sẽ thật đáng tiếc nếu anh ấy thất bại.
We're having a sukiyaki party this Sunday,chúng ta sẽ có một bữa tiệc sukiyaki vào chủ nhật này
Tom told me he thought I was wasting my time.,Tom nói với tôi rằng anh ấy nghĩ rằng tôi đang lãng phí thời gian.
My father will come home at seven.,Bố tôi sẽ về nhà lúc bảy giờ.
I don't like it when you're so happy.,Tôi không thích nó khi bạn rất hạnh phúc.
Tom is probably lying,tom có lẽ đang nói dối
It often snows here,nó thường có tuyết ở đây
Let's get coffee.,hãy lấy cà phê
They had built roads and bridges.,họ đã xây dựng đường và cầu.
Give me your weapon,đưa tôi vũ khí của bạn
I spent all day studying French,tôi dành cả ngày để học tiếng Pháp
Tom slept in this morning,Tom ngủ vào sáng nay
We had a short vacation in February.,chúng tôi đã có một kỳ nghỉ ngắn trong tháng hai.
What else do you have in your pocket?,bạn có gì khác trong túi của bạn?
Someday your dream will come true,một ngày nào đó giấc mơ của bạn sẽ thành hiện thực
The man walked round the corner.,Người đàn ông đi vòng quanh góc.
"""Did you complete the report I asked you to write?"" ""No. There was no time.""","""bạn đã hoàn thành báo cáo tôi yêu cầu bạn viết chưa?"" ""không. không có thời gian."""
Bob missed the last train and had to take a taxi.,bob đã lỡ chuyến tàu cuối cùng và phải đi taxi.
I didn't notice Tom had gone.,tôi đã không nhận thấy tom đã đi.
Do you know how they knew?,Bạn có biết làm thế nào họ biết?
He took out a book about the history of coins,ông lấy ra một cuốn sách về lịch sử của tiền
It sounds strange to me,nghe có vẻ lạ
Tom told me Mary is in jail.,tom nói với tôi mary đang ở trong tù
Tom isn't very good at telling jokes,Tom không giỏi kể chuyện cười
Tom doesn't trust Mary,tom không tin mary
He whispered something in her ear.,Anh thì thầm điều gì đó vào tai cô.
Oil is extracted from olives,dầu được chiết xuất từ ô liu
What's on the agenda?,những gì trong chương trình nghị sự?
This is a matter of the utmost gravity.,đây là một vấn đề của trọng lực tối đa.
You're great.,bạn tuyệt vời.
Take your dog away.,đưa con chó của bạn đi.
Oil and water won't blend with each other.,dầu và nước sẽ không hòa trộn với nhau.
The dog tagged along after his master.,Con chó được gắn thẻ theo sau chủ của mình.
Can you read that sign ahead of us?,bạn có thể đọc dấu hiệu đó trước chúng tôi không?
Tom'll live,ngày mai sẽ sống
He died of old age two years ago,ông chết vì già hai năm trước
I trust you.,tôi tin bạn.
I think Tom is a pretty remarkable person.,Tôi nghĩ rằng tom là một người khá đáng chú ý.
Tom cut an article out of the newspaper,tom cắt một bài báo ra khỏi tờ báo
Don't give up without a fight.,đừng bỏ cuộc mà không chiến đấu
It's getting warmer day by day.,nó đang trở nên ấm hơn từng ngày.
I found a job,tôi đã kiếm được việc
How many brothers do you have?,bạn có bao nhiêu anh em?
You will have to get up early tomorrow morning,bạn sẽ phải dậy sớm vào sáng mai
"To tell you the truth, I don't really care.","nói thật với bạn, tôi không quan tâm lắm."
This song makes me happy,bài hát này làm tôi hạnh phúc
It frosted last night,nó bị đóng băng tối qua
I want to know what happened to the pistol Tom gave you.,tôi muốn biết chuyện gì đã xảy ra với khẩu súng lục tom đưa cho bạn.
The government put the question to the people in a referendum.,Chính phủ đặt câu hỏi cho người dân trong một cuộc trưng cầu dân ý.
You'd better leave us alone,bạn nên để chúng tôi yên
Tom is trustworthy,tom đáng tin cậy
Tom should get a job,tom nên có một công việc
I belong to the drama club,tôi thuộc câu lạc bộ kịch
How kind you are to come all the way to see me off!,làm thế nào bạn là tất cả các cách để tiễn tôi!
He rolled his eyes.,Anh tròn mắt.
Tom swears too much,tom thề quá nhiều
You're a snob,bạn là một kẻ hợm hĩnh
I will see to it that everything is ready in time,tôi sẽ thấy rằng mọi thứ đã sẵn sàng trong thời gian
I'm not sure what you're asking me to do.,Tôi không chắc chắn những gì bạn yêu cầu tôi làm.
The game was put off because of the rain.,Trò chơi bị tắt vì trời mưa.
I stayed home because of the rain,tôi ở nhà vì trời mưa
The treaty gave the United States a canal zone,Hiệp ước đã cho các quốc gia thống nhất một khu vực kênh
Are you done with that?,bạn làm xong chưa
We prefer to stay here,chúng tôi muốn ở đây
He opened his mouth wide,anh mở to miệng
I'm planning to stay at the Hillside Hotel.,Tôi đang dự định ở tại khách sạn trên sườn đồi.
Mary's baby was three weeks premature,mary của em bé được ba tuần tuổi
You need to get home,bạn cần về nhà
Tom had no options left,tom không còn lựa chọn nào
I was asked here by Tom.,tôi đã được hỏi ở đây bởi tom.
"Freddy's been working the graveyard shift the past month, so he hasn't been able to see any of his friends who work normal hours.","freddy đã làm việc dịch chuyển nghĩa trang trong tháng qua, vì vậy anh ta đã không thể nhìn thấy bất kỳ người bạn nào làm việc bình thường."
He agreed to give us an interview,anh ấy đồng ý cho chúng tôi một cuộc phỏng vấn
Tom took his finger off the trigger and put his pistol back in its holster,Tom rút ngón tay ra khỏi cò súng và đặt khẩu súng lục vào bao da của nó
I like movies a lot,tôi thích phim rất nhiều
Stop sucking up to the teacher,ngừng hút giáo viên
Tom didn't feel anything,tom không cảm thấy gì cả
Tom believes that Mary is his best friend,Tom tin rằng mary là người bạn tốt nhất của anh ấy
Most workers get an automatic pay raise every year,hầu hết công nhân được tăng lương tự động hàng năm
Does this dress make me look fat?,cái váy này có làm tôi trông mập không?
Tom seemed surprised,tom có vẻ ngạc nhiên
He blackmailed me.,Anh tống tiền tôi.
We are going to leave tomorrow,chúng ta sẽ đi vào ngày mai
I'm not the same fool I was fifteen years ago.,Tôi không phải là kẻ ngốc như tôi mười lăm năm trước.
Tell Tom I said hi,nói với tom tôi nói hi
"And now, it's my turn!","và bây giờ, đến lượt tôi!"
Tom divorced Mary after the children graduated from college.,Tom ly dị mary sau khi con tốt nghiệp đại học.
"I am not going, because, among other reasons, I don't have money.","Tôi sẽ không đi, bởi vì, trong số những lý do khác, tôi không có tiền."
"If you have the time, could you help?","nếu bạn có thời gian, bạn có thể giúp gì không?"
I hope you're in good spirits.,tôi hy vọng bạn có tinh thần tốt.
Tom and I don't talk much anymore,tom và tôi không nói chuyện nhiều nữa
The friend who I thought would pass the exam failed it,người bạn mà tôi nghĩ sẽ vượt qua kỳ thi đã thất bại
She is more wise than clever,cô ấy khôn ngoan hơn thông minh
I couldn't get online,tôi không thể lên mạng
I can do both,Tôi có thể làm cả hai
He was given an evasive answer.,ông đã được đưa ra một câu trả lời lảng tránh.
I feel a great love for all of humanity.,tôi cảm thấy một tình yêu lớn cho cả nhân loại
Tom stared into Mary's eyes and kissed her,Tom nhìn chằm chằm vào mắt của mary và hôn cô ấy
Tom won't believe us.,Tom sẽ không tin chúng tôi.
The children gathered around where Tom was seated and watched him play his guitar,những đứa trẻ tụ tập quanh nơi tom ngồi và xem anh ấy chơi guitar
I assume that Tom would like to go to Boston with us.,tôi cho rằng tom muốn đến boston với chúng tôi.
Tom called to her across the street,Tom gọi cô ấy qua đường
Is this an express?,Đây có phải là một thể hiện?
"Strange as it may sound, this is true","Nghe có vẻ lạ, đây là sự thật."
How far is it from here to Ueno?,từ đây đến ueno bao xa?
That doesn't surprise me.,điều đó không làm tôi ngạc nhiên.
I know the reason you said that,tôi biết lý do bạn nói vậy
What a hot day!,thật là một ngày nóng
He tried to talk to her time and time again,anh cố nói chuyện với cô hết lần này đến lần khác
The market opens at 9:00 a.m,chợ mở cửa lúc 9:00 sáng
That's not how it happened.,đó không phải là cách nó đã xảy ra
Tom poured himself something to drink.,tom rót cho mình thứ gì đó để uống.
He married an actress,anh ấy kết hôn với một nữ diễn viên
Have you gone crazy?,bạn đã phát điên
Tom had a good job.,tom đã có một công việc tốt.
I haven't seen any of his pictures,tôi chưa thấy bức ảnh nào của anh ấy
The number of people suffering from AIDS has increased,số người bị bệnh viện trợ đã tăng lên
Eat what you want.,ăn những gì bạn muốn
Soft music is often conducive to sleep,nhạc nhẹ thường có lợi cho giấc ngủ
"I was alone, studying","tôi ở một mình, học bài"
I had no chance to relax there.,tôi không có cơ hội để thư giãn ở đó.
Prices are subject to change without notice,Giá trên có thể thay đổi mà không báo trước
You're always up to something,bạn luôn luôn theo đuổi một cái gì đó
I'm not sure who wrote this report,tôi không chắc ai đã viết báo cáo này
I've gone and caught a cold.,Tôi đã đi và bị cảm lạnh.
Who broke the window? Tell the truth,ai phá cửa sổ nói sự thật
I'll ask Tom tomorrow.,Tôi sẽ hỏi tom vào ngày mai.
Someone cleaned my room while I was gone.,ai đó dọn phòng tôi khi tôi đi vắng.
I loved Tom.,tôi yêu tom
I know very little about Tom,tôi biết rất ít về tom
It rarely snows here in the winter.,nó hiếm khi tuyết ở đây vào mùa đông.
You must have been surprised to meet your teacher in such a place.,bạn phải ngạc nhiên khi gặp giáo viên của bạn ở một nơi như vậy.
Tom called to say he couldn't attend the meeting.,Tom gọi để nói rằng anh ấy không thể tham dự cuộc họp.
Is there somebody you want to talk to?,có ai đó bạn muốn nói chuyện không?
"I hate to say this, but I think Tom is right.","Tôi ghét phải nói điều này, nhưng tôi nghĩ tom là đúng."
"It came to a grand total of 150,000 euros",nó đã lên tới tổng cộng 150.000 euro
I can't remember everyone.,tôi không thể nhớ tất cả mọi người
I told them nothing.,tôi không nói gì với họ
It doesn't seem very far,nó không có vẻ rất xa
Tom is home from college.,tom là từ trường đại học
Do you speak Esperanto?,bạn có nói tiếng esperanto không?
Who's the gorgeous girl I saw wandering around in the mall with you?,Ai là cô gái tuyệt đẹp mà tôi thấy lang thang trong trung tâm thương mại với bạn?
I'm in the backyard.,Tôi đang ở sân sau.
Are you sure it's impossible?,bạn có chắc là không thể?
I think it's possible that he may come.,Tôi nghĩ rằng có thể anh ấy sẽ đến.
I never for a moment imagined that I'd be able to meet so many famous people.,Tôi chưa bao giờ trong một khoảnh khắc tưởng tượng rằng tôi sẽ có thể gặp rất nhiều người nổi tiếng.
I can't hear it.,tôi không thể nghe thấy nó
I wonder why eggs are sold by the dozen,tôi tự hỏi tại sao trứng được bán bởi hàng tá
Help me lift the package,giúp tôi nâng gói
He avenged his father's death,ông báo thù cho cái chết của cha mình
No one seems interested in Tom's paintings anymore.,không ai có vẻ hứng thú với tranh của tom nữa.
He showed off his new car,anh ấy đã khoe chiếc xe mới của mình
Taste this,nếm thứ này
I don't like his type,tôi không thích kiểu của anh ấy
Don't go anywhere,đừng đi đâu cả
Tom told me to do it.,tom bảo tôi làm đi
He is popular among us,anh ấy nổi tiếng trong chúng ta
This is not funny,điều này không vui
Do you really have free tickets for the concert?,Bạn có thực sự có vé miễn phí cho buổi hòa nhạc?
Tom took a sip of his drink and then set it down.,Tom nhấp một ngụm đồ uống của mình và sau đó đặt nó xuống.
What happened to your voice?,chuyện gì đã xảy ra với giọng nói của bạn vậy?
Mary likes romantic comedies.,mary thích những bộ phim hài lãng mạn.
I wasn't organized,tôi đã không được tổ chức
My sister is a very good typist.,chị tôi là một người đánh máy rất giỏi.
Has that been done before?,điều đó đã được thực hiện trước đây?
My cousin Teddy majored in French in college and studied in Paris for one year,Anh em họ của tôi học chuyên ngành tiếng Pháp ở trường đại học và học tại paris trong một năm
It doesn't matter when you come,nó không quan trọng khi bạn đến
The rice is already harvested,lúa đã được thu hoạch
It's difficult to find one's way around in a strange city.,thật khó để tìm đường đi trong một thành phố xa lạ.
I have a pretty good idea why Tom isn't here.,tôi có một ý tưởng khá hay tại sao tom không ở đây.
It is not easy to be an umpire today.,không dễ để trở thành một trọng tài ngày nay.
They went by subway,họ đã đi bằng tàu điện ngầm
I have to do my homework instead of going out.,tôi phải làm bài tập về nhà thay vì ra ngoài.
There is no accounting for tastes,Chẳng có mùi vị gì cả
I got sick riding the roller coaster with the loop-the-loop.,tôi bị ốm khi đi tàu lượn siêu tốc với vòng lặp.
My aunt grows tomatoes in her garden.,dì tôi trồng cà chua trong vườn nhà.
I'm sorry. Would you mind turning around?,Tôi xin lỗi. bạn có phiền quay đầu lại không?
I'm almost certain that Tom will ask Mary to the prom,Tôi gần như chắc chắn rằng tom sẽ yêu cầu mary đến vũ hội
I watch the BBC.,Tôi xem bbc.
Tom really doesn't want to tell Mary where he was,Tom thực sự không muốn nói với mary anh ấy đã ở đâu
Go get some tools,đi lấy một số công cụ
I guess I should have known Tom wasn't going to help,tôi đoán tôi nên biết rằng tom sẽ không giúp đỡ
I'm trying to avoid Tom.,Tôi đang cố tránh tom.
Tom doesn't have tea.,Tom không có trà.
That building has changed hands many times,tòa nhà đó đã đổi chủ nhiều lần
I have tried every diet that has ever been published and I still haven't lost weight,Tôi đã thử mọi chế độ ăn kiêng đã từng được công bố và tôi vẫn không giảm cân
Detroit is dangerous city,Detroit là thành phố nguy hiểm
"Tom asked Mary some questions, but she didn't answer any of them","tom hỏi mary một số câu hỏi, nhưng cô ấy không trả lời bất kỳ câu hỏi nào"
"If you trust such a fellow, you'll lose everything you have.","nếu bạn tin tưởng một người như vậy, bạn sẽ mất mọi thứ bạn có."
The price index hit an all-time high.,chỉ số giá đạt mức cao nhất mọi thời đại.
Kelly eats like a horse.,Kelly ăn như ngựa.
I wish to speak to Tom in private,tôi muốn nói chuyện riêng với tom
I have to water the flowers,tôi phải tưới hoa
I want some popcorn.,tôi muốn một ít bỏng ngô
We must appoint a new teacher soon,chúng ta phải sớm bổ nhiệm một giáo viên mới
My brother almost drove me crazy.,anh tôi suýt làm tôi phát điên.
I had not waited long before she turned up.,tôi đã không đợi lâu trước khi cô ấy bật lên.
Some parents complained about the nude pictures in their children's textbooks.,Một số phụ huynh phàn nàn về những bức ảnh khỏa thân trong sách giáo khoa của con họ.
I have to make money to buy a personal computer,tôi phải kiếm tiền để mua một máy tính cá nhân
I don't even understand that,tôi thậm chí không hiểu điều đó
What's not to like?,những gì không thích?
She is the youngest of my three children.,cô ấy là con út trong ba đứa con của tôi
Tom is the one who'll do the cooking,tom là người sẽ nấu ăn
Tom is limping along,tom đang đi khập khiễng
You're being transferred.,bạn đang được chuyển
That's enough crying. Pull yourself together,Thế là đủ khóc. bạn nên bình tĩnh lại
Tom was polite.,tom đã lịch sự.
This run of good luck won't last forever.,vận may này sẽ không kéo dài mãi mãi.
She tried to get whatever she wanted.,cô đã cố gắng để có được bất cứ điều gì cô muốn.
I never thought it'd be this hard to get Tom to accept the job,tôi chưa bao giờ nghĩ rằng thật khó để bắt tom chấp nhận công việc
She let him drive on his own.,Cô để anh tự lái.
Tom held the book in his hand,tom cầm cuốn sách trên tay
I should've stayed in Boston,tôi nên ở lại boston
That man was wearing a tiger mask.,Người đàn ông đó đang đeo mặt nạ hổ.
Please stand face to face,hãy đứng đối mặt
Tom doesn't know the answer.,tom không biết câu trả lời.
The following day he was found dead in the bedroom,ngày hôm sau anh ta được tìm thấy đã chết trong phòng ngủ
Tom told me where I could buy the part I needed.,tom nói với tôi nơi tôi có thể mua phần tôi cần.
You must really like Tom,bạn phải thực sự thích tom
John ran like crazy to the train station to catch the last train,john chạy như điên đến ga tàu để bắt chuyến tàu cuối
I'm sorry I let everyone down,tôi xin lỗi tôi đã làm mọi người thất vọng
We'd like you to sing some songs.,chúng tôi muốn bạn hát một số bài hát.
They are collecting contributions for the church,họ đang thu thập đóng góp cho nhà thờ
I was going to talk to you about it,tôi sẽ nói với bạn về nó
He didn't tell me what the matter was,anh ấy đã không cho tôi biết vấn đề là gì
The prize money enabled me to go on a world cruise.,tiền thưởng cho phép tôi đi du thuyền thế giới.
It was his notebook that was stolen,đó là cuốn sổ của anh ấy đã bị đánh cắp
"From the way they talked, I presumed they were married.","Từ cách họ nói chuyện, tôi đoán họ đã kết hôn."
I'm in Boston,tôi đang ở boston
Tom wants to see you as soon as possible,tom muốn gặp bạn càng sớm càng tốt
Have you told Tom already?,bạn đã nói với tom chưa?
Please get into the car,xin mời lên xe
Don't be a copycat,đừng là một kẻ bắt chước
I've never been so embarrassed in all my life.,Tôi chưa bao giờ xấu hổ trong suốt cuộc đời.
What did you do to get grounded?,Bạn đã làm gì để có căn cứ?
Tom was afraid that Mary might change her mind,Tom sợ rằng mary có thể thay đổi suy nghĩ của mình
Tom wasn't kidding.,Tom không đùa đâu.
You're organized.,bạn có tổ chức.
You're wanted in the principal's office.,bạn muốn ở văn phòng hiệu trưởng.
Never in his life had he encountered such a dilemma,chưa bao giờ trong đời anh gặp phải một tình huống khó xử như vậy
She needs assistance.,cô ấy cần sự giúp đỡ
Better a small fish than an empty dish,tốt hơn một con cá nhỏ hơn một món ăn trống
The cat went through a gap in the fence.,Con mèo đi qua một khoảng trống trong hàng rào.
She still loved him,cô vẫn yêu anh
My bag was stolen.,túi của tôi đã bị đánh cắp
There is less time than I thought,có ít thời gian hơn tôi nghĩ
Would you please bring up another pillow?,bạn vui lòng mang lên một cái gối khác?
All the workers ate a quick lunch at their desks.,tất cả các công nhân đã ăn một bữa trưa nhanh chóng tại bàn của họ.
I think that this was not a wise decision.,Tôi nghĩ rằng đây không phải là một quyết định sáng suốt.
We have no idea what Tom did with it.,chúng tôi không biết tom đã làm gì với nó.
Tom isn't like that,tom không như thế
I'd like to hang out with you tonight,tôi muốn đi chơi với bạn tối nay
I'm very sorry about what happened.,Tôi rất xin lỗi về những gì đã xảy ra.
Tom felt his way in the dark,Tom cảm thấy theo cách của mình trong bóng tối
"Whichever you take, you will like it","bất cứ điều gì bạn lấy, bạn sẽ thích nó"
We were disappointed in him,chúng tôi đã thất vọng về anh ấy
Is there something more?,còn gì nữa không
Do you want to do that right now?,Bạn có muốn làm điều đó ngay bây giờ?
Tom is out fishing with Mary.,Tom đang ra ngoài câu cá với mary.
It was just a guess,nó chỉ là một phỏng đoán
How about getting the special of the day?,làm thế nào để có được sự đặc biệt trong ngày?
He's smart and ambitious,anh ấy thông minh và tham vọng
You never tell me you love me.,bạn không bao giờ nói với tôi rằng bạn yêu tôi
I wish I could understand you better,tôi ước tôi có thể hiểu bạn hơn
I've told you a zillion times not to do that.,Tôi đã nói với bạn một trăm lần không làm điều đó.
I know where we can get some help,tôi biết nơi chúng tôi có thể nhận được sự giúp đỡ
I told Tom to wait in the car,tôi bảo tom đợi trong xe
My head doesn't ache anymore,đầu tôi không còn đau nữa
Tom took a cookie,tom đã lấy một cái bánh quy
This shows they have listened to the needs of their clients.,điều này cho thấy họ đã lắng nghe nhu cầu của khách hàng.
"Tom and his brother played on the same team, but not at the same time.","tom và anh trai của anh ấy chơi cùng một đội, nhưng không phải cùng một lúc."
I've read the report,tôi đã đọc báo cáo
"If you haven't driven a bike yet, you should give it a shot.","nếu bạn chưa lái xe đạp, bạn nên thử."
This is where the concert took place the other day.,đây là nơi buổi hòa nhạc diễn ra vào một ngày khác
Please feel free to help yourself to anything in the fridge.,xin vui lòng giúp mình với bất cứ điều gì trong tủ lạnh.
He told everyone.,Anh nói với mọi người.
I don't want to be shot.,tôi không muốn bị bắn.
You're our guests.,là khách của chúng tôi
My grandmother made me a new dress.,bà tôi làm cho tôi một chiếc váy mới.
He declined their invitation,ông đã từ chối lời mời của họ
This pencil is not gray,bút chì này không có màu xám
The box is empty.,Cái hộp rỗng.
You have never said hello to me in all the years I've known you,bạn chưa bao giờ nói xin chào với tôi trong tất cả những năm tôi biết bạn
Would you like me to ask around for you?,bạn có muốn tôi hỏi xung quanh bạn không?
Is that law still in force?,luật đó có còn hiệu lực không?
The rules require us all to be present.,các quy tắc yêu cầu tất cả chúng ta phải có mặt.
I will come by all means.,tôi sẽ đến bằng mọi cách
I'm late for class,tôi đến lớp trễ
I can't hear you well,tôi không thể nghe rõ bạn
Tom threw a big party at his house while his parents were away on vacation.,Tom đã tổ chức một bữa tiệc lớn tại nhà trong khi bố mẹ anh đi nghỉ.
None of these games are interesting.,Không có trò chơi nào trong số này thú vị.
The dentist pulled out his decayed tooth.,nha sĩ nhổ răng sâu.
It's important to read books,đọc sách rất quan trọng
She wished she had been born twenty years earlier,cô ước mình đã được sinh ra hai mươi năm trước
I thought it'd be more comfortable if we sat here,tôi nghĩ sẽ thoải mái hơn nếu chúng tôi ngồi đây
Who do you know in Boston?,bạn biết ai trong boston?
I think telling lies is wrong,tôi nghĩ nói dối là sai
Why don't you have any money?,tại sao bạn không có tiền
She's too loud.,cô ấy quá to
We could talk now,chúng ta có thể nói chuyện bây giờ
What makes it so unique?,Điều gì làm cho nó rất độc đáo?
Tom shook his head uncomprehendingly,tom lắc đầu không ngớt
What makes you so sure?,Điều gì làm cho bạn chắc chắn như vậy?
I didn't want that to happen.,tôi không muốn điều đó xảy ra
We couldn't open the door because it was locked from the inside.,chúng tôi không thể mở cửa vì nó bị khóa từ bên trong.
Tom felt dizzy.,Tom cảm thấy choáng váng.
You'll be able to take many pictures with your new camera.,bạn sẽ có thể chụp nhiều ảnh bằng máy ảnh mới của mình.
These shoes are too big for me.,những đôi giày này quá lớn đối với tôi
A good friend will stand by you through thick and thin.,một người bạn tốt sẽ sát cánh bên bạn qua dày và mỏng.
Take the first turn to your right,rẽ đầu tiên bên phải của bạn
We talked.,chúng tôi đã nói chuyện.
I feel happier than I've ever felt before.,tôi cảm thấy hạnh phúc hơn tôi từng cảm thấy trước đây.
I don't hate anything,tôi không ghét gì cả
He continued to mock me.,Anh tiếp tục chế giễu tôi.
Are you coming back?,bạn có về không
Tom cried during his son's graduation.,Tom đã khóc khi tốt nghiệp con trai mình.
I couldn't but sympathize with the girl who had lost her parents in the accident.,Tôi không thể thông cảm với cô gái đã mất cha mẹ trong vụ tai nạn.
Tell the taxi driver to drive faster.,nói với tài xế taxi để lái xe nhanh hơn.
Where can I meet Tom?,tôi có thể gặp tom ở đâu?
Why won't you accept it?,Tại sao bạn không chấp nhận nó?
Tom is better.,tom là tốt hơn
We are in the black this month,chúng tôi đang ở trong màu đen trong tháng này
No student was able to answer the question.,không học sinh nào có thể trả lời câu hỏi
He always treats me like a child.,anh ấy luôn đối xử với tôi như một đứa trẻ
"You just saw something, didn't you?","bạn vừa thấy một cái gì đó, phải không?"
Could you please repeat it slowly?,bạn có thể vui lòng lặp lại từ từ không?
I know Tom is innocent.,tôi biết tom là vô tội.
I attended the meeting yesterday,tôi đã tham dự cuộc họp ngày hôm qua
This is a replica of a dinosaur's egg,đây là bản sao của trứng khủng long
The bad weather delayed the plane,thời tiết xấu làm máy bay trì hoãn
It was outstanding,nó thật nổi bật
"Since this is important, I'd like you to attend to it yourself.","vì điều này rất quan trọng, tôi muốn bạn tham dự nó."
A casual remark can hurt someone,một nhận xét bình thường có thể làm tổn thương ai đó
You're not cooperating.,bạn không hợp tác.
The train arrived late because of the snowstorm.,Tàu đến muộn vì bão tuyết.
This is the first time I've killed a mouse,đây là lần đầu tiên tôi giết một con chuột
I lost the watch,tôi bị mất đồng hồ
Tom left without saying goodbye,tom rời đi mà không nói lời tạm biệt
I read the book.,tôi đọc sách.
Tom thinks women in America wear too much perfume,Tom nghĩ rằng phụ nữ ở Mỹ mặc quá nhiều nước hoa
We have to go back in,chúng ta phải quay trở lại
I have so many things I want to say to you,tôi có rất nhiều điều tôi muốn nói với bạn
Tom yanked open the drawer and grabbed a pencil,tom kéo mạnh ngăn kéo và lấy một cây bút chì
Tom's family is eccentric.,gia đình của tom là lập dị.
The new tunnel is twice as long as the old one,đường hầm mới dài gấp đôi đường hầm cũ
She doesn't live near the office.,cô ấy không sống gần văn phòng.
I don't like the house he lives in,tôi không thích ngôi nhà anh ấy sống
How come she hung up on you?,Làm thế nào mà cô ấy cúp máy bạn?
You spend too much time with her,bạn dành quá nhiều thời gian với cô ấy
When will you be ready to go?,khi nào bạn sẽ sẵn sàng để đi
I'm glad you could come to the party,tôi rất vui vì bạn có thể đến bữa tiệc
Drop by my office any time.,ghé qua văn phòng của tôi bất cứ lúc nào
Don't you think I would do something about it if I could?,bạn không nghĩ rằng tôi sẽ làm gì đó nếu tôi có thể?
I like her an awful lot,tôi thích cô ấy rất nhiều
I should turn in. I need my beauty sleep you know,tôi nên quay vào. Tôi cần vẻ đẹp của tôi ngủ
The two books are equivalent in value,hai cuốn sách tương đương về giá trị
The fuel gauge is broken.,đồng hồ đo nhiên liệu bị hỏng.
You may choose whichever you want.,bạn có thể chọn bất cứ điều gì bạn muốn.
Tom wants you in the conference room.,tom muốn bạn trong phòng hội nghị.
Can you stand up?,bạn đứng dậy được không?
I thought as much,Tôi nghĩ rằng càng nhiều
"""Did he write a letter yesterday?"" ""Yes, he did.""","""hôm qua anh ấy có viết thư không?"" ""Vâng, anh ấy đã làm."""
Tom told the police that Mary was missing.,tom nói với cảnh sát rằng mary bị mất tích.
I think my leg is broken.,Tôi nghĩ rằng chân của tôi bị hỏng.
Babies often fall down,em bé thường ngã
I don't know why I even bother anymore.,tôi không biết tại sao tôi còn bận tâm nữa.
I want Tom out of my life,tôi muốn tom ra khỏi cuộc sống của tôi
Waseda tied Keio in yesterday's game.,waseda gắn keio trong trò chơi ngày hôm qua.
Didn't you see the musical?,bạn không xem nhạc kịch à?
Fancy meeting you here!,Thật bất ngờ lại gặp bạn ở đây!
"Although most islands in the ocean have been mapped, the ocean floor is generally unknown","Mặc dù hầu hết các hòn đảo trong đại dương đã được lập bản đồ, đáy đại dương thường không được biết đến"
Greece has many islands.,Hy Lạp có nhiều đảo.
Are you going back to the beach this afternoon?,chiều nay bạn có quay lại bãi biển không?
She did not walk to the gym.,cô không đi bộ đến phòng tập thể dục.
Have some respect for other people's opinions.,có một số tôn trọng ý kiến của người khác.
I'm glad we're together now.,Tôi rất vui vì bây giờ chúng ta cùng nhau.
Tom borrowed three hundred dollars from me.,tom mượn ba trăm đô la từ tôi.
"If I were you, I'd stay away from Tom for a while.","nếu tôi là bạn, tôi sẽ tránh xa tom một lúc."
I think what Tom is doing is great,tôi nghĩ những gì tom đang làm là tuyệt vời
When was the last time you baked a cake?,Lần cuối bạn nướng bánh là khi nào?
Why did you stop then?,tại sao bạn lại dừng lại
He will come if he has a mind to.,anh ấy sẽ đến nếu anh ấy có ý định.
I feel at ease,tôi cảm thấy thoải mái
It isn't rational.,nó không hợp lý
Everyone were surprised when I went into the room,mọi người đều ngạc nhiên khi tôi đi vào phòng
Who's coming for supper?,Ai đến ăn tối?
We don't want to cause a panic,chúng tôi không muốn gây hoảng loạn
Which team will win?,Đội nào sẽ thắng?
This town hasn't changed much in the last ten years.,thị trấn này đã không thay đổi nhiều trong mười năm qua.
At the moment they think that the accident is due to his carelessness.,tại thời điểm họ nghĩ rằng tai nạn là do sự bất cẩn của anh ấy.
Tom finished the work without any difficulty.,tom hoàn thành công việc mà không gặp khó khăn gì.
Ouch! My finger got caught in the door,ôi! ngón tay của tôi bị kẹt ở cửa
These socks don't stretch when you wash them.,những đôi tất không kéo dài khi bạn giặt chúng.
We're methodical,chúng tôi có phương pháp
You'd better do better than that next time.,bạn nên làm tốt hơn lần sau.
We're still not allowed to enter,chúng tôi vẫn không được phép vào
There used to be a store right here,đã từng có một cửa hàng ngay tại đây
"I know the tune, but I don't know the words","tôi biết giai điệu, nhưng tôi không biết lời"
He's better at it than I am.,Anh ấy giỏi hơn tôi.
I would rather study than play today.,Tôi thà học hơn là chơi hôm nay.
What's all that about?,Tất cả những thứ đó là về cái gì?
I found it impossible to do the job in a day,tôi thấy không thể làm việc trong một ngày
This has got to stop.,Điều này phải chấm dứt.
This one's all yours,đây là tất cả của bạn
I'm already hungry,tôi đã đói
Add a little more pepper.,thêm một chút hạt tiêu.
Tom told me he didn't need my help.,Tom nói với tôi anh ấy không cần tôi giúp.
You can't make me mad.,bạn không thể làm tôi phát điên
My uncle was standing there with his arms folded,chú tôi đang đứng đó khoanh tay
Put on some decent clothes.,mặc một số quần áo đàng hoàng.
They're right behind me,họ ở ngay sau tôi
I'm freaking out,tôi đang bối rối
Please don't cry,xin đừng khóc
What else did Tom tell you?,Tom đã nói gì với bạn?
All the boys thought Carol was a boring person,tất cả các chàng trai nghĩ rằng carol là một người nhàm chán
Just do what I did when I met Mary. Tell her she's beautiful,chỉ làm những gì tôi đã làm khi tôi gặp mary. nói với cô ấy cô ấy đẹp
Have you finished reading the book I lent you the other day?,bạn đã đọc xong cuốn sách tôi cho bạn mượn ngày khác chưa?
I'm tired of waiting for things to happen.,Tôi mệt mỏi vì chờ đợi mọi thứ xảy ra.
Have you eaten anywhere interesting lately?,gần đây bạn có ăn ở đâu thú vị không?
He's a meth addict.,Anh ấy là một người nghiện meth.
A stitch in time saves nine.,một khâu trong thời gian tiết kiệm chín.
No one can hear us.,không ai có thể nghe thấy chúng tôi
Where do you think I should go?,bạn nghĩ tôi nên đi đâu
Is there somebody sitting in this seat here?,Có ai ngồi ở chỗ này không?
He is absorbed in the study of linguistics.,ông mải mê nghiên cứu ngôn ngữ học.
Tom gave Mary a blank stare.,tom đưa cho mary một cái nhìn trống rỗng.
Lilies smell sweet,hoa loa kèn có mùi ngọt
Ancient customs are dying out quickly today,phong tục cổ xưa đang chết dần
The modem was built into the computer,modem được tích hợp vào máy tính
A woman whose husband is dead is called a widow.,một người phụ nữ có chồng chết được gọi là góa phụ.
I have an early memory of my grandmother darning socks.,tôi có một ký ức ban đầu về bà ngoại của tôi.
Someone planted a bomb under your car.,ai đó đã đặt một quả bom dưới xe của bạn.
Please give me a second chance.,xin vui lòng cho tôi một cơ hội thứ hai.
Stay out of my room.,tránh xa phòng tôi
We weren't involved in that,chúng tôi không liên quan đến điều đó
I still haven't found my keys.,tôi vẫn chưa tìm thấy chìa khóa của mình.
Tom forgot to send Mary a Christmas card,tom quên gửi mary một tấm thiệp giáng sinh
The girl threw her arms around her father's neck,Cô gái quàng tay qua cổ cha mình.
The oranges cost 7 pence each.,cam có giá 7 pence mỗi quả.
I hope you two have fun.,tôi hy vọng hai bạn vui vẻ
You've got to get out of there right now.,bạn phải ra khỏi đó ngay bây giờ.
Tom plans to call you right after lunch.,tom có kế hoạch gọi cho bạn ngay sau bữa ăn trưa.
The police dog found trace amounts of cocaine in his luggage.,Con chó cảnh sát tìm thấy một lượng cocaine trong hành lý.
Would you mind telling me what happened?,bạn có phiền nói cho tôi biết chuyện gì đã xảy ra không?
Tom handed Mary a twenty-dollar bill.,tom đưa cho mary một hóa đơn hai mươi đô la.
Let's get some more information first,trước tiên hãy lấy thêm thông tin
Tom asked about you,tom hỏi về bạn
She paid seven percent interest on the loan.,cô đã trả bảy phần trăm tiền lãi cho khoản vay.
My hobbies are fishing and watching television,sở thích của tôi là câu cá và xem tivi
Stir the paint with a stick,khuấy sơn bằng que
Please wait here.,vui lòng đợi ở đây
I thought you might want to read this.,Tôi nghĩ bạn có thể muốn đọc nó.
We should not resort to arms to settle international disputes.,chúng ta không nên dùng đến vũ khí để giải quyết tranh chấp quốc tế.
Don't look so surprised,đừng nhìn quá ngạc nhiên
"Unfortunately, I have to disappoint you","thật không may, tôi phải làm bạn thất vọng"
Almost everyone I know wants to go to tomorrow's concert.,hầu như tất cả mọi người tôi biết muốn đến buổi hòa nhạc vào ngày mai.
I assumed you'd find out sooner or later.,tôi giả sử bạn tìm ra sớm hay muộn.
I thought we were going to have cake for dessert,tôi nghĩ chúng ta sẽ có bánh cho món tráng miệng
I am very interested in French.,tôi rất quan tâm đến tiếng Pháp
The president will hold a press conference later today,Tổng thống sẽ tổ chức một cuộc họp báo sau ngày hôm nay
My little sister painted a picture of a snowman,em gái tôi vẽ một bức tranh về người tuyết
I can't forget the day when I met him,tôi không thể quên ngày tôi gặp anh ấy
Professor Jones retires next year.,giáo sư jones nghỉ hưu vào năm tới.
Tom soon caught up with Mary,tom sớm bắt kịp với mary
"Observe your cat carefully. If you do so, you'll get to know your cat well","quan sát con mèo của bạn một cách cẩn thận. nếu bạn làm như vậy, bạn sẽ hiểu rõ về con mèo của bạn"
There's no need for you to attend today's meeting,không cần bạn tham dự cuộc họp hôm nay
I think it's wrong to tell a lie.,Tôi nghĩ thật sai lầm khi nói dối.
Do it when you have time.,làm điều đó khi bạn có thời gian
Tom can hear Mary very well.,tom có thể nghe mary rất tốt.
We can't make Tom do something he doesn't want to do,chúng ta không thể bắt tom làm điều gì đó mà anh ấy không muốn làm
This puzzle will be completed by tomorrow.,Câu đố này sẽ được hoàn thành vào ngày mai.
There were no visible dangers,không có mối nguy hiểm có thể nhìn thấy
"Although we don't have much money, I want to buy this painting.","Mặc dù chúng tôi không có nhiều tiền, tôi muốn mua bức tranh này."
Tom kept silent all day long,tom im lặng suốt ngày
My son can neither read nor write yet,con trai tôi không thể đọc và viết
She always gets up early.,cô ấy luôn dậy sớm
Your work didn't come up to our expectations,công việc của bạn không đến với mong đợi của chúng tôi
They said use of force should be used only as a last choice,họ nói rằng việc sử dụng vũ lực chỉ nên được sử dụng như một lựa chọn cuối cùng
I wasn't asking you.,tôi đã không hỏi bạn
He took the trouble to show me the way to the station.,anh ấy gặp khó khăn để chỉ cho tôi đường đến nhà ga.
Tom never had any problems at school,tom không bao giờ có bất kỳ vấn đề nào ở trường
Tom is painting the deck.,tom đang vẽ bộ bài.
Mary is lying to her father.,mary đang nói dối cha mình
Everything is relative.,tất cả mọi thứ chỉ là tương đối.
Tom paints best in oil.,sơn tom tốt nhất trong dầu.
You're lucky Tom didn't hit you.,bạn thật may mắn khi tom không đánh bạn.
Do you remember the day when you and I first met?,bạn có nhớ ngày tôi và bạn gặp nhau lần đầu không?
I just don't want to be Tom's wife,tôi chỉ không muốn làm vợ của tom
What you want and what you need are two different things.,những gì bạn muốn và những gì bạn cần là hai điều khác nhau.
That's exactly what Tom wanted,đó chính xác là những gì tom muốn
I'd like you to apologize to Tom,tôi muốn bạn xin lỗi tom
What are you offering?,Bạn đang yêu cầu gì?
There are a lot of hot springs in Japan.,có rất nhiều suối nước nóng ở Nhật Bản.
Last century they would have just thrown someone like Tom into a lunatic asylum.,thế kỷ trước họ sẽ ném một người như tom vào nhà thương điên.
The funniest thing happened to me on the way here.,điều thú vị nhất đã xảy ra với tôi trên đường tới đây.
You can let go now,bạn có thể đi ngay bây giờ
We've searched high and low for this book,chúng tôi đã tìm kiếm cao và thấp cho cuốn sách này
I would like to drink a coffee.,tôi muốn uống cà phê
"If you have a good garden, it will enhance the value of your house.","Nếu bạn có một khu vườn tốt, nó sẽ nâng cao giá trị của ngôi nhà của bạn."
"I was tired, so I didn't go.","tôi đã mệt, vì vậy tôi đã không đi"
He is a teacher of English.,anh ấy là giáo viên dạy tiếng anh
It has been a long time since we visited that city,đã lâu lắm rồi chúng tôi không đến thăm thành phố đó
I forgave you a long time ago,tôi đã tha thứ cho bạn từ lâu
We are hoping for your quick recovery.,chúng tôi đang hy vọng cho sự phục hồi nhanh chóng của bạn.
We thought you might want to come with us.,chúng tôi nghĩ rằng bạn có thể muốn đi với chúng tôi.
"If you do that kind of thing, it's not fair to her","nếu bạn làm điều đó, nó không công bằng với cô ấy"
I've always wanted to run a small hotel in the mountains.,Tôi đã luôn muốn điều hành một khách sạn nhỏ trên núi.
Tom pulled out of the parking lot.,tom kéo ra khỏi bãi đậu xe.
I still remember his name,tôi vẫn nhớ tên anh ấy
I heard you got caught stealing something.,tôi nghe nói bạn bị bắt gặp ăn cắp một cái gì đó.
I don't think I could forgive myself if I did that,tôi không nghĩ rằng tôi có thể tha thứ cho chính mình nếu tôi làm điều đó
My car is red.,Xe của tôi màu đỏ.
I have to get something,tôi phải lấy một cái gì đó
I don't know who you want to meet.,tôi không biết bạn muốn gặp ai
Spring comes between winter and summer.,mùa xuân đến giữa mùa đông và mùa hè.
Trade friction might arise between the two nations at any moment.,ma sát thương mại có thể phát sinh giữa hai quốc gia bất cứ lúc nào.
Don't lower your eyes,đừng hạ mắt xuống
I stood aside to let them pass.,tôi đứng sang một bên để cho họ đi qua.
That book was so boring that I couldn't finish it.,cuốn sách đó chán đến nỗi tôi không thể hoàn thành nó.
He has aged a great deal lately.,anh ấy đã già đi rất nhiều gần đây.
Did Tom say he was worried?,Tom có nói anh ấy lo lắng không?
I don't expect you to understand it.,tôi không mong bạn hiểu nó
It just seemed to be the right thing to do,nó dường như là điều đúng đắn để làm
An automobile has four wheels.,một chiếc ô tô có bốn bánh.
How many CDs do you have?,bạn có bao nhiêu đĩa CD?
Many people think that children don't spend enough time playing outside,Nhiều người nghĩ rằng trẻ em không dành đủ thời gian chơi bên ngoài
I'm tired of dealing with this mess,tôi mệt mỏi vì phải đối phó với mớ hỗn độn này
"To our great surprise, she held her breath for three minutes","trước sự ngạc nhiên to lớn của chúng tôi, cô nín thở trong ba phút"
Soon I found myself wanting to meet him and talk to him.,Chẳng mấy chốc tôi thấy mình muốn gặp anh và nói chuyện với anh.
Finland is on the map,Finland là trên bản đồ
Tom is probably the one who stole Mary's necklace.,Tom có lẽ là người đã đánh cắp vòng cổ của mary.
I'm not satisfied with it,tôi không hài lòng với nó
You have to come with us,bạn phải đến với chúng tôi
We can't see it.,chúng ta không thể nhìn thấy nó.
Tom doesn't want to be caught.,Tom không muốn bị bắt.
She is buying a toy for her child.,cô ấy đang mua một món đồ chơi cho con
They crossed over the bridge.,họ băng qua cầu.
Tom swims very well,tom bơi rất tốt
That hat looks good on you.,cái mũ đó có vẻ tốt với bạn
I don't consider this to be important,tôi không coi điều này là quan trọng
Tom wants updates.,tom muốn cập nhật.
Who could forget?,ai có thể quên
The hinges are really squeaky.  Could you oil them please?,bản lề rất khó chịu bạn có thể dầu họ xin vui lòng?
Most signs around here are written in French,hầu hết các dấu hiệu xung quanh đây được viết bằng tiếng Pháp
Let's wait until he wakes up.,Hãy đợi cho đến khi anh ấy thức dậy.
Soccer is very popular among Japanese students,bóng đá rất phổ biến trong sinh viên Nhật Bản
There are no towels in room 15,không có khăn trong phòng 15
That's beyond me,vượt quá tôi
A 6% yield is guaranteed on the investment,lợi nhuận 6% được đảm bảo cho khoản đầu tư
I have a lot of land,tôi có nhiều đất
Speaking in English is fun,nói tiếng anh rất vui
Can we not talk about it here?,chúng ta không thể nói về nó ở đây?
Other peoples' expectations affect how we behave.,những kỳ vọng của người khác ảnh hưởng đến cách chúng ta cư xử.
Tom isn't at work.,Tom không làm việc.
I don't know her and I don't think I want to,tôi không biết cô ấy và tôi không nghĩ rằng tôi muốn
Rubén is the father of three children,rubén là cha của ba đứa trẻ
Ann had no friends to play with.,ann không có bạn bè để chơi với.
Mary is a brave girl.,mary là một cô gái dũng cảm.
All the students clapped their hands.,tất cả học sinh vỗ tay.
Better luck next time.,chúc may mắn lần sau.
"Even if it rains, the game will be played","ngay cả khi trời mưa, trò chơi sẽ được chơi"
I'm claustrophobic.,Tôi đang bị ngột ngạt.
I have a feeling that he knows the secret,tôi có cảm giác rằng anh ấy biết bí mật
I'll see if Tom is up,tôi sẽ xem nếu tom lên
Tom lied to you.,tom nói dối bạn
Tom began gasping,tom bắt đầu thở hổn hển
"You can go out, as long as you promise to be back early.","bạn có thể ra ngoài, miễn là bạn hứa sẽ quay lại sớm."
"My friend here is not only a pianist, but also a composer","bạn tôi ở đây không chỉ là một nghệ sĩ piano, mà còn là một nhà soạn nhạc"
Mom and Dad are very nervous,mẹ và bố rất lo lắng
Where is my car?,xe của tôi đâu
Our train had already pulled out when we arrived at the station.,đoàn tàu của chúng tôi đã rút ra khi chúng tôi đến ga.
Whose book is that?,cuốn sách đó là của ai
He'll succeed for sure,chắc chắn anh ấy sẽ thành công
Somebody killed Tom today,ai đó đã giết tom hôm nay
I've been waiting half an hour.,Tôi đã đợi nửa tiếng rồi.
I will get the machine running,tôi sẽ cho máy chạy
Tom's family has been involved in dairy farming for years.,Gia đình của tom đã tham gia chăn nuôi bò sữa trong nhiều năm.
I heard a rooster crow and knew I'd soon have to get out of bed.,tôi nghe thấy một con gà trống gáy và biết rằng tôi sẽ sớm phải ra khỏi giường.
Tom is disobedient.,tom là không vâng lời.
She answered my letter soon,cô ấy đã trả lời thư của tôi sớm
Don't lose heart.,đừng mất lòng.
"When I heard that song, it reminded me of my childhood","Khi tôi nghe bài hát đó, nó làm tôi nhớ về thời thơ ấu của mình"
I'll be happy to work with you.,Tôi sẽ rất vui khi được làm việc với bạn.
"After a hearty dinner, Willie thanked the host.","Sau bữa tối thịnh soạn, willie cảm ơn chủ nhà."
I don't need to be here right now.,Tôi không cần phải ở đây ngay bây giờ.
I'm afraid you're wrong.,Tôi sợ bạn sai.
Is he American?,là ông người Mỹ?
He was absorbed in deep thought.,anh mải mê suy nghĩ sâu sắc.
Santa Ana's army was destroyed.,quân đội của santa ana đã bị phá hủy.
It began to snow heavily as I got off the train.,trời bắt đầu có tuyết rơi dày khi tôi xuống tàu.
There was no money for rebuilding,không có tiền để xây dựng lại
Tom claimed to be the son of a rich man.,tom tự nhận là con trai của một người đàn ông giàu có.
Tom lives on a farm in California.,tom sống trong một trang trại ở california.
She took me by surprise,cô ấy đã làm tôi ngạc nhiên
I don't like to walk.,tôi không thích đi bộ
Everyone in the office was impressed with the way Tom handled the problem.,mọi người trong văn phòng đều ấn tượng với cách tom xử lý vấn đề.
Lock the dog in the kitchen,nhốt con chó trong bếp
Why is everyone staring at me?,tại sao mọi người lại nhìn chằm chằm vào tôi
I don't want them to hurt Tom,tôi không muốn họ làm tổn thương tom
I didn't expect you to get here this early.,tôi không mong đợi bạn đến đây sớm.
Tom made it back in time for dinner.,tom làm cho nó trở lại trong thời gian cho bữa ăn tối.
Does Tom look like he's busy?,Tom có vẻ như đang bận không?
Shyness doesn't seem to be one of your problems.,sự nhút nhát dường như không phải là một trong những vấn đề của bạn.
The red dress suited her.,Chiếc váy đỏ phù hợp với cô.
What's the best way to learn French?,cách tốt nhất để học tiếng Pháp là gì?
How are we going to get there?,chúng ta sẽ đi tới đó như thế nào?
Please don't say anything embarrassing.,xin đừng nói gì xấu hổ.
Tom lives a very simple life in a sparsely furnished apartment,Tom sống một cuộc sống rất đơn giản trong một căn hộ được trang bị thưa thớt
I can't believe you're considering doing that,tôi không thể tin rằng bạn đang xem xét làm điều đó
They left at daybreak from the base of the mountain,họ rời đi lúc bình minh từ chân núi
Either day is OK,ngày nào cũng được
He was standing on the floor,anh ấy đang đứng trên sàn
The only way I can eat oatmeal is with a lot of sugar.,Cách duy nhất tôi có thể ăn bột yến mạch là với rất nhiều đường.
I have been a teacher for 15 years.,tôi đã là một giáo viên trong 15 năm.
Does your dog bark at Tom?,con chó của bạn sủa tại tom?
We've been unable to determine the cause.,chúng tôi không thể xác định nguyên nhân.
Tom tried to go back to sleep.,Tom cố gắng đi ngủ lại.
She wears beautiful clothes,cô ấy mặc quần áo đẹp
I decided it was a good idea.,tôi quyết định đó là một ý tưởng tốt
I had been studying English for two hours when he came in,tôi đã học tiếng anh được hai tiếng khi anh ấy bước vào
Tom goes jogging in the park every morning,Tom đi chạy bộ trong công viên mỗi sáng
They really know how to throw a party!,họ thực sự biết làm thế nào để ném một bữa tiệc!
Sit down. I'll be with you in a moment.,ngồi xuống. Tôi sẽ ở bên bạn trong giây lát.
There is a little wine left in the bottom of the glass.,Có một ít rượu còn lại trong đáy ly.
She was accused of lying,cô bị buộc tội nói dối
My rent has gone up,tiền thuê nhà của tôi đã tăng lên
He lives there alone,anh ấy sống ở đó một mình
We went to Boston by plane,chúng tôi đã đến boston bằng máy bay
Tom is collecting things,tom đang thu thập những thứ
I can smell the ocean.,tôi có thể ngửi thấy đại dương.
I'm not going to have this stupid argument with you anymore,Tôi sẽ không có tranh luận ngu ngốc này với bạn nữa
"This is hard for you, isn't it?",cái này khó với bạn phải không?
We wear uniforms at our school.,chúng tôi mặc đồng phục tại trường của chúng tôi.
Let's switch sides,hãy đổi bên
A fat white cat sat on a wall and watched the two of them with sleepy eyes,một con mèo trắng mập mạp ngồi trên tường và nhìn hai người họ với đôi mắt ngái ngủ
Did you hear your name called?,bạn có nghe tên bạn được gọi không?
It's not too far from here,nó không quá xa đây
Bob helped me.,bob đã giúp tôi.
I know better than to do a thing like that,tôi biết tốt hơn là làm một việc như thế
We'll succeed.,chúng ta sẽ thành công
This house has six rooms.,Ngôi nhà này có sáu phòng.
Tom and Mary need this.,tom và mary cần điều này.
Tom is going to the concert with Mary,tom đang đi đến buổi hòa nhạc với mary
Tom is starting to worry,tom đang bắt đầu lo lắng
He knows neither of us,anh ấy không biết cả hai chúng tôi
He had to think for himself,anh ấy đã phải tự suy nghĩ
Tom couldn't figure out what Mary really wanted.,tom không thể tìm ra những gì mary thực sự muốn.
Would you like me to call a taxi?,bạn có muốn tôi gọi taxi không
Tom reached for Mary's hand,Tom với tay của mary
It's getting darker.,trời càng tối.
She shrieked.,Cô thét lên.
I knew I'd seen Tom somewhere before,tôi biết tôi đã thấy tom ở đâu đó trước đây
I stuck around for a while to see if anyone else would come,tôi loay hoay một lúc để xem có ai đến không
How is the investigation's going?,cuộc điều tra diễn ra như thế nào?
I can't pinpoint the problem.,tôi không thể xác định chính xác vấn đề.
I didn't care,tôi không quan tâm
What a crazy way to run a business!,Thật là một cách điên rồ để điều hành một doanh nghiệp!
You always have a plan,bạn luôn có kế hoạch
They added a woman to the committee.,họ đã thêm một phụ nữ vào ủy ban.
I don't know how to use this compass.,tôi không biết sử dụng la bàn này.
Tom gave Mary's hand a friendly squeeze.,tom đưa tay mary thân thiện.
The time is nine minutes after ten.,thời gian là chín phút sau mười.
She kept on dancing all through the party,cô ấy tiếp tục nhảy múa suốt bữa tiệc
We might not need to sell our house,chúng tôi có thể không cần bán nhà của chúng tôi
Can you spare five minutes?,bạn có thể rảnh năm phút không?
Tom seems tired,tom có vẻ mệt mỏi
Mary is Tom's older sister,mary là chị gái của tom
I'm going to Paris this fall,Tôi sẽ đến paris vào mùa thu này
Maybe I should've told Tom.,có lẽ tôi nên nói với tom.
That car salesman was a pretty off the wall kind of guy.,nhân viên bán xe hơi đó là một chàng trai tốt bụng.
Tom and Mary became close friends,tom và mary trở thành bạn thân
"When Tom gets back, tell him to come to my office","Khi tom quay lại, bảo anh ta đến văn phòng của tôi"
This is just too big to easily carry.,cái này quá lớn để dễ dàng mang theo
People should understand that the world is changing.,mọi người nên hiểu rằng thế giới đang thay đổi
Tom agreed with Mary,tom đồng ý với mary
"Isn't a problem at all, is it?","không phải là một vấn đề, phải không?"
Greece has defaulted on its debt.,Hy Lạp đã vỡ nợ về khoản nợ của mình.
Tom declined to be interviewed.,tom từ chối để được phỏng vấn.
You have only to sign your name here.,bạn chỉ cần ký tên của bạn ở đây.
I want to get a job that mixes work and play,tôi muốn có một công việc kết hợp giữa làm việc và vui chơi
My boss is suffering from a bad cold,ông chủ của tôi đang bị cảm lạnh
The man lit a cigarette with a lighter,Người đàn ông châm điếu thuốc bằng bật lửa
When was the last time you had your hair cut?,Lần cuối bạn cắt tóc là khi nào?
I am fond of music,tôi thích âm nhạc
I love the sound of rain falling.,Tôi yêu tiếng mưa rơi.
I've made a lot of friends since I entered college.,Tôi đã có rất nhiều bạn từ khi tôi vào đại học.
The store will be closed tomorrow,cửa hàng sẽ đóng cửa vào ngày mai
It's not my job,không phải việc của tôi
How long will you stay in Tokyo?,bạn sẽ ở Tokyo bao lâu
I think I might be in Boston next Monday.,tôi nghĩ rằng tôi có thể ở boston vào thứ hai tới.
May I see him?,tôi có thể gặp anh ấy không?
Tom was up late last night studying,tom thức khuya học bài
Tom is growing a beard again,tom đang mọc râu một lần nữa
Raise your hand if you have a question,giơ tay nếu bạn có câu hỏi
"If it isn't broken, don't fix it.","Nếu nó không bị hỏng, đừng sửa nó."
She's in the bathroom.,Cô ấy đang ở trong phòng tắm.
"To tell the truth, I don't really care.","nói thật, tôi không quan tâm lắm."
Tom was extraordinary,tom thật phi thường
"We know that if we have this problem, then everybody else has this problem, too.","chúng tôi biết rằng nếu chúng tôi có vấn đề này, thì những người khác cũng có vấn đề này."
Tom may have missed the train. He hasn't come yet.,tom có thể đã lỡ tàu. Anh chưa đến.
Tom isn't helping any,tom không giúp được gì
Accidents often result from carelessness.,tai nạn thường là do bất cẩn.
"Well, you were right","tốt, bạn đã đúng"
You need a license to drive a car,bạn cần bằng lái xe ô tô
Thanks for the invite.,cảm ơn vì lời mời
You're absolutely right!,bạn hoàn toàn đúng!
I anticipated trouble,tôi đã lường trước sự cố
I want to be able to speak Cantonese,tôi muốn có thể nói tiếng canton
A fire broke out on the second floor of the building.,một đám cháy bùng phát trên tầng hai của tòa nhà.
He is not running in the coming election.,ông không tham gia cuộc bầu cử sắp tới.
He has engaged in religious activity since then,ông đã tham gia vào hoạt động tôn giáo kể từ đó
Tom got a little pie.,tom có một chiếc bánh nhỏ.
She wore a sweater that she'd knitted herself.,Cô ấy mặc một chiếc áo len mà cô ấy tự đan.
What's your favorite song to sing with young children?,Bài hát yêu thích của bạn để hát với trẻ nhỏ là gì?
Are you in need of help?,bạn đang cần giúp đỡ?
Do you want to buy an umbrella?,bạn có muốn mua một cái ô không?
Don't take it personal.,đừng mang nó cá nhân.
He is a good athlete.,Anh ấy là một vận động viên giỏi.
How would you reword this sentence to make it sound more natural?,Làm thế nào bạn sẽ điều chỉnh lại câu này để làm cho nó nghe tự nhiên hơn?
I'm not like most people,tôi không giống hầu hết mọi người
She has a habit of coughing before she speaks.,cô ấy có thói quen ho trước khi nói.
How do you operate this machine?,Làm thế nào để bạn vận hành máy này?
The three of them began to laugh.,Ba người họ bắt đầu cười.
I gave the bag back to Ken,tôi đã trả lại túi cho ken
The old building was broken down.,tòa nhà cũ đã bị phá vỡ.
Tom is efficient.,tom là hiệu quả.
I can do it alone,tôi có thể làm một mình
Natural food will do you good,thực phẩm tự nhiên sẽ làm bạn tốt
I am in a new house.,tôi đang ở trong một ngôi nhà mới
Should I buy something?,tôi có nên mua gì không
Tom was not able to sit for the exam because he was sick.,Tom đã không thể ngồi dự thi vì bị ốm.
How is Tom going to help you?,Tom sẽ giúp bạn như thế nào?
This is your decision.,đây là quyết định của bạn
I must do better next time.,lần sau tôi phải làm tốt hơn
It makes me sad,nó làm tôi buồn
Sixty percent of Japanese adult males drink alcoholic beverages on a regular basis.,Sáu mươi phần trăm nam giới trưởng thành Nhật Bản uống đồ uống có cồn một cách thường xuyên.
A dictionary is an excellent reference book,một cuốn từ điển là một cuốn sách tham khảo tuyệt vời
Women usually have the gift of gab,phụ nữ thường có món quà của gab
He was afraid about what was going to happen.,anh sợ những gì sắp xảy ra.
Tom is a freak.,tom là một quái vật
Shine your shoes before going out.,đánh giày trước khi ra ngoài
I'm not ready yet.,tôi chưa sẵn sàng
Tom was the first one to enter the classroom.,tom là người đầu tiên bước vào lớp học
I'm not one of them,tôi không phải là một trong số họ
Bacteria are everywhere,vi khuẩn ở khắp mọi nơi
Tom and Mary sat on a park bench and talked for hours.,Tom và mary ngồi trên ghế đá công viên và nói chuyện hàng giờ.
It's a pity for you to have to stay indoors in this weather,Thật đáng tiếc cho bạn khi phải ở trong nhà trong thời tiết này
I think Tom was speaking French,tôi nghĩ tom đã nói tiếng Pháp
Did you find something?,bạn đã tìm thấy cái gì?
He is kind of person no one would turn to for help.,Anh ấy là loại người không ai muốn nhờ giúp đỡ.
What's happening back there?,chuyện gì đang xảy ra ở đó vậy?
He is my classmate,Anh ấy là bạn cùng lớp của tôi
We leave in three hours.,chúng tôi rời đi trong ba giờ.
It's really horrible,nó thực sự khủng khiếp
"You really are strange, you know.","bạn thực sự là lạ, bạn biết đấy"
I've been way busier than expected.,Tôi đã bận rộn hơn dự kiến.
Tom has something in his right hand,tom có một cái gì đó trong tay phải của mình
It's not likely to happen soon.,nó sẽ không xảy ra sớm đâu
He has no trouble climbing trees,anh ấy không gặp khó khăn khi trèo cây
Go put on something more conservative.,đi vào một cái gì đó bảo thủ hơn.
Tom will be thrilled.,tom sẽ vui mừng
I decided to study stenography,tôi quyết định học viết tốc ký
You can put it anywhere,bạn có thể đặt nó ở bất cứ đâu
I'm only doing it because I'm forced to.,Tôi chỉ làm điều đó bởi vì tôi bị ép buộc.
My mom is two years younger than my dad.,mẹ tôi nhỏ hơn bố tôi hai tuổi.
Tom likes hot curry.,tom thích cà ri nóng.
That is old news,đó là tin cũ
How much more money is it going to cost to finish building our house?,Sẽ tốn thêm bao nhiêu tiền để hoàn thành việc xây dựng ngôi nhà của chúng ta?
I'm going to watch a scary movie,tôi sẽ xem một bộ phim đáng sợ
"To tell the truth, I had forgotten all about our appointment","nói thật, tôi đã quên tất cả về cuộc hẹn của chúng tôi"
I'm out of work.,tôi nghỉ việc.
I wonder whether Tom will help us,tôi tự hỏi liệu tom sẽ giúp chúng ta
We all know what happened here,chúng ta đều biết chuyện gì đã xảy ra ở đây
We need to finish the job.,chúng ta cần hoàn thành công việc
Don't yell.,đừng la hét.
I'm not what I used to be,tôi không phải là những gì tôi từng là
You'll see me in 30 minutes.,bạn sẽ gặp tôi sau 30 phút nữa
Tom found out what Mary did.,tom tìm ra những gì mary đã làm.
I don't think I like you anymore.,Tôi không nghĩ rằng tôi thích bạn nữa.
I'm impressed with how well you speak French.,Tôi ấn tượng với cách bạn nói tiếng Pháp tốt.
It looks like you took care of the problem,có vẻ như bạn đã giải quyết vấn đề
A variety of books are displayed there.,một loạt các cuốn sách được hiển thị ở đó.
I like him very much,tôi thích anh ấy rất nhiều
He has two pencils. One is long and the other one is short.,Anh ấy có hai cây bút chì. một cái thì dài và cái kia thì ngắn
"The more he waited, the more irritated he became.","Càng chờ đợi, anh càng trở nên cáu kỉnh."
I'm sorry if I hurt you,Tôi xin lỗi nếu tôi làm tổn thương bạn
Tom considered changing his job,tom xem xét thay đổi công việc của mình
I think you deserve this.,Tôi nghĩ rằng bạn xứng đáng với điều này.
How's my wife doing?,Vợ tôi làm sao?
I can't control Tom.,tôi không thể kiểm soát tom.
I think Tom is afraid of you,tôi nghĩ tom sợ bạn
We'll change it,chúng tôi sẽ thay đổi nó
I already speak French,tôi đã nói tiếng Pháp
Everyone's having a great time,mọi người đang có khoảng thời gian tuyệt vời
There was a violent clash of opinions between the two leaders,đã có một cuộc xung đột dữ dội về ý kiến giữa hai nhà lãnh đạo
Tom bought a beer for himself,tom mua bia cho mình
It didn't work out,nó không thành công
Tom looked pleased,tom trông hài lòng
Tell me something about Tom,cho tôi biết vài điều về tom
This book is designed to teach children how to read,cuốn sách này được thiết kế để dạy trẻ em đọc
That never happens.,điều đó không bao giờ xảy ra
This hamburger is inexpensive for a Japanese hamburger,hamburger này là không tốn kém cho một hamburger Nhật Bản
Can't you see I'm busy?,bạn không thấy tôi bận à
"Line up by height, please.","xếp hàng theo chiều cao, xin vui lòng."
Can't you do something about that?,bạn không thể làm gì đó về điều đó?
Tom doesn't love Mary like he used to,Tom không yêu mary như trước đây
Even the mayor breathes dioxin.,ngay cả thị trưởng cũng hít phải chất độc da cam.
The government has taken measures to promote domestic industry,Chính phủ đã có biện pháp thúc đẩy công nghiệp trong nước
They communicate with each other often by mail.,họ liên lạc với nhau thường xuyên qua thư.
I never meant for any of this to happen,tôi không bao giờ có ý nghĩa cho bất kỳ điều này xảy ra
Tom is right here.,tom ở ngay đây
He has recently returned from France.,Gần đây anh ấy đã trở về từ Pháp.
There are plenty of guests in the room,có rất nhiều khách trong phòng
We have to figure out where Tom hid his money.,chúng ta phải tìm ra nơi tom giấu tiền của mình.
I know who painted this picture.,tôi biết ai đã vẽ bức tranh này
I want to go to America,tôi muốn đi Mỹ
I wasn't kidding,tôi đã không đùa
I love butterflies.,tôi yêu những con bướm
Do you usually eat more than five slices of pizza a month?,bạn có thường ăn nhiều hơn năm lát pizza mỗi tháng không?
I think you are my best friend,tôi nghĩ bạn là người bạn tốt nhất của tôi
Tom hit a home run,tom chạy về nhà
Have you received Tom's invitation?,bạn đã nhận được lời mời của tom chưa?
Who's dieting?,Ai đang ăn kiêng?
I went to bed a little earlier than usual.,tôi đi ngủ sớm hơn bình thường một chút.
That is a ship.,đó là một con tàu
"In the U.S., most people can vote when they reach eighteen years of age.","trong u.s., hầu hết mọi người có thể bỏ phiếu khi họ đủ mười tám tuổi."
The room has two windows,phòng có hai cửa sổ
Take a moment to imagine what the polar bear's environment is like,hãy dành một chút thời gian để tưởng tượng môi trường của gấu Bắc cực là như thế nào
His bag was badly damaged.,Túi của anh bị hư hỏng nặng.
She advised him to stop working so much.,Cô khuyên anh ngừng làm việc thật nhiều.
Are you surprised to see me?,bạn có ngạc nhiên khi thấy tôi không?
She always gets up at six,cô ấy luôn thức dậy lúc sáu giờ
Tom agreed to stay,tom đồng ý ở lại
Are we going to be OK?,chúng ta sẽ ổn chứ
We don't have a lot of time,chúng ta không có nhiều thời gian
This is sweet.,nó thật ngọt ngào.
I'm going to get married.,Tôi sẽ kết hôn.
This meeting room needs to be repainted.,phòng họp này cần được sơn lại.
Artificial light is produced by electricity,ánh sáng nhân tạo được sản xuất bằng điện
The only answer was war,câu trả lời duy nhất là chiến tranh
She was crying last night,cô ấy đã khóc đêm qua
No one took notice of him.,không ai chú ý đến anh ta
The factory was shut down ten years ago.,nhà máy đã đóng cửa mười năm trước.
I look on him as my best friend,tôi xem anh ấy như người bạn thân nhất của tôi
He did it not for me but for himself,anh ấy đã làm nó không phải cho tôi mà cho chính tôi
He showed it to me,anh ấy đã cho tôi xem
I spent all the money I had to buy the book,tôi đã tiêu hết số tiền tôi phải mua cuốn sách
This job will mean moving to another city.,công việc này sẽ có nghĩa là di chuyển đến một thành phố khác.
A revolt broke out,một cuộc nổi dậy nổ ra
He was a tall man.,anh ấy là một người đàn ông cao lớn
Don't put that there. Somebody might trip over it,đừng để nó ở đó ai đó có thể đi qua nó
Why did you just say that?,tại sao bạn chỉ nói vậy
I was just thinking about what you told me yesterday,tôi chỉ nghĩ về những gì bạn nói với tôi ngày hôm qua
I made friends with her.,tôi đã kết bạn với cô ấy
Tom didn't have as much trouble finding a job as he thought he would,Tom không gặp nhiều khó khăn khi tìm việc như anh ta nghĩ
Are you a typist?,bạn có phải là người đánh máy không?
Taking moderate exercise will keep you healthy,tập thể dục vừa phải sẽ giúp bạn khỏe mạnh
I filled in the blanks.,tôi điền vào chỗ trống
Tom came to see you.,tom đến gặp bạn
I'd like to talk to the head of security.,Tôi muốn nói chuyện với người đứng đầu an ninh.
I watched it happen,tôi đã xem nó xảy ra
We're having a three-day weekend this week.,chúng ta sẽ có một ngày cuối tuần ba ngày trong tuần này.
You've got to get out of here,bạn phải ra khỏi đây
English is a means of communication.,tiếng anh là một phương tiện giao tiếp
Tom had to take a detour.,Tom đã phải đi đường vòng.
Tom won't be here that long,Tom sẽ không ở đây lâu đâu
I felt that.,tôi cảm thấy thế.
Tom and Mary are looking for John,tom và mary đang tìm john
I called you three hours ago,tôi đã gọi cho bạn ba giờ trước
Simina spends a lot of money on cigarettes,simina chi rất nhiều tiền cho thuốc lá
There was another problem.,Có một vấn đề khác.
Tom will lose,tom sẽ thua
That movie stinks!,bộ phim đó hôi thối!
I'll still be here tomorrow.,Tôi sẽ vẫn ở đây vào ngày mai.
I have to talk to you,Tôi có nói chuyện với bạn
We never would have allowed Tom to do that,chúng tôi không bao giờ cho phép tom làm điều đó
He made a journey to Paris.,anh ấy thực hiện một hành trình đến paris.
"Instead of watching television, the children played outside.","thay vì xem tivi, bọn trẻ chơi ngoài trời."
"This year, Valentine's Day falls on a Sunday","Năm nay, ngày valentine rơi vào chủ nhật"
You're just the man I want to speak to,bạn chỉ là người đàn ông tôi muốn nói chuyện
She persuaded him to do it even though she knew it wasn't a good idea.,Cô đã thuyết phục anh làm điều đó mặc dù cô biết đó không phải là một ý tưởng tốt.
The last house was Tom's residence,ngôi nhà cuối cùng là nơi ở của tom
I'm not sure where to go.,Tôi không chắc chắn nơi để đi.
She is very angry with her children,cô ấy rất tức giận với con của mình
He speaks Japanese as if he were Japanese,anh ấy nói tiếng Nhật như thể anh ấy là người Nhật
Tom is willing to lend us three thousand dollars,tom sẵn sàng cho chúng tôi vay ba ngàn đô la
Jeremy is Cory's oldest son.,jeremy là con trai lớn của cory.
I was meaning to get around to that.,tôi có nghĩa là để có được xung quanh đó.
Tom took a butcher knife out of the drawer,tom lấy một con dao bán thịt ra khỏi ngăn kéo
Can we talk to you a second?,chúng ta có thể nói chuyện với bạn một giây không?
Do you feel better?,Bạn có cảm thấy tốt hơn?
Tom and Mary continued to look at each other,tom và mary tiếp tục nhìn nhau
That's a bad day for me,đó là một ngày tồi tệ đối với tôi
He has started to write a novel,anh ấy đã bắt đầu viết một cuốn tiểu thuyết
He's very efficient.,Anh ấy rất hiệu quả.
I was surprised at the discovery.,tôi đã rất ngạc nhiên khi phát hiện ra
I tried my best to get them to stop quarreling.,tôi đã cố gắng hết sức để khiến họ ngừng cãi nhau.
Tom was very persuasive,tom đã rất thuyết phục
We had to learn the poem by heart,chúng tôi đã phải học bài thơ bằng trái tim
"If Tom dies, what'll we do?","Nếu tom chết, chúng ta sẽ làm gì?"
Tom wants Mary to stay away from John.,tom muốn mary tránh xa john.
I guess they speak French.,Tôi đoán họ nói tiếng Pháp.
Tom needs proper medical treatment,tom cần điều trị y tế thích hợp
Tom has seniority.,tom có thâm niên.
He is British.,anh ấy là người Anh.
A car passed by in the dark,một chiếc xe hơi đi qua trong bóng tối
"The sky grew darker and darker, and the wind blew harder and harder","bầu trời càng ngày càng tối, và gió càng lúc càng mạnh"
I am wiping the shelves,tôi đang lau kệ
"I'm glad to meet you, too.",tôi rất vui khi được gặp bạn.
It was careless of her to leave the door unlocked when she went out,Cô ấy đã bất cẩn khi mở khóa cửa khi ra ngoài
I ran into your mother in the library,tôi gặp mẹ của bạn trong thư viện
"And so, they decided to act immediately.","và vì vậy, họ quyết định hành động ngay lập tức."
I also gave him a little something as a Christmas present the other day,tôi cũng tặng anh ấy một món quà giáng sinh vào một ngày khác
What's your favorite self-help book?,cuốn sách tự giúp đỡ yêu thích của bạn là gì?
It was very hard to anticipate how Tom would react to this news,thật khó để dự đoán tom sẽ phản ứng thế nào với tin tức này
He is one of my neighbors.,anh ấy là một trong những người hàng xóm của tôi
Tom hadn't eaten since breakfast and was getting hungry,Tom đã không ăn từ bữa sáng và đang đói
I understand that would be difficult.,tôi hiểu điều đó sẽ khó khăn
He's too smart to do something that stupid.,Anh ấy quá thông minh để làm điều gì đó ngu ngốc.
That's what I've ordered.,đó là những gì tôi đã đặt hàng.
May I smoke?,tôi có thể hút thuốc không
"Like a lion attacking its prey, the kitten jumped on its toy","Giống như một con sư tử tấn công con mồi của nó, mèo con nhảy lên đồ chơi của nó"
He emphasized the importance of peace,ông nhấn mạnh tầm quan trọng của hòa bình
"When it started to get dark, I quickened my pace","Khi trời bắt đầu tối, tôi nhanh chóng tăng tốc"
Her questions indicate that she understands the subject very well,câu hỏi của cô cho thấy cô hiểu rất rõ chủ đề
Tom has no qualms about stealing other people's food,tom không có ý định ăn cắp thức ăn của người khác
We can't pull this off without Tom.,chúng ta không thể thực hiện điều này mà không có tom.
He was made to do it against his will.,ông đã được thực hiện để làm điều đó trái với ý muốn của mình.
Tom plans to hire someone that speaks French.,tom có kế hoạch thuê một người nói tiếng Pháp.
They have no more wine.,họ không còn rượu nữa
That's his weak spot,đó là điểm yếu của anh ấy
They smiled at each other.,họ mỉm cười với nhau.
Tom is one of the most respected men in the business world.,tom là một trong những người đàn ông được kính trọng nhất trong thế giới kinh doanh.
This rule cannot be applied to that case,quy tắc này không thể được áp dụng cho trường hợp đó
Why didn't Tom tell Mary the truth?,Tại sao tom không nói với mary sự thật?
You don't have to make a different dish for every person,bạn không cần phải làm một món ăn khác nhau cho mỗi người
We mistook him for an American,chúng tôi nhầm anh ấy là người Mỹ
My watch gains one minute a day.,đồng hồ của tôi tăng một phút mỗi ngày.
Tom threw an empty beer can at Mary.,tom ném một lon bia rỗng vào mary.
Come and sit by me.,đến và ngồi bên tôi
I have some shopping to do,tôi có một số mua sắm để làm
I am not in the least concerned about the result.,tôi không quan tâm đến kết quả
Her behavior isn't normal for a young girl.,hành vi của cô ấy không bình thường đối với một cô gái trẻ.
Tom is ready to settle down and start a family,tom đã sẵn sàng để ổn định và bắt đầu một gia đình
Who found my missing book?,ai tìm thấy cuốn sách còn thiếu của tôi?
The boy had bad teeth because he neglected to brush them,Cậu bé có hàm răng xấu vì bỏ bê việc đánh răng
I'm not so sure that was a good idea.,Tôi không chắc đó là một ý tưởng tốt.
They'll be so happy to have Tom back.,họ sẽ rất vui khi có tom trở lại.
This kind of thing happens,điều này xảy ra
It is easy for a monkey to climb a tree.,thật dễ dàng để một con khỉ leo lên cây.
I have nothing against Tom.,tôi không có gì chống lại tom.
I baked you some cookies,tôi nướng cho bạn một ít bánh quy
Here comes our teacher.,giáo viên của chúng ta đến đây
His name is mud,anh ấy tên là bùn
I want him in my office.,tôi muốn anh ấy trong văn phòng của tôi
I wasn't sure what to say,tôi không chắc phải nói gì
Your bag is on my desk.,Túi của bạn ở trên bàn của tôi.
"If you wish to speak to Tom, you'll need to wait about three hours","nếu bạn muốn nói chuyện với tom, bạn sẽ cần đợi khoảng ba giờ"
We're going to need a lawyer,chúng ta sẽ cần một luật sư
Why don't you think about it for a while before you make up your mind?,Tại sao bạn không nghĩ về nó một lúc trước khi bạn quyết định?
Let me take you there.,Hãy để tôi đưa bạn đến đó.
I'm just trying to make a buck,tôi chỉ đang cố gắng kiếm tiền
Tom and Mary have to work together,tom và mary phải làm việc cùng nhau
I felt like going out for a walk,tôi cảm thấy muốn ra ngoài đi dạo
You smell nice.,bạn có mùi thơm
Why don't you sing?,tại sao bạn không hát
The old man was not as mean as he looked,ông già không có ý nghĩa như anh ta nhìn
Don't close the door,đừng đóng cửa
I stopped laughing.,tôi ngừng cười
He did not understand what was in the way of his success in life.,anh không hiểu điều gì đã cản trở thành công của anh trong cuộc sống.
Statistics show that very few people live to be a hundred.,thống kê cho thấy rất ít người sống được một trăm.
Tom looked a little distracted,tom nhìn hơi mất tập trung
Here comes the bus now.,đến đây xe buýt bây giờ.
They tapped the terrorists' phone lines.,họ gõ nhẹ vào đường dây điện thoại của bọn khủng bố.
"No matter how tired you might be, you have to do it","cho dù bạn có mệt mỏi đến đâu, bạn phải làm điều đó"
Tom just told us that he got fired,Tom chỉ nói với chúng tôi rằng anh ta bị sa thải
The soprano received thunderous applause for her performance.,giọng nữ cao nhận được những tràng pháo tay như sấm cho màn trình diễn của cô.
It's been a busy two days.,đó là hai ngày bận rộn.
Appearances can be deceptive.,Thêm thông tin lịch sử về mặt hàng này.
I'm not telling you,tôi không nói với bạn
He can't read.,anh ấy không thể đọc.
People love freedom,người yêu tự do
There are many monkeys in the mountain,có rất nhiều khỉ trên núi
Money cannot pay for the loss of happiness,tiền không thể trả cho sự mất mát hạnh phúc
Tom doesn't love Mary anymore.,Tom không còn yêu mary nữa.
Directing is what all actors say they want to do.,chỉ đạo là những gì tất cả các diễn viên nói họ muốn làm.
"Open the window and let some fresh air into the room, please.",xin vui lòng mở cửa sổ và để một chút không khí trong lành vào phòng.
I was calm until I saw the syringe,tôi đã bình tĩnh cho đến khi tôi nhìn thấy ống tiêm
I don't want to hear that word.,tôi không muốn nghe từ đó
He is such a lazy fellow.,Anh ấy là một kẻ lười biếng như vậy.
It was just the beginning,nó chỉ là khởi đầu
"You can't give up, Tom.","bạn không thể bỏ cuộc, tom."
We'll be destroyed,chúng ta sẽ bị phá hủy
Tom didn't get a chance to thank Mary for all her help,Tom đã không có cơ hội để cảm ơn mary vì tất cả sự giúp đỡ của cô ấy
Tom was impatient and restless,tom không kiên nhẫn và bồn chồn
Tom went to a private boys' schools.,tom đã đi đến một trường nam sinh tư nhân.
I spent the whole day playing with my kids,tôi đã dành cả ngày để chơi với những đứa trẻ của tôi
You spend too much time worrying about things that don't matter,bạn dành quá nhiều thời gian để lo lắng về những điều không quan trọng
I tried to do it quickly.,tôi đã cố gắng làm điều đó một cách nhanh chóng.
I'm twice your age,tôi gấp đôi tuổi bạn
The roof leaks every time it rains,mái nhà bị dột mỗi khi trời mưa
Tom needed this,tom cần cái này
I am not afraid,tôi không sợ
Tom described what had happened in detail.,tom mô tả những gì đã xảy ra chi tiết.
"You're very kind, Tom.","bạn thật tốt bụng, tom."
It's Claudine's house.,đó là nhà của claudine.
"That's what Tom said, too",đó cũng là những gì tom nói
You don't have to sit with me.,bạn không cần phải ngồi với tôi.
My grandfather is very healthy,ông tôi rất khỏe
I had a rough night.,tôi đã có một đêm khó khăn
Tom doesn't know what Mary is looking for,tom không biết mary đang tìm gì
"You got what you wanted, didn't you?","bạn đã có những gì bạn muốn, phải không?"
I was careful not to say anything to make him angry.,tôi cẩn thận không nói gì làm anh tức giận.
I can't open this bottle.,Tôi không thể mở chai này.
Your success depends upon whether you work hard or not,thành công của bạn phụ thuộc vào việc bạn có làm việc chăm chỉ hay không
I spoke to the actress herself,tôi đã nói chuyện với chính nữ diễn viên
I'm going to try to trap that rabbit,tôi sẽ cố gắng bẫy con thỏ đó
"My father rarely, if ever, goes out on Sundays","cha tôi hiếm khi, nếu có, đi ra ngoài vào chủ nhật"
She came close to drowning.,Cô đến gần chết đuối.
Her son meant everything to her.,Con trai cô có ý nghĩa với cô.
Mary's my niece.,mary là cháu gái của tôi.
The new president was a warm and friendly man,tân tổng thống là một người đàn ông ấm áp và thân thiện
I cannot answer so many questions at a time,tôi không thể trả lời nhiều câu hỏi cùng một lúc
He believed in the truth.,anh tin vào sự thật.
"Tom is very sleepy, because he didn't sleep well last night","Tom rất buồn ngủ, vì đêm qua anh ấy không ngủ ngon"
You look sharp,bạn trông sắc nét
Rebecca has at least two daughters.,rebecca có ít nhất hai con gái.
This is a difficult problem to solve.,đây là một vấn đề khó giải quyết
Don't you want to know why I did that?,bạn không muốn biết tại sao tôi làm vậy sao?
You keep out of this,bạn tránh xa điều này
I don't enjoy studying because I don't make any progress.,Tôi không thích học vì tôi không tiến bộ.
Tom won't come out of his room,Tom sẽ không ra khỏi phòng anh ấy
"Stay out of it, Tom",tránh xa nó ra
I'll let you know how things turn out.,Tôi sẽ cho bạn biết mọi thứ diễn ra như thế nào.
Tom gave the rope a tug.,tom kéo dây.
He failed after all,Rốt cuộc anh ấy đã thất bại
"Since the bus was late, we had to wait in the rain a long time.","Vì xe buýt đã trễ, chúng tôi phải chờ trong mưa rất lâu."
When did you know?,bạn biết khi nào
I want to learn how to ski,tôi muốn học cách trượt tuyết
"Her library has 3,500 books and includes many first editions",thư viện của cô có 3.500 cuốn sách và bao gồm nhiều phiên bản đầu tiên
I was rear-ended by a pickup truck.,tôi đã được kết thúc bởi một chiếc xe tải nhỏ.
He is afraid to fly in an airplane,anh ấy sợ bay trên máy bay
Tom wasn't paying attention to the teacher,tom đã không chú ý đến giáo viên
My tea is too sweet.,trà của tôi quá ngọt
Both boys and girls should take cooking class in school.,cả nam và nữ nên học lớp nấu ăn ở trường.
You could have ruined everything.,bạn có thể đã phá hỏng mọi thứ.
"I can't speak English, much less German","tôi không thể nói tiếng Anh, ít tiếng Đức hơn"
I didn't know you had a brother,tôi không biết bạn có một người anh em
Imagine yourself on a mountaintop,tưởng tượng mình trên một đỉnh núi
Seven is sometimes considered a lucky number.,bảy đôi khi được coi là một con số may mắn.
I just have a gut feeling Tom is hiding something,tôi chỉ có một cảm giác ruột tom đang che giấu điều gì đó
Tom has a friend in Boston,tom có một người bạn ở boston
Tom is sensitive,tom rất nhạy cảm
It happened to someone I know,nó đã xảy ra với một người mà tôi biết
That's the truth.,đó là sự thật.
My clock is two minutes fast,đồng hồ của tôi nhanh hai phút
Tom brought his,tom mang của mình
I haven't done that since high school,tôi đã không làm điều đó từ khi học trung học
We're paid by the hour.,chúng tôi được trả theo giờ.
"Come on, I'll give you a ride home","Thôi nào, tôi sẽ cho bạn một chuyến đi về nhà"
The prisoner was found guilty by the judge.,tù nhân bị kết án bởi thẩm phán.
What's Tom going to do?,tom sẽ làm gì
I don't blame you for hitting him.,Tôi không trách bạn đã đánh anh ta.
Put away your wallet.,cất ví của bạn đi
They know about it,họ biết về nó
I never thought that would happen.,tôi không bao giờ nghĩ rằng điều đó sẽ xảy ra.
I will have him come here the day after tomorrow,tôi sẽ có anh ấy đến đây vào ngày mai
Most Japanese temples are made of wood.,hầu hết các ngôi đền Nhật Bản được làm bằng gỗ.
How many people are you planning on calling?,bạn định gọi cho bao nhiêu người
Tom was supposed to arrive here yesterday.,Tom đã định đến đây ngày hôm qua.
You can't both be telling the truth.,cả hai bạn không thể nói sự thật.
What did that accomplish?,điều đó đã làm gì?
Tom laughed politely.,tom cười lịch sự.
I looked around me,tôi nhìn xung quanh tôi
You should probably do what Tom asks.,bạn có lẽ nên làm những gì tom yêu cầu.
I should've been with Tom.,tôi nên đi với tom
Please book me a room in a first-class hotel.,xin vui lòng đặt cho tôi một phòng trong một khách sạn hạng nhất.
Jack is bound to succeed this time,jack chắc chắn sẽ thành công lần này
His carelessness resulted in the accident,sự bất cẩn của anh ấy đã dẫn đến tai nạn
You're Tom's friend.,bạn là bạn của tom.
Does anybody need anything?,có ai cần gì không
John was standing alone in the room with his arms folded.,john đang đứng một mình trong phòng với đôi tay khoanh lại.
We're through here,chúng ta qua đây
Tom has been helping out around the house.,tom đã được giúp đỡ xung quanh nhà.
Mr. Sato collapsed from exhaustion.,Ông. sato sụp đổ vì kiệt sức.
The job would be difficult.,công việc sẽ khó khăn
"To me, it's important.","Đối với tôi, nó quan trọng."
I'm at Tom's apartment,tôi đang ở căn hộ của tom
It was a lie.,đó là một lời nói dối
Who owns this house?,ai sở hữu ngôi nhà này?
You knew this might happen.,bạn biết điều này có thể xảy ra.
Father asked me to open the door.,cha yêu cầu tôi mở cửa.
I had a dentist's appointment this morning.,tôi đã có một cuộc hẹn với nha sĩ sáng nay.
Being knowledgeable about Japanese culture is a good thing,am hiểu về văn hóa Nhật Bản là một điều tốt
I was starting to get worried,tôi đã bắt đầu lo lắng
I've never even seen a koala before,tôi chưa bao giờ nhìn thấy một con gấu túi trước đây
He refuses to listen to me.,Anh không chịu nghe lời tôi.
Tom bowed politely.,Tom cúi đầu lịch sự.
It's so hot outside that I want to spend all day in my air conditioned house,bên ngoài nóng đến mức tôi muốn dành cả ngày trong ngôi nhà máy lạnh của mình
I told her once and for all that I wouldn't go shopping with her,tôi đã nói với cô ấy một lần và mãi mãi rằng tôi sẽ không đi mua sắm với cô ấy
They won't intervene,họ sẽ không can thiệp
Why didn't you show up at the party last night?,Tại sao bạn không xuất hiện tại bữa tiệc tối qua?
Don't let go of the rope.,đừng buông sợi dây.
Did you buy a new car?,bạn đã mua một chiếc xe mới?
I'm still waiting for my money.,Tôi vẫn đang chờ tiền của tôi.
She was absorbed in the video.,cô ấy đã bị cuốn hút vào video.
Put your glasses on,đeo kính của bạn vào
This sentence is grammatically correct,câu này đúng ngữ pháp
I'll see you all next week,tôi sẽ gặp tất cả các bạn vào tuần tới
You're not going to believe this.,bạn sẽ không tin điều này
The conference continued till 5 o'clock,Hội nghị tiếp tục đến 5 giờ
Tom has lots of free time,tom có rất nhiều thời gian rảnh
Call me if you have a problem.,Gọi cho tôi nếu bạn có một vấn đề.
Whoever comes will be welcomed,ai đến sẽ được chào đón
Didn't Tom want to talk to us?,Tom không muốn nói chuyện với chúng tôi à?
I hear he was set free after doing five years in prison.,tôi nghe nói anh ta được thả tự do sau năm năm tù.
I never knew Tom's mother was Japanese,tôi không bao giờ biết mẹ của tom là người Nhật
No one is going to harm you,không ai sẽ làm hại bạn
I believe there is a problem.,Tôi tin rằng có một vấn đề.
That play was an immense success.,vở kịch đó là một thành công to lớn.
Do you use fingernail clippers to cut your toenails?,Bạn có sử dụng cắt móng tay để cắt móng chân của bạn?
There's nobody there,không có ai ở đó
I'm a woman,tôi là phụ nữ
Tom said he wanted to kill himself,tom nói anh ta muốn tự sát
What do you want to study?,Bạn muốn học cái gì?
I caught a glimpse of him,tôi thoáng thấy anh ấy
Tom was head over heels in love with Mary.,tom là tình yêu với mary.
Nobody there knew him well,không ai ở đó biết rõ anh ta
Tom asked me to stay,tom yêu cầu tôi ở lại
I plucked up the courage and confessed that it was all my fault,tôi lấy hết can đảm và thú nhận rằng tất cả là lỗi của tôi
The only one who enjoys a crowded subway car is a pickpocket.,người duy nhất thích một chiếc xe điện ngầm đông đúc là một kẻ móc túi.
The station is situated in between the two towns,nhà ga nằm ở giữa hai thị trấn
I just drove down here from Boston,tôi vừa lái xe xuống đây từ boston
Keep it in mind for the next time.,hãy ghi nhớ nó cho lần sau
Give me the money you owe me and I'll be gone,cho tôi số tiền bạn nợ tôi và tôi sẽ biến mất
You were wrong after all.,bạn đã sai sau tất cả
Oh my gosh! You're the last person I expected to meet in a situation like this.,Ôi trời ơi! bạn là người cuối cùng tôi mong gặp trong tình huống như thế này.
How many classes do you have on Saturdays?,bạn có bao nhiêu lớp vào thứ bảy
They are willing to talk about the problem,họ sẵn sàng nói về vấn đề
We've got a million things to do,chúng ta có một triệu việc phải làm
Is it a compliment?,nó là một lời khen?
We have been here for three days.,chúng tôi đã ở đây được ba ngày.
Do you understand what the problem is?,bạn có hiểu vấn đề là gì không?
Tom lost his French textbook.,tom mất sách giáo khoa tiếng Pháp của mình.
It was out of the ordinary for Chris to behave so roughly.,Thật là bất thường khi chris cư xử thô bạo như vậy.
I told Tom to clean his room.,tôi bảo tom dọn phòng.
Further testing is needed.,kiểm tra thêm là cần thiết.
I wonder if Tom ever cries.,Tôi tự hỏi nếu tom bao giờ khóc.
"I am a teacher, not a student.","Tôi là một giáo viên, không phải là một học sinh."
"Put this jacket on, and you'll be much warmer","mặc chiếc áo khoác này vào, và bạn sẽ ấm hơn nhiều"
I'll let Tom know what you've done,tôi sẽ cho tom biết những gì bạn đã làm
The floor was very cold.,sàn nhà rất lạnh
Tom is my boyfriend.,tom là bạn trai của tôi
We expect a very cold winter this year.,chúng tôi mong đợi một mùa đông rất lạnh trong năm nay.
Don't think it has nothing to do with you,đừng nghĩ nó không liên quan gì đến bạn
Tom and Mary were dancing together,tom và mary đã nhảy cùng nhau
Pay attention to what I say,chú ý đến những gì tôi nói
There's a time for everything.,Có một thời gian cho tất cả mọi thứ.
What did your husband give you for your birthday?,Chồng bạn đã tặng gì cho bạn vào ngày sinh nhật?
There is no telling what will happen tomorrow,không có chuyện gì sẽ xảy ra vào ngày mai
"Before Mary got married, she was a dancer.","Trước khi mary kết hôn, cô là một vũ công."
"To tell the truth, I don't like his way of living.","nói thật, tôi không thích cách sống của anh ấy."
Could you give us a minute?,bạn có thể cho chúng tôi một phút được không?
I get arrested from time to time,thỉnh thoảng tôi bị bắt
A hungry man is an angry man.,Một người đàn ông đói là một người đàn ông tức giận.
A fork is missing.,một ngã ba bị mất tích.
She knows who you are,cô ấy biết bạn là ai
I found a rare book I had been looking for.,tôi tìm thấy một cuốn sách hiếm mà tôi đã tìm kiếm.
Tom isn't breathing.,Tom không thở.
I think that it was probably last Friday.,Tôi nghĩ rằng nó có thể là thứ sáu tuần trước.
He'll have an accident one of these days if he keeps driving like that,Anh ấy sẽ gặp tai nạn một trong những ngày này nếu anh ấy cứ lái xe như vậy
It's brand new.,Đó là thương hiệu mới.
She got married against her father's will,cô đã kết hôn với ý muốn của cha mình
He is licensed as a pharmacist.,ông được cấp phép làm dược sĩ.
His son wants to be a lawyer.,Con trai ông muốn trở thành một luật sư.
You taught me a lot.,bạn đã dạy tôi rất nhiều
Tom is happier than I've ever seen him,Tom hạnh phúc hơn tôi từng thấy anh ấy
I'm looking for a present for my mother,tôi đang tìm một món quà cho mẹ tôi
That's the only appliance that I have.,đó là thiết bị duy nhất mà tôi có.
Don't ever give up,đừng bao giờ bỏ cuộc
I told you to stay away.,tôi bảo bạn tránh xa
I came here to tell you that I found Tom.,tôi đến đây để nói với bạn rằng tôi đã tìm thấy tom.
Mary was Tom's first girlfriend.,mary là bạn gái đầu tiên của tom.
America was at war in 1864,Mỹ đã có chiến tranh vào năm 1864
He eats too much,anh ấy ăn quá nhiều
Tom told me you might be able to help,tom nói với tôi bạn có thể giúp
This is Lucia's pen.,đây là cây bút của lucia.
Keep an eye on Tom,để mắt đến tom
I can't think of a good reason why we should give Tom any money.,Tôi không thể nghĩ ra một lý do chính đáng tại sao chúng ta nên cho tom bất kỳ khoản tiền nào.
He buried his head in his hands.,Anh vùi đầu vào tay anh.
I like the blue one. How much does it cost?,tôi thích cái màu xanh nó có giá bao nhiêu
Tom poured milk into the blender.,tom đổ sữa vào máy xay.
I've been helping Tom out.,Tôi đã giúp tom ra.
Allen is a poet.,allen là một nhà thơ.
The stone was so heavy that nobody could lift it.,hòn đá nặng đến nỗi không ai có thể nâng nó lên.
She celebrated her fifteenth birthday yesterday,cô ấy đã tổ chức sinh nhật lần thứ mười lăm của mình ngày hôm qua
Where did you buy all this?,bạn đã mua tất cả những thứ này ở đâu?
I'll beat you up!,tôi sẽ đánh bạn
I need a little help.,tôi cần một chút giúp đỡ
The baby ceased crying,em bé đã ngừng khóc
I suggest that you proceed very carefully,tôi đề nghị bạn tiến hành rất cẩn thận
Grandmother looks very comfortable in that chair beside the fire,bà ngoại trông rất thoải mái khi ngồi bên đống lửa
I looked around and noticed that mine was the only car on the road.,Tôi nhìn xung quanh và nhận thấy rằng tôi là chiếc xe duy nhất trên đường.
Are you free on Friday afternoon?,bạn có rảnh vào chiều thứ sáu không?
I've got nothing to hide.,Tôi không có gì để che giấu.
That's Tom's car.,đó là xe của tom.
I don't drink champagne.,Tôi không uống rượu sâm banh.
He's not an idiot,anh ấy không phải là một thằng ngốc
I'm not absolutely sure.,tôi không chắc lắm
Smith was arrested and put in jail.,smith đã bị bắt và đưa vào tù.
I will go to New York next week,tôi sẽ đến new york vào tuần tới
I finally found out what was wrong with my TV,tôi cuối cùng đã tìm ra những gì đã xảy ra với tv của tôi
It was not until I read the book that I knew about it.,Mãi đến khi tôi đọc cuốn sách tôi mới biết về nó.
Playing cards is very interesting.,chơi bài rất thú vị.
It's happened three times now.,nó đã xảy ra ba lần rồi
Paper was invented in China.,giấy được phát minh ở Trung Quốc.
"""Do you like cake?"" ""Yes, I do.""","""bạn có thích bánh không?"" ""Vâng tôi đồng ý."""
Tom loved Mary very much.,tom yêu mary rất nhiều.
You have an overactive imagination,bạn có một trí tưởng tượng hoạt động quá mức
Tom isn't guilty,tom không có tội
You won't believe how popular Tom has become.,bạn sẽ không tin làm thế nào tom phổ biến đã trở thành.
Tom will eat as soon as he gets home.,Tom sẽ ăn ngay khi về đến nhà.
I didn't get fired.,tôi đã không bị sa thải
I have no place to sleep tonight,tối nay tôi không có chỗ ngủ
I would be very grateful if you would help me.,Tôi sẽ rất biết ơn nếu bạn sẽ giúp tôi.
Tom should be behind bars,tom nên ở phía sau song sắt
You've got my help if you need it,bạn đã có sự giúp đỡ của tôi nếu bạn cần nó
I can't simply give up,tôi không thể từ bỏ
He studied very hard to become a scientist,ông đã học rất chăm chỉ để trở thành một nhà khoa học
I confess I'm afraid to go by myself.,Tôi thú nhận rằng tôi sợ đi một mình.
Tom waited for Mary to come back,tom đợi mary trở lại
"They had no beards, no hair and no eyebrows.","họ không có râu, không có tóc và không có lông mày."
Don't let him call her,đừng để anh ấy gọi cô ấy
How long is that bridge?,cây cầu đó dài bao nhiêu
"Speaking about trips, have you ever been to Kobe?","nói về những chuyến đi, bạn đã bao giờ đến kobe chưa?"
Tom took off his gas mask.,tom cởi mặt nạ phòng độc.
The stable is right behind the farm house.,chuồng nằm ngay sau nhà nông.
He arrived the day she left.,Anh đến vào ngày cô rời đi.
No one knows where she is.,không ai biết cô ấy ở đâu
No one's going to tell Tom anything,không ai sẽ nói với tom bất cứ điều gì
It's too difficult for me,nó quá khó đối với tôi
Tom can't remember exactly what he was supposed to do.,Tom không thể nhớ chính xác những gì anh ấy phải làm.
I bared my soul to her.,Tôi đã trao linh hồn của mình cho cô ấy.
Tom was the one who suggested leaving early.,tom là người đề nghị rời đi sớm.
I'm mad at myself for following Tom's stupid advice,Tôi giận bản thân vì làm theo lời khuyên ngu ngốc của tom
They're not happy.,họ không vui
She is partial to chocolate cake,cô ấy là một phần của bánh sô cô la
The books which are on that list will be difficult to find in Japan.,những cuốn sách nằm trong danh sách đó sẽ khó tìm thấy ở Nhật Bản.
I think Tom might be hungry.,Tôi nghĩ rằng tom có thể đói.
Tom was afraid to swim.,tom sợ bơi.
Is money important for me?,tiền có quan trọng với tôi không?
The book costs fifteen dollars.,Cuốn sách có giá mười lăm đô la.
Could you give me change for a dollar?,bạn có thể cho tôi đổi một đô la không?
It's not an exaggeration to say that Mrs. Smith is addicted to TV,Không phải nói quá khi nói rằng bà. smith nghiện tv
I'm really starting to hate it here,tôi thực sự bắt đầu ghét nó ở đây
Who took it?,ai đã lấy nó?
I've known John since 1976,tôi đã biết john từ năm 1976
I haven't felt that way since Mary left.,tôi đã không cảm thấy như vậy kể từ khi mary rời đi.
Would someone tell me what's going on?,ai đó sẽ cho tôi biết những gì đang xảy ra?
She has broken the toaster again,cô ấy đã phá vỡ lò nướng bánh một lần nữa
He played golf day after day during his vacation.,Anh ấy chơi golf ngày này qua ngày khác trong kỳ nghỉ của mình.
Tom's way of speaking gets on my nerves,cách nói chuyện của tom làm tôi lo lắng
The bartender came out from behind the counter to stop the fight,nhân viên pha chế bước ra từ phía sau quầy để dừng cuộc chiến
He works under me,anh ấy làm việc theo tôi
Tom told Mary that she had a nice smile,Tom nói với mary rằng cô ấy có một nụ cười đẹp
What's Tom listening to?,Tom đang nghe gì vậy?
We got behind the car and pushed.,chúng tôi vào sau xe và đẩy.
The police couldn't find any footprints outside Tom's bedroom window,cảnh sát không thể tìm thấy bất kỳ dấu chân nào bên ngoài cửa sổ phòng ngủ của tom
The scandal nearly wrecked her career.,vụ bê bối suýt phá hỏng sự nghiệp của cô.
They charged me for the broken window.,họ tính tiền cho cửa sổ bị vỡ.
Tom has never seen Mary smile.,tom chưa bao giờ thấy nụ cười mary.
I have been hoping to hear from you,tôi đã hy vọng được nghe từ bạn
The lesson which we learned was never to trust anyone,bài học mà chúng tôi học được là không bao giờ tin bất cứ ai
Tom is a lot better than people think.,tom tốt hơn nhiều so với mọi người nghĩ
I'll smack the living daylights out of you!,Tôi sẽ đánh bật ánh sáng ban ngày của bạn!
I don't drink a lot,tôi không uống nhiều
I emailed Tom his homework,tôi đã gửi email cho tom bài tập về nhà của anh ấy
The teacher pointed out the pupil's mistakes,giáo viên chỉ ra những sai lầm của học sinh
Are you going to learn English?,bạn sẽ học tiếng anh à
Now you're going too far.,bây giờ bạn đang đi quá xa
The knife punctured his lung,con dao đâm thủng phổi anh
He's totally lost it,anh ấy hoàn toàn mất nó
He came home late last night.,Anh về nhà tối qua.
All the apples that fall are eaten by the pigs,tất cả những quả táo rơi đều bị lợn ăn
I guess I lost track of the time,tôi đoán tôi đã mất dấu thời gian
"We sang, danced and chatted after dinner.","chúng tôi hát, nhảy và trò chuyện sau bữa tối."
What's that again?,cái gì nữa
This'll help,điều này sẽ giúp
Her stern look told the boys that they were in trouble,Cái nhìn nghiêm khắc của cô nói với các chàng trai rằng họ đang gặp rắc rối
I read a lot of magazines.,tôi đọc rất nhiều tạp chí
Your hat is silly,mũ của bạn thật ngớ ngẩn
That's the friend I gave the key to,đó là người bạn tôi đã đưa chìa khóa cho
"Can we all just speak French, please?",tất cả chúng ta có thể nói tiếng Pháp không?
Defeated revolutions are forgotten quickly,các cuộc cách mạng bị đánh bại bị lãng quên nhanh chóng
This is a company town,đây là một thị trấn công ty
How do you like your new job?,bạn thích công việc mới của bạn như thế nào
"I am against the war, of course","tôi chống lại chiến tranh, tất nhiên"
There has to be a better way to do this.,phải có một cách tốt hơn để làm điều này.
How much does Tom know about you?,Tom biết bao nhiêu về bạn?
"It's a very good newspaper, isn't it?","Đó là một tờ báo rất tốt, phải không?"
Translate the passage word for word.,dịch từ thông qua cho từ.
I stole this from Tom,tôi đã đánh cắp cái này từ tom
Are you having problems?,bạn đang có vấn đề à
Tom was successful.,tom đã thành công
I had no choice,tôi không có sự lựa chọn
I go to work every day by train.,tôi đi làm mỗi ngày bằng tàu hỏa.
Iron is used in ship construction.,sắt được sử dụng trong xây dựng tàu.
I can never make my son to eat any vegetables,tôi không bao giờ có thể làm cho con trai tôi ăn bất kỳ loại rau
President Obama won a second term.,Tổng thống obama đã giành được một nhiệm kỳ thứ hai.
I was too sick to stand,tôi đã quá ốm để đứng
He isn't very good at math,anh ấy không giỏi toán
The bellows are not working.,ống thổi không hoạt động.
Don't you trust the weathermen?,bạn không tin người thời tiết sao?
Do you want soup?,bạn có muốn ăn súp không
He is trying to quit smoking.,anh ấy đang cố gắng bỏ hút thuốc
We must go to school.,chúng ta phải đi học
He is no better than a thief,anh ta không tốt hơn một tên trộm
He was tired so he went to bed,anh mệt nên đi ngủ
Why did you ask her to give you her picture?,Tại sao bạn yêu cầu cô ấy đưa cho bạn hình ảnh của cô ấy?
I should get ready,tôi nên sẵn sàng
Nobody needs to get hurt.,không ai cần phải bị tổn thương.
That seems unlikely.,điều đó dường như không thể
We're doing all we can.,chúng tôi đang làm tất cả những gì có thể.
"He will come with his wife, as is often the case with foreigners.","anh ta sẽ đi cùng vợ, như thường lệ với người nước ngoài."
You're welcome to give it a try.,bạn được chào đón để thử nó.
"One year later, Paul was born","một năm sau, paul ra đời"
Israel is a very small country.,israel là một quốc gia rất nhỏ.
The student who is talking with John is from Canada.,sinh viên đang nói chuyện với john đến từ Canada.
The package was wrapped in thick paper,gói được bọc trong giấy dày
She has an encyclopedic knowledge of cooking,cô ấy có kiến thức bách khoa về nấu ăn
Will you tell me where I am wrong?,bạn sẽ cho tôi biết tôi sai ở đâu?
"If there are any cancellations, just call","nếu có bất kỳ sự hủy bỏ nào, chỉ cần gọi"
Mahjong tiles are very beautiful.,gạch mạt chược rất đẹp.
They work hard,họ làm việc chăm chỉ
Don't give it another thought,đừng cho nó một suy nghĩ khác
I'm going to buy Tom something.,Tôi sẽ mua tom một cái gì đó.
Would you just get on with it?,bạn sẽ nhận được với nó?
Is your father stern?,cha bạn có nghiêm khắc không?
I don't want to make any mistakes,tôi không muốn phạm sai lầm
Tom said something to Mary that I didn't hear.,Tom nói điều gì đó với mary mà tôi không nghe thấy.
I suggested that she go alone.,tôi đề nghị cô ấy đi một mình.
Tom never gave me a hard time,tom không bao giờ cho tôi một thời gian khó khăn
I forgot to call Tom,tôi quên gọi cho tom
Are you waiting for anybody?,bạn đang đợi ai à
Just jump in.,chỉ cần nhảy vào
I will bring back a lot of food.,tôi sẽ mang lại rất nhiều thức ăn
I think you should leave now.,Tôi nghĩ bạn nên rời đi ngay bây giờ.
"I not only gave him some advice, I also gave him a bicycle.","tôi không chỉ cho anh ta một lời khuyên, tôi còn cho anh ta một chiếc xe đạp."
It's terribly cold. I think I'm going to catch a cold,trời lạnh quá. tôi nghĩ rằng tôi sẽ bị cảm lạnh
He came to understand that he could no longer work.,anh ta hiểu rằng anh ta không thể làm việc được nữa.
Can you see Tom working in a garage?,bạn có thể thấy tom làm việc trong nhà để xe không?
I stand corrected.,tôi đứng sửa
Please remember to write to her.,hãy nhớ viết thư cho cô ấy
Tom looks scared and worried.,Tom trông sợ hãi và lo lắng.
Tom didn't know what he should do,Tom không biết mình nên làm gì
I just read a really good book.,Tôi chỉ đọc một cuốn sách thực sự tốt.
It's the hardest thing I have ever done,đó là điều khó nhất tôi từng làm
"That's useful, isn't it?",Điều đó có hữu ích không?
I'm asking you for your help.,Tôi đang nhờ bạn giúp đỡ.
He cannot have done such a thing.,anh ta không thể làm một việc như vậy
Tom didn't mean for this to happen,tom không có nghĩa là để điều này xảy ra
Our troops engaged with the enemy,quân ta giao chiến với địch
They used a high-speed camera,họ đã sử dụng máy ảnh tốc độ cao
Tom was glad to see Mary and John getting along so well,Tom rất vui khi thấy mary và john rất hợp nhau
Yes. That's right.,Đúng. đúng rồi.
We must prevent this type of incident from recurring,chúng ta phải ngăn chặn sự cố này tái diễn
"If you don't take a vacation, you'll collapse.","nếu bạn không đi nghỉ, bạn sẽ sụp đổ."
The day turned out to be fine.,ngày trở nên tốt đẹp
You'll have to wait at least an hour to get a ticket,bạn sẽ phải đợi ít nhất một giờ để lấy vé
I was in Australia with Tom,tôi đã ở Úc với tom
"Since I have a cold, I can't taste anything.","Kể từ khi tôi bị cảm lạnh, tôi không thể nếm bất cứ thứ gì."
Can I ask who sent you here?,tôi có thể hỏi ai đã gửi bạn ở đây?
Tom is swamped with work.,tom bị ngập trong công việc.
Tom said that he was feeling tired,Tom nói rằng anh ấy cảm thấy mệt mỏi.
How did it come about?,Nó đã xảy ra như thế nào?
"She said she didn't like it, but I thought, personally, it was very good","Cô ấy nói cô ấy không thích nó, nhưng tôi nghĩ, cá nhân tôi, nó rất tốt"
They're not illegal,họ không bất hợp pháp
I'm happy to hear that your injuries aren't serious.,Tôi rất vui khi biết rằng chấn thương của bạn không nghiêm trọng.
It doesn't bother me to walk in the rain,nó không làm phiền tôi đi bộ trong mưa
Tom says that he didn't study at all for the test.,Tom nói rằng anh ấy đã không học bài kiểm tra nào cả.
I would be happy to be of help,tôi sẽ rất vui khi được giúp đỡ
I order you to turn right,tôi ra lệnh cho bạn rẽ phải
I don't want to have you involved in the trouble.,Tôi không muốn có bạn liên quan đến rắc rối.
It's against the rules to smoke at the office,Nó là trái quy tắc để hút thuốc tại văn phòng
Students stand up when their teacher enters.,học sinh đứng dậy khi giáo viên của họ bước vào.
Tom was tough.,tom thật khó khăn
Let's go to Shinjuku tomorrow morning,sáng mai hãy đến shinjuku
Tom doesn't know Mary is in Boston,Tom không biết mary đang ở boston
Would you mind watching my things while I go for a swim?,bạn có phiền khi xem những thứ của tôi trong khi tôi đi bơi không?
She asked him for some money,cô ấy hỏi anh ấy một ít tiền
I want you to wear this one.,tôi muốn bạn mặc cái này
Life's not easy,cuộc sống không dễ dàng
Harry fell seriously ill,harry ngã bệnh nặng
None of Tom's classmates liked him.,không ai trong số các bạn cùng lớp của tom thích anh ta.
Tom's friendly manner deceived us,cách thân thiện của tom đã lừa dối chúng tôi
"Are you new, too?",bạn cũng mới à
What a beautiful rainbow!,Thật là một cầu vồng tuyệt đẹp!
Tom usually walks home from work.,tom thường đi làm về.
"By the year 2020, the population of our city will have doubled.","đến năm 2020, dân số thành phố của chúng ta sẽ tăng gấp đôi."
Did Tom really say that to you?,Tom thực sự đã nói điều đó với bạn?
They named their daughter Helen,họ đặt tên cho con gái là helen
Where is the nearest shop?,cửa hàng gần nhất ở đâu?
Let's only talk about one problem at a time.,Chúng ta chỉ nói về một vấn đề tại một thời điểm.
The last thing Tom needs is someone else stalking him,điều cuối cùng tom cần là một người khác rình rập anh ta
Let me step inside.,Hãy để tôi bước vào trong.
My office faces Fifth Avenue.,văn phòng của tôi phải đối mặt với đại lộ thứ năm.
I don't want you to change.,tôi không muốn bạn thay đổi
Tom knew where he had put his keys.,Tom biết nơi anh đã đặt chìa khóa của mình.
He seemed to understand foreign policy,ông dường như hiểu chính sách đối ngoại
How will you spend the coming three-day holiday?,Làm thế nào bạn sẽ dành kỳ nghỉ ba ngày tới?
It's your turn to tell me a secret.,đến lượt bạn nói cho tôi một bí mật.
We know that everything we need to do is on the list,chúng tôi biết rằng mọi thứ chúng tôi cần làm đều có trong danh sách
I've had better vacations.,Tôi đã có những kỳ nghỉ tốt hơn.
Our office is located in the center of the town.,văn phòng của chúng tôi nằm ở trung tâm của thị trấn.
Tom is a real good friend.,tom là một người bạn tốt thực sự
I've never seen a real cow.,Tôi chưa bao giờ nhìn thấy một con bò thực sự.
Keep the engine running. I'll be right back.,giữ cho động cơ chạy. tôi sẽ trở lại ngay.
Tom trusted Mary.,mary đáng tin cậy.
I wouldn't have trusted Tom either.,tôi cũng không tin tom.
The house was full of colorful art objects.,Ngôi nhà đầy những đồ vật nghệ thuật đầy màu sắc.
Maybe you won't believe me.,có lẽ bạn sẽ không tin tôi
"In order to buy a ticket, you'll have to wait at least an hour","để mua vé, bạn sẽ phải chờ ít nhất một giờ"
These are my favorite pair of shoes.,đây là đôi giày yêu thích của tôi
I don't want to play with Tom,tôi không muốn chơi với tom
What is Tom to you?,Tom là gì với bạn?
I'll open it,tôi sẽ mở nó
Where can we get what we want?,chúng ta có thể nhận được những gì chúng ta muốn ở đâu?
She's very pretty,cô ấy rất xinh đẹp
How long have you been teaching Spanish?,bạn dạy tiếng Tây Ban Nha bao lâu rồi?
Jane is talking with somebody.,jane đang nói chuyện với ai đó
She was unconscious of her mistake.,cô đã bất tỉnh về sai lầm của mình.
The death penalty is final and irreversible,hình phạt tử hình là cuối cùng và không thể đảo ngược
We have to be prepared,chúng ta phải chuẩn bị
You're always making mistakes.,bạn luôn mắc lỗi.
Grab my hand,nắm lấy tay tôi
Let me do the talking.,hãy để tôi nói
I heard that before,tôi đã nghe điều đó trước đây
The decision was put off.,quyết định đã được đưa ra.
I just need one more chance,tôi chỉ cần một cơ hội nữa
"Oh, have a heart.","oh, có một trái tim"
Tom could've and should've stayed longer,tom có thể đã và nên ở lại lâu hơn
We are all suspicious about him.,chúng tôi đều nghi ngờ về anh ấy
We help Tom.,chúng tôi giúp tom.
Tom told his son not to speak with his mouth full,Tom bảo con trai không được nói với miệng đầy
He has a book.,anh ta có một cuốn sách.
You're Tom's favorite,bạn yêu thích tom
I am quite comfortable in this room.,tôi khá thoải mái trong căn phòng này
Tom complained about the weather.,Tom phàn nàn về thời tiết.
Tom would like to ask you a couple questions,tom muốn hỏi bạn một vài câu hỏi
We are leaving Japan tomorrow morning.,chúng ta sẽ rời Nhật Bản vào sáng mai
Tom is a friend.,tom là một người bạn
This man loves my sister,người đàn ông này yêu em gái tôi
The only time my son talks to me is when he needs some money.,lần duy nhất con trai tôi nói chuyện với tôi là khi nó cần một ít tiền.
"Long ago, the Greeks would frequently hold great athletic events","từ lâu, người đi biển thường xuyên tổ chức các sự kiện thể thao lớn"
I think we can do it.,Tôi nghĩ rằng chúng ta có thể làm điều đó.
I was able to visit several American homes,tôi đã có thể đến thăm một số ngôi nhà của người Mỹ
I thought I was going to make it here on time.,tôi nghĩ rằng tôi sẽ đến đây đúng giờ.
Tom doesn't speak French at all.,Tom không nói tiếng Pháp chút nào.
"See you in the morning, Tom.","Hẹn gặp lại vào buổi sáng, tom."
Wash your hands with soap.,rửa tay bằng xà phòng.
You know everyone,bạn biết tất cả mọi người
These are our visitors,đây là những vị khách của chúng tôi
Let's not get crazy.,đừng nổi điên
I'm not about to ask him,tôi không định hỏi anh ấy
Give Tom a kiss.,cho tom một nụ hôn.
Tom wondered how much tequila Mary could drink before she passed out,Tom tự hỏi có bao nhiêu rượu tequila mary có thể uống trước khi cô ấy bất tỉnh
I have a wife and three sons in Boston,tôi có vợ và ba con trai ở boston
What are the pros and cons of hitchhiking?,những ưu và nhược điểm của quá giang xe là gì?
I couldn't take your place,tôi không thể thay thế bạn
Mother went shopping at the department store,mẹ đi mua sắm ở cửa hàng bách hóa
Could you shout to Tom and tell him it's breakfast time?,bạn có thể hét lên với tom và nói với anh ấy là giờ ăn sáng không?
Please correct my bill.,xin vui lòng sửa hóa đơn của tôi.
The sisters hate each other.,Hai chị em ghét nhau.
Do you want anything special?,bạn có muốn điều gì đặc biệt không?
Tom can't do anything without Mary's help,Tom không thể làm gì nếu không có sự giúp đỡ của mary
The cause of the accident is still not clear.,nguyên nhân vụ tai nạn vẫn chưa rõ ràng.
He is a cheerful boy,anh ấy là một cậu bé vui vẻ
Tom chose to stay,tom chọn ở lại
Tom seems to be looking for trouble,Tom dường như đang tìm kiếm rắc rối
I'm going to send my mother some flowers.,Tôi sẽ gửi cho mẹ tôi một vài bông hoa.
Jane didn't buy it after all.,Jane đã không mua nó sau khi tất cả.
Everything was perfect,mọi thứ đều hoàn hảo
"Hey everyone, please listen","chào mọi người, hãy lắng nghe"
I'll come right over.,Tôi sẽ đến ngay.
Did you know that some foxes lived on this mountain?,Bạn có biết rằng một số con cáo sống trên ngọn núi này?
Tom doesn't take very good care of his children.,Tom không chăm sóc con cái tốt lắm.
The food didn't taste very good,thức ăn không ngon
The moon landing was a monumental achievement,hạ cánh mặt trăng là một thành tựu lớn
I consider Tom a good friend,tôi coi tom là một người bạn tốt
The wounded soldiers were left in the field.,những người lính bị thương bị bỏ lại trên cánh đồng.
The travel company furnished us with all the details of the tour,công ty du lịch cung cấp cho chúng tôi tất cả các chi tiết của tour du lịch
I didn't catch one single fish,tôi đã không bắt được một con cá
I wash my face every morning,tôi rửa mặt mỗi sáng
Can I bum a cigarette off you?,tôi có thể bum điếu thuốc không?
The majority of those men worked in the mine,phần lớn những người đàn ông làm việc trong mỏ
Tom will give Mary the details later.,tom sẽ cung cấp cho mary các chi tiết sau.
He is old enough to drink.,Anh ấy đủ tuổi để uống.
I have an idea,tôi có ý này
Tom refuses to take orders from Mary.,tom từ chối nhận đơn đặt hàng từ mary.
Tom wants to go with you,tom muốn đi với bạn
Tom and Mary enjoyed themselves at the party.,tom và mary rất thích chính mình trong bữa tiệc.
I was agreeably surprised by the low prices.,tôi đã rất ngạc nhiên bởi giá thấp.
"If you don't want me to go, I won't","nếu bạn không muốn tôi đi, tôi sẽ không"
It's as old as the hills,nó cũ như những ngọn đồi
You must join me,bạn phải tham gia với tôi
I've already told you I'm busy.,Tôi đã nói với bạn rằng tôi đang bận.
Don't leave the door open,đừng để cửa mở
I'll go to Tom.,tôi sẽ đi đến tom.
Tom doesn't want to work here.,Tom không muốn làm việc ở đây.
Tom held out his mug and Mary refilled it,tom đưa cốc của mình ra và mary nạp lại
All the church bells started ringing together,tất cả những tiếng chuông nhà thờ bắt đầu vang lên
"If the weather is good, I'll go to the park.","nếu thời tiết tốt, tôi sẽ đến công viên."
How much do the carrots cost?,Cà rốt giá bao nhiêu?
I have absolutely no intention of paying ten dollars,tôi hoàn toàn không có ý định trả mười đô la
I thought Tom was supposed to be here for three weeks.,tôi nghĩ tom đáng lẽ phải ở đây trong ba tuần.
I appreciate your prudence.,tôi đánh giá cao sự thận trọng của bạn.
You have a staff meeting at 2:30,bạn có một cuộc họp nhân viên lúc 2:30
That child was left in the sun too long.,Đứa trẻ đó bị bỏ lại quá lâu.
He spent much of his time reading,anh ấy dành nhiều thời gian để đọc
The odds are in Tom's favor.,tỷ lệ cược có lợi cho tom.
I have to change planes in Boston.,tôi phải thay đổi máy bay trong boston.
I wash my car almost every day.,Tôi rửa xe gần như mỗi ngày.
"He told me that whatever might happen, he was prepared for it","anh ấy nói với tôi rằng bất cứ điều gì có thể xảy ra, anh ấy đã chuẩn bị cho nó"
He didn't care for swimming,anh ấy không quan tâm đến việc bơi lội
A burglar broke in while he was asleep,một tên trộm đột nhập vào trong khi anh ta đang ngủ
I think Tom and Mary are dating.,Tôi nghĩ rằng tom và mary đang hẹn hò.
We had to leave quickly.,chúng tôi phải rời đi nhanh chóng.
Trading with Japan is not easy,giao dịch với Nhật Bản không dễ dàng
"I don't want to go by plane, if I can help it","tôi không muốn đi bằng máy bay, nếu tôi có thể giúp nó"
We learned that English is an international language,chúng tôi đã học được rằng tiếng Anh là một ngôn ngữ quốc tế
All were present,tất cả đều có mặt
I shook hands with her,tôi bắt tay cô ấy
Tom got some more bad news,tom có thêm một số tin xấu
What is one food that you could never give up?,một thực phẩm mà bạn không bao giờ có thể từ bỏ là gì?
Tom is only in town for a few days.,tom chỉ ở trong thị trấn trong một vài ngày.
Tom and Mary aren't quite sure what to make of this,tom và mary không chắc chắn nên làm gì
Japanese high school students go to school 35 weeks a year,học sinh trung học Nhật Bản đi học 35 tuần một năm
He did a very foolish thing,anh ấy đã làm một điều rất ngu ngốc
"After dinner, he usually sleeps","Sau bữa tối, anh thường ngủ."
Not every student has a dictionary,không phải học sinh nào cũng có từ điển
Tell Tom I miss him.,nói với tom tôi nhớ anh ấy
Tom wasn't satisfied with the pay he was getting.,Tom không hài lòng với mức lương mà anh ta nhận được.
May I do it right now?,tôi có thể làm điều đó ngay bây giờ không?
We have to run now.,chúng ta phải chạy ngay bây giờ
She is determined to succeed this time.,lần này cô quyết tâm thành công.
Tom thanked Mary for her advice.,tom cảm ơn mary cho lời khuyên của mình.
Tom and I'll both be there.,Tom và tôi sẽ cùng ở đó.
He's still underage.,Anh ấy vẫn chưa đủ tuổi.
Who gains by the victim's death?,Ai kiếm được bằng cái chết của nạn nhân?
We've got to get away.,chúng ta phải đi thôi.
Your mother has made you what you are,mẹ bạn đã làm cho bạn những gì bạn đang có
Tom handed Mary some pictures,tom đưa mary một số hình ảnh
"She is, if anything, a little better today.","cô ấy, nếu có bất cứ điều gì, tốt hơn một chút ngày hôm nay."
"This building looks large from the front, but not from the side","tòa nhà này trông lớn từ phía trước, nhưng không phải từ phía bên"
Think of all the things you should tell Tom.,nghĩ về tất cả những điều bạn nên nói với tom
That's the best price you'll get around here.,đó là mức giá tốt nhất bạn sẽ nhận được ở đây.
I told everybody about what happened,tôi đã nói với mọi người về những gì đã xảy ra
Tom took a few snapshots.,tom chụp một vài bức ảnh
How was Hawaii?,hawaii thế nào?
Don't you drag me into this,bạn không kéo tôi vào đây
I didn't really know Tom that well,tôi thực sự không biết rõ về tom
Would you look after my cat?,bạn sẽ chăm sóc con mèo của tôi?
You haven't done what I told you yet.,bạn đã không làm những gì tôi nói với bạn chưa.
I said come alone,tôi nói đến một mình
I will find a way to repay you.,tôi sẽ tìm cách trả ơn bạn
"You have something to say about everything, don't you?",bạn có điều gì muốn nói về mọi thứ không?
Let's talk about work,hãy nói về công việc
They had heard that he was a very honest man,họ đã nghe nói rằng anh ta là một người rất trung thực
Even idiots can give good advice.,ngay cả những kẻ ngốc cũng có thể đưa ra lời khuyên tốt.
A horse is a friendly animal.,ngựa là một động vật thân thiện.
Tom asked if anyone had seen Mary.,Tom hỏi có ai đã xem mary chưa.
You may use my car at any time,bạn có thể sử dụng xe của tôi bất cứ lúc nào
Go get your car,đi lấy xe của bạn
It is not easy to distinguish good from evil.,không dễ để phân biệt thiện và ác.
Tom clapped his hands.,Tom vỗ tay.
We already tried that,chúng tôi đã thử nó
Tom has returned from Boston,tom đã trở về từ boston
Persons under age are prohibited from smoking.,người dưới tuổi bị cấm hút thuốc.
Tom wadded up the piece of paper.,tom vẩy lên mảnh giấy.
Mother bought my brother a yellow umbrella.,Mẹ mua cho em tôi một chiếc ô màu vàng.
He read the letter with tears running down his cheeks,Anh đọc bức thư mà nước mắt chảy dài trên má
Tom switched off his computer,tom tắt máy tính của mình
The policeman grabbed the boy's arm.,viên cảnh sát nắm lấy cánh tay của cậu bé.
I decided to buy a car.,tôi quyết định mua một chiếc xe hơi
How long is the stopover?,Điểm dừng là bao lâu?
The coast is clear,bờ biển sạch sẽ
She likes going to the library.,cô ấy thích đến thư viện
Thanks for doing that for Tom.,cảm ơn vì đã làm điều đó cho tom
It is forbidden for you to touch that switch,Cấm bạn chạm vào công tắc đó
He lost his balance and fell off the ladder,anh ta mất thăng bằng và ngã ra khỏi thang
I'm just filling in here temporarily.,Tôi chỉ đang điền vào đây tạm thời.
I guess that's why Tom was so late,tôi đoán đó là lý do tại sao tom đã rất muộn
Xiaoli is the tallest in our class.,xiaoli là người cao nhất trong lớp của chúng tôi.
Don't go up there,đừng lên đó
I have no time to listen to such everyday affairs,tôi không có thời gian để lắng nghe những công việc hàng ngày như vậy
I can't feel anything.,tôi không cảm thấy gì cả
Are you pregnant?,cô mang thai à?
We're all different.,chúng ta đều khác nhau
What do Japanese students usually eat for lunch?,Sinh viên Nhật thường ăn gì vào bữa trưa?
Tom took his socks off.,tom cởi tất ra.
"In 2010, there was a shortage of H1N1 vaccine.","năm 2010, thiếu vắc-xin h1n1."
She cannot be over thirty,cô ấy không thể hơn ba mươi
"She can ride a motorcycle, not to mention a bicycle","cô ấy có thể đi xe máy, không kể xe đạp"
Someone has walked off with my pencil.,ai đó đã đi bằng bút chì của tôi.
I knew I should've stayed at home,tôi biết tôi nên ở nhà
She easily catches cold,cô ấy dễ dàng bị cảm lạnh
How much do they cost?,Những thứ này có giá bao nhiêu?
What is your greatest strength?,Điểm mạnh nhất của bạn là gì?
Did he hit you?,anh ta có đánh bạn không
I can't stand his arrogance any longer.,tôi không thể chịu được sự kiêu ngạo của anh ấy nữa.
I'm sure that'll really be appreciated.,Tôi chắc chắn rằng nó sẽ thực sự được đánh giá cao.
Last Friday I ate dinner with my girlfriend in a restaurant,Thứ sáu tuần trước tôi đã ăn tối với bạn gái trong một nhà hàng
Did you give Tom a present for his birthday?,bạn đã tặng tom một món quà cho ngày sinh nhật của anh ấy?
Australia is smaller than South America,Úc nhỏ hơn Nam Mỹ
"Tom sat on the porch, reading the evening paper","Tom ngồi ngoài hiên, đọc báo buổi tối"
What's going to happen when they find out what we did?,Điều gì sẽ xảy ra khi họ tìm ra những gì chúng ta đã làm?
"She held back her anger, and smiled graciously.",Cô kìm nén cơn giận và mỉm cười ân cần.
"If Tom goes swimming, so will I","nếu tom đi bơi, tôi cũng vậy"
Try staying out of the way.,cố gắng tránh đường
Do you think I should stop Tom?,Bạn có nghĩ rằng tôi nên dừng tom?
Do you see that house? That's my house.,bạn có thấy ngôi nhà đó không đó là nhà của tôi
Why did you want to come back here?,tại sao bạn muốn quay lại đây
Tom is the most diligent student in his class,tom là học sinh siêng năng nhất trong lớp
He'll soon catch up with Tom,anh ấy sẽ sớm bắt kịp với tom
Tom always asks for my opinion.,tom luôn hỏi ý kiến của tôi
The square root of one hundred forty four is twelve.,căn bậc hai của một trăm bốn mươi bốn là mười hai.
Misako married a Canadian last June,misako kết hôn với một người Canada cuối tháng sáu
They're going to get themselves killed.,họ sẽ tự sát.
The kidnapper told me he'd kill Tom if I didn't show up alone.,kẻ bắt cóc nói với tôi rằng anh ta sẽ giết tom nếu tôi không xuất hiện một mình.
His son had been killed in a duel.,con trai ông đã bị giết trong một cuộc đấu tay đôi.
We're going to the mall.,chúng ta sẽ đến trung tâm thương mại
Birds are flying above the trees,những con chim đang bay trên cây
I'm sure that wasn't part of the plan,tôi chắc chắn rằng đó không phải là một phần của kế hoạch
Do you have a house in Italy?,bạn có nhà ở Ý không?
When will we get to Sydney?,khi nào chúng ta sẽ đến sydney?
Who can remember?,ai có thể nhớ
Tom didn't actually hit me.,Tom đã không thực sự đánh tôi.
Mary was cruel to Tom,mary rất tàn nhẫn với tom
We met at the designated spot.,chúng tôi đã gặp nhau tại địa điểm được chỉ định.
They were almost starving,họ gần như chết đói
He used to be an imaginative boy.,anh từng là một cậu bé giàu trí tưởng tượng.
She showed him several books that were on the shelf.,Cô cho anh xem vài quyển sách trên kệ.
Can I talk to you guys for a second?,tôi có thể nói chuyện với các bạn một chút không?
Stop crying like a girl.,ngừng khóc như một cô gái
I didn't know you kept it,tôi không biết bạn đã giữ nó
Would you like to take some time off?,bạn có muốn nghỉ một chút không?
He promised me he would come early,anh ấy hứa với tôi anh ấy sẽ đến sớm
This sentence needs to be checked by a native speaker.,câu này cần được kiểm tra bởi người bản ngữ.
Have you known him for a long time?,bạn quen anh ấy lâu chưa
Did Tom know?,Tom có biết không?
Tom will give you everything you need,tom sẽ cung cấp cho bạn mọi thứ bạn cần
Tom keeps his age a secret,tom giữ bí mật tuổi tác của mình
I thought you'd been killed. I'm glad I was wrong,Tôi nghĩ bạn đã bị giết. tôi vui vì tôi đã sai
I'm busy with homework,tôi đang bận việc nhà
Tom didn't learn how to swim until he was thirteen,Tom không học bơi cho đến khi mười ba tuổi
I just don't want you to have it,tôi chỉ không muốn bạn có nó
They believed in me,họ tin tôi
You can't smoke in this room.,bạn không thể hút thuốc trong phòng này.
Hold your positions.,giữ vị trí của bạn.
That's what I'm suggesting,đó là những gì tôi đang đề xuất
Tom knows what you're thinking,tom biết bạn đang nghĩ gì
It is too long ago.,nó đã quá lâu rồi
He is not wearing a hat,anh ấy không đội mũ
I guess you've got yourself a problem.,Tôi đoán bạn đã có một vấn đề.
Jimmy insisted that I take him to the zoo,jimmy khăng khăng rằng tôi đưa anh ta đến sở thú
Several newspapers published the story.,một số tờ báo xuất bản câu chuyện.
We'll be there before you know it,chúng tôi sẽ ở đó trước khi bạn biết điều đó
I'm being paid to help you,tôi đang được trả tiền để giúp bạn
I was with Tom the night before he died.,tôi đã ở với tom đêm trước khi anh ấy chết.
Tom got the job on the strength of your recommendation.,tom nhận được công việc trên sức mạnh của đề nghị của bạn.
We have a cat and a dog.,chúng tôi có một con mèo và một con chó
I guess that's OK,tôi đoán là ổn
Have you ever scolded your daughter?,bạn đã bao giờ la mắng con gái của bạn?
The climate here is like that of Hokkaido.,khí hậu ở đây giống như của hokkaido.
"If it were not for air and water, we could not live.","nếu không có không khí và nước, chúng ta không thể sống."
I can't do this all by myself.,tôi không thể làm điều này một mình.
Who will host the party?,Ai sẽ tổ chức bữa tiệc?
She showed me her room.,cô ấy chỉ cho tôi phòng của cô ấy
He doesn't seem to be a very intelligent boy,anh ấy không có vẻ là một cậu bé rất thông minh
I've made up my mind,tôi đã quyết định
How do you feel about your decision?,bạn cảm thấy thế nào về quyết định của mình?
The teacher looked over the examination papers,giáo viên nhìn qua bài thi
Have you told anyone else?,bạn đã nói với ai khác chưa?
Tom grabbed Mary by the hair.,tom nắm lấy mary bởi mái tóc.
We are all poor swimmers with the possible exception of Jack,tất cả chúng ta đều là những người bơi kém với ngoại lệ
I go for a walk every other day.,tôi đi dạo mỗi ngày
A burglar broke into the house.,Một tên trộm đột nhập vào nhà.
They just don't trust you.,họ không tin bạn.
We can't guarantee that.,chúng tôi không thể đảm bảo điều đó.
I was really moved by this.,tôi thực sự cảm động vì điều này
Tom is an old and trusted friend,tom là một người bạn cũ và đáng tin cậy
Can you do me a big favor?,bạn có thể giúp tôi một việc lớn không?
All members must follow these rules.,tất cả các thành viên phải tuân theo các quy tắc này.
Tom didn't even bother looking up from his work.,Tom thậm chí không buồn nhìn lên từ công việc của mình.
Tom pulled into a gas station,tom kéo vào một trạm xăng
Are you saying Tom is dangerous?,bạn đang nói tom là nguy hiểm?
Tom is tolerant.,tom là khoan dung.
I'm very tired. I don't feel like taking a walk now.,tôi vô cùng mệt mỏi. Tôi không cảm thấy muốn đi dạo bây giờ.
He is the man you met the other day,anh ấy là người đàn ông bạn gặp hôm nọ
Tom showed me around town.,tom chỉ cho tôi xung quanh thị trấn.
Tom dropped out of school and started working when he was thirteen,Tom bỏ học và bắt đầu đi làm khi anh mười ba tuổi
They had a brief date.,họ đã có một ngày ngắn ngủi.
Tom's ugly.,Tom xấu xí.
They might come.,họ có thể đến
Hurrying leads to mistakes being made.,vội vàng dẫn đến sai lầm đang được thực hiện.
I take it you disagree.,tôi lấy nó bạn không đồng ý
They are going to emigrate to America.,họ sẽ di cư sang Mỹ.
I was laughed at in school today.,hôm nay tôi đã cười
I will get you a bike for your birthday,tôi sẽ tặng bạn một chiếc xe đạp cho ngày sinh nhật của bạn
I think it's unlikely that plants feel pain,tôi nghĩ rằng thực vật không cảm thấy đau
He is what is called a champion of justice.,anh ấy là những gì được gọi là một nhà vô địch của công lý.
You had better do it at once.,bạn nên làm điều đó ngay lập tức.
Tom didn't have to study.,Tom không phải học.
Mr. Hoshino is hard to please.,Ông. hoshino là khó để làm hài lòng.
We love this.,chúng tôi thích điều này
The work is well worth the trouble.,công việc rất đáng để gặp rắc rối
Will you watch the Olympics?,bạn sẽ xem olympics chứ?
I am ready to die.,tôi sẵn sàng để chết.
I passed up an opportunity to see him.,tôi đã bỏ qua một cơ hội để nhìn thấy anh ta.
My husband is in high spirits today,hôm nay chồng tôi rất phấn chấn
Come if you can.,đến nếu bạn có thể
Who's going to tell Tom they can't do that?,Ai sẽ nói với tom họ không thể làm điều đó?
What happens when an unstoppable force hits an unmovable object?,Điều gì xảy ra khi một lực không thể ngăn cản đánh vào một vật thể không thể di chuyển?
What does he want to do?,anh ấy muốn làm gì?
They said they would not fight,họ nói họ sẽ không đánh nhau
He's the most likely to succeed,anh ấy có khả năng thành công nhất
I think it's unlikely that Tom will marry Mary,tôi nghĩ không chắc tom sẽ cưới mary
Last year was a period of economic uncertainty.,năm ngoái là thời kỳ bất ổn kinh tế.
An idea came to me,một ý tưởng đã đến với tôi
"You made Tom do it, didn't you?",bạn đã làm tom phải không?
School keeps me pretty busy.,Trường học khiến tôi khá bận rộn.
Tom apologized for being late.,Tom xin lỗi vì đến muộn.
He will take over the business when his father retires,ông sẽ tiếp quản công việc kinh doanh khi cha ông nghỉ hưu
Our boat followed a school of fish,thuyền của chúng tôi theo một trường cá
I still have three hours before my plane leaves,tôi vẫn còn ba giờ trước khi máy bay rời đi
Tom knows Mary won't do what John asked her to do,Tom biết mary sẽ không làm những gì john yêu cầu cô ấy làm
It wasn't sensational,nó không giật gân
Tom doesn't look too good,Tom trông không được tốt lắm
She could not find her way back.,cô không thể tìm được đường về.
I got some shampoo in my eyes and it burns.,Tôi có một ít dầu gội trong mắt và nó bị bỏng.
I hear you've all been pretty busy yourselves,tôi nghe nói tất cả các bạn đã khá bận rộn
Give me all your money.,đưa hết tiền của bạn cho tôi.
You never told me that you wanted to learn how to play the banjo,bạn chưa bao giờ nói với tôi rằng bạn muốn học cách chơi đàn banjo
How many people are you planning on inviting?,có bao nhiêu người bạn dự định mời?
I hope he'll wait for me,tôi hy vọng anh ấy sẽ đợi tôi
Don't underestimate your opponents.,đừng đánh giá thấp đối thủ của bạn.
Just tell me to leave and I'll leave,chỉ cần nói với tôi để đi và tôi sẽ rời đi
That's the way he likes it,đó là cách anh ấy thích nó
Do you think you could make a little less noise?,Bạn có nghĩ rằng bạn có thể làm cho một chút tiếng ồn?
Tom introduced Mary to all his friends.,tom giới thiệu mary cho tất cả bạn bè của mình.
Our teacher seemed surprised.,giáo viên của chúng tôi có vẻ ngạc nhiên.
Tom apparently isn't so sure of that.,Tom dường như không chắc chắn về điều đó.
I love playing solitaire.,Tôi thích chơi solitaire.
What to do next is the question,Làm gì tiếp theo là câu hỏi
I'll call them.,Tôi sẽ gọi cho họ.
I've known Tom longer than you've been alive.,Tôi đã biết tom lâu hơn bạn còn sống.
Tom grinned.,tom cười toe toét.
We would love to work with you.,chúng tôi rất thích làm việc với bạn.
He is nothing but a minor composer,ông không là gì ngoài một nhà soạn nhạc nhỏ
"He's very smart, and he's handsome too.","Anh ấy rất thông minh, và anh ấy cũng đẹp trai."
Keep an eye on my suitcase while I get my ticket.,để mắt đến chiếc vali của tôi trong khi tôi lấy vé.
It won't be long before he returns home,sẽ không lâu trước khi anh ấy trở về nhà
"When he came to, he was tied to a chair in the basement.","Khi anh ta đến, anh ta bị trói vào một cái ghế dưới tầng hầm."
My son has a toothache,con trai tôi bị đau răng
I have been to see the baseball game.,tôi đã được xem trận bóng chày
I won't let anyone harm you,tôi sẽ không để ai làm hại bạn
How was the universe formed?,vũ trụ được hình thành như thế nào?
The idea of camping has never appealed to me.,ý tưởng cắm trại chưa bao giờ hấp dẫn tôi.
The man ran away,người đàn ông bỏ chạy
You're looking very well.,bạn đang nhìn rất tốt
Tom needs to work.,tom cần phải làm việc
"No matter how hard you try, the result will be the same","cho dù bạn cố gắng thế nào, kết quả sẽ vẫn như vậy"
Tom injured his knee and can't go swimming today.,Tom bị thương đầu gối và không thể đi bơi ngày hôm nay.
He made the most of his chance to learn.,anh ấy đã tận dụng tối đa cơ hội của mình để học hỏi.
Has Tom called?,Tom đã gọi chưa?
Has Flight 123 arrived?,chuyến bay 123 đã đến chưa?
I asked Tom to make sure that he didn't show up late.,tôi hỏi tom để chắc chắn rằng anh ấy không xuất hiện muộn.
Tom didn't have time to spend with his children.,Tom không có thời gian dành cho con cái.
I hid myself for fear of being scolded by my teacher,tôi giấu mình vì sợ bị giáo viên mắng
Tom will die.,tom sẽ chết
I asked Tom what he'd do,tôi hỏi tom anh ấy làm gì
I'm tired of translating.,tôi mệt mỏi với việc dịch
Who will do it?,ai sẽ làm điều đó
It's been bought and paid for.,nó đã được mua và trả tiền.
When are you planning to tell Tom?,khi nào bạn định nói với tom
This is a map,đây là một cái bản đồ
We were astonished to hear what had happened.,chúng tôi đã rất ngạc nhiên khi nghe những gì đã xảy ra.
Tom was behaving like a spoiled brat,tom đã cư xử như một đứa trẻ hư
It is still a mystery who wrote the letter.,nó vẫn là một bí ẩn người đã viết bức thư.
There are a lot of good restaurants in Boston.,có rất nhiều nhà hàng tốt ở boston.
It's too dangerous for you to stay here.,Thật nguy hiểm cho bạn khi ở đây.
Who are they fighting?,Họ đang chiến đấu với ai?
"The British troops fought hard, but could not stop the Germans","quân đội Anh đã chiến đấu hết mình, nhưng không thể ngăn chặn được người Đức"
"Well, that went smoothly.","tốt, điều đó đã diễn ra suôn sẻ."
It's better to err on the side of caution,tốt hơn hết là bạn nên cảnh giác
Tom doesn't know how to have a good time.,Tom không biết làm thế nào để có một thời gian tốt.
At least tell Tom how you feel.,ít nhất là nói với tom bạn cảm thấy thế nào
A lot has happened since that time,rất nhiều điều đã xảy ra kể từ thời điểm đó
How many books can I take out at one time?,Có bao nhiêu cuốn sách tôi có thể lấy ra cùng một lúc?
Tom is a member of the NRA,tom là một thành viên của nra
Tom had a problem with his car,tom có vấn đề với chiếc xe của anh ấy
My sister sang an English song at the party.,em gái tôi đã hát một bài hát tiếng Anh tại bữa tiệc.
Tom spoke to Mary in French.,tom nói với mary bằng tiếng Pháp.
Tom'll manage.,Tom sẽ quản lý.
His salary can't keep pace with inflation.,lương của anh ta không thể theo kịp lạm phát.
I take it you have a problem with Tom,"tôi hiểu rồi, bạn có vấn đề với tom"
Tom wants to know how much ice cream Mary ate,Tom muốn biết bao nhiêu kem mary đã ăn
Tom asked Mary how long she could wait,Tom hỏi mary cô ấy có thể đợi bao lâu
I don't want to jump the gun.,Tôi không muốn nhảy súng.
Mary is a budding actress.,mary là một nữ diễn viên vừa chớm nở.
Tom doesn't eat breakfast.,Tom không ăn sáng.
I want to talk to you about this list.,tôi muốn nói chuyện với bạn về danh sách này
Tom is now out of sight,Tom đã khuất mắt
You're innocent,bạn vô tội
I let Tom borrow my baseball glove,tôi cho tom mượn găng tay bóng chày của tôi
Akiko has some friends in France.,akiko có một số người bạn ở Pháp.
"Come to the party, will you?","Hãy đến bữa tiệc, bạn nhé!"
I brought you some water,tôi mang cho bạn một ít nước
Can you please reduce the volume of the music?,bạn có thể vui lòng giảm âm lượng của âm nhạc không?
What's Tom planning?,Tom có kế hoạch gì?
I met your parents yesterday,tôi đã gặp bố mẹ của bạn ngày hôm qua
"Turn left at the next corner, and you'll find the station.",rẽ trái ở góc tiếp theo và bạn sẽ tìm thấy nhà ga.
I won't be here much longer,tôi sẽ không ở đây lâu nữa
That is a good idea.,Ý tưởng hay đấy.
Who could ask for anything more?,ai có thể yêu cầu gì hơn không?
Do you want to know what I'm doing?,bạn có muốn biết tôi đang làm gì không?
Water evaporates when it is heated.,nước bay hơi khi nó được làm nóng.
Where will you go for the vacation?,bạn sẽ đi nghỉ ở đâu
I have to recharge the batteries.,tôi phải sạc lại pin
Mix three eggs and a cup of sugar,trộn ba quả trứng và một chén đường
Don't disobey my orders.,đừng làm trái mệnh lệnh của tôi
"That's the problem, isn't it?","Đó là vấn đề, phải không?"
I've never seen you so busy.,Tôi chưa bao giờ thấy bạn bận rộn như vậy.
Tom had trouble finding a public telephone.,tom gặp khó khăn khi tìm một điện thoại công cộng.
I'm offering you the chance to be happy,tôi đang cho bạn cơ hội được hạnh phúc
I am visiting my friends,tôi đang thăm bạn bè của tôi
Why are you singing?,tại sao bạn hát
Give Tom some room here.,cho tom một số phòng ở đây.
I see your problem,tôi thấy vấn đề của bạn
Will it clear up soon?,nó sẽ rõ ràng sớm?
Tom is with a client,tom là với một khách hàng
I went to the bank to take out money.,tôi đã đến ngân hàng để lấy tiền.
We'll miss Tom.,chúng tôi sẽ nhớ tom.
Why did he quit smoking?,Tại sao anh ta bỏ thuốc lá?
"Tom is asleep, but Mary is awake","Tom đang ngủ, nhưng mary đã thức"
Tom was one of my students.,tom là một trong những học sinh của tôi
I am an entrepreneur.,tôi là một doanh nhân
The bag is empty,cái túi rỗng
"I'll call you tomorrow, OK?","Tôi sẽ gọi cho bạn vào ngày mai, được chứ?"
Tom thought I knew Mary.,Tom nghĩ tôi biết mary.
Tom said he didn't want anything for his birthday,Tom nói anh ấy không muốn bất cứ điều gì cho ngày sinh nhật của mình
There's a light switch right inside the door.,Có một công tắc đèn ngay bên trong cánh cửa.
Tom gladly agreed,tom vui vẻ đồng ý
He ought to be ashamed of his ignorance,anh ta phải xấu hổ vì sự thiếu hiểu biết của mình
This is the only one I have.,đây là người duy nhất tôi có
This looks kind of cute.,Điều này có vẻ dễ thương.
What do you say to eating out tonight?,Bạn nói gì khi đi ăn tối nay?
The Titanic sunk on its maiden voyage,tàu Titanic chìm trong chuyến đi đầu tiên của nó
I need to leave.,Tôi cần phải rời đi.
I asked him if I could read his book,tôi hỏi anh ta nếu tôi có thể đọc cuốn sách của anh ta
I was wondering when you'd show up,tôi đã tự hỏi khi bạn xuất hiện
That was so amazing.,điều đó thật tuyệt vời
I wasn't trying to make a move or anything,tôi đã không cố gắng để di chuyển hoặc bất cứ điều gì
Tom will take the 2:30 train.,tom sẽ đi tàu 2:30.
Tom just didn't want to tell Mary. He didn't mind telling me.,Tom chỉ không muốn nói với mary. anh không ngại nói với tôi.
It was so dark that they could hardly see,trời tối đến nỗi họ khó có thể nhìn thấy
"When she awoke, the family was there.","Khi cô tỉnh dậy, gia đình đã ở đó."
Why are you all sad?,tại sao bạn buồn
"As soon as we get the answer, we'll phone you.","Ngay sau khi chúng tôi nhận được câu trả lời, chúng tôi sẽ gọi cho bạn."
Teach them how to make a salad,dạy họ cách làm salad
Tom has probably gone for a walk,Tom có lẽ đã đi dạo
What's her picture doing here?,hình ảnh của cô ấy đang làm gì ở đây?
We looked everywhere,chúng tôi đã tìm khắp nơi
I'd like to determine the value of this painting,tôi muốn xác định giá trị của bức tranh này
We need an ambulance,chúng ta cần một xe cứu thương
You're upsetting Tom.,bạn đang làm phiền tom
Tom didn't keep his promise,tom đã không giữ lời hứa
Food shipments were blocked.,lô hàng thực phẩm đã bị chặn.
I've been running.,Tôi đã chạy.
My ex-boyfriend was brought up in Portugal.,Bạn trai cũ của tôi đã được đưa lên trong bồ đào nha.
He went duck hunting,anh ấy đi săn vịt
"They will arrive at six, and then we will all have dinner.",họ sẽ đến lúc sáu giờ và sau đó tất cả chúng ta sẽ ăn tối.
He doesn't show his true feelings.,anh ấy không thể hiện cảm xúc thật của mình.
I'm lonely.,tôi thật cô đơn.
Why don't you sit down?,tại sao bạn không ngồi xuống
I was starving,tôi đã chết đói
Tom has some money stashed away.,tom có một số tiền bỏ đi.
I told you to go away.,tôi bảo bạn đi đi
China is larger than Japan,Trung Quốc lớn hơn Nhật Bản
She could no longer put up with his insulting words.,Cô không thể chịu đựng những lời xúc phạm của anh nữa.
I'm ironing my handkerchiefs,tôi đang ủi khăn tay của tôi
This word is difficult to pronounce.,từ này khó phát âm.
"If you are hungry, why don't you eat?","nếu bạn đói, tại sao bạn không ăn?"
Those people contributed greatly to world peace.,những người đó đã đóng góp rất lớn cho hòa bình thế giới.
"It being Sunday today, we have no school.","hôm nay là chủ nhật, chúng tôi không có trường học"
She wouldn't allow me to read the letter.,cô ấy sẽ không cho phép tôi đọc bức thư.
Tom asked Mary if she was hungry,Tom hỏi mary nếu cô ấy đói
Tom wants a lawyer,tom muốn một luật sư
The house that Tom built is really nice,ngôi nhà mà tom xây dựng rất đẹp
"I only have one mouth, but I have two ears.","Tôi chỉ có một miệng, nhưng tôi có hai tai."
Hop in. I'll give you a ride.,nhảy vào. tôi sẽ cho bạn một chuyến đi
My grandmother attributes her good health to active living,bà tôi cho rằng sức khỏe tốt để sống tích cực
"Christmas is soon, isn't it?",Giáng sinh đến sớm phải không?
What tempted him to propose to her?,Điều gì cám dỗ anh cầu hôn cô?
Tom is a huge baseball fan,tom là một fan hâm mộ bóng chày lớn
Tom is an ophthalmologist,tom là một bác sĩ nhãn khoa
Tom didn't tell me.,Tom đã không nói với tôi.
Your car has a broken taillight,xe của bạn bị hỏng đèn hậu
I'll find out myself.,Tôi sẽ tự tìm hiểu.
I own a computer,tôi sở hữu một máy tính
"It'll take some time, but eventually Tom will be able to walk again","sẽ mất một chút thời gian, nhưng cuối cùng tom sẽ có thể đi lại"
They are willing to learn English.,họ sẵn sàng học tiếng anh
He is no better than a beggar,anh ta không tốt hơn một người ăn xin
Tom punched him in the face,tom đấm vào mặt anh
My mother didn't see the boy on the street,mẹ tôi không nhìn thấy cậu bé trên đường
I haven't formed an opinion yet,tôi chưa hình thành ý kiến
I'll let you know if Tom shows up early,tôi sẽ cho bạn biết nếu tom xuất hiện sớm
Tom is learning how to figure skate,tom đang học cách trượt patin
Go play tennis with Tom,đi chơi tennis với tom
What's in this bag?,cái gì trong cái túi này
The master praised the slave,ông chủ ca ngợi nô lệ
How much would you charge to paint my house?,bạn sẽ tính phí bao nhiêu để sơn nhà tôi?
Tom has a terrible secret,tom có một bí mật khủng khiếp
Do you want a second opinion? I can get another doctor to come here right away,Bạn có muốn một ý kiến thứ hai? tôi có thể nhờ một bác sĩ khác đến đây ngay lập tức
We've met only once,chúng ta chỉ gặp nhau một lần
He cannot be a poet.,ông không thể là một nhà thơ.
Tom bought a camera for 500 dollars.,tom mua một máy ảnh với giá 500 đô la.
What's that bird?,con chim đó là gì
When do you expect him back?,khi nào bạn mong đợi anh ấy trở lại?
I was just talking about you,tôi chỉ nói về bạn
I didn't even notice what Tom was doing,tôi thậm chí không nhận thấy những gì tom đang làm
It never occurred to me that I might be fired,Tôi chưa bao giờ bị sa thải
Bob wanted to keep the fox at home.,bob muốn giữ con cáo ở nhà.
I would do anything for love.,Tôi sẽ làm bất cứ điều gì vì tình yêu.
Why are you so cheerful?,tại sao bạn rất vui vẻ
It looks hopeless.,nó trông vô vọng
We're involved.,có liên quan.
Tom's eyes widened,đôi mắt của Tom mở to
Stop wasting time and get back to work.,ngừng lãng phí thời gian và trở lại làm việc.
"As a matter of fact, his lecture was boring","như một vấn đề thực tế, bài giảng của ông thật nhàm chán"
I sure hope so.,tôi chắc chắn hy vọng như vậy.
My children won't listen to me.,Các con tôi sẽ không lắng nghe tôi.
"Excuse me, but do you need any help?","Xin lỗi, nhưng bạn có cần giúp gì không?"
Why don't you fix Tom something to eat?,Tại sao bạn không sửa tom ăn gì?
"If you can't afford travel insurance, then you can't afford to travel.","nếu bạn không đủ khả năng bảo hiểm du lịch, thì bạn không đủ khả năng để đi du lịch."
Tom's birthday is March 25th,sinh nhật của tom là ngày 25 tháng 3
Let's find somewhere else to hide this.,Hãy tìm một nơi khác để che giấu điều này.
I wanted to stay there two days longer.,tôi muốn ở đó lâu hơn hai ngày.
I didn't expect you so soon.,tôi không mong đợi bạn sớm như vậy.
I think maybe Tom needs me.,Tôi nghĩ có lẽ tom cần tôi.
I will come to your country some day.,Tôi sẽ đến đất nước của bạn một ngày nào đó.
Do you think Tom is unlucky?,Bạn có nghĩ rằng tom là không may mắn?
Tom wasn't sure how he could help,Tom không chắc làm thế nào anh ta có thể giúp
Tom hopes Mary doesn't get arrested by the police,tom hy vọng mary không bị cảnh sát bắt
We're planning to discuss that problem at tomorrow's meeting.,chúng tôi dự định thảo luận vấn đề đó tại cuộc họp ngày mai.
It goes without saying that nothing is more important than health,Không cần phải nói rằng không có gì quan trọng hơn sức khỏe
His statement doesn't leave room for any doubt,tuyên bố của ông không rời khỏi phòng cho bất kỳ nghi ngờ
I just moved from Boston and am still sleeping on my uncle's couch.,tôi mới chuyển đến từ boston và vẫn đang ngủ trên chiếc ghế dài của chú tôi.
I think you should see this,tôi nghĩ bạn nên thấy điều này
Prices continued to rise,giá tiếp tục tăng
Tom is respectful.,tom là tôn trọng.
It mortifies me,nó thế chấp tôi
His name is Tom and he lives next to the post office,anh ấy tên là tom và anh ấy sống cạnh bưu điện
She asked me what I expected.,Cô ấy hỏi tôi những gì tôi mong đợi.
"No matter how bad it gets, she won't die from that disease.","bất kể nó tệ đến mức nào, cô sẽ không chết vì căn bệnh đó."
What's the speed limit on this road?,giới hạn tốc độ trên con đường này là gì?
That photo came with the wallet.,bức ảnh đó đi kèm với ví.
I think it would be more fun to go together,tôi nghĩ sẽ vui hơn khi đi cùng nhau
Let's not exaggerate the facts.,chúng ta đừng phóng đại sự thật
How often do you brush your teeth?,bạn có thường xuyên đánh răng không?
Tom deserves more,tom xứng đáng hơn
She speaks English and also speaks Swahili,cô ấy nói tiếng anh và cũng nói
I should've left the gun where I found it.,tôi nên để lại khẩu súng nơi tôi tìm thấy nó.
My neck hurts today.,cổ tôi đau hôm nay
I am going to try to get a good tan,tôi sẽ cố gắng để có được một làn da rám nắng
It's not natural.,nó không tự nhiên
That's not going to help,điều đó sẽ không giúp
Tom switched off the dryer,tom tắt máy sấy
One can't live without water.,người ta không thể sống thiếu nước.
I know almost nothing about it,tôi gần như không biết gì về nó
I couldn't do that either.,tôi cũng không thể làm điều đó
Are you in a band?,bạn có ở trong một ban nhạc không?
Can you come on Sunday evening?,bạn có thể đến vào tối chủ nhật không?
I gave him some advice,tôi đã cho anh ấy một lời khuyên
Don't interrupt our conversation.,đừng làm gián đoạn cuộc trò chuyện của chúng tôi.
Why do you think so?,Tại sao bạn nghĩ vậy?
It went very smoothly.,nó đã diễn ra rất suôn sẻ.
He didn't calm down until much later,anh ấy đã không bình tĩnh cho đến sau này
Don't bother me with details.,đừng làm phiền tôi với các chi tiết.
I haven't eaten since breakfast and I'm very hungry.,Tôi đã không ăn từ bữa sáng và tôi rất đói.
I told you that I wasn't interested.,tôi nói với bạn rằng tôi không quan tâm.
She pulled up near the hotel office.,Cô kéo lên gần văn phòng khách sạn.
John's house is opposite the church.,Nhà của John nằm đối diện nhà thờ.
I'm too old for this,tôi quá già cho việc này
You can't tell me what to do,bạn không thể nói tôi phải làm gì
They will come.,họ sẽ đến.
He is a quick-witted man,anh ấy là một người đàn ông nhanh trí
Tom didn't get there in time.,Tom đã không đến đó kịp thời.
She'll love him forever.,cô sẽ yêu anh mãi mãi.
Does anybody want a pizza?,có ai muốn ăn pizza không?
I'm seeing a trend here,tôi đang thấy một xu hướng ở đây
"Tom and his friends walked down the street, singing a song.","Tom và những người bạn của anh ấy bước xuống phố, hát một bài hát."
I believe in miracles,tôi tin vào phép màu
His whole family is like that.,Cả nhà anh đều như vậy.
They are having a really good time,họ đang có khoảng thời gian thực sự tốt
What really happened to us?,Điều gì thực sự xảy ra với chúng ta?
Don't trust people who praise you in your presence,đừng tin những người khen bạn trước mặt bạn
Tom said he'd never leave his wife.,Tom nói anh sẽ không bao giờ bỏ vợ.
"You never give up, do you?","bạn không bao giờ bỏ cuộc, phải không?"
Do you know Mr. Takahashi?,bạn có biết ông takahashi?
I keep thirteen cats.,Tôi giữ mười ba con mèo.
"I'm glad that they fixed the heating system, but now it's too hot.","Tôi rất vui vì họ đã sửa hệ thống sưởi, nhưng bây giờ thì quá nóng."
Tom eats everything that his mother gives him.,Tom ăn tất cả mọi thứ mà mẹ anh ấy cho anh ấy.
"If you would move over, there would be room for everyone","nếu bạn di chuyển qua, sẽ có chỗ cho tất cả mọi người"
That'll do it.,Điều đó sẽ làm điều đó.
Tom couldn't help overhearing what Mary said to John.,Tom không thể giúp nghe lỏm những gì mary nói với john.
I can see how you made that mistake,tôi có thể thấy bạn đã phạm sai lầm như thế nào
"What he said applies, to a certain extent, to this case.","những gì ông nói áp dụng, ở một mức độ nhất định, cho trường hợp này."
How did you do that?,Cậu đã làm thế nào vậy?
We have a signed statement,chúng tôi có một tuyên bố đã ký
My mother likes tea very much,mẹ tôi rất thích trà
This is all a terrible mistake,đây là một sai lầm khủng khiếp
Come on in and make yourself at home,hãy vào và làm cho mình ở nhà
When was the last time you had a stomachache?,Lần cuối bạn bị đau bụng là khi nào?
He is no friend of mine.,anh ấy không phải là bạn của tôi
I think I broke Tom's heart.,Tôi nghĩ rằng tôi đã phá vỡ trái tim của tom.
What's your strategy?,chiến lược của bạn là gì?
It was not always this way.,không phải lúc nào cũng như vậy
Did you come home early just to eat then go out again?,bạn về nhà sớm chỉ để ăn sau đó đi ra ngoài?
I don't believe what I'm seeing,tôi không tin những gì tôi đang thấy
She dwelled on the matter for a long time,cô ấy suy nghĩ về vấn đề này trong một thời gian dài
Tom was chewing on a toothpick.,Tom đang nhai một cây tăm.
I think I need a little more time.,tôi nghĩ rằng tôi cần thêm một chút thời gian
"Whenever Tom comes to Boston, he stays with us","Bất cứ khi nào tom đến boston, anh ấy ở lại với chúng tôi"
The two men were arrested for reckless driving,Hai người đàn ông bị bắt vì lái xe liều lĩnh
The beauty of nature is precious.,Vẻ đẹp của thiên nhiên thật đáng quý.
Every year I take my family to the capital,mỗi năm tôi đưa gia đình đến thủ đô
I'm a pretty good student.,Tôi là một học sinh khá giỏi.
Six hundred thousand men were killed or wounded.,Sáu trăm ngàn người đã bị giết hoặc bị thương.
You're a better person than me,bạn là người tốt hơn tôi
We're in charge.,chúng tôi phụ trách.
Will I have the pleasure of seeing you again?,tôi sẽ rất vui khi gặp lại bạn chứ?
You can't complain,bạn không thể phàn nàn
Go inside.,đi vào bên trong.
I will listen,tôi sẽ lắng nghe
You need to get to a doctor.,bạn cần phải đến bác sĩ
Where would you suggest we start?,bạn muốn đề nghị chúng ta bắt đầu từ đâu?
Tom doesn't know Mary's last name.,Tom không biết họ của mary.
I'm not a very good carpenter,tôi không phải là thợ mộc giỏi
I received a letter written in English,tôi đã nhận được một lá thư viết bằng tiếng Anh
They competed with each other for the prize.,họ cạnh tranh với nhau để giành giải thưởng.
He married a girl of his own choice,anh cưới một cô gái của chính mình
Tom turned off the lights.,tom tắt đèn.
Who told you about this cave?,ai nói với bạn về hang động này?
My sister married her high school classmate,em gái tôi kết hôn với bạn học cấp ba
I almost forgot.,tôi gần như quên mất.
"Someone told me that Albert Einstein said, ""Common sense is the collection of prejudices acquired by age eighteen. ""","ai đó nói với tôi rằng albert einstein nói, ""lẽ thường là tập hợp những định kiến có được ở tuổi mười tám."""
Tom went back outside,tom đã trở lại bên ngoài
You must not give up,bạn không được từ bỏ
That's a problem you have to handle by yourself,đó là một vấn đề bạn phải tự xử lý
I've been engaged twice.,Tôi đã đính hôn hai lần.
They decided to exclude him from their circle,họ quyết định loại anh ta ra khỏi vòng tròn của họ
Is this absolutely necessary?,điều này là hoàn toàn cần thiết?
The boy cannot keep quiet for ten minutes.,Cậu bé không thể giữ im lặng trong mười phút.
"He speaks Spanish, not to mention English and German.","Anh nói tiếng Tây Ban Nha, không đề cập đến tiếng Anh và tiếng Đức."
It meant nothing,nó không có nghĩa gì
You seem to be in all these pictures.,bạn dường như ở trong tất cả những hình ảnh này
I look forward to hearing your thoughts on this matter.,Tôi mong muốn được nghe suy nghĩ của bạn về vấn đề này.
"If the spaghetti sticks when you throw it against the wall, it's done.","nếu spaghetti dính khi bạn ném nó vào tường, thế là xong."
"If you don't want it, I'll eat it.","nếu bạn không muốn nó, tôi sẽ ăn nó"
Tom talks to me a lot,tom nói chuyện với tôi rất nhiều
Have another drink,có đồ uống khác
We need a car big enough for the whole family,chúng tôi cần một chiếc xe đủ lớn cho cả gia đình
Tom looks contrite.,tom có vẻ contrite.
You've got me.,bạn đã có tôi
Perhaps the book will prove useful.,có lẽ cuốn sách sẽ chứng minh hữu ích.
"We're not going, are we?",chúng ta sẽ không đi chứ?
He is precisely the one you are looking for,anh ấy chính xác là người bạn đang tìm kiếm
The teacher gave John a prize.,giáo viên đã cho john một giải thưởng.
There are footprints of a cat on the table.,có dấu chân của một con mèo trên bàn.
"If you're not careful, you might slip and fall on the icy steps.","nếu bạn không cẩn thận, bạn có thể trượt và ngã trên những bước băng giá."
You are no younger than I am.,bạn không trẻ hơn tôi
They were worried.,họ đã lo lắng.
I was in a plane crash.,tôi bị tai nạn máy bay
Tom was afraid he might do something he'd regret.,Tom sợ anh ta có thể làm điều gì đó mà anh ta hối hận.
She is living in the middle of nowhere.,cô ấy đang sống ở một nơi xa xôi
I have a table,tôi có một cái bàn
This machine is broken.,Máy này bị hỏng.
I'm feeling much better,tôi cảm thấy tốt hơn nhiều
Tom moved through the dimly-lit alley.,tom di chuyển qua con hẻm nhỏ.
I appreciate your efforts to help me,tôi đánh giá cao những nỗ lực của bạn để giúp tôi
"Not only can't I tell Tom, I can't even tell you.","Không chỉ tôi không thể nói với tom, tôi thậm chí không thể nói với bạn."
That was such good a book that I read it three times,đó là một cuốn sách hay đến nỗi tôi đã đọc nó ba lần
The only flavor ice cream that Tom eats is vanilla.,kem hương vị duy nhất mà tom ăn là vani.
And everyone has the ability to contribute,và mọi người đều có khả năng đóng góp
"When it comes to making things, I'm all thumbs","khi nói đến việc làm, tôi chỉ là ngón tay cái"
Tom doesn't know how it happened.,Tom không biết nó đã xảy ra như thế nào.
That's just the way I am.,đó chỉ là tôi
"If I were you, I'd paint it blue.","nếu tôi là bạn, tôi sẽ sơn nó màu xanh."
It is very difficult to persuade people to change their life style.,rất khó để thuyết phục mọi người thay đổi lối sống của họ.
Has this ever happened before?,Nó đã từng xảy ra chưa?
John is in the swimming club.,john đang ở trong câu lạc bộ bơi lội
He lay on his back on the bed,anh nằm ngửa trên giường
How much do you bet?,bạn đặt cược bao nhiêu
I said stay here.,tôi nói ở lại đây
"What Tom said made you smile, didn't it?","những gì tom nói làm bạn cười, phải không?"
"The bigger they come, the harder they fall","họ càng lớn, họ càng khó ngã"
He did it without me knowing.,ông đã làm điều đó mà tôi không biết.
They're staring at each other.,họ đang nhìn chằm chằm vào nhau.
I even wrote a letter to Tom.,tôi thậm chí đã viết một lá thư cho tom.
We're unrelated.,chúng tôi không liên quan.
Can I cancel this ticket?,tôi có thể hủy vé này không?
It's hard to please Mr. Hoshino.,thật khó để làm hài lòng ông. hoshino.
I adjusted the telescope to my vision.,tôi điều chỉnh kính thiên văn theo tầm nhìn của tôi.
I can't stand his behavior anymore,tôi không thể chịu được hành vi của anh ấy nữa
Let's get out for a while to take a walk,chúng ta hãy ra ngoài một lúc để đi dạo
I haven't had a reply to my letter.,tôi đã không trả lời thư của tôi.
My sister always keeps her room clean.,chị tôi luôn giữ phòng sạch sẽ.
This kind of blouse is beginning to look a bit old-fashioned.,loại áo này bắt đầu trông hơi lỗi thời.
"You haven't seen Tom today, have you?","bạn đã không nhìn thấy tom ngày hôm nay, phải không?"
It must weigh about thirty kilograms,nó phải nặng khoảng ba mươi kilôgam
I wish you success in your work.,tôi chúc bạn thành công trong công việc
This river is about one third as long as the Shinano.,con sông này dài khoảng một phần ba so với shinano.
I have to fire Tom,tôi phải bắn tom
He didn't listen to music,anh ấy đã không nghe nhạc
Do you have enough money to buy one?,Bạn có đủ tiền để mua một cái không?
Give me liberty or give me death,cho tôi tự do hoặc cho tôi cái chết
I don't have a phone book,tôi không có danh bạ điện thoại
I'm very sensitive to cold. May I have another blanket?,Tôi rất nhạy cảm với lạnh. tôi có thể có một cái chăn khác không?
We're free!,đã được miễn phí!
I'm glad we hired you for this job,tôi rất vui vì chúng tôi đã thuê bạn cho công việc này
What's your favorite pastime?,trò tiêu khiển yêu thích của bạn là gì?
Was there a time limit?,đã có giới hạn thời gian?
I saw the man jump.,tôi thấy người đàn ông nhảy.
She doesn't know how to play golf,cô ấy không biết chơi gôn
We went into a shop to get some food.,chúng tôi đã đi vào một cửa hàng để có được một số thực phẩm.
The church is between my house and yours,nhà thờ nằm giữa nhà tôi và của bạn
Tom was happy working in the garden,tom rất vui khi làm việc trong vườn
I am going to Tokyo tomorrow.,Tôi sẽ đến Tokyo vào ngày mai.
Please bring us two cups of coffee.,vui lòng mang cho chúng tôi hai tách cà phê.
Her father dedicated his life to science,Cha cô dành cả cuộc đời cho khoa học
It nearly cost me my life.,nó gần như làm tôi mất mạng
You're with us now,bạn đang ở với chúng tôi
I talked to Tom again,tôi đã nói chuyện với tom một lần nữa
Tom would tell me.,Tom sẽ nói với tôi.
He got into the habit of smoking in his youth,anh ấy có thói quen hút thuốc khi còn trẻ
This is not a cat. This is a dog.,đây không phải là một con mèo đây la một con cho.
Who's the company's president?,ai là chủ tịch của công ty?
"If you don't have anything positive to say, don't say anything.","nếu bạn không có điều gì tích cực để nói, đừng nói gì cả."
Tom is very good at playing songs by Eric Clapton.,tom rất giỏi chơi các bài hát của eric clapton.
"You understand French, don't you?",bạn hiểu tiếng Pháp phải không?
Tom claimed he wasn't afraid,tom tuyên bố anh không sợ
Maria lives in a middle class neighborhood.,maria sống trong một khu phố trung lưu.
We haven't finished our work.,chúng tôi đã không hoàn thành công việc của chúng tôi.
"I waited for an hour, but he didn't appear","Tôi đợi một tiếng, nhưng anh ta không xuất hiện."
When can Tom come home?,Khi nào tom có thể về nhà?
Fish is sold by the pound here.,cá được bán bằng đồng bảng ở đây.
I won't be bothering you anymore,tôi sẽ không làm phiền bạn nữa
Tom and Mary have been studying French together all afternoon.,tom và mary đã học tiếng Pháp cùng nhau suốt buổi chiều.
I am thinking of nothing but you,tôi không nghĩ gì ngoài bạn
She had good reason to file for a divorce,cô ấy có lý do chính đáng để nộp đơn ly hôn
You've got to learn to be careful,bạn phải học cách cẩn thận
Tom didn't know how to reply,tom không biết trả lời sao
There's something I need to tell you,có gì đó tôi cần nói với bạn
Find Tom and tell him to come here right away,tìm tom và bảo anh ta đến đây ngay
Do you think Tom is in Boston?,bạn có nghĩ tom ở boston không?
Nancy didn't mind living abroad by herself.,Nancy không ngại sống ở nước ngoài một mình.
I rode home with Tom last night.,Tôi đã về nhà với tom tối qua.
I wonder what this place was like three years ago.,tôi tự hỏi nơi này giống như ba năm trước.
This year's fashions are completely different to last year's.,thời trang năm nay hoàn toàn khác với năm ngoái.
That's his business,đó là việc của anh ấy
Tom asked me about you,tom hỏi tôi về bạn
The only girl Tom has ever dated is Mary.,cô gái tom duy nhất từng hẹn hò là mary.
Do you eat out often?,bạn có thường xuyên đi ăn không
An elephant is a very large animal.,một con voi là một động vật rất lớn.
That's probably why.,đó có lẽ là lý do tại sao
It is necessary that you see a doctor.,điều cần thiết là bạn phải gặp bác sĩ
I want it to be over,tôi muốn nó kết thúc
He was listening to music in his room.,anh đang nghe nhạc trong phòng.
I want some salt for my meat.,Tôi muốn một ít muối cho thịt của tôi.
What time do you want me to be at work tomorrow?,mấy giờ bạn muốn tôi đi làm vào ngày mai
He talked about himself,anh ấy đã nói về bản thân mình
Does Tom know?,Tom có biết không?
Is there anyone waiting for us?,Có ai đợi chúng tôi không?
The accident occurred yesterday morning,tai nạn xảy ra sáng hôm qua
"When I got out of jail, I wanted to patch up things with my wife.","Khi tôi ra tù, tôi muốn vá lại mọi thứ với vợ."
When was the last time you saw Tom ride a unicycle?,Lần cuối bạn nhìn thấy tom đi xe đạp là khi nào?
I wasn't looking at Tom.,tôi đã không nhìn vào tom.
They kissed inside the planetarium.,họ hôn nhau trong cung thiên văn.
Who do you think would be the best person for the job?,bạn nghĩ ai sẽ là người tốt nhất cho công việc?
Leave my car alone.,để xe của tôi một mình
"Although each person follows a different path, our destinations are the same.","mặc dù mỗi người đi theo một con đường khác nhau, điểm đến của chúng ta đều giống nhau."
He had a lot of work to do,anh ấy có rất nhiều việc phải làm
I didn't get the meaning.,tôi không hiểu ý nghĩa
Who deleted the file?,ai đã xóa tập tin này?
I haven't broken any laws.,Tôi đã không vi phạm bất kỳ luật.
Tom keeps very careful records.,tom giữ hồ sơ rất cẩn thận.
Hanako likes cake very much.,hanako rất thích bánh.
My sister is having a baby in June,em gái tôi đang có em bé vào tháng sáu
Tom and Mary don't speak French at home,tom và mary không nói tiếng Pháp ở nhà
How old are the kids?,Mây đưa trẻ đo bao nhiêu tuổi?
Tom asked Mary what time she expected to get home.,Tom hỏi mary mấy giờ cô ấy sẽ về nhà.
The day after tomorrow is Tom's birthday.,ngày sau ngày mai là sinh nhật của tom
I can't believe no one heard that.,Tôi không thể tin rằng không ai nghe thấy điều đó.
I like your painting,tôi thích bức tranh của bạn
Tom certainly convinced me that I should lose some weight.,Tom chắc chắn đã thuyết phục tôi rằng tôi nên giảm cân.
The bus arrived empty,xe buýt đến trống
It's our secret.,nó là bí mật của chúng ta.
"Young as he is, he has a large family to provide for.","Khi còn trẻ, anh ấy có một gia đình lớn để chu cấp."
Don't back down,đừng lùi bước
The weather is beautiful today.,thời tiết hôm nay thật đẹp
Tom walked down the dark hallway,tom bước xuống hành lang tối
We should play by the rules,chúng ta nên chơi theo luật
John can not play the guitar,john không thể chơi guitar
What period is this painting from?,bức tranh này đến từ thời kỳ nào?
The stars look dim because of the city lights,những ngôi sao trông mờ ảo vì ánh đèn thành phố
"As soon as he arrived in the capital, he got settled at a hotel","Ngay khi đến thủ đô, anh đã ổn định tại một khách sạn"
We can do a lot more than that,chúng ta có thể làm nhiều hơn thế
They're awfully friendly,họ rất thân thiện
I'm no longer your assistant,tôi không còn là trợ lý của bạn
He usually gets up at six,anh ấy thường thức dậy lúc sáu giờ
How much does Tom pay you?,Tom trả cho bạn bao nhiêu?
Are you sure this is the spot?,bạn có chắc đây là chỗ không?
"If I had had a little more money, I would have bought it","nếu tôi có thêm một ít tiền, tôi sẽ mua nó"
Don't blame me for this,đừng đổ lỗi cho tôi vì điều này
Tom used to bake us cookies,tom dùng để nướng bánh quy cho chúng tôi
Many American planes were shot down.,nhiều máy bay Mỹ bị bắn hạ.
This sofa takes too much room.,ghế sofa này mất quá nhiều phòng.
This is not a tiger,đây không phải là một con hổ
I don't belong here.,tôi không thuộc về nơi này
There are many factories in this part of the city,có nhiều nhà máy ở khu vực này của thành phố
I was listening to a really beautiful song yesterday,tôi đã nghe một bài hát rất hay ngày hôm qua
What did Tom decide?,Tom đã quyết định điều gì?
I have a black dog and a white dog.,Tôi có một con chó đen và một con chó trắng.
The government decided to impose a special tax on very high incomes,Chính phủ quyết định áp thuế đặc biệt đối với thu nhập rất cao
Tom may not think this is funny.,tom có thể không nghĩ rằng điều này là buồn cười.
I could have been happy if Tom had stayed.,tôi có thể hạnh phúc nếu tom ở lại.
Are you absolutely positive you want to do this?,Bạn hoàn toàn tích cực bạn muốn làm điều này?
You're smarter than I am.,bạn thông minh hơn tôi
Tom doesn't know anything about Mary at all.,Tom không biết gì về mary cả.
I'm not really sure why,tôi không chắc tại sao
I've never killed anyone.,Tôi chưa bao giờ giết ai cả.
I don't care who your father is. You still have to follow my orders.,tôi không quan tâm cha bạn là ai bạn vẫn phải làm theo đơn đặt hàng của tôi.
He could ski well when he was young,anh ấy có thể trượt tuyết tốt khi còn trẻ
I hope you can forgive me.,Tôi mong bạn có thể tha thứ cho tôi.
Remain in your seats with your seat belts fastened,vẫn ngồi yên với dây an toàn của bạn
I thanked him from the bottom of my heart.,tôi cảm ơn anh từ tận đáy lòng.
How well can you play guitar?,bạn có thể chơi guitar tốt như thế nào?
I only hope you're right,tôi chỉ hy vọng bạn đúng
What is two plus two?,hai cộng hai bằng mấy?
It seems that he was late for the meeting yesterday,Có vẻ như anh ấy đã trễ cuộc họp ngày hôm qua
I'm going to keep my distance from her for a while.,Tôi sẽ giữ khoảng cách với cô ấy một lúc.
Tom stopped what he was doing.,Tom dừng lại những gì anh ấy đang làm.
How much are these pants?,Những chiếc quần này giá bao nhiêu?
Tom has been talking about getting a new car for the last three years.,Tom đã nói về việc có một chiếc xe mới trong ba năm qua.
It's difficult bringing up a child who is not your own.,thật khó để nuôi dạy một đứa trẻ không phải của bạn.
I went out in spite of the rain,tôi đã đi ra ngoài bất chấp mưa
I've had coffee already,tôi đã uống cà phê rồi
Tom said that he and Mary had had a fight,Tom nói rằng anh ta và mary đã có một cuộc chiến
She learned her part very quickly.,cô ấy đã học được phần của mình rất nhanh.
I'd jump through hoops for you.,Tôi sẽ nhảy qua hoops cho bạn.
Do you remember where you left your umbrella?,bạn có nhớ nơi bạn để chiếc ô của bạn?
I wasn't looking,tôi đã không tìm kiếm
Isn't Tom funny?,Tom không vui sao?
Do you know how my friends describe me?,bạn có biết bạn bè của tôi mô tả tôi như thế nào không?
"Seen at a distance, the two look alike.","Nhìn từ xa, hai người trông giống nhau."
"""Are you tired?"" ""No, not at all.""","""bạn có mệt không?"" ""không hoàn toàn không."""
We thought he was an American.,chúng tôi nghĩ rằng anh ấy là một người Mỹ.
Tom continued to play his banjo even after everybody asked him to stop,Tom tiếp tục chơi đàn banjo của mình ngay cả sau khi mọi người yêu cầu anh ta dừng lại
He disappeared without a trace,anh ta biến mất không một dấu vết
I'll do that first thing in the morning,tôi sẽ làm điều đó vào buổi sáng
Why does this have to be done?,Tại sao điều này phải được thực hiện?
It happened here,nó đã xảy ra ở đây
It is highly regrettable that your request was considered to be unacceptable.,rất đáng tiếc rằng yêu cầu của bạn đã được coi là không thể chấp nhận.
Do you mind my making a suggestion?,bạn có phiền khi tôi đưa ra một đề nghị?
Tom looks different,tom trông khác
He lives somewhere near that park.,Anh ấy sống ở đâu đó gần công viên đó.
We have only three days.,chúng tôi chỉ có ba ngày.
Tom's shirt was soaked with sweat,áo sơ mi của tom ướt đẫm mồ hôi
"It looks like snow, doesn't it?","Nó trông giống như tuyết, phải không?"
Tom didn't tell us what we wanted to know,tom đã không cho chúng tôi biết những gì chúng tôi muốn biết
"You learned English from Miss Long, didn't you?",bạn đã học tiếng anh từ lâu rồi phải không?
It's silly to fight over it,thật ngớ ngẩn khi chiến đấu với nó
Tom thought Mary wouldn't want to buy such a small car,Tom nghĩ mary sẽ không muốn mua một chiếc xe nhỏ như vậy
I tried to make an inconspicuous exit from the party.,tôi đã cố gắng thực hiện một lối thoát không rõ ràng từ bữa tiệc.
"Tom called Mary, and there was no answer.","tom gọi mary, và không có câu trả lời."
My opinion on what should be done is different from his,ý kiến của tôi về những gì nên làm là khác với anh ấy
The train went through a tunnel,tàu đi qua một đường hầm
How can you be so heartless?,Làm thế nào bạn có thể vô tâm như vậy?
"All right, we'll meet at five","được rồi, chúng ta sẽ gặp nhau lúc năm"
We play basketball together.,chúng tôi chơi bóng rổ cùng nhau
There's only one window in my room.,chỉ có một cửa sổ trong phòng tôi
Please buy a few apples,vui lòng mua một vài quả táo
Ann likes chocolate very much,ann rất thích sô cô la
Tom thanked Mary for her time,tom cảm ơn mary vì đã dành thời gian
I have a student visa.,tôi có visa sinh viên
I've got somebody with me.,Tôi đã có ai đó với tôi.
I should have told you about this earlier,tôi nên nói với bạn về điều này sớm hơn
What do you want to do next?,Bạn muốn làm gì tiếp theo?
We have done nothing,chúng tôi không làm gì cả
Why are you in town?,tại sao bạn ở thị trấn
"Far from being a failure, it was a great success","không phải là một thất bại, đó là một thành công lớn"
Nobody encouraged Tom to study,không ai khuyến khích tom học
She studied hard in order not to fail the entrance exam,cô học chăm chỉ để không trượt kỳ thi tuyển sinh
I moved here yesterday,tôi đã chuyển đến đây ngày hôm qua
Tom is psyched.,tom là tâm lý.
Don't let me die here.,đừng để tôi chết ở đây
I know your type.,tôi biết loại của bạn
I thought you might want something to drink,tôi nghĩ bạn có thể muốn uống gì đó
I thought you were going to talk to Tom about it,tôi nghĩ bạn sẽ nói chuyện với tom về nó
Can anyone vouch for your whereabouts last night?,bất cứ ai có thể chứng minh cho nơi ở của bạn đêm qua?
I play tennis every Sunday.,Tôi chơi tennis mỗi chủ nhật.
His chances of being elected are good.,cơ hội được bầu của ông là tốt.
I was still at home at that time,lúc đó tôi vẫn ở nhà
Why do you blame me for what happened?,tại sao bạn lại đổ lỗi cho tôi vì những gì đã xảy ra
This is Mike. Is Hiroshi there?,đây là Mike. có hiroshi không?
Mary is too stubborn to apologize.,mary quá cứng đầu để xin lỗi.
There's something I want to discuss with you.,có điều gì đó tôi muốn thảo luận với bạn.
I don't anticipate a problem.,tôi không lường trước được một vấn đề
He thought that it would be interesting and fun.,anh nghĩ rằng nó sẽ rất thú vị và vui vẻ
Tom knows the situation,tom biết tình hình
I believe in ghosts,tôi tin vào ma
"You should be there, too",bạn cũng nên ở đó
Tom is worried about what might have happened to Mary,tom lo lắng về những gì có thể xảy ra với mary
Tom was the only one without enough money for the trip.,Tom là người duy nhất không có đủ tiền cho chuyến đi.
He is about my age,anh ấy bằng tuổi tôi
I'm feeling a little sad today.,hôm nay tôi cảm thấy hơi buồn
I don't want to live with you anymore,tôi không muốn sống với bạn nữa
There are 30 classes in our school.,Có 30 lớp trong trường của chúng tôi.
I should've been there with you.,tôi nên ở đó với bạn
What happened was a terrible mistake,chuyện gì đã xảy ra là một sai lầm khủng khiếp
"We can't prove Tom is lying, but we're pretty sure he is.","chúng tôi không thể chứng minh tom đang nói dối, nhưng chúng tôi khá chắc chắn là anh ấy."
Take aim at the target.,nhắm vào mục tiêu
Tom knows you,tom biết bạn
They are fanatical in their beliefs.,họ cuồng tín trong niềm tin của họ.
I'm kind of tired today,hôm nay tôi hơi mệt
I walked the whole way to the station.,tôi đi bộ toàn bộ đến nhà ga.
The smell of roses filled the room,mùi hoa hồng tràn ngập căn phòng
Tom reported that everything was OK.,tom báo cáo rằng mọi thứ đều ổn
You're not late,bạn không đến muộn
I'll never learn.,tôi sẽ không bao giờ học
A crowd gathered to see the fire,Một đám đông tụ tập để xem lửa
There is nothing in the world from which we can't learn something,không có gì trên thế giới mà chúng ta không thể học được điều gì
Tom wasn't very happy when I left,Tom không vui lắm khi tôi rời đi
They're both older than you.,họ đều lớn tuổi hơn bạn
Tom and Mary are nice.,tom và mary là tốt đẹp.
Tom couldn't understand why Mary was so angry.,Tom không thể hiểu tại sao mary rất tức giận.
He was clearly embarrassed.,Anh rõ ràng xấu hổ.
We're adaptable.,chúng ta có thể thích nghi.
That's the book he'll read,đó là cuốn sách anh ấy sẽ đọc
I was just wondering what languages you can speak.,tôi chỉ tự hỏi những ngôn ngữ bạn có thể nói.
The translator identifies himself with the author's beliefs,người dịch tự nhận mình với niềm tin của tác giả
They lived in harmony with each other,họ sống hòa thuận với nhau
I was hoping you'd find something,tôi đã hy vọng bạn tìm thấy một cái gì đó
Tom got his wish.,Tom có ước muốn của mình.
I hope you are well.,tôi hy vọng bạn khỏe.
Betty is a dancing teacher,Betty là một giáo viên khiêu vũ
I haven't forgotten how to drive.,Tôi đã không quên cách lái xe.
I'm aware that every choice I make has a consequence.,Tôi biết rằng mọi lựa chọn tôi đưa ra đều có hậu quả.
I don't want to be pitied.,tôi không muốn bị thương hại.
Read the meter,đọc đồng hồ
Tom comes from Boston.,tom đến từ boston.
We're back together.,chúng ta trở lại với nhau
I'm looking for a room for rent.,Tôi đang tìm một căn phòng cho thuê.
I need to get groceries.,Tôi cần phải có cửa hàng tạp hóa.
He finally arrived.,Cuối cùng anh cũng đến.
I was being ironic,tôi đã bị mỉa mai
A man who smacks his wife around is contemptible,Một người đàn ông đánh vợ xung quanh là khinh miệt
She provided the traveler with food and clothing.,cô ấy cung cấp cho du khách thực phẩm và quần áo.
I'll call on you at your office tomorrow.,Tôi sẽ gọi cho bạn tại văn phòng của bạn vào ngày mai.
This is puzzling.,điều này thật khó hiểu
There always seems like there is something to do,dường như luôn có việc để làm
He's looking for a suitable job,anh ấy đang tìm kiếm một công việc phù hợp
My parents' generation went through the war.,Thế hệ của cha mẹ tôi đã trải qua chiến tranh.
This book is full of mistakes,cuốn sách này đầy lỗi
He began to work to get Congress to reduce taxes,ông bắt đầu làm việc để có được đại hội để giảm thuế
It is no use getting angry at him,không có ích gì khi tức giận với anh ta
I remember the night when I first saw the Milky Way.,Tôi nhớ đêm khi lần đầu tiên nhìn thấy con đường sữa.
She sat next him and listened quietly.,Cô ngồi cạnh anh và im lặng lắng nghe.
The man is wanted for murder.,Người đàn ông bị truy nã vì tội giết người.
I have a murder to solve.,tôi có một vụ giết người để giải quyết.
That's not Jack's fault,đó không phải lỗi của jack
The soldiers were ordered to make an attack.,những người lính được lệnh thực hiện một cuộc tấn công.
I haven't done anything wrong,tôi chưa làm gì sai
Tom told Mary about everything that had happened.,Tom nói với mary về mọi thứ đã xảy ra.
His success was nothing short of a miracle.,thành công của anh ấy không có gì là kỳ diệu.
Have you told Tom where you're from?,bạn đã nói với tom bạn đến từ đâu chưa?
I owe ten dollars to her.,tôi nợ cô ấy mười đô la.
He speaks Japanese well,anh ấy nói tiếng Nhật tốt
Tom didn't write back to Mary.,Tom đã không viết lại cho mary.
She danced with him at the high school prom.,Cô nhảy với anh tại buổi vũ hội ở trường trung học.
I'm good at singing.,tôi hát hay
Ophelia wishes Hamlet were still in love with her.,ophelia mong muốn ấp vẫn còn yêu cô.
Where did you buy the ticket?,bạn đã mua vé ở đâu
We can change things,chúng ta có thể thay đổi mọi thứ
He admonished his son for being lazy,ông khuyên con trai mình lười biếng
Which is the most populated continent in the world?,lục địa đông dân nhất thế giới là gì?
I told him his services were no longer required.,tôi nói với anh ta rằng dịch vụ của anh ta không còn cần thiết nữa.
That is quite possible.,điều đó là hoàn toàn có thể
I've been looking for it everywhere.,Tôi đã tìm kiếm nó ở khắp mọi nơi.
Tom was feeling a little guilty.,Tom đã cảm thấy một chút tội lỗi.
The chances that that happens are minimal,cơ hội xảy ra là tối thiểu
I can see I've lost you.,tôi có thể thấy tôi đã mất bạn
I'm feeling a little blue today.,Tôi cảm thấy một chút màu xanh ngày hôm nay.
She is anxious to go abroad.,cô ấy lo lắng đi ra nước ngoài
"""The Gettysburg Address"" is a concise speech.","""Địa chỉ gettysburg"" là một bài phát biểu ngắn gọn."
Let's pick a name for the child.,Hãy chọn một tên cho đứa trẻ.
She ignored him pretty much all day.,Cô lờ anh đi cả ngày.
Tom is clearly lost.,tom bị mất rõ ràng.
This is out of my control.,điều này nằm ngoài tầm kiểm soát của tôi
He tends to do everything to excess.,anh ấy có xu hướng làm mọi thứ quá mức.
Everything has to be perfect,mọi thứ phải hoàn hảo
He has an intriguing personality,anh ấy có một tính cách hấp dẫn
I'd like you to translate this document into French,Tôi muốn bạn dịch tài liệu này sang tiếng Pháp
You should not be afraid of the future.,bạn không nên sợ tương lai.
"In the north, it's cold in the winter","ở miền bắc, trời lạnh vào mùa đông"
How young do you think Tom is?,bạn nghĩ tom thế nào?
Tom is all business,tom là tất cả kinh doanh
I'm sure you did the best you could.,Tôi chắc rằng bạn đã làm tốt nhất có thể.
I don't have time to play games with you.,tôi không có thời gian để chơi game với bạn
Did Tom tell you that?,Tom đã nói với bạn điều đó?
Would you like a dog?,bạn có muốn một con chó không
Would you care for a taste?,bạn sẽ quan tâm cho một hương vị?
"If it is used properly, this tool will be a great help","Nếu nó được sử dụng đúng cách, công cụ này sẽ giúp ích rất nhiều"
Let me ask you a question.,Hãy để tôi hỏi bạn một câu hỏi.
We'll meet Tom there.,chúng ta sẽ gặp tom ở đó
It seems that something is wrong with this car,có vẻ như có gì đó không ổn với chiếc xe này
Tom put the cork back into the wine bottle.,tom đặt nút chai trở lại vào chai rượu.
Go on board.,lên thuyền.
I discussed the problem with my friends.,tôi đã thảo luận vấn đề với bạn bè của tôi.
They believed he was honest.,họ tin anh là trung thực.
All you need is love.,tất cả những gì bạn cần là tình yêu.
Tom and Mary must love each other very much.,tom và mary phải yêu nhau rất nhiều
We're coming back tomorrow.,chúng ta sẽ trở lại vào ngày mai
Tom was nice to me.,tom rất tốt với tôi
No one is speaking.,không ai nói
We opposed his plan to build a new road,chúng tôi phản đối kế hoạch của anh ấy để xây dựng một con đường mới
Tom didn't want Mary to know he was rich,Tom không muốn mary biết anh ta giàu có
I wouldn't sweat it.,tôi sẽ không đổ mồ hôi
I believe you've answered all my questions,tôi tin rằng bạn đã trả lời tất cả các câu hỏi của tôi
I just wanted to tell you about Tom.,tôi chỉ muốn nói với bạn về tom.
Gold is heavier than iron.,vàng nặng hơn sắt.
Tom didn't have much time for studying,tom không có nhiều thời gian cho việc học
The earliest I can come is around 3.,sớm nhất tôi có thể đến là khoảng 3.
Tom realized that he had made a mistake,Tom nhận ra rằng mình đã phạm sai lầm
The apartment caught on fire.,căn hộ bốc cháy.
She made him a new suit,cô ấy làm cho anh ta một bộ đồ mới
Tom said he was hungry,tom nói anh đói
Tom managed to cut himself while trying to open a bag of peanuts with his pocketknife.,Tom đã tự cắt được mình trong khi cố gắng mở một túi đậu phộng bằng túi bỏ túi của mình.
We're very happy for you,chúng tôi rất mừng cho bạn
I might take you up on your offer.,tôi có thể đưa bạn lên về lời đề nghị của bạn.
Stop me if you've heard this one.,dừng lại nếu bạn đã nghe điều này
The national debt is growing.,nợ quốc gia đang gia tăng.
Let me tell you everything I know.,hãy để tôi nói cho bạn mọi thứ tôi biết
This book hasn't received the attention it deserves.,cuốn sách này đã không nhận được sự chú ý mà nó xứng đáng.
I know you want to make me happy,tôi biết bạn muốn làm cho tôi hạnh phúc
I'd be glad to do it tomorrow.,Tôi sẽ vui mừng để làm điều đó vào ngày mai.
Tom reluctantly went home.,Tom miễn cưỡng về nhà.
He brushed his hat,anh ấy chải mũ
Tom looks very bored,tom trông rất chán
He asked me if I was happy,anh ấy hỏi tôi có vui không
This book will be very useful to us.,cuốn sách này sẽ rất hữu ích cho chúng tôi.
Tom isn't very good at sports.,Tom không giỏi thể thao lắm.
There is no excuse for his delay.,không có lý do cho sự chậm trễ của mình.
You can't miss it,bạn không thể bỏ lỡ nó
I know Tom died,tôi biết tom đã chết
Is this the key you are looking for?,Đây có phải là chìa khóa bạn đang tìm kiếm?
Do you want to do that again?,Bạn có muốn làm điều đó một lần nữa?
Tom divided the bread into two pieces,tom chia bánh mì thành hai phần
I don't want Tom to do that,tôi không muốn tom làm điều đó
My mother can't ride a bicycle.,mẹ tôi không thể đi xe đạp.
"Tom was here yesterday morning, wasn't he?","Tom đã ở đây sáng hôm qua, phải không anh?"
She showed her guests how to eat what she had prepared.,Cô chỉ cho khách của mình cách ăn những gì cô đã chuẩn bị.
I believe you've been looking for me.,tôi tin rằng bạn đã tìm kiếm tôi.
"Unfortunately, that rumor is true.","Thật không may, tin đồn đó là sự thật."
I like to think I know what I'm talking about,tôi muốn nghĩ rằng tôi biết những gì tôi đang nói về
I couldn't find my keys.,tôi không thể tìm thấy chìa khóa của mình
I will cure him of the bad habit,tôi sẽ chữa cho anh ấy thói quen xấu
You're desperate.,bạn đang tuyệt vọng
Mr. and Mrs. Ikeda talked to Ken's teacher.,Ông. và bà ikeda đã nói chuyện với giáo viên của ken.
No students went there yesterday,không có học sinh nào đến đó ngày hôm qua
Tom always tells Mary everything,tom luôn nói với mary tất cả mọi thứ
This music is from the 40s,âm nhạc này là từ những năm 40
One of the professors whispered.,một trong những giáo sư thì thầm.
Tom asked for my opinion.,tom hỏi ý kiến của tôi.
I'm surprised you didn't know that,tôi ngạc nhiên khi bạn không biết điều đó
My mother does not always get up early.,mẹ tôi không phải lúc nào cũng dậy sớm.
The hotel is located deep in the mountains.,Khách sạn nằm sâu trong núi.
The courthouse is on Park Street.,tòa án là trên đường công viên.
Tom doesn't think Mary is fit for the job,Tom không nghĩ mary phù hợp với công việc
I have to see Tom.,tôi phải xem tom
He made a mistake,anh ấy đã làm sai
Tom decided it was up to him to make the final decision,Tom quyết định tùy thuộc vào anh ta để đưa ra quyết định cuối cùng
Tom stopped laughing when he noticed Mary was crying,Tom ngừng cười khi nhận thấy mary đang khóc
I have many things to do,tôi có nhiều việc phải làm
You made a wrong turn,bạn đã rẽ nhầm
I don't like what we've become,tôi không thích những gì chúng ta đã trở thành
Tom is working on that,tom đang làm việc trên đó
You can't have left it at the airport.,bạn không thể để nó ở sân bay.
Harry managed to swim across the river,harry quản lý để bơi qua sông
I'm glad it worked out,tôi rất vui vì nó đã làm việc
You must be kind to old people,bạn phải tử tế với người già
Tom decided to stay with Mary,tom quyết định ở lại với mary
You must talk to Tom.,bạn phải nói chuyện với tom
I'm only trying to save some time.,Tôi chỉ cố gắng tiết kiệm thời gian.
What is your mission?,Nhiệm vụ của bạn là gì?
He who laughs last laughs best.,Người nào cười cuối cùng cũng cười.
There were fifty passengers in the bus.,Có năm mươi hành khách trên xe buýt.
Can I have it?,tôi có thể có nó?
This is all I can do,đây là tất cả những gì tôi có thể làm
Tom was caught off guard by the question.,tom bị mất cảnh giác bởi câu hỏi.
They will be safe with him.,họ sẽ an toàn với anh ta.
"He cannot walk, let alone run","anh ta không thể đi, để một mình chạy"
You're an idiot.,bạn là một thằng ngốc
I agree with the opinion that real estate is overpriced,Tôi đồng ý với ý kiến rằng bất động sản là quá đắt
Stand up when I am talking to you,đứng lên khi tôi đang nói chuyện với bạn
It's really windy today.,hôm nay trời rất gió.
It's very likely to rain tomorrow.,trời rất có khả năng mưa vào ngày mai.
I missed what you said,tôi nhớ những gì bạn nói
They'll tell you the truth,họ sẽ nói cho bạn sự thật
I really need a drink now.,Tôi thực sự cần một thức uống bây giờ.
"If he had trained himself harder at that time, he would be healthier now","nếu anh ấy đã rèn luyện bản thân chăm chỉ hơn vào thời điểm đó, anh ấy sẽ khỏe mạnh hơn bây giờ"
Tom struggled to free himself,tom đấu tranh để tự giải thoát
"Sarah, could you close the blinds?","sarah, bạn có thể đóng rèm?"
No more can be said,không còn có thể nói
She can write a letter in English.,cô ấy có thể viết một lá thư bằng tiếng Anh.
Who is confused?,ai đang bối rối
When was the last time you found money on the street?,Lần cuối bạn tìm thấy tiền trên đường phố là khi nào?
His failure in business left him penniless.,thất bại trong kinh doanh khiến anh không một xu dính túi.
What don't you want us to see?,bạn không muốn chúng tôi thấy gì?
Tom was in the pool swimming laps.,tom đã ở trong hồ bơi vòng.
I planted an apple tree in my garden,tôi đã trồng một cây táo trong vườn của tôi
She wove the grass into a box,cô ấy nhổ cỏ vào một cái hộp
Tom is an experienced sailor,tom là một thủy thủ giàu kinh nghiệm
Tom is shaken.,tom bị lung lay.
Tom will be stopped.,tom sẽ được dừng lại.
None of the girls is a student.,không có cô gái nào là học sinh
Do you know what you want for lunch?,bạn có biết bạn muốn gì cho bữa trưa không?
I invited her to go to the movies,tôi mời cô ấy đi xem phim
He will get back soon.,anh sẽ quay lại sớm.
She despises him,cô ấy coi thường anh ta
You are not Japanese,bạn không phải người nhật
Tom asked Mary not to make any long-distance calls on his phone,Tom yêu cầu mary không thực hiện bất kỳ cuộc gọi đường dài nào trên điện thoại của anh ấy
Tom can't believe that Mary thinks it's OK to let John take the blame,Tom không thể tin rằng mary nghĩ rằng ổn khi để john chịu trách nhiệm
What does your son do in Germany?,Con trai bạn làm gì ở Đức?
Tom unloaded groceries from the car,tom dỡ hàng tạp hóa từ xe
He was just going to the walk across the street,anh ta vừa đi bộ qua đường
I washed my own shirts.,tôi đã giặt áo sơ mi của riêng tôi.
Tom is in deep trouble.,tom đang gặp rắc rối sâu sắc
Call the police!,gọi cảnh sát!
Tom bought three bottles of grape juice,tom mua ba chai nước nho
Tom came to see me yesterday afternoon.,tom đến gặp tôi chiều hôm qua.
Are these Tom's notes?,những ghi chú của tom?
I thought you looked tired,tôi nghĩ bạn trông mệt mỏi
Tom can't hear us.,Tom không thể nghe chúng tôi.
India gained independence from Britain in 1947.,Ấn Độ giành được độc lập từ Anh vào năm 1947.
I don't want to go back home yet,tôi chưa muốn trở về nhà
The floor is dirty.,Sàn nhà bẩn.
My parents told me that we should respect the elderly,cha mẹ tôi nói với tôi rằng chúng ta nên tôn trọng người già
I believe it's my duty to protect these children,tôi tin rằng nhiệm vụ của tôi là bảo vệ những đứa trẻ này
You have to learn to put up with this weather,bạn phải học cách chịu đựng thời tiết này
The smell of cooking makes me hungry,mùi nấu ăn làm tôi đói
The number of students in the class is limited to fifteen.,số lượng học sinh trong lớp được giới hạn trong mười lăm.
Tom eventually calmed down.,Tom cuối cùng cũng bình tĩnh lại.
Tom isn't saying anything,tom không nói gì cả
Hold on to the rail while going down these stairs.,giữ chặt đường ray trong khi đi xuống cầu thang
They attempted to assassinate the president.,họ đã cố gắng ám sát tổng thống.
Tom felt fine,tom cảm thấy tốt
She was the first one to pay attention to him.,cô là người đầu tiên chú ý đến anh.
Tom certainly knows a lot about Mary,Tom chắc chắn biết rất nhiều về mary
I want you to find out about that.,tôi muốn bạn tìm hiểu về điều đó
She is always curious about what I am doing,cô ấy luôn tò mò về những gì tôi đang làm
I'm afraid you don't have any choice,tôi sợ bạn không có sự lựa chọn nào
That guy I was just talking to wouldn't tell me his name.,anh chàng đó tôi chỉ nói chuyện với tôi sẽ không cho tôi biết tên anh ta.
I complained to him face to face.,Tôi phàn nàn với anh ấy mặt đối mặt.
Tom depends too much on Mary,tom phụ thuộc quá nhiều vào mary
I am the best,tôi là nhất
These are my friends,Đây là những người bạn của tôi
I can't tell you how to pronounce the word.,tôi không thể nói cho bạn cách phát âm từ này.
We're still waiting for an answer,chúng tôi vẫn đang chờ câu trả lời
Maybe Tom likes you.,có lẽ tom thích bạn
You could run.,bạn có thể chạy
The long discussion came to an end at last.,cuộc thảo luận dài đã kết thúc cuối cùng.
Tom began to get very tired.,Tom bắt đầu rất mệt mỏi.
Tom had no idea where Mary went,tom không biết mary đã đi đâu
Someone has taken my shoes by mistake.,ai đó đã lấy giày của tôi do nhầm lẫn.
It was quite fantastic.,nó thật tuyệt vời
This book will change your life.,cuốn sách này sẽ thay đổi cuộc sống của bạn.
It's starting to rain,trời bắt đầu mưa
It's warm today,Hôm nay trời ấm
That's what I told Tom.,đó là những gì tôi nói với tom
Tom coped with the situation calmly.,tom đối phó với tình hình một cách bình tĩnh.
Show me some others,cho tôi xem một số người khác
She took up his offer,cô ấy nhận lời đề nghị của anh ấy
I think I'll take a look around,tôi nghĩ rằng tôi sẽ nhìn xung quanh
Many sailors can't swim.,nhiều thủy thủ không biết bơi.
His father calls him Tom,cha anh gọi anh là tom
It has been raining on and off since the day before yesterday.,trời đã mưa và mưa từ hôm trước.
The bigger boys torment the little ones,những cậu bé lớn hơn hành hạ những đứa trẻ
Fred took a liking to Jane and started dating her.,fred thích jane và bắt đầu hẹn hò với cô ấy.
"According to the newspaper, there was a big fire last night","Theo tờ báo, đêm qua đã có một đám cháy lớn"
"Tom didn't like it, but he bought it anyway.","Tom không thích nó, nhưng dù sao thì anh cũng đã mua nó."
It will be some time before they come,sẽ có một thời gian trước khi họ đến
Tom wrote a message on a slip of paper.,tom viết một tin nhắn trên một tờ giấy.
He never goes out after dark.,Anh không bao giờ đi ra ngoài sau khi trời tối.
Who was this machine invented by?,Máy này được phát minh bởi ai?
I thought you were right,tôi nghĩ bạn đã đúng
Get me my pills,lấy cho tôi thuốc
Tom did a good job organizing the workers.,tom đã làm một công việc tốt tổ chức các công nhân.
He got over the shock of his father's death,ông đã vượt qua cú sốc về cái chết của cha mình
I don't know if I can do this,tôi không biết nếu tôi có thể làm điều này
Everybody knew Tom was in trouble,mọi người đều biết tom đang gặp rắc rối
Are there any famous musicians on the stage?,Có nhạc sĩ nổi tiếng nào trên sân khấu không?
I haven't been following the news lately.,Tôi đã không theo dõi tin tức gần đây.
"Get up early, or you'll be late","dậy sớm, hoặc bạn sẽ bị trễ"
She accompanied her friend to the concert,cô đi cùng bạn của mình đến buổi hòa nhạc
Can you spare me a few minutes? I'd like to have a word with you,bạn có thể tha cho tôi vài phút không? tôi muốn nói chuyện với bạn
How was your walk?,bạn đi bộ thế nào?
"If it had not been for the map, I would have lost my way.","Nếu nó không có trên bản đồ, tôi sẽ lạc đường."
"They're not drunk, but they've been drinking.","Họ không say, nhưng họ đã uống."
Do you know Professor Brown by any chance?,Bạn có biết giáo sư màu nâu bằng cơ hội nào không?
Close your eyes,nhắm mắt lại
What was it that he was looking for?,anh đang tìm cái gì vậy?
Tom gave Mary a thumbs up.,tom cho mary một ngón tay cái lên.
Tom wanted some more elbow room,tom muốn thêm một số phòng khuỷu tay
You should wear a coat.,bạn nên mặc áo khoác
Have you found a cure?,bạn đã tìm ra cách chữa trị chưa?
Tom had a lot of secrets.,tom có rất nhiều bí mật
Tom wants Mary to want him.,tom muốn mary muốn anh ta.
Unfortunately the store was closed.,tiếc là cửa hàng đã đóng cửa.
Tom turned on the light and walked in,tom bật đèn và bước vào
My nose was very runny.,Mũi tôi rất chảy nước mũi.
I'm old enough,tôi đủ lớn rồi
Let me know about the result of the exam,cho tôi biết về kết quả của kỳ thi
Tom playfully pretended to punch Mary in the jaw,Tom tinh nghịch giả vờ đấm mary vào hàm
We want to hear it,chúng tôi muốn nghe điều đó
I study psychology.,Tôi học tâm lý học.
She bought eggs by the dozen.,Cô mua trứng bằng tá.
What made you so angry?,Điều gì làm bạn rất tức giận?
Could you please tell me who you are?,bạn có thể vui lòng cho tôi biết bạn là ai?
You don't understand the procedure,bạn không hiểu thủ tục
This is the main gate to their house,đây là cổng chính vào nhà của họ
Women don't drive as well as men.,phụ nữ không lái xe tốt như đàn ông.
Where did everybody go?,mọi người đã đi đâu
I'm pretty sure Tom's will be at the party,Tôi khá chắc chắn rằng tom sẽ có mặt tại bữa tiệc
"If I knew where Tom was, I'd tell you.","nếu tôi biết tom ở đâu, tôi sẽ nói với bạn."
They won't be back.,họ sẽ không trở lại.
I don't know which to choose,tôi không biết chọn cái nào
He greeted me with a smile.,Anh ấy chào tôi bằng một nụ cười.
You must not stay up late.,bạn không được thức khuya
Tom reluctantly obeyed,tom miễn cưỡng vâng lời
A watchman sat with his legs crossed.,Một người canh gác ngồi khoanh chân.
"He sent his old clothes home for his brothers, and sent his family money, too","anh ấy đã gửi quần áo cũ về nhà cho anh em của mình, và cũng gửi tiền cho gia đình"
You can't ride a horse.,bạn không thể cưỡi ngựa
What did he look up?,anh ấy đã nhìn lên cái gì
"Tom knows about this, doesn't he?","Tom biết về điều này, phải không anh?"
He carved me a wooden doll,ông đã khắc cho tôi một con búp bê bằng gỗ
Her marriage brought happiness to her parents,Cuộc hôn nhân của cô mang lại hạnh phúc cho bố mẹ
Tom and Mary agreed to work together.,tom và mary đồng ý làm việc cùng nhau.
They claim this medicine is safe,họ tuyên bố thuốc này là an toàn
Do you play soccer?,Bạn có chơi bóng đá không?
Tom named his hamster Cookie,Tom đặt tên cho bánh quy hamster của mình
You won't have any trouble finding a place to live.,bạn sẽ không gặp khó khăn gì trong việc tìm nơi ở.
People don't say that anymore.,mọi người đừng nói thế nữa
I need to get some air,tôi cần lấy không khí
They plan to do away with most of these regulations,họ có kế hoạch loại bỏ hầu hết các quy định này
They say that you never get over your first love,họ nói rằng bạn không bao giờ vượt qua được mối tình đầu
Tom never thought about the future.,tom không bao giờ nghĩ về tương lai.
I know I can trust you,tôi biết tôi có thể tin tưởng bạn
Lake Biwa could be seen from where we were standing,hồ biwa có thể được nhìn thấy từ nơi chúng tôi đang đứng
It meant something to me.,nó có ý nghĩa với tôi
I missed a golden opportunity,tôi đã bỏ lỡ một cơ hội vàng
It was hard to persuade him to cancel the trip.,thật khó để thuyết phục anh ấy hủy chuyến đi.
She is free from care.,cô ấy được chăm sóc miễn phí
I didn't take it,tôi đã không lấy nó
Tom is careful,tom cẩn thận
The movie was so dull that the audience left one by one.,bộ phim buồn tẻ đến nỗi khán giả bỏ lại từng người một.
Can we stop?,chúng ta có thể dừng lại không?
I must hand in the report today.,tôi phải nộp báo cáo ngày hôm nay
I don't like being treated this way.,Tôi không thích bị đối xử theo cách này.
Tom was skiing with his father when the accident happened.,Tom đang trượt tuyết với cha thì tai nạn xảy ra.
How did you come by these books?,Làm thế nào bạn đến bởi những cuốn sách này?
Meg has a knack for languages.,meg có sở trường về ngôn ngữ
What's this zoo's name?,tên sở thú này là gì?
Tom has already begun,tom đã bắt đầu
I know how much it means to you.,tôi biết nó có ý nghĩa như thế nào với bạn
Tom shaved off his mustache,tom cạo râu
Why are you holding my hands?,tại sao bạn nắm tay tôi
Half of the melons were eaten.,một nửa số dưa đã được ăn
He dedicated his life to medical work,ông dành cả cuộc đời cho công việc y tế
You'll be expected to dance with Tom.,bạn sẽ được nhảy với tom
I'm right behind you,tôi ở ngay đằng sau bạn
We're not stupid,chúng tôi không ngu ngốc
Tom tried to help Mary.,tom đã cố gắng để giúp mary.
My heart broke at the sight of the dying birds,trái tim tôi tan vỡ khi nhìn thấy những con chim sắp chết
We don't want anyone getting hurt,chúng tôi không muốn ai bị thương
It's cold outside,bên ngoài lạnh lắm
That would not be appropriate,điều đó sẽ không phù hợp
Is that from Tom?,có phải từ tom không?
I know you're innocent,tôi biết bạn vô tội
How're you doing at home?,bạn đang làm gì ở nhà
She threw him out,cô ấy ném anh ta ra
The situation gets worse and worse,tình hình ngày càng tồi tệ
It looks like you were wrong,có vẻ như bạn đã sai
This is the first time I've seen this animal.,đây là lần đầu tiên tôi thấy con vật này
"Tom stepped forward to kiss Mary, but she stepped back.","Tom bước tới hôn mary, nhưng cô lùi lại."
People that want to do well in their jobs will dress for success.,những người muốn làm tốt công việc của họ sẽ ăn mặc để thành công.
Tom ran away from home.,tom bỏ nhà ra đi.
Maybe I shouldn't invite Tom to the party,có lẽ tôi không nên mời tom đến bữa tiệc
Tom doesn't seem to have any self-confidence,Tom dường như không có tự tin
Where can I get the map?,tôi có thể lấy bản đồ ở đâu?
I can't help feeling sorry for Tom,tôi không thể cảm thấy tiếc cho tom
There's something very wrong here,có gì đó rất sai ở đây
I'd like to speak with someone in charge.,Tôi muốn nói chuyện với một người phụ trách.
I'll get up.,tôi sẽ dậy
"Fortunately, no one was hurt.","May mắn thay, không có ai bị thương."
I've made this trip a thousand times.,Tôi đã thực hiện chuyến đi này hàng ngàn lần.
I'm listening to you,Tôi đang lắng nghe bạn
I guess I'll be living with you a year from now.,Tôi đoán tôi sẽ sống với bạn một năm kể từ bây giờ.
"If you sit back and rest, you will feel much better","Nếu bạn ngồi lại và nghỉ ngơi, bạn sẽ cảm thấy tốt hơn nhiều"
Why were you talking to Tom?,tại sao bạn lại nói chuyện với tom
Tom didn't think he's ever get used to Thai food.,Tom không nghĩ mình đã quen với đồ ăn Thái.
How much money do you have on you right now?,bây giờ bạn có bao nhiêu tiền
"If I had known it, I would have told you.","nếu tôi biết điều đó, tôi sẽ nói với bạn."
This is Tom's locker,đây là tủ đồ của tom
We keep a collie as a pet.,chúng tôi giữ một collie như một con vật cưng.
My cousin in Hokkaido is a good skier.,Anh em họ của tôi ở hokkaido là một vận động viên trượt tuyết giỏi.
I can't remember any of it.,tôi không thể nhớ bất cứ điều gì
A husband and wife promise always to love each other,Vợ chồng luôn hứa yêu nhau.
Tom has a theory,tom có một lý thuyết
Tom is leaving Kobe tomorrow morning.,Tom sẽ rời khỏi kobe vào sáng mai.
He is far better off than he was three years ago.,Anh ấy tốt hơn nhiều so với ba năm trước.
It was not long before they made their appearance,không lâu trước khi họ xuất hiện
Tom opened the door and turned on the light,tom mở cửa và bật đèn
Do you want me to help Tom?,bạn có muốn tôi giúp tom không?
We're not home.,chúng tôi không ở nhà
"Tom squeezed the trigger, but the gun didn't fire.","Tom bóp cò, nhưng khẩu súng không nổ."
Is the chairman going to resign?,Chủ tịch sẽ từ chức?
Does this even make sense?,Điều này thậm chí có ý nghĩa?
I need everything on this list,tôi cần mọi thứ trong danh sách này
I'll love you until I die.,Tôi sẽ yêu bạn cho đến khi tôi chết.
Do come by all means.,làm bằng mọi cách
The old men like to meet on the street corner just to shoot the bull,Những ông già thích gặp nhau ở góc phố chỉ để bắn con bò
Mary is a potter,mary là thợ gốm
Time will show which of us is right.,thời gian sẽ cho thấy ai trong chúng ta là đúng.
The room looks out on the ocean,căn phòng nhìn ra biển
Tom wants you back,tom muốn bạn trở lại
That was a more serious problem than we thought it would be.,đó là một vấn đề nghiêm trọng hơn chúng ta nghĩ.
I think Tom is going to win.,Tôi nghĩ rằng tom sẽ chiến thắng.
Tom is a corrections officer,tom là một sĩ quan chỉnh sửa
You can see the colors of the spectrum in a rainbow.,bạn có thể thấy màu sắc của quang phổ trong cầu vồng.
I hope I haven't offended you,tôi hy vọng tôi đã không xúc phạm bạn
Mother was busy getting ready for dinner,mẹ đang bận chuẩn bị cho bữa tối
I've spoken in support of this before.,Tôi đã nói để hỗ trợ này trước đây.
I've never met anybody like him.,Tôi chưa bao giờ gặp bất cứ ai như anh ấy.
I'll be sixteen on my next birthday,tôi sẽ mười sáu tuổi vào sinh nhật tới
That's a strange name for a company,đó là một cái tên lạ cho một công ty
Tom always asks for Mary's opinion,tom luôn hỏi ý kiến của mary
Tom didn't call Mary.,Tom đã không gọi mary.
I've been in New York once.,Tôi đã từng ở new york một lần.
"She bought him a car, but he didn't have a driver's license so he couldn't drive it anywhere","cô ấy đã mua cho anh ấy một chiếc xe hơi, nhưng anh ấy không có bằng lái xe nên anh ấy không thể lái nó đi bất cứ đâu"
I hurried to the station only to miss the train,tôi vội đến ga chỉ để lỡ tàu
Tom walked toward the far wall,tom đi về phía bức tường phía xa
Is this where Tom lives?,đây là nơi tom sống?
Tom is a loyal citizen of his country,tom là một công dân trung thành của đất nước mình
Who told you to sit here?,ai bảo bạn ngồi đây?
I could not bring myself to dance with him.,tôi không thể tự nhảy với anh ấy được.
Do you know what these are?,Bạn có biết những thứ này là gì không?
I suppose you have a plan,tôi cho rằng bạn có một kế hoạch
He got married at 22.,anh ấy kết hôn năm 22 tuổi.
The only time Tom seems to be happy is when he's with Mary.,Lần duy nhất tom có vẻ hạnh phúc là khi anh ấy với mary.
We can't do this without some help,chúng ta không thể làm điều này mà không có sự giúp đỡ
She put her sweater on,cô ấy mặc áo len vào
We used to discuss politics far into the night,chúng tôi thường thảo luận về chính trị vào ban đêm
I wouldn't expect you to understand.,tôi sẽ không mong bạn hiểu
The man lay motionless,người đàn ông nằm bất động
Tom and I aren't cowards,tom và tôi không hèn nhát
"Let's have our picture taken with the statue in the back, shall we?",Chúng ta hãy chụp ảnh với bức tượng ở phía sau?
No one's around,không có ai xung quanh
I think Tom knew Mary,tôi nghĩ tom biết mary
He took over the business after her death,ông đã tiếp quản công việc kinh doanh sau cái chết của bà
Are you enjoying the play?,bạn có thích chơi không?
I'm feeling very shaky,tôi đang cảm thấy rất run
Bank services are getting more and more expensive,dịch vụ ngân hàng ngày càng đắt đỏ
She divorced him after many years of unhappiness.,Cô ly dị anh sau nhiều năm bất hạnh.
The revolt was put down with little trouble,cuộc nổi dậy đã bị dập tắt với một chút rắc rối
Could you make sure Tom shows up on time?,bạn có thể đảm bảo tom xuất hiện đúng giờ?
You're mistaken. That's not what I said.,bạn đang nhầm đó không phải là những gì tôi nói
Who'll drive?,ai sẽ lái xe
We don't yet know the side effects of the drug.,chúng tôi chưa biết tác dụng phụ của thuốc.
Tom and Mary are drunk,tom và mary đang say
They agreed to work together on the project.,họ đã đồng ý làm việc cùng nhau trong dự án.
"So far, I haven't told anyone.","Cho đến nay, tôi đã không nói với bất cứ ai."
Please tell us what to do next.,xin vui lòng cho chúng tôi biết phải làm gì tiếp theo.
He is the head of the sales department.,ông là trưởng phòng kinh doanh
Where are we headed?,Chúng ta đang đi đâu?
Life was not easy in Georgia,cuộc sống không dễ dàng ở georgia
She's wearing a nice hat,cô ấy đội một chiếc mũ đẹp
I'd like to listen to pop music.,Tôi muốn nghe nhạc pop.
Tom has probably never been to Boston.,tom có lẽ chưa bao giờ đến boston.
Did you catch anything the last time you went fishing?,bạn có bắt được gì khi lần trước đi câu không?
I don't know what I want anymore.,tôi không biết tôi muốn gì nữa.
I can't say that I'm surprised,tôi không thể nói rằng tôi ngạc nhiên
Not all of the staff was present.,không phải tất cả các nhân viên đã có mặt
Different jobs require different tools,công việc khác nhau đòi hỏi các công cụ khác nhau
That had not occurred to him before.,điều đó đã không xảy ra với anh ta trước đây.
Do you live in the city?,bạn sống ở thành phố phải không?
We usually have lunch at noon.,chúng tôi thường ăn trưa vào buổi trưa.
He served as a United States senator.,ông phục vụ như một thượng nghị sĩ bang thống nhất.
I'm your partner.,Tôi là đối tác của bạn.
How many men do you have working in the dairy now?,bây giờ bạn có bao nhiêu người đàn ông làm việc trong ngành sữa?
I shouldn't have gotten up so early.,tôi không nên dậy sớm
Tom is a slightly overweight man,tom là một người đàn ông hơi thừa cân
"Tomorrow, I have plans to go to Tokyo.","ngày mai, tôi có kế hoạch đi đến Tokyo."
It was about the size of an egg.,Nó có kích thước bằng một quả trứng.
I'd rather not try,tôi không muốn thử
I haven't heard that joke in ages.,Tôi chưa từng nghe câu nói đùa đó từ lâu.
There's something I need to say,có vài điều tôi cần nói
Stop! Thief!,dừng lại! kẻ trộm!
Tom took a picture of the flowers.,tom chụp ảnh những bông hoa.
I don't quite follow you,tôi không theo bạn
Table manners vary from one country to another,cách cư xử bàn khác nhau từ nước này sang nước khác
He had a gentleness that was attractive to women,"anh có một sự dịu dàng, hấp dẫn đối với phụ nữ"
He was ready to face his fate,anh ấy đã sẵn sàng đối mặt với số phận của mình
Tom released his grip on the door knob.,Tom thả tay nắm chặt tay nắm cửa.
Why can't he play tennis today?,Tại sao hôm nay anh ấy không thể chơi tennis?
Many of the students were tired,nhiều sinh viên đã mệt mỏi
Are you sure you don't want me to help you do the laundry?,bạn có chắc bạn không muốn tôi giúp bạn giặt giũ?
I'm sorry about everything,tôi xin lỗi về tất cả mọi thứ
"What's the name of that store again, please?",Xin vui lòng tên của cửa hàng đó là gì?
Tom stood at the open window.,tom đứng ở cửa sổ mở.
It's terribly important.,nó cực kỳ quan trọng
Tom has agreed to work for us,tom đã đồng ý làm việc cho chúng tôi
You've probably seen that already,có lẽ bạn đã thấy điều đó rồi
He picked up the book.,Anh nhặt quyển sách lên.
Sit down. You are not allowed to stand up.,ngồi xuống. bạn không được phép đứng lên
How about stopping the car and taking a rest?,Làm thế nào về việc dừng xe và nghỉ ngơi?
What a cute baby!,Thật là một em bé dễ thương!
We will lump together all expenses.,chúng tôi sẽ gộp lại tất cả các chi phí.
I would like to help you.,tôi muốn giúp bạn
I need what you have.,tôi cần những gì bạn có
How did you get Tom to tell you that?,Làm thế nào bạn có được tom để nói với bạn điều đó?
Both my father and I went to the museum for the first time,cả cha và tôi lần đầu tiên đến bảo tàng
My native language is French,ngôn ngữ mẹ đẻ của tôi là tiếng Pháp
Sometimes the Allies could not avoid battle.,đôi khi các đồng minh không thể tránh khỏi trận chiến.
I usually take stairs two at a time.,tôi thường đi cầu thang hai lần.
It's a very big and busy city,đó là một thành phố rất lớn và bận rộn
I guess you don't recognize me,tôi đoán bạn không nhận ra tôi
Tom gave Mary the receipt and told her to put it in her purse.,Tom đưa cho mary biên lai và bảo cô bỏ nó vào ví.
That dog's bark wouldn't even scare off a baby.,tiếng sủa của con chó đó thậm chí sẽ không làm bé sợ.
Tom slept at our place last night,tom ngủ ở chỗ của chúng tôi đêm qua
I think Tom is unintelligent,tôi nghĩ tom không thông minh
I know how busy Tom is,tôi biết tom bận thế nào
I wonder what Tom has done now.,tôi tự hỏi những gì tom đã làm bây giờ.
Tom had to run an errand.,Tom đã phải chạy một việc vặt.
He has only six months to live.,anh chỉ còn sáu tháng để sống.
Every now and then he drops in at this bookstore on his way home from the office.,thỉnh thoảng anh ghé vào hiệu sách này trên đường từ văn phòng về nhà.
I'm so sick of this,tôi phát ngán vì điều này
I thought you didn't want to talk about this matter,tôi nghĩ bạn không muốn nói về vấn đề này
I have been to the place that she spoke about in her talk.,tôi đã đến nơi mà cô ấy nói về cô ấy.
Tom tried to hide his surprise,tom cố gắng che giấu sự ngạc nhiên của mình
I hear that his father is in the hospital now.,Tôi nghe nói rằng cha anh đang ở trong bệnh viện.
He went there ten years ago,anh ấy đã đến đó mười năm trước
I expect you to be punctual.,tôi mong bạn đến đúng giờ
You have to do it again.,bạn phải làm lại
You need this.,bạn cần cái này.
Tom was immediately worried.,tom ngay lập tức lo lắng.
"With first base open, he walked the batter","Với cơ sở đầu tiên mở, anh đi bộ"
Please fetch me a piece of paper.,xin vui lòng lấy cho tôi một mảnh giấy.
You are in my way.,bạn đang theo cách của tôi
It's up to you now.,Điều đó tùy thuộc vào bạn bây giờ.
Tom will be driving through Boston on his way to visit Mary,Tom sẽ lái xe qua boston trên đường đến thăm mary
No one ate any of the cookies that I made,không ai ăn bất kỳ bánh quy nào tôi làm
The teachers assembled their classes in the gymnasium,các giáo viên tập hợp các lớp học của họ trong nhà thi đấu
Tom made some tea for Mary,tom pha trà cho mary
Tom concealed his pistol under his coat.,tom giấu khẩu súng lục dưới áo khoác.
I say what I think,tôi nói những gì tôi nghĩ
We don't want to die.,chúng tôi không muốn chết.
Tom doesn't want to take risks.,Tom không muốn mạo hiểm.
Tom's house was on fire.,Nhà của tom bị cháy.
Do you have a child?,bạn có con không?
Ken always stands up for his mom when his parents quarrel,Ken luôn đứng về phía mẹ khi bố mẹ cãi nhau.
I barely escaped getting caught.,tôi hầu như không thoát khỏi bị bắt.
Tom is apparently some kind of genius when it comes to music,Tom rõ ràng là một loại thiên tài khi nói đến âm nhạc
Why don't you join us at our table?,Tại sao bạn không tham gia cùng chúng tôi tại bàn của chúng tôi?
It's not fake,Nó không phải giả
I thought this was something we both wanted,tôi nghĩ rằng đây là điều cả hai chúng tôi muốn
One of my favorite songs is Hungry Spider.,một trong những bài hát yêu thích của tôi là con nhện đói.
He lives in an apartment.,Anh ấy sống trong một căn hộ.
I told Tom I'd help.,tôi nói với tom tôi sẽ giúp.
Spring is an enjoyable season.,mùa xuân là một mùa thú vị
Do you intend to throw away in one instant what our family has painstakingly built up?,Bạn có định vứt bỏ ngay lập tức những gì gia đình chúng tôi đã xây dựng một cách siêng năng không?
I saw the two together on several occasions,tôi đã thấy hai người cùng nhau trong nhiều dịp
He looked back at the pretty girl,anh nhìn lại cô gái xinh đẹp
We made inquiries into his past,chúng tôi đã hỏi về quá khứ của anh ấy
I have more than one thing I'm good at.,tôi có nhiều hơn một điều tôi giỏi
Tom could have survived if the ambulance had arrived a little sooner,Tom có thể sống sót nếu xe cứu thương đến sớm hơn một chút
I like to eat Korean food,tôi thích ăn đồ ăn hàn quốc
I can't talk to girls.,tôi không thể nói chuyện với các cô gái.
Would you care to join us for a drink?,bạn có muốn tham gia cùng chúng tôi để uống không?
Be sure to look us up when you're in town.,hãy chắc chắn để tìm kiếm chúng tôi khi bạn đang ở trong thị trấn.
Is there any particular color that you are interested in?,Có màu sắc đặc biệt nào mà bạn quan tâm không?
"I have been typing this report since this morning, but I'm only halfway through.","Tôi đã gõ báo cáo này từ sáng nay, nhưng tôi mới đi được nửa đường."
Tom cut through the parking lot,tom cắt qua bãi đậu xe
Where were they going?,họ đã đi đâu
They must really hate me.,họ phải thực sự ghét tôi
I must get my work done by the day after tomorrow,tôi phải hoàn thành công việc của mình vào ngày hôm sau
Tom is prepared.,tom đã được chuẩn bị.
"Tom asked Mary where she lived, but she wouldn't tell him.","Tom hỏi mary nơi cô sống, nhưng cô sẽ không nói với anh ta."
I met her on my way home,tôi gặp cô ấy trên đường về nhà
I saw you hide it under your bed.,tôi thấy bạn giấu nó dưới giường của bạn.
Tell me how to get back to the hotel,cho tôi biết làm thế nào để trở về khách sạn
Were you attacked?,bạn đã bị tấn công?
On Sundays I rest.,vào chủ nhật tôi nghỉ ngơi.
I'd rather live in a wooden house,tôi thà sống trong một ngôi nhà gỗ
It all comes down to a question of loyalty.,tất cả bắt nguồn từ một câu hỏi về lòng trung thành.
It's time for a change.,Đã đến lúc phải thay đổi.
We're dizzy.,chúng tôi choáng váng.
He can speak French and English,anh ấy có thể nói tiếng Pháp và tiếng Anh
I need a miracle,tôi cần một phép màu
You need to tell me the truth,bạn cần nói cho tôi sự thật
I asked Tom to leave,tôi yêu cầu tom rời đi
What'll you do next?,bạn sẽ làm gì tiếp theo?
The waves swallowed up the boat,những con sóng nuốt chửng con thuyền
The man gave no heed to her loud protest.,người đàn ông không chú ý đến sự phản kháng lớn của cô.
It cost $300 to get the car fixed.,Nó có giá 300 đô la để có được chiếc xe cố định.
I doubt that's what really happened.,Tôi nghi ngờ đó là những gì thực sự đã xảy ra.
Is there anything unusual about that?,Có điều gì bất thường về điều đó?
Tom never seems to finish anything.,tom dường như không bao giờ hoàn thành bất cứ điều gì.
He's just buying time.,Anh ấy chỉ đang mua thời gian.
Allan left us.,allan rời bỏ chúng tôi.
I'm a free man.,Tôi là một người tự do.
"Obviously, you don't understand.","rõ ràng, bạn không hiểu."
Did you take a shower today?,hôm nay bạn có tắm không
Come to the front of the classroom,đến trước lớp học
Let's go to the kitchen,chúng ta hãy vào bếp
Tom walked to the edge of the pool,tom đi đến mép hồ bơi
Tom and Mary need to help each other more often,tom và mary cần giúp đỡ nhau thường xuyên hơn
You should be able to manage it,bạn sẽ có thể quản lý nó
I have gone through many hardships.,tôi đã trải qua nhiều khó khăn
Tom reached down to assist Mary to her feet.,tom đưa tay xuống để giúp mary đứng lên.
What's your favorite screen saver?,trình bảo vệ màn hình yêu thích của bạn là gì?
I didn't do anything wrong,tôi không làm gì sai
She is concerned about her son's health.,cô quan tâm đến sức khỏe của con trai mình.
"Once upon a time, there lived a stingy old man in the village","Ngày xửa ngày xưa, có một ông già keo kiệt trong làng"
Tom is not far off the mark.,tom không còn xa
I locked myself out of my house,tôi tự nhốt mình ra khỏi nhà
Mary is sitting at the desk.,mary đang ngồi ở bàn làm việc
Don't bother taking an umbrella with you,đừng bận tâm mang theo dù
I have nothing to open the can with.,tôi không có gì để mở lon với.
He has just come back,anh ấy vừa trở lại
Tom says he can't sleep.,Tom nói rằng anh ta không thể ngủ được.
Tom walked toward the entrance.,tom đi về phía lối vào.
He was out of breath,anh ấy đã hụt hơi
He needs money,anh ấy cần tiền
You look busy,bạn trông có vẻ bận rộn
Something's happening on Park Street,một cái gì đó đang xảy ra trên đường công viên
Stop putting off finding a job.,ngừng tìm việc làm
I never leave home without it.,Tôi không bao giờ rời khỏi nhà mà không có nó.
I don't see the point.,tôi không thấy vấn đề
You did it again,bạn đã làm lại
They were forced to withdraw.,họ buộc phải rút.
She caught my eye.,cô ấy lọt vào mắt tôi
"Anyway, I'll take a chance.","Dù sao, tôi sẽ có một cơ hội."
He wanted to be woken up early by his wife,anh muốn được vợ đánh thức dậy sớm
Is this your briefcase?,đây có phải là chiếc cặp của bạn không?
This is the only thing that was left.,đây là thứ duy nhất còn lại
We have a place for you to live.,chúng tôi có một nơi để bạn sống
There is no cause for undue alarm,không có lý do cho báo động quá mức
What have they done today?,họ đã làm gì hôm nay?
I thought you said Tom used to live in Boston,Tôi nghĩ bạn nói tom đã từng sống ở boston
I know how busy Tom has been,tôi biết tom đã bận rộn như thế nào
That can happen sometimes.,điều đó đôi khi có thể xảy ra
They will probably handle this well,họ có thể sẽ xử lý việc này tốt
He was wise not to participate in it,anh ấy đã khôn ngoan không tham gia vào nó
"Beth was looking forward to meeting him, but he never showed up.","Beth đã mong được gặp anh ấy, nhưng anh ấy không bao giờ xuất hiện."
Tom transferred in from Boston.,tom chuyển từ boston.
Does Tom have ponytail?,Tom có tóc đuôi ngựa không?
Don't touch me.,đừng chạm vào tôi.
I hope you're more interested than you seem,tôi hy vọng bạn quan tâm nhiều hơn bạn
They'll know.,họ sẽ biết.
The plane took off exactly at six.,Máy bay cất cánh chính xác lúc sáu giờ.
Tom should take an umbrella because it looks like rain.,tom nên lấy một cái ô vì nó trông giống như mưa.
May I leave school early today?,hôm nay tôi có thể nghỉ học sớm không?
We'll get you another balloon.,chúng tôi sẽ giúp bạn có một quả bóng khác.
Thank you for helping me clean out the garage.,cảm ơn bạn đã giúp tôi dọn dẹp nhà để xe.
You look nice in that red sweater.,bạn trông thật đẹp trong chiếc áo len màu đỏ đó
I think I'm going to be busy on Friday.,tôi nghĩ rằng tôi sẽ bận rộn vào thứ sáu.
Tom is looking forward to seeing you again,tom rất mong được gặp lại bạn
Tom is now looking for a bigger house to live in.,Tom đang tìm kiếm một ngôi nhà lớn hơn để sống.
Everything's fine,mọi thứ đều ổn
How long will they stay?,họ sẽ ở lại bao lâu
You've run out of time,bạn đã hết thời gian
Would you like a glass of orange juice with your breakfast?,Bạn có muốn một ly nước cam với bữa sáng của bạn?
"After I found out where Tom went, I went to look for him.","Sau khi tôi phát hiện ra tom đã đi đâu, tôi đã đi tìm anh ấy."
Who would want to hurt Tom?,Ai muốn làm tổn thương tom?
"Except for John, they all arrived","ngoại trừ john, tất cả họ đã đến"
"Frankly speaking, he is an unreliable man","thẳng thắn mà nói, anh ấy là một người đàn ông không đáng tin cậy"
You've already got a job.,bạn đã có một công việc.
"Don't hang up yet, please.",xin đừng cúp máy
Let's get up early and watch the sunrise,hãy dậy sớm và ngắm bình minh
Tom bought the house next door to me three years ago,Tom mua căn nhà bên cạnh tôi ba năm trước
"You're in trouble again, aren't you?",bạn lại gặp rắc rối phải không?
Please give me a break,"Xin vui lòng, cho tôi nghỉ ngơi"
I replied that I didn't have parents any more.,tôi trả lời rằng tôi không còn cha mẹ nữa.
How does this soup taste?,món súp này có vị như thế nào?
She asserted that she was right.,Cô khẳng định mình đã đúng.
You'd look good in that dress.,bạn sẽ trông ổn trong chiếc váy đó
Jiro has not come back from New York yet.,jiro vẫn chưa trở về từ new york.
Don't be so sensitive to criticism.,đừng quá nhạy cảm với những lời chỉ trích.
Are you worried about me?,Bạn có lo lắng về tôi không?
I'm pretty sure Tom's richer than Mary,Tôi khá chắc chắn rằng Tom giàu hơn mary
Our visit was wonderful.,chuyến thăm của chúng tôi là tuyệt vời.
Don't let him open the door,đừng để anh ấy mở cửa
"I called Susan to apologize to her, but she hung up on me","tôi gọi susan để xin lỗi cô ấy, nhưng cô ấy cúp máy tôi"
Have you seen Tom's phone?,bạn đã thấy điện thoại của tom chưa?
The sun rose over the horizon.,mặt trời mọc trên đường chân trời.
I'm satisfied with everything.,Tôi hài lòng với tất cả mọi thứ.
It seemed appropriate,nó có vẻ thích hợp
You were never a good student,bạn chưa bao giờ là học sinh giỏi
Tom couldn't see anybody.,Tom không thể nhìn thấy bất cứ ai.
That's not a bad thing.,Đó không phải là một điều xấu.
Tom talked too much.,tom nói quá nhiều
I'm out here.,tôi ra khỏi đây
You may enter now,bạn có thể nhập ngay bây giờ
How have you been recently?,dạo này bạn thế nào
We visited Nikko the next day.,chúng tôi đã đến thăm nikko vào ngày hôm sau.
"You are really clumsy, aren't you!","bạn thực sự vụng về, phải không!"
Tom was thinking of moving east,tom đã nghĩ đến việc di chuyển về phía đông
Tajima went to London by way of Paris.,tajima đã đến london bằng đường paris.
It was because of her that he lived so miserably.,Chính vì cô mà anh sống khổ sở.
People of all ages like this song.,mọi người ở mọi lứa tuổi đều thích bài hát này
What subject do you major in?,bạn học chuyên ngành gì
Who told you to bring me here?,ai bảo bạn đưa tôi đến đây?
I appreciate you coming here,tôi đánh giá cao bạn đến đây
I'm not bossy,tôi không hách dịch
I'll go to London.,Tôi sẽ đến Luân Đôn.
Tom didn't tell me about you.,Tom đã không nói với tôi về bạn.
Scientists are debating his theory about the disappearance of the dinosaurs,các nhà khoa học đang tranh luận về lý thuyết của ông về sự biến mất của khủng long
What shoes do you like?,bạn thích đôi giày nào
This is a post office and that is a bank.,đây là một bưu điện và đó là một ngân hàng
"Above all, be careful about what you eat and drink.","Trên hết, hãy cẩn thận về những gì bạn ăn và uống."
I'm sure Tom is looking out for Mary,tôi chắc chắn tom đang tìm mary
What do you need that for?,bạn cần cái đó để làm gì
It was on the list.,nó nằm trong danh sách
I'll follow Tom's recommendations,tôi sẽ làm theo khuyến nghị của tom
How much money do you have with you?,bạn có bao nhiêu tiền
I shouldn't have sent that email,tôi không nên gửi email đó
Tom sits in his room all day and does nothing,Tom ngồi trong phòng cả ngày và không làm gì cả
Tom can't ever seem to make up his mind,Tom dường như không bao giờ quyết định
How big an idiot do you think I am?,bạn nghĩ tôi là một thằng ngốc lớn đến mức nào?
I think you'd be interested in this,tôi nghĩ rằng bạn sẽ quan tâm đến điều này
"Tomorrow, we'll be starting school.","ngày mai, chúng ta sẽ bắt đầu đi học"
Something was bothering Tom,có gì đó làm phiền tom
It's across the street,đó là trên đường phố
This bag cost me 6 pounds.,cái túi này có giá 6 bảng.
Tom wants to buy Mary a present,tom muốn mua mary một món quà
Will you be ready by 2:30?,bạn sẽ sẵn sàng trước 2:30 chứ?
Mary runs a food bank in London,mary điều hành một ngân hàng thực phẩm ở Luân Đôn
Tom scratched himself.,Tom tự gãi.
There has to be something else we can do,chúng ta phải làm gì đó
The truth is that nothing is totally true or false.,sự thật là không có gì là hoàn toàn đúng hay sai.
Parents are proud of their children when they do well in school,cha mẹ tự hào về con cái của họ khi họ học tốt ở trường
These light bulbs can't all be bad,những bóng đèn này không phải là xấu
He is by far the best boy in the class,anh ấy là cậu bé tốt nhất trong lớp
She doesn't understand you.,cô ấy không hiểu bạn.
Give Tom what he asks for,cho tom những gì anh ấy yêu cầu
The two countries will negotiate a settlement to the crisis.,hai nước sẽ đàm phán giải quyết cuộc khủng hoảng.
"If Tom had money problems, I think he'd let us know","Nếu tom có vấn đề về tiền bạc, tôi nghĩ anh ấy sẽ cho chúng tôi biết"
I thought Tom was with Mary.,tôi nghĩ tom là với mary.
I can spot a bleached blonde from a mile away,tôi có thể nhận ra một cô gái tóc vàng tẩy trắng từ cách xa một dặm
Tom would never lie to me,tom sẽ không bao giờ nói dối tôi
You're never going to find a better boyfriend than Tom,bạn sẽ không bao giờ tìm được một người bạn trai tốt hơn tom
Sign here.,ký vào đây.
What did you mean?,Bạn có ý gì?
I'm not in a very good mood,tôi không có tâm trạng tốt
It's very cold now,bây giờ trời rất lạnh
Tom expected it to cost a lot more,tom dự kiến nó sẽ có giá cao hơn nhiều
I have a question for Tom,tôi có một câu hỏi cho tom
I just let Tom think we did that even though we didn't really do it,tôi chỉ để tom nghĩ rằng chúng tôi đã làm điều đó mặc dù chúng tôi không thực sự làm điều đó
"In the U.S., you usually have to show identification in order to buy alcohol.","trong u.s., bạn thường phải xuất trình giấy tờ tùy thân để mua rượu."
Tom cut up all the pictures he had of Mary.,tom cắt tất cả những hình ảnh ông có của mary.
It remains to be seen if I can get there in time,nó vẫn còn để xem nếu tôi có thể đến đó kịp thời
Tom looked well.,Tom nhìn tốt.
"Compared to you, I'm only a beginner at this game.","so với bạn, tôi chỉ là người mới chơi trò chơi này."
Either we all go or nobody goes,hoặc tất cả chúng ta đi hoặc không ai đi
Buddhism had its beginnings in India.,phật giáo đã bắt đầu ở Ấn Độ.
"First, make sure the information's correct.","đầu tiên, đảm bảo thông tin chính xác."
I knew that.,tôi biết rằng.
It was a ship with a crew of 25 sailors,đó là một con tàu với thủy thủ đoàn gồm 25 thủy thủ
What does it look like to you?,nó trông như thế nào với bạn
"Although Tom is sick, he's swimming","mặc dù tom bị ốm, anh ấy đang bơi"
You're being followed,bạn đang bị theo dõi
Teachers must understand children.,Giáo viên phải hiểu trẻ.
I want to go back to my room.,tôi muốn trở về phòng của tôi
He refused my offer for no good reason,ông từ chối lời đề nghị của tôi không có lý do chính đáng
May I leave my phone number?,tôi có thể để lại số điện thoại của tôi?
It can happen to anyone.,Nó có thể xảy ra với bất cứ ai.
My brother leaves his room in a mess,anh tôi rời khỏi phòng trong một mớ hỗn độn
Where's the sunscreen?,kem chống nắng ở đâu
What time will you be back?,Mấy giờ bạn sẽ trở về?
"If I were you, I wouldn't do such a rude thing","nếu tôi là bạn, tôi sẽ không làm điều thô lỗ như vậy"
It's eight o'clock at night,bây giờ là tám giờ tối
Tom put the skis on top of the car.,tom đặt ván trượt lên trên xe.
Tom is in a bad mood today.,Tom đang ở trong một tâm trạng xấu ngày hôm nay.
Could you perhaps translate that for me?,có lẽ bạn có thể dịch nó cho tôi?
A thick mist covered the countryside.,Một màn sương dày bao phủ vùng quê.
I'm trying to keep Tom out of trouble,tôi đang cố gắng để tránh rắc rối
Both Tom and Mary aren't very good at cooking.,cả tom và mary đều không giỏi nấu ăn.
You shouldn't ask personal questions,bạn không nên đặt câu hỏi cá nhân
I go to school at eight in the morning,tôi đi học lúc tám giờ sáng
Do you think I'd be here if I didn't have to be?,bạn có nghĩ tôi sẽ ở đây nếu tôi không phải ở đó không?
Eat slowly,ăn chậm thôi
It occurred to me spontaneously,nó xảy ra với tôi một cách tự nhiên
I'm not mean,Tôi không có ý đó
That child soon fell asleep.,Đứa trẻ đó ngủ sớm.
Tom turned the tap on,tom bật vòi nước
Tom asked Mary to be quiet,Tom yêu cầu mary im lặng
We enjoyed ourselves at the seaside,chúng tôi rất thích ở bờ biển
I'll buy that back from you if that's what you want,Tôi sẽ mua lại từ bạn nếu đó là những gì bạn muốn
That was a question I should've asked before,đó là một câu hỏi tôi nên hỏi trước đây
She finished up lunch with coffee.,Cô ăn trưa xong với cà phê.
That cat is brown.,Con mèo đó màu nâu.
They announced the engagement of their daughter,họ tuyên bố đính hôn với con gái
"Everybody loves Tom, right?","mọi người đều thích tom, phải không?"
I have relatives in Boston,tôi có người thân ở boston
It really breaks my heart,nó thực sự làm tan vỡ trái tim tôi
Tom poured the remaining beer into the sink.,tom đổ số bia còn lại vào bồn.
They stared at her swimming suit in amazement.,họ nhìn chằm chằm vào bộ đồ bơi của cô trong sự kinh ngạc.
I don't think he's a great actor,tôi không nghĩ anh ấy là một diễn viên tuyệt vời
I gave him some good advice about buying land.,tôi đã cho anh ta một số lời khuyên tốt về việc mua đất.
Can you believe them?,bạn có thể tin họ không?
Tom doesn't like skipping rope,tom không thích nhảy dây
Our school has adopted a new teaching method,trường chúng tôi đã áp dụng một phương pháp giảng dạy mới
He attended the meeting for his father.,ông đã tham dự cuộc họp cho cha mình.
Please treat me this year as well as you did last year.,hãy đối xử với tôi trong năm nay cũng như bạn đã làm năm ngoái.
He thinks that his success is due to luck,anh ấy nghĩ rằng thành công của anh ấy là do may mắn
Tom is right there.,tom ở ngay đây
Tom gave me your address.,tom cho tôi địa chỉ của bạn.
It took me a while to understand what she was trying to say.,phải mất một lúc tôi mới hiểu cô ấy đang cố nói gì.
I do not think they will accept these terms and conditions,tôi không nghĩ họ sẽ chấp nhận những điều khoản và điều kiện này
