en_sents,vi_sents
I heard the news that you purchased a new car.,Tôi nghe tin là bạn đã mua một chiếc xe hơi mới.
Science has brought about many changes in our lives,khoa học đã mang lại nhiều thay đổi trong cuộc sống của chúng ta
Tom didn't get there in time.,Tom đã không đến đó kịp thời.
Here are the pictures from last night,đây là những hình ảnh từ tối qua
That's the least of your problems right now,đó là vấn đề ít nhất của bạn lúc này
I'm against us waiting.,Tôi phản đối việc chúng ta chờ đợi.
Tom slept for twelve hours straight,tom ngủ mười hai giờ liền
He seized the boy by the arm.,anh nắm lấy tay cậu bé.
"I waited for an hour, but he didn't appear","Tôi đợi một tiếng, nhưng anh ta không xuất hiện."
"Line up by height, please.","xếp hàng theo chiều cao, xin vui lòng."
I like rice,tôi thích cơm
We nearly missed the train,chúng tôi suýt lỡ chuyến tàu
He concealed his mouth.,Anh ấy che miệng lại.
Can you tell me who was the first to ascend Mount Everest?,Bạn có thể cho tôi biết ai là người đầu tiên leo lên đỉnh Everest không?
Tom didn't know how to reply,tom không biết trả lời sao
Thunder indicates that a storm is near,sấm sét chỉ ra rằng một cơn bão đang đến gần
Does this car belong to you?,Chiếc xe này có phải của bạn không?
We'd appreciate it if you could introduce yourself briefly.,Chúng tôi sẽ rất cảm kích nếu bạn có thể giới thiệu sơ lược về bản thân.
The constant waiting made them feel fatigued.,Việc chờ đợi liên tục khiến họ cảm thấy mệt mỏi.
The sky was full of stars.,bầu trời đầy sao.
I could barely speak,tôi hầu như không thể nói
I am the best,tôi là nhất
I think maybe Tom needs me.,Tôi nghĩ có lẽ tom cần tôi.
Tom told me to expect a lot of noise here.,Tom nói với tôi rằng hãy chuẩn bị tinh thần cho nhiều tiếng ồn ở đây.
He was shy at the beginning.,Anh ấy đã ngại ngùng ngay từ đầu.
Are you going to vote in the upcoming election?,bạn sẽ bỏ phiếu trong cuộc bầu cử sắp tới?
The mark on the shirt was no longer visible post-wash.,Vết bẩn trên áo không còn nhìn thấy được sau khi giặt.
I told him that he was wrong.,tôi nói với anh ấy rằng anh ấy đã sai.
She accompanied her friend to the concert,cô đi cùng bạn của mình đến buổi hòa nhạc
Shall we go and eat?,chúng ta sẽ đi ăn chứ
I've gotten hungry.,Tôi đã đói.
I'm getting a new house built,tôi đang xây một ngôi nhà mới
You're not hearing me out.,Bạn không lắng nghe tôi nói hết.
It's been a rather hectic period for me.,Đây là một giai đoạn khá bận rộn đối với tôi.
I didn't expect them to arrive.,Tôi không mong đợi họ đến.
The same thing that befell Tom might have happened to me.,Điều tương tự đã xảy ra với Tom cũng có thể xảy ra với tôi.
What are some good foods to eat with potatoes?,một số thực phẩm tốt để ăn với khoai tây là gì?
Tom went home.,tom về nhà
Would you join me for some ballroom dancing?,bạn sẽ tham gia cùng tôi để nhảy khiêu vũ chứ?
I'm not like most people,tôi không giống hầu hết mọi người
Many consider philosophy to be a challenging subject.,Nhiều người coi triết học là một môn học khó.
We won't do it without you.,chúng tôi sẽ không làm điều đó mà không có bạn.
What's the reason you're so mad at him?,Lý do gì mà bạn lại giận anh ấy đến vậy?
You have half a minute.,Bạn có nửa phút.
We can both do it.,cả hai chúng ta có thể làm điều đó
He disappeared without a trace,anh ta biến mất không một dấu vết
Jenny thanked me for the gift,jenny cảm ơn tôi về món quà
Please forgive me for not having written sooner.,xin vui lòng tha thứ cho tôi vì đã không viết sớm hơn.
I'm pleased to meet you,tôi rất vui được gặp bạn
The lipstick set him back twenty dollars.,Thỏi son đó đã khiến anh ấy mất hai mươi đô la.
What do you think of these?,Bạn nghĩ gì về những thứ này?
I don't know Tom very well.,tôi không biết rõ về tom
We got a good price for that,chúng tôi có một mức giá tốt cho điều đó
I did nothing out of the ordinary.,tôi không làm gì khác thường
The price of fuel continues to climb.,Giá nhiên liệu tiếp tục leo thang.
We're both named Tom.,chúng tôi đều tên là tom.
This game would be ours if he were an effective pitcher.,Trận đấu này sẽ là của chúng ta nếu anh ấy là một người ném bóng hiệu quả.
Just give me a bit more time.,chỉ cần cho tôi thêm một chút thời gian
The decision was made by her to have the operation.,Cô ấy đã đưa ra quyết định phẫu thuật.
Don't mess things up.,đừng làm mọi thứ rối tung lên
I don't like being cheated.,Tôi không thích bị lừa dối.
We aren't dead yet.,chúng tôi chưa chết
I have a friend whose dad's profession is teaching.,Tôi có một người bạn mà nghề của bố cô ấy/anh ấy là dạy học.
There's coal burning inside the stove.,Có than đang cháy bên trong bếp.
I'm not about to ask him,tôi không định hỏi anh ấy
I hardly ever see Tom anymore.,Tôi hầu như không bao giờ nhìn thấy tom nữa.
Tom isn't convinced,tom không bị thuyết phục
There was a need for intervention.,Cần phải có sự can thiệp.
It was clear to me that you wouldn't leave.,Rõ ràng với tôi là bạn sẽ không rời đi.
He was spared a court appearance by the police.,Anh ta đã được cảnh sát tha cho việc ra tòa.
Tom had to get some aid to complete his taxes.,Tom phải nhờ giúp đỡ để hoàn thành các khoản thuế của mình.
"Tom doesn't want you to go, does he?","Tom không muốn bạn đi, phải không?"
Some people think that advertising is a form of brainwashing.,một số người nghĩ rằng quảng cáo là một hình thức tẩy não.
Where did you buy that skirt?,bạn mua cái váy đó ở đâu
I had a dentist's appointment this morning.,tôi đã có một cuộc hẹn với nha sĩ sáng nay.
I'm going to grab a bite to eat,tôi sẽ cắn một miếng để ăn
Tom told me you needed some money.,tom nói với tôi bạn cần một số tiền
Wasn't Tom supposed to be here?,Tom không ở đây à?
"I'm sorry, but you're wrong.","tôi xin lỗi, nhưng bạn đã sai"
I locked myself out of my house,tôi tự nhốt mình ra khỏi nhà
He is absorbed in the study of linguistics.,ông mải mê nghiên cứu ngôn ngữ học.
I didn't expect that to come from you.,tôi không mong đợi điều đó đến từ bạn
I think I broke Tom's heart.,Tôi nghĩ rằng tôi đã phá vỡ trái tim của tom.
Many young people in Japan eat bread for breakfast.,Nhiều người trẻ ở Nhật Bản ăn bánh mì cho bữa sáng.
I trust you.,tôi tin bạn.
I'll share with you the small amount of cash I possess.,Tôi sẽ chia sẻ với bạn số tiền ít ỏi tôi có.
Tom and Mary quietly slipped out of the room.,Tom và mary lặng lẽ rời khỏi phòng.
It's essential to combat that propensity of yours.,Điều cần thiết là phải chiến đấu chống lại khuynh hướng đó của bạn.
I'm really looking forward to a restful night's sleep now that Tom is no longer a concern.,Tôi thực sự mong chờ một giấc ngủ đêm ngon giấc khi Tom không còn là mối bận tâm nữa.
Why are you studying Italian?,tại sao bạn học tiếng ý
Tom threw a wadded-up piece of paper at Mary.,tom ném một mảnh giấy bông lên mary.
Shall we discuss this contentiously?,Chúng ta sẽ thảo luận một cách tranh cãi về điều này chứ?
He's completely enamored.,Anh ấy hoàn toàn mê đắm.
"You just saw something, didn't you?","bạn vừa thấy một cái gì đó, phải không?"
We weren't involved in that,chúng tôi không liên quan đến điều đó
It's recommended that you apologize for what came out of your mouth.,Nên là bạn hãy xin lỗi vì những gì đã nói ra.
Tom had a bad dream last night,Tom đã có một giấc mơ tồi tệ đêm qua
I was under the impression your cello was in the auto.,Tôi đã có ấn tượng rằng cây cello của bạn đã ở trong xe.
Your time has come,Thời của bạn đã đến
"No matter how hard he tried, he could not get out of the maze","dù cố gắng thế nào, anh cũng không thể thoát ra khỏi mê cung"
You have to choose your own destiny,bạn phải chọn số phận của riêng bạn
The number of people suffering from AIDS has increased,số người bị bệnh viện trợ đã tăng lên
Urgent business discouraged him from going on a picnic,công việc khẩn cấp khiến anh không thể đi dã ngoại
We can't both coexist in this small town.,Chúng ta không thể cùng tồn tại trong thị trấn nhỏ bé này.
She sat next him and listened quietly.,Cô ngồi cạnh anh và im lặng lắng nghe.
I always figured Tom would become a teacher.,tôi luôn luôn nghĩ rằng tom sẽ trở thành một giáo viên.
She is living in the middle of nowhere.,cô ấy đang sống ở một nơi xa xôi
The lipstick cost him twenty dollars.,Thỏi son đó đã tiêu tốn của anh ấy hai mươi đô la.
Could you please help Tom?,Bạn có thể giúp Tom một chút được không?
Don't waste so much food,đừng lãng phí quá nhiều thức ăn
"If you listen carefully to my instructions, it'll save you some time","nếu bạn lắng nghe cẩn thận những chỉ dẫn của tôi, nó sẽ giúp bạn tiết kiệm thời gian"
Any suitcases for us to inspect?,Có vali nào để chúng tôi kiểm tra không?
Tom ought not to have used Mary's car.,Tom lẽ ra không nên sử dụng xe của Mary.
The likelihood of him succeeding is minimal.,Khả năng anh ấy thành công là rất nhỏ.
Just answer the question.,Chỉ cần trả lời câu hỏi.
He underlined the significance of the problem.,Ông ấy đã nhấn mạnh tầm quan trọng của vấn đề.
Do you believe Tom is without scruples?,Bạn có tin rằng Tom là người không có lương tâm không?
Tom gives the impression of being utterly fatigued.,Tom tạo ấn tượng như thể anh ấy hoàn toàn mệt mỏi.
Food is a basic necessity,thực phẩm là một nhu cầu cơ bản
You'll find transparent glass in nearly all cars.,Bạn sẽ thấy kính trong suốt ở gần như tất cả các xe ô tô.
Tom held out his mug and Mary refilled it,tom đưa cốc của mình ra và mary nạp lại
I don't want to lose my wife.,Tôi không muốn mất vợ.
Do you think I should do this?,Bạn có nghĩ rằng tôi nên làm điều này?
I just got back from supermarket.,tôi vừa trở về từ siêu thị
Tom was on the bus.,Tom đã lên xe buýt.
Are you coming back?,bạn có về không
Just say yes or no.,chỉ nói có hoặc không.
The radio was invented by Marconi,radio được phát minh bởi marconi
Everything's fine,mọi thứ đều ổn
Don't take unnecessary risks.,đừng chấp nhận rủi ro không cần thiết.
This is the last one we have.,đây là cái cuối cùng chúng ta có
I located the gloves that had been placed below the chair.,Tôi đã xác định vị trí đôi găng tay đã được đặt dưới ghế.
We didn't know what to do next.,chúng tôi không biết phải làm gì tiếp theo.
It rained day after day.,ngày mưa ngày này qua ngày khác
That house is really better than this house.,Ngôi nhà đó thực sự tốt hơn ngôi nhà này.
I ran into Tony as I was going home yesterday.,Tôi tình cờ gặp Tony khi đang về nhà hôm qua.
There was something.,có một cái gì đó
Seven is sometimes considered a lucky number.,bảy đôi khi được coi là một con số may mắn.
Tom doesn't think Mary is fit for the job,Tom không nghĩ mary phù hợp với công việc
I spent all the money I had to buy the book,tôi đã tiêu hết số tiền tôi phải mua cuốn sách
The police continued their investigation,cảnh sát tiếp tục điều tra
Where were they going?,họ đã đi đâu
"Thanks to you, we're in quite a pickle.",Nhờ bạn mà chúng tôi đang gặp rắc rối lớn.
They will do anything to reach their political objectives.,Họ sẽ làm bất cứ điều gì để đạt được các mục tiêu chính trị của mình.
It's impossible to tell what might happen.,không thể biết chuyện gì có thể xảy ra
He did not go into Earth orbit.,ông không đi vào quỹ đạo trái đất.
What brings you here by yourself?,Điều gì đưa bạn đến đây một mình vậy?
We'll have the element of surprise on our side.,chúng ta sẽ có yếu tố bất ngờ về phía chúng ta.
"Tom didn't want to sing, but Mary made him sing.","Tom không muốn hát, nhưng mary đã bắt anh hát."
I had lost my pen,tôi bị mất bút
I waited for an hour in the meeting room,tôi đã đợi một giờ trong phòng họp
You appear to be making an overwhelming effort.,Bạn dường như đang nỗ lực quá lớn.
It's a work in progress.,đó là một công việc đang tiến triển.
A conflagration suddenly ignited within the picture house.,Một vụ hỏa hoạn bất ngờ bùng lên bên trong rạp chiếu bóng.
You're the one who started the fight,bạn là người bắt đầu cuộc chiến
The meeting lasted two hours,cuộc họp kéo dài hai giờ
Could you give us a brief introduction to who you are?,Bạn có thể giới thiệu sơ qua về bản thân mình không?
You could experience some pain.,Bạn có thể trải qua một số cơn đau.
Our bus has arrived!,Xe buýt của chúng ta đã đến!
A meeting with Tom is highly essential for us.,Một cuộc gặp với Tom là cực kỳ cần thiết đối với chúng ta.
We're journeying with very little money to spare.,Chúng tôi đang du hành với rất ít tiền để chi tiêu.
"This isn't your place, is it?","Đây không phải là nơi của bạn, phải không?"
Follow the old river bed for two kilometers.,theo lòng sông cũ hai cây số.
Do you want to do that right now?,Bạn có muốn làm điều đó ngay bây giờ?
You're innocent,bạn vô tội
I managed to locate the gloves that were hidden below the chair.,Tôi đã xoay sở để định vị đôi găng tay đã được giấu dưới ghế.
I just told Tom to leave Mary alone,tôi chỉ bảo tom rời khỏi mary một mình
The evening meal is served between 9 and 12.,bữa ăn tối được phục vụ từ 9 đến 12.
I warned Tom about going outside once it was dark.,Tôi đã cảnh báo Tom về việc ra ngoài khi trời đã tối.
He's very upset by this.,Anh ấy rất buồn vì điều này.
Do you think you can live on a dollar a day in America?,Bạn có nghĩ rằng bạn có thể sống bằng một đô la một ngày ở Mỹ không?
Tom's not at all sure what he should do.,Tom không chắc chắn những gì anh ấy nên làm.
It could have been you,nó có thể là bạn
That's a pretty good idea,đó là một ý tưởng khá tốt
Why did you want to come back here?,tại sao bạn muốn quay lại đây
I don't want to miss the bus,tôi không muốn bỏ lỡ xe buýt
Please refer to page ten.,vui lòng tham khảo trang mười.
What made Tom convince you to do this?,Điều gì đã khiến Tom thuyết phục bạn làm điều này?
I told Tom that the party wouldn't be much fun,tôi nói với tom rằng bữa tiệc sẽ rất vui
Jane didn't buy it after all.,Jane đã không mua nó sau khi tất cả.
He asked his teacher stupid questions.,anh hỏi cô giáo những câu hỏi ngu ngốc.
I'm the only one who truly knows who Tom is.,Tôi là người duy nhất thực sự biết Tom là ai.
Your kids display exceptional good manners.,Con bạn thể hiện cách cư xử rất tốt.
"What do you want me to do, Tom?","bạn muốn tôi làm gì, tom"
That's a problem you have to handle by yourself,đó là một vấn đề bạn phải tự xử lý
The snowstorm continued.,cơn bão tuyết tiếp tục.
"Whichever you take, you will like it","bất cứ điều gì bạn lấy, bạn sẽ thích nó"
What's the reason you're here all by yourself?,Lý do bạn ở đây một mình là gì?
Search for the new expressions in your wordbook.,Tìm kiếm các cụm từ mới trong sổ từ của bạn.
I missed a golden opportunity,tôi đã bỏ lỡ một cơ hội vàng
You've certainly gotten us into a mess.,Bạn thực sự đã khiến chúng ta gặp rắc rối.
Your decision to stay didn't surprise me.,Quyết định ở lại của bạn không làm tôi ngạc nhiên.
Something is the matter with him today,hôm nay có vấn đề với anh ấy
Tom comes from Boston.,tom đến từ boston.
Tom needs proper medical treatment,tom cần điều trị y tế thích hợp
I was certain you wouldn't leave.,Tôi đã chắc chắn bạn sẽ không rời đi.
Why aren't you participating? I have no desire to.,Tại sao bạn không tham dự? Tôi không có mong muốn.
I hope we have a white Christmas,tôi hy vọng chúng ta có một Giáng sinh trắng
The validity of this ticket extends for two days from its date of purchase.,Thời hạn sử dụng của vé này kéo dài hai ngày kể từ ngày mua.
Tom knows it.,Tom biết điều đó.
Can you tell us what happened at school last Monday?,bạn có thể cho chúng tôi biết những gì đã xảy ra ở trường vào thứ hai tuần trước?
He greeted me with a smile.,Anh ấy chào tôi bằng một nụ cười.
It's nothing to be ashamed of,không có gì phải xấu hổ về
Eat your veggies,ăn rau của mình đi
"I didn't want to work with him, but I made the best of it","tôi không muốn làm việc với anh ta, nhưng tôi đã làm tốt nhất"
She has an encyclopedic knowledge of cooking,cô ấy có kiến thức bách khoa về nấu ăn
I can perceive that Tom is present.,Tôi có thể nhận thấy Tom đang có mặt.
My mother is angry.,Mẹ tôi tức giận.
We have only three days.,chúng tôi chỉ có ba ngày.
We must be going now,chúng ta phải đi ngay bây giờ
Her career was on the verge of collapse due to the scandal.,Sự nghiệp của cô ấy đứng trước bờ vực sụp đổ vì vụ bê bối.
I can't detect any pattern.,tôi không thể phát hiện bất kỳ mô hình.
Don't lean against this wall.,đừng dựa vào bức tường này
The rules require us all to be present.,các quy tắc yêu cầu tất cả chúng ta phải có mặt.
The ribbon doesn't match the dress.,ruy băng không phù hợp với chiếc váy.
How is Tom anyhow?,Tom thế nào rồi?
Tom punched him in the face,tom đấm vào mặt anh
He is an old friend of mine,anh ấy là một người bạn cũ của tôi
Which people are aboard the train?,Những người nào đang ở trên tàu?
What do we have before us?,Chúng ta có gì trước mặt đây?
I lost sight of her in the crowd.,tôi đã mất tầm nhìn của cô ấy trong đám đông.
Tom happened to meet Mary at the supermarket.,Tom tình cờ gặp mary ở siêu thị.
Is that all you have to say to me?,đó là tất cả những gì bạn phải nói với tôi?
I'll open it,tôi sẽ mở nó
Your work didn't come up to our expectations,công việc của bạn không đến với mong đợi của chúng tôi
Tom was extremely tardy.,Tom đã đến cực kỳ chậm trễ.
What is this before us?,Cái này là gì trước mặt chúng ta đây?
Would you see to it that they get properly fed?,Bạn có thấy rằng họ được cho ăn đúng cách?
I got paid today.,tôi đã được trả tiền ngày hôm nay
I wish I could figure out how to get Flash to work on my iPad.,tôi ước tôi có thể tìm ra cách để flash hoạt động trên ipad của tôi.
Tom remained busy packing.,Tom vẫn bận rộn với việc đóng gói.
Our intention isn't to create problems.,Ý định của chúng tôi không phải là gây ra vấn đề.
The only way I can eat oatmeal is with a lot of sugar.,Cách duy nhất tôi có thể ăn bột yến mạch là với rất nhiều đường.
Feel free to address me as Taro.,Cứ gọi tôi là Taro.
It's unlikely I'd look for you to get it.,Không có khả năng tôi sẽ mong bạn hiểu được điều đó.
Where will you go for the vacation?,bạn sẽ đi nghỉ ở đâu
The teacher is fresh from college,giáo viên mới ra trường
You look wasted.,bạn trông thật lãng phí
She writes to her parents once a week,cô ấy viết thư cho cha mẹ mỗi tuần một lần
I belong to the drama club,tôi thuộc câu lạc bộ kịch
I will have been studying English for five years next February,tôi sẽ học tiếng anh trong năm năm tới
This doesn't make Tom happy.,Điều này không làm Tom vui.
They harassed the latest addition to the class.,Họ đã quấy rối thành viên mới nhất của lớp.
He did not understand what was in the way of his success in life.,anh không hiểu điều gì đã cản trở thành công của anh trong cuộc sống.
There's a spider in the bathroom.,Có một con nhện trong phòng tắm.
I looked at myself in the mirror and I didn't like what I saw,tôi nhìn mình trong gương và tôi không thích những gì tôi thấy
You should manage your own responsibilities.,Bạn nên quản lý những trách nhiệm của riêng mình.
The foe released a large number of bombs over the factory.,Kẻ thù đã thả một số lượng lớn bom xuống nhà máy.
She divorced him after many years of unhappiness.,Cô ly dị anh sau nhiều năm bất hạnh.
The coffee was too hot for me to drink.,cà phê quá nóng để tôi uống
I like my job just fine.,tôi thích công việc của tôi tốt
The only access to the farmhouse is across the fields.,truy cập duy nhất vào trang trại là trên các lĩnh vực.
I told myself I could do it.,tôi tự nhủ mình có thể làm được.
Things are continuously worsening.,Mọi thứ đang ngày càng trở nên tồi tệ hơn.
Is anybody on the line?,có ai trên đường không?
"Don't worry about it, Tom. It's not your problem","đừng lo lắng về điều đó, tom. Đó không phải là vấn đề của bạn"
The mayor presented him with the key to the city,thị trưởng tặng ông chìa khóa cho thành phố
We should go get something to eat.,chúng ta nên đi ăn gì đó
I doubt that Tom is innocent,tôi nghi ngờ rằng tom là vô tội
Could you attach these buttons by sewing?,Bạn có thể đính các nút này bằng cách khâu không?
It seems to me you've already laid eyes on this.,"Với tôi, có vẻ bạn đã nhìn thấy điều này rồi."
Can I buy you dinner?,tôi có thể mua cho bạn bữa tối?
There was a small audience in the hall.,Có một khán giả nhỏ trong hội trường.
Don't let go of the rope.,đừng buông sợi dây.
My aunt grows tomatoes in her garden.,dì tôi trồng cà chua trong vườn nhà.
I can hear the wind in the trees.,tôi có thể nghe thấy tiếng gió trên cây.
Bela Lugosi acted in several movies,bela lugosi diễn xuất trong một số bộ phim
It took many torpedo hits to send the battleship Bismarck to Davy Jones's locker.,phải mất nhiều lần trúng ngư lôi để gửi tàu chiến bismarck tới tủ khóa của dones jones.
My memory failed me regarding your golf prowess.,Trí nhớ của tôi đã không còn nhớ được tài năng golf của bạn.
I'm not strange,tôi không lạ
Tom transferred in from Boston.,tom chuyển từ boston.
The travel company furnished us with all the details of the tour,công ty du lịch cung cấp cho chúng tôi tất cả các chi tiết của tour du lịch
Are you sure this is the spot?,bạn có chắc đây là chỗ không?
Tom inquired if Mary could buy a ticket for him.,Tom hỏi liệu Mary có thể mua vé cho anh ấy không.
We used to be close friends.,chúng tôi từng là bạn thân.
I can't spare the time.,Tôi không thể dành thời gian.
I didn't find Tom.,tôi đã không tìm thấy tom.
"I didn't want to catch a cold, so I didn't go skiing","tôi không muốn bị cảm lạnh, vì vậy tôi đã không đi trượt tuyết"
The cake should be done soon,bánh nên được thực hiện sớm
I don't want to make any mistakes,tôi không muốn phạm sai lầm
They didn't say anything,họ không nói gì cả
France is where this machine was made.,Pháp là nơi chiếc máy này được chế tạo.
What's his place of employment?,Nơi làm việc của anh ấy là ở đâu?
The factory suffered extensive bombing from the opposing forces.,Nhà máy phải chịu đựng cuộc ném bom dữ dội từ các lực lượng đối lập.
Tom's family vacations in the mountains every summer.,kỳ nghỉ của gia đình tom trên núi mỗi mùa hè.
The fuel gauge is broken.,đồng hồ đo nhiên liệu bị hỏng.
Someone has walked off with my pencil.,ai đó đã đi bằng bút chì của tôi.
We only use our basement for storage.,chúng tôi chỉ sử dụng tầng hầm của chúng tôi để lưu trữ.
This week is Fire Prevention Week,tuần này là tuần phòng cháy
We put in a lot of effort to achieve what we have.,Chúng tôi đã bỏ ra rất nhiều nỗ lực để đạt được những gì chúng tôi có.
Is that a fact?,Có phải đó là một thực tế?
That gave me a rough idea,điều đó đã cho tôi một ý tưởng sơ bộ
I'm no longer your assistant,tôi không còn là trợ lý của bạn
Sometimes it is pleasant to look back on one's childhood,đôi khi thật dễ chịu khi nhìn lại thời thơ ấu của một người
Tom always comments on my clothes,tom luôn bình luận về quần áo của tôi
Won't you have some coffee?,bạn sẽ không uống cà phê chứ?
Mary confirmed her intention to finish her homework.,Mary xác nhận ý định hoàn thành bài tập về nhà của mình.
Do you think I should stop Tom?,Bạn có nghĩ rằng tôi nên dừng tom?
We're not desperate yet.,chúng tôi chưa tuyệt vọng
We're a little behind,chúng tôi chậm hơn một chút
Tom shouldn't have used Mary's car without permission.,Tom không nên sử dụng xe của Mary mà không được phép.
Your children are impressively disciplined.,Con cái của bạn rất kỷ luật một cách đáng kinh ngạc.
I know someone whose dad teaches.,Tôi biết một người có bố làm nghề dạy học.
They all listened.,tất cả họ đều lắng nghe
I imagine that Tom will eventually fire Mary,tôi tưởng tượng rằng tom cuối cùng sẽ bắn mary
Beef is expensive nowadays.,Thịt bò ngày nay đắt tiền.
He has his father's speaking style.,Anh ấy có phong cách nói chuyện của bố mình.
She wanted him to say that he loved her,cô muốn anh nói rằng anh yêu cô
I really hate dairy products,tôi thực sự ghét các sản phẩm sữa
Tom has become a Canadian citizen.,tom đã trở thành một công dân Canada.
You need a license to drive a car,bạn cần bằng lái xe ô tô
He kissed her hand,anh hôn tay cô
The moon has no grass.,Mặt trăng không có cỏ.
Do you know how my friends describe me?,bạn có biết bạn bè của tôi mô tả tôi như thế nào không?
We'll catch up with them later.,chúng ta sẽ bắt kịp với họ sau
Tom claimed he wasn't afraid,tom tuyên bố anh không sợ
He is quite at home with computers.,Anh ấy ở nhà với máy tính.
Is there some kind of problem here?,Có một số loại vấn đề ở đây?
Please affix your signature at this spot.,Vui lòng ký tên của bạn vào vị trí này.
What exactly is this?,Cái này chính xác là gì?
I don't know what to do either.,tôi cũng không biết phải làm gì.
I had not waited long before she turned up.,tôi đã không đợi lâu trước khi cô ấy bật lên.
We had a short vacation in February.,chúng tôi đã có một kỳ nghỉ ngắn trong tháng hai.
Tom won't speak to anybody,tom sẽ không nói chuyện với bất cứ ai
He will often sit and look at the sea for hours.,anh ta sẽ thường ngồi và nhìn ra biển hàng giờ.
Tom doesn't recall where he left his coat.,Tom không nhớ mình đã để áo khoác ở đâu.
I avoid both cigarettes and alcohol.,Tôi tránh cả thuốc lá và rượu.
I had not expected Tom to be at the meeting,tôi đã không mong đợi tom sẽ có mặt tại cuộc họp
I emailed Tom his homework,tôi đã gửi email cho tom bài tập về nhà của anh ấy
Tom wants a sandwich.,tom muốn một chiếc bánh sandwich.
I suggested that John be called.,tôi đề nghị john được gọi.
The executive committee appointed him the president of the company.,ủy ban điều hành bổ nhiệm ông làm chủ tịch công ty.
What can you do now?,bạn có thể làm gì bây giờ?
I owe you a sincere apology,tôi nợ bạn một lời xin lỗi chân thành
This marks the third time I've done it.,Đây là lần thứ ba tôi làm việc đó.
That's exactly why I didn't tell you,đó chính xác là lý do tại sao tôi không nói với bạn
I had a blast yesterday night.,Tối qua tôi đã rất phấn khích.
The police seized the robber by the neck,cảnh sát đã bắt giữ tên cướp bằng cổ
Thank you for the time you spent with me during my visit to Atlanta,cảm ơn bạn đã dành thời gian cho tôi trong chuyến thăm của tôi đến Atlanta
They believed in me,họ tin tôi
We both know you don't swim very well,cả hai chúng tôi đều biết bạn không bơi rất giỏi
Tom wants you back,tom muốn bạn trở lại
I'll do it with you,tôi sẽ làm điều đó với bạn
He has gone to the library,anh ấy đã đi đến thư viện
Her vocal quality utterly charmed us.,Chất giọng của cô ấy hoàn toàn làm chúng tôi mê mẩn.
I'm not seen as competent enough for the job by my boss.,Tôi không được ông chủ của mình coi là đủ năng lực cho công việc.
Is there a restaurant close by?,Có nhà hàng nào gần không?
You should wash your hands.,bạn nên rửa tay
Tom walked down the hall alone.,tom bước xuống hội trường một mình.
I don't know what you really want,tôi không biết bạn thực sự muốn gì
Tom was skiing with his father when the accident happened.,Tom đang trượt tuyết với cha thì tai nạn xảy ra.
"I acquired this atlas for 2,000 yen.",Tôi đã mua tập bản đồ này với giá 2.000 yên.
She showed him several books that were on the shelf.,Cô cho anh xem vài quyển sách trên kệ.
She's in Japan specifically to undertake Japanese language lessons.,Cô ấy ở Nhật Bản đặc biệt để tham gia các bài học tiếng Nhật.
"I had no more than 1,000 yen",tôi đã có không quá 1.000 yên
Don't worry. I'll teach you how to drive.,đừng lo lắng Tôi sẽ dạy bạn lái xe.
I have many things to do,tôi có nhiều việc phải làm
Tom's undoubtedly furious.,Tom chắc chắn là tức điên.
I'll follow Tom's recommendations,tôi sẽ làm theo khuyến nghị của tom
"In science class, we drew pictures of cells","Trong lớp học khoa học, chúng tôi đã vẽ hình ảnh của các tế bào"
How many constellations can you name?,bạn có thể đặt tên cho bao nhiêu chòm sao?
London is where she resides.,Luân Đôn là nơi cô ấy sinh sống.
We were ready to head out.,Chúng tôi đã sẵn sàng để ra ngoài.
Tom chose to stay,tom chọn ở lại
Mary mentioned she would get her homework done.,Mary đã đề cập rằng cô ấy sẽ làm xong bài tập về nhà.
You've managed to get us into a troublesome situation.,Bạn đã xoay sở để đưa chúng tôi vào một tình huống rắc rối.
Tom put in a request for Mary to acquire a ticket on his behalf.,Tom đã yêu cầu Mary mua vé hộ anh ấy.
Xiaoli is the tallest in our class.,xiaoli là người cao nhất trong lớp của chúng tôi.
I'd like to make a reservation for 6 p.m. tomorrow.,Tôi muốn đặt chỗ trước 6 giờ tối. Ngày mai.
I see where Tom is coming from.,Tôi hiểu Tom xuất phát từ đâu.
He's known for his honesty.,Anh ấy nổi tiếng về sự trung thực của mình.
I discovered the gloves positioned under the seat.,Tôi đã phát hiện ra đôi găng tay đặt dưới ghế.
My brother is arriving tomorrow morning,sáng mai anh tôi đến
We've come home,chúng ta về nhà
We've decided to remove Tom from life support.,chúng tôi đã quyết định loại bỏ tom khỏi hỗ trợ cuộc sống.
Our team is still undefeated,đội của chúng tôi vẫn bất bại
Tom seems to want to talk to you,Tom dường như muốn nói chuyện với bạn
Where is the nearest shop?,cửa hàng gần nhất ở đâu?
Tom certainly isn't as bad as Mary claims he is.,Tom chắc chắn không tệ như mary tuyên bố.
Is every box now open?,Bây giờ tất cả các hộp đã được mở chưa?
The room went dark after she took action.,Căn phòng tối sầm lại sau khi cô ấy hành động.
This is Tom's last shot at redemption from my side.,Đây là cơ hội cuối cùng để Tom chuộc lỗi từ phía tôi.
We should've gotten up earlier.,chúng ta nên thức dậy sớm hơn
That land enjoys moderate weather conditions.,Vùng đất đó có điều kiện thời tiết ôn hòa.
I just wanted Mary to love me.,tôi chỉ muốn mary yêu tôi
How often do you go to school during the week?,Bạn đi học bao nhiêu lần trong tuần?
Ann had no friends to play with.,ann không có bạn bè để chơi với.
Maria lives in a middle class neighborhood.,maria sống trong một khu phố trung lưu.
He made it clear that he intended to do so,ông nói rõ rằng ông dự định làm như vậy
I'm trying to apologize.,Tôi đang cố gắng xin lỗi.
Our chances of winning this game would be high with a skilled pitcher like him.,Cơ hội thắng trò chơi này của chúng tôi sẽ cao nếu có một người ném bóng giỏi như anh ấy.
I believe you're putting in excessive effort.,Tôi tin rằng bạn đang nỗ lực quá mức.
I'm not mean,Tôi không có ý đó
They had a good time.,Họ đã có một khoảng thời gian vui vẻ.
Tom couldn't walk without a cane.,Tom không thể đi mà không có gậy.
This is where the concert took place the other day.,đây là nơi buổi hòa nhạc diễn ra vào một ngày khác
I didn't ask Tom to come back.,tôi không yêu cầu tom quay lại.
This is something I have to do.,đây là việc tôi phải làm
Tom has no qualms about stealing other people's food,tom không có ý định ăn cắp thức ăn của người khác
Samantha has arrived,samantha đã đến
We're already too late,chúng ta đã quá muộn
What's Dr. Jackson's operation count for this month?,Số lượng ca mổ của Bác sĩ Jackson trong tháng này là bao nhiêu?
Tom Jackson is the new name I've chosen.,Tom Jackson là cái tên mới mà tôi đã chọn.
Tom doesn't smoke anymore.,Tom không hút thuốc nữa.
I want to know who was in charge,tôi muốn biết ai chịu trách nhiệm
My opinion on what should be done is different from his,ý kiến của tôi về những gì nên làm là khác với anh ấy
A watchman sat with his legs crossed.,Một người canh gác ngồi khoanh chân.
"She can ride a motorcycle, not to mention a bicycle","cô ấy có thể đi xe máy, không kể xe đạp"
She is in Japan specifically to study the language.,Cô ấy ở Nhật Bản đặc biệt là để học ngôn ngữ này.
What is the final port for this ship?,Cảng cuối cùng của con tàu này là gì?
He was paralyzed by fear.,anh bị tê liệt vì sợ hãi.
One of her shoes dropped off.,một đôi giày của cô bị rơi ra
What did Tom think Mary would say?,Tom nghĩ mary sẽ nói gì?
I've been helping Tom out.,Tôi đã giúp tom ra.
I'm tired now,bây giờ tôi mệt
Slavery was eliminated by the president.,Chế độ nô lệ đã bị tổng thống loại bỏ.
We are hoping for your quick recovery.,chúng tôi đang hy vọng cho sự phục hồi nhanh chóng của bạn.
We made inquiries into his past,chúng tôi đã hỏi về quá khứ của anh ấy
Tom reminded us to do our homework,tom nhắc chúng tôi làm bài tập về nhà
I can't stand his behavior anymore,tôi không thể chịu được hành vi của anh ấy nữa
The factory was shut down ten years ago.,nhà máy đã đóng cửa mười năm trước.
"He moved to New York, where he looked for a job","anh ấy chuyển đến new york, nơi anh ấy tìm việc"
This sentence needs to be checked by a native speaker.,câu này cần được kiểm tra bởi người bản ngữ.
We should take precautions.,Chúng ta nên thực hiện các biện pháp phòng ngừa.
What would be the consequence if my parents learned of this?,Hậu quả sẽ là gì nếu bố mẹ tôi biết được điều này?
I was told by Tom that you would be present.,Tôi đã được Tom nói rằng bạn sẽ có mặt.
I don't blame them for this.,tôi không đổ lỗi cho họ vì điều này.
It took the doctor eight hours to do the operation,Bác sĩ phải mất tám giờ để thực hiện ca phẫu thuật
He's buying apples.,Anh ấy đang mua táo.
I recommended that Tom stay in after twilight.,Tôi đã khuyên Tom nên ở lại sau hoàng hôn.
We have arrived moments ago.,Chúng tôi vừa đến vài khoảnh khắc trước.
This isn't everyone's cup of tea,đây không phải là tách trà của mọi người
I understand why you expressed that.,Tôi hiểu tại sao bạn lại nói điều đó.
They were fed up with waiting.,Họ đã chán ngấy việc chờ đợi.
"To make our house payments, we're going to have to tighten our belts","để thanh toán tiền nhà, chúng tôi sẽ phải thắt lưng buộc bụng"
Why did he quit smoking?,Tại sao anh ta bỏ thuốc lá?
You're not cooperating.,bạn không hợp tác.
A penny for your thoughts.,Một xu cho những suy nghĩ của bạn.
I have to know what's going on,tôi phải biết chuyện gì đang xảy ra
This message comes from your captain.,Thông điệp này đến từ đội trưởng của quý vị.
The work is well worth the trouble.,công việc rất đáng để gặp rắc rối
Let's get some more information first,trước tiên hãy lấy thêm thông tin
Tom exerted pressure on Mary until she did it.,Tom đã gây áp lực lên Mary cho đến khi cô ấy làm điều đó.
I got it for half price at a sale.,tôi đã nhận được nó với một nửa giá bán.
I've been hoping for this major breakthrough.,Tôi đã hy vọng vào bước đột phá quan trọng này.
There was a violent clash of opinions between the two leaders,đã có một cuộc xung đột dữ dội về ý kiến giữa hai nhà lãnh đạo
Can anyone vouch for your whereabouts last night?,bất cứ ai có thể chứng minh cho nơi ở của bạn đêm qua?
I can't say that I'm surprised,tôi không thể nói rằng tôi ngạc nhiên
Can you stand up?,bạn đứng dậy được không?
Please put your signature here.,Vui lòng ký tên của bạn vào đây.
Jumping out of a truck that's in motion is a hazardous act.,Nhảy ra khỏi một chiếc xe tải đang chuyển động là một hành động nguy hiểm.
Go get your car,đi lấy xe của bạn
I know what you know,tôi biết những gì bạn biết
They all watched.,tất cả họ đã xem.
He lived to a ripe old age.,Ông ấy đã sống đến tuổi già.
How incredibly awkward you are!,Bạn thật sự lúng túng làm sao!
I adore the city where I live.,Tôi yêu mến thành phố nơi tôi sống.
Tom didn't mention Mary.,Tom đã không đề cập đến mary.
It is required to fasten your seatbelt.,Yêu cầu thắt dây an toàn của bạn.
We're wondering if you could allow us a 5% exclusive discount for 50 product packages.,Chúng tôi tự hỏi liệu bạn có thể cho phép chúng tôi giảm giá 5% độc quyền cho 50 gói sản phẩm không.
He began to work for that company last year,anh ấy bắt đầu làm việc cho công ty đó vào năm ngoái
He offered a considerable sum.,Anh ấy đã tặng một khoản tiền đáng kể.
I think it's unlikely that plants feel pain,tôi nghĩ rằng thực vật không cảm thấy đau
I have previous experience with this.,Tôi đã có kinh nghiệm trước đây với việc này.
What do you think Tom will be doing this time tomorrow afternoon?,Bạn nghĩ tom sẽ làm gì vào chiều mai?
We must give it time,chúng ta phải cho nó thời gian
He came back after many years.,Anh đã trở lại sau nhiều năm.
Tom is not far off the mark.,tom không còn xa
I wasn't sure where I was supposed to wait,tôi không chắc là mình sẽ đợi ở đâu
The president brought about the cessation of slavery.,Tổng thống đã làm cho chế độ nô lệ chấm dứt.
She was the first one to pay attention to him.,cô là người đầu tiên chú ý đến anh.
How can Tom do that?,Làm thế nào tom có thể làm điều đó?
Would you mind lighting this for me?,Bạn có phiền châm lửa hộ tôi không?
I'm in search of a method.,Tôi đang tìm kiếm một phương pháp.
Tom wasn't expecting that,Tom đã không mong đợi rằng
"There's still a lot left to do, so I won't get bored.","Vẫn còn nhiều việc phải làm, vì vậy tôi sẽ không cảm thấy buồn chán."
Could you make your way to my office at your earliest convenience?,Bạn có thể đến văn phòng của tôi vào lúc sớm nhất có thể không?
Stop moving,ngừng di chuyển
The caller refused to give us his name,người gọi từ chối cho chúng tôi biết tên của anh ấy
I was not immune to the kind of event Tom experienced.,Tôi không miễn nhiễm với loại sự kiện mà Tom đã trải qua.
"By the time we got there, he had left","Khi chúng tôi đến đó, anh ấy đã rời đi"
He agreed to my proposal.,Ông ấy đã đồng ý với đề xuất của tôi.
Tom is chubby,tom là mũm mĩm
Can you teach me how to defend myself?,bạn có thể dạy tôi cách tự vệ?
I need some quiet; I'm trying to sleep.,Tôi cần yên tĩnh; tôi đang cố ngủ.
Tom indicated he believed Mary still resided with her parents.,Tom cho biết anh ấy tin rằng Mary vẫn sống với bố mẹ cô ấy.
Tom is staying in Boston.,tom đang ở boston.
They manage to swim at a high pace.,Chúng xoay sở để bơi với tốc độ cao.
I wish I had asked Tom for advice before I started.,tôi ước tôi đã hỏi tom cho lời khuyên trước khi tôi bắt đầu.
This rule cannot be applied to that case,quy tắc này không thể được áp dụng cho trường hợp đó
Let's not go there.,chúng ta đừng đến đó
You should know better at your age.,bạn nên biết rõ hơn ở tuổi của bạn.
"We've had fun, haven't we?",chúng ta đã vui vẻ phải không?
Could you tell me when you bought this property?,Bạn có thể cho tôi biết khi nào bạn đã mua tài sản này không?
Buddhism had its beginnings in India.,phật giáo đã bắt đầu ở Ấn Độ.
He dealt with it very carefully.,Anh ấy đã đối phó với nó rất cẩn thận.
We are all destined to pass away.,Tất cả chúng ta đều định sẵn sẽ qua đời.
Eternity is a really long time.,vĩnh cửu là một thời gian thực sự dài.
Tom is very resilient.,Tom rất kiên cường.
Don't be a bad boy,đừng là một cậu bé hư
A casual remark can hurt someone,một nhận xét bình thường có thể làm tổn thương ai đó
Is it feasible for you to extend an exclusive 5% discount for 50 sets of this product?,Có khả thi để bạn áp dụng mức chiết khấu độc quyền 5% cho 50 bộ sản phẩm này không?
Tom often brings his work home,tom thường mang công việc về nhà
Just tell Tom not to worry,chỉ nói với tom đừng lo lắng
That's not helpful.,Điều đó không hữu ích.
All seats are reserved.,tất cả các ghế đều được bảo lưu
Tom lives in a small town on the outskirts of Boston,Tom sống trong một thị trấn nhỏ ở ngoại ô boston
I thanked him for lending me a book,tôi cảm ơn anh ấy đã cho tôi mượn một cuốn sách
Would you like to do that?,Bạn có muốn làm điều đó?
That's unfair,thật không công bằng
Why won't you accept it?,Tại sao bạn không chấp nhận nó?
Where's my sister?,chị của tôi đâu
We shouldn't put it in jeopardy.,Chúng ta không nên đặt nó vào tình thế nguy hiểm.
You had better tell me the whole story,bạn nên nói với tôi toàn bộ câu chuyện
Why don't you go on home and get some sleep?,Tại sao bạn không về nhà và ngủ một chút?
Tom and I'll both be there.,Tom và tôi sẽ cùng ở đó.
Someone might see us.,ai đó có thể nhìn thấy chúng tôi.
Tom appeared to be daydreaming.,Tom có vẻ như đang mơ mộng.
Tom told me that he wanted to study French.,Tom nói với tôi rằng anh ấy muốn học tiếng Pháp.
You should've warned me that this was going to happen,bạn nên cảnh báo tôi rằng điều này sẽ xảy ra
The funniest thing happened to me on the way here.,điều thú vị nhất đã xảy ra với tôi trên đường tới đây.
Tom should get a job,tom nên có một công việc
I can do it alone,tôi có thể làm một mình
There's a degree of stress in every job,có một mức độ căng thẳng trong mọi công việc
I'm smarter than you,Tôi thông minh hơn bạn
He scribbled our names down rapidly.,Anh ấy đã nguệch ngoạc viết tên chúng tôi một cách nhanh chóng.
It's essential for Tom to find housing near his job.,Điều cần thiết là Tom phải tìm chỗ ở gần nơi làm việc của mình.
Gasoline prices affect all of us one way or another,giá xăng dầu ảnh hưởng đến tất cả chúng ta bằng cách này hay cách khác
I have to make a call,tôi phải gọi
We'll fail.,chúng ta sẽ thất bại
"My preference is to spend the whole day at home, sleeping.",Sở thích của tôi là dành cả ngày ở nhà để ngủ.
It has been raining for three days on end.,trời đã mưa trong ba ngày liên tục.
The price index hit an all-time high.,chỉ số giá đạt mức cao nhất mọi thời đại.
I'd be glad to do it tomorrow.,Tôi sẽ vui mừng để làm điều đó vào ngày mai.
You have a staff meeting at 2:30,bạn có một cuộc họp nhân viên lúc 2:30
What methods did Tom use to talk you into this situation?,Tom đã dùng những phương pháp nào để thuyết phục bạn tham gia vào tình huống này?
Is there any possibility that he'll win the election?,Có khả năng nào ông sẽ giành chiến thắng trong cuộc bầu cử?
I'm the only one with a key to this room.,Tôi là người duy nhất có chìa khóa phòng này.
I think Tom is afraid of you,tôi nghĩ tom sợ bạn
We'll wait and see,chúng ta sẽ chờ xem
Tom got promoted recently.,tom được thăng chức gần đây.
You've got to get me out of this place.,bạn phải đưa tôi ra khỏi nơi này.
One must seek out their own course in life.,Người ta phải tự tìm kiếm con đường riêng của mình trong cuộc sống.
He won the first prize at the chess tournament.,anh đã giành giải nhất tại giải cờ vua.
I'm not real good with kids.,Tôi không thực sự tốt với trẻ em.
Tom said he had never planned to stay that long.,Tom cho biết anh chưa bao giờ có kế hoạch ở lại lâu như vậy.
Wearing jeans doesn't suit me aesthetically.,Mặc quần jean không hợp với tôi về mặt thẩm mỹ.
It cost under fifty dollars.,Nó có giá dưới năm mươi đô la.
Should I invent an excuse?,Tôi có nên bịa ra một cái cớ không?
Tom locked himself in his room and wouldn't let anyone in,Tom nhốt mình trong phòng và không cho ai vào
Tom reached into his pocket and pulled out a considerable wad of money.,Tom cho tay vào túi và rút ra một cục tiền đáng kể.
By what means did you discover my Bostonian origin?,Bằng cách nào bạn đã khám phá ra nguồn gốc Boston của tôi?
"If the boss finds this out, I'm done for","nếu ông chủ phát hiện ra điều này, tôi đã xong"
Where would I find books?,tôi sẽ tìm sách ở đâu?
Tom receives one more opportunity from me.,Tom nhận thêm một cơ hội nữa từ tôi.
Water is to fish what air is to man,Nước là để câu không khí là gì đối với con người
Don't blame me for this,đừng đổ lỗi cho tôi vì điều này
It was a ridiculous question,đó là một câu hỏi lố bịch
We thought you might want to come with us.,chúng tôi nghĩ rằng bạn có thể muốn đi với chúng tôi.
Tom is half your age.,tom bằng một nửa tuổi của bạn
He wasn't prosecuted by the police.,Anh ấy không bị cảnh sát đưa ra xét xử.
Tom was trained as a doctor,tom được đào tạo như một bác sĩ
It was delicious,nó rất là ngon
The clock has run down on you.,Đồng hồ đã hết giờ cho bạn.
Store your precious items in the vault.,Cất những món đồ quý giá của bạn vào két sắt.
I apologize for my tardiness. It won't happen a second time.,Tôi xin lỗi vì sự chậm trễ của mình. Sẽ không có lần thứ hai đâu.
I'm not afraid of you anymore,tôi không sợ bạn nữa
The questionnaire form was distributed properly,mẫu câu hỏi đã được phân phối hợp lý
That's all I have to say.,đó là tất cả những gì tôi phải nói
When did they go?,họ đã đi khi nào
I'm being treated by a doctor.,Tôi đang được bác sĩ điều trị.
I am quite comfortable in this room.,tôi khá thoải mái trong căn phòng này
Could you tell me why she wasn't here?,Bạn có thể cho tôi biết tại sao cô ấy không có mặt ở đây không?
Thirty dollars were laid on the table by Tom.,Ba mươi đô la đã được Tom đặt lên bàn.
Tom poured himself another shot of bourbon,Tom rót cho mình một phát súng khác của bourbon
Expect to receive the small sum of money I possess.,Bạn sẽ nhận được số tiền ít ỏi mà tôi có.
It's been two years since I came here.,Đã hai năm kể từ khi tôi đến đây.
Tom had no options left,tom không còn lựa chọn nào
Leaping from a truck in motion is dangerous.,Nhảy ra khỏi một chiếc xe tải đang di chuyển là nguy hiểm.
Is it necessary for me to fabricate a story?,Có cần thiết để tôi bịa đặt một câu chuyện không?
We had scarcely returned when it began raining.,chúng tôi hiếm khi quay trở lại khi trời bắt đầu mưa.
I don't have time to play games with you.,tôi không có thời gian để chơi game với bạn
I wondered if I had ever really understood anyone,tôi tự hỏi nếu tôi đã thực sự hiểu bất cứ ai
I'd prefer to inspect the situation.,Tôi muốn kiểm tra tình hình.
You must get rid of that bad habit.,bạn phải từ bỏ thói quen xấu đó
The wicked witch cast a spell on the man and turned him into a bug,mụ phù thủy độc ác đã bỏ bùa vào người đàn ông và biến anh ta thành một con bọ
I'm not usually still awake this late at night,Tôi thường không thức dậy vào đêm khuya
He made sure to highlight the problem.,Ông ấy đảm bảo phải nêu bật vấn đề.
Didn't you mention your cello was inside the car?,Bạn không nói cây cello của bạn đã ở trong xe sao?
Life for me is no longer what it was.,Cuộc sống của tôi không còn như trước nữa.
What are you contemplating?,bạn đang suy nghĩ gì
"This building looks large from the front, but not from the side","tòa nhà này trông lớn từ phía trước, nhưng không phải từ phía bên"
It's important to read books,đọc sách rất quan trọng
Many people thought Lincoln could be that man.,Nhiều người nghĩ lincoln có thể là người đàn ông đó.
He has an intriguing personality,anh ấy có một tính cách hấp dẫn
We must go to school.,chúng ta phải đi học
That's very sweet.,Điều đó thật ngọt ngào.
He donated a lot of money,anh ấy đã quyên góp rất nhiều tiền
Tom is obviously trying to cause trouble,tom rõ ràng là đang cố gây rắc rối
I hope he'll wait for me,tôi hy vọng anh ấy sẽ đợi tôi
They have a very good curriculum at that university.,họ có một chương trình giảng dạy rất tốt tại trường đại học đó.
I sent Tom back home,tôi đã gửi tom về nhà
"When I had five hens, on the average I'd get three eggs a day","Khi tôi có năm con gà mái, trung bình tôi sẽ nhận được ba quả trứng mỗi ngày"
You must talk to Tom.,bạn phải nói chuyện với tom
I believe Tom would be grateful.,Tôi tin Tom sẽ biết ơn.
Leave everything,bỏ lại mọi thứ
You have to tell Tom what happened.,bạn phải nói với tom những gì đã xảy ra
He's walking around in his underwear.,Anh ấy đi loanh quanh trong quần lót.
I stopped working for Tom three years ago.,tôi đã ngừng làm việc cho tom ba năm trước.
That's the friend I gave the key to,đó là người bạn tôi đã đưa chìa khóa cho
The boarders are now away on vacation,những người nội trú đang đi nghỉ
It's best if you stick to your own concerns.,Tốt nhất là bạn nên tập trung vào những mối bận tâm của riêng mình.
Grass does not grow on the lunar surface.,Cỏ không mọc trên bề mặt mặt trăng.
You can't accuse him of stealing unless you have proof.,bạn không thể buộc tội anh ta ăn cắp trừ khi bạn có bằng chứng.
"With Christmas just around the corner, I should do some shopping","với giáng sinh chỉ quanh quẩn, tôi nên đi mua sắm"
We would like to visit Nikko during this summer vacation.,chúng tôi muốn đến thăm nikko trong kỳ nghỉ hè này.
Other females harbored jealousy.,Những người phụ nữ khác mang lòng ghen tị.
There is a lake in front of my house.,Có một cái hồ trước nhà tôi.
The problem was time,vấn đề là thời gian
You might get hurt.,Bạn có thể bị thương.
Are you busy on Monday?,bạn có bận vào thứ hai không?
I want you to have a copy of this.,tôi muốn bạn có một bản sao này.
I was going to make cookies for Tom.,tôi sẽ làm bánh cho tom.
I don't need to take any action at this very moment.,Tôi không cần phải hành động gì vào chính khoảnh khắc này.
He has recently returned from France.,Gần đây anh ấy đã trở về từ Pháp.
I thought Tom had gotten over Mary.,tôi nghĩ tom đã vượt qua mary.
Anyone can see that.,Ai cũng có thể thấy điều đó.
I don't like this game,tôi không thích trò chơi này
Could you tell me where you learned to throw that particular curveball?,Bạn có thể cho tôi biết bạn đã học ném quả curveball đặc biệt đó ở đâu không?
I want a copy of Tom's daily schedule.,tôi muốn một bản sao của lịch trình hàng ngày của tom.
I prefer a lighter color,tôi thích màu nhạt hơn
We can't do this without some help,chúng ta không thể làm điều này mà không có sự giúp đỡ
Let Tom know all the things we'd like him to be privy to.,Hãy cho Tom biết tất cả những điều chúng tôi muốn anh ấy được biết.
I'll ensure you get a favorable rate.,Tôi sẽ đảm bảo bạn nhận được một mức giá ưu đãi.
Tom threatened Mary,tom đe dọa mary
Calm down. I won't speak of it to anyone.,Bình tĩnh đi. Tôi sẽ không nói chuyện đó với bất kỳ ai.
It occurred to me spontaneously,nó xảy ra với tôi một cách tự nhiên
You're losing your hair.,bạn đang rụng tóc
There was no objection on the part of the students.,không có sự phản đối về phía các sinh viên.
It's possible she is our instructor.,Có thể cô ấy là giáo viên của chúng ta.
You have it in the bag,bạn có nó trong túi
You can spend the night with us,bạn có thể qua đêm với chúng tôi
You can see a leaf coming down.,Bạn có thể thấy một chiếc lá đang rơi xuống.
This looks like it might be the weapon that was used to kill Tom.,có vẻ như nó có thể là vũ khí được sử dụng để giết tom.
"As soon as we get the answer, we'll phone you.","Ngay sau khi chúng tôi nhận được câu trả lời, chúng tôi sẽ gọi cho bạn."
It is required to fasten your seatbelt.,Quý khách được yêu cầu thắt dây an toàn.
I ought to have realized you were being dishonest.,Lẽ ra tôi nên nhận ra bạn đang không trung thực.
Health is wealth.,sức khỏe là của cải.
Where is this vessel headed?,Con tàu này đang hướng tới đâu?
I think we shouldn't delay.,Tôi nghĩ chúng ta không nên trì hoãn.
I'm not particularly swamped with work.,Tôi không thực sự bận rộn lắm đâu.
Tom should've listened to Mary.,Tom nên nghe mary.
Your time limit is thirty seconds.,Thời gian giới hạn của bạn là ba mươi giây.
Do you really want to work in Boston?,Bạn có thực sự muốn làm việc trong boston?
The news that her son was injured in the accident was a great shock to her,tin tức rằng con trai cô bị thương trong vụ tai nạn là một cú sốc lớn đối với cô
There were too many people there,có quá nhiều người ở đó
He's known for his prodigious drinking.,Anh ấy nổi tiếng là người uống rượu rất nhiều.
She got up and left in the middle of our conversation,cô đứng dậy và rời đi giữa cuộc trò chuyện của chúng tôi
I observe Tom to be in distress.,Tôi quan sát thấy Tom đang gặp nạn.
Tom said good night to Mary,Tom nói chúc ngủ ngon
People are not always what they seem,Mọi người không phải lúc nào họ cũng có vẻ như vậy
I'm very sorry about what happened.,Tôi rất xin lỗi về những gì đã xảy ra.
The teacher told Mary to shut up.,Cô giáo bảo mary im lặng.
I'll try to get up early tomorrow.,Tôi sẽ cố gắng dậy sớm vào ngày mai.
Steve goes to school with Kate.,steve đi học với kate.
The criminal had to conceal his identity.,tên tội phạm đã phải che giấu danh tính của mình.
Tom was finished.,tom đã xong.
Tom is unable to hear what you're saying.,Tom không thể nghe được những gì bạn đang nói.
The new student was bothered by them.,Học sinh mới đã bị họ quấy rầy.
My actions are limited to the duties I am compensated for.,Hành động của tôi chỉ giới hạn trong những nhiệm vụ mà tôi được đền bù.
Mary was made to do it by Tom.,Mary đã bị Tom bắt làm điều đó.
"Tomorrow, I have plans to go to Tokyo.","ngày mai, tôi có kế hoạch đi đến Tokyo."
You might feel some discomfort.,Bạn có thể cảm thấy khó chịu.
Where's the proof that he committed a crime?,Đâu là bằng chứng cho thấy anh ta phạm tội?
I can hardly see him,tôi khó có thể nhìn thấy anh ấy
Hanako came all the way from Hokkaido in order to see her father.,hanako đến từ hokkaido để gặp cha cô.
Tom introduced Mary to all his friends.,tom giới thiệu mary cho tất cả bạn bè của mình.
Your mother would have been very proud of you.,mẹ bạn sẽ rất tự hào về bạn
I suggest you seek help.,Tôi đề nghị bạn nên tìm kiếm sự giúp đỡ.
His father got records of bird songs for him.,Cha anh đã thu âm các bài hát chim cho anh.
I'm coming back in a couple of months.,Tôi sẽ quay lại sau vài tháng nữa.
She made the unwise decision to go out with him.,Cô ấy đã đưa ra quyết định không khôn ngoan khi đi chơi với anh ta.
The chair was where he chose to sit.,Anh ấy đã chọn ngồi trên chiếc ghế đó.
What's your preferred departure time?,Thời gian khởi hành ưa thích của bạn là khi nào?
Fold the paper in the middle.,gấp giấy ở giữa.
Tom is undeniably large.,Tom không thể chối cãi là to con.
Tom finally mustered up the courage to ask Mary to lend him the money he needed.,Tom cuối cùng cũng tập trung can đảm để yêu cầu mary cho anh ta mượn số tiền anh ta cần.
How is your father?,bố bạn thế nào?
It's clear that Tom and Mary are soulmates.,Rõ ràng là Tom và Mary là những người bạn tâm giao.
The consequences don't concern me.,Hậu quả không liên quan đến tôi.
He doesn't excel in sports.,Anh ấy không xuất sắc trong thể thao.
"She bought him a car, but he didn't have a driver's license so he couldn't drive it anywhere","cô ấy đã mua cho anh ấy một chiếc xe hơi, nhưng anh ấy không có bằng lái xe nên anh ấy không thể lái nó đi bất cứ đâu"
Where can I go to a bank to exchange my yen for dollars?,Tôi có thể đến ngân hàng nào để đổi yên lấy đô la?
I lived in Boston for about three years.,tôi sống ở boston khoảng ba năm.
Kids are smarter than you think,trẻ em thông minh hơn bạn nghĩ
Tom picked up his glass and took a sip of water.,tom cầm ly lên và uống một ngụm nước.
Tom doesn't have tea.,Tom không có trà.
You'd better do better than that next time.,bạn nên làm tốt hơn lần sau.
Mary's profound tiredness escaped Tom's attention.,Sự mệt mỏi sâu sắc của Mary đã không được Tom chú ý.
Tom expressed his belief that Mary hadn't moved out of her parents' place.,Tom bày tỏ niềm tin của mình rằng Mary chưa chuyển khỏi nhà bố mẹ cô ấy.
Why does Tom think that?,Tại sao tom nghĩ vậy?
I was stupid to make a mistake like that.,tôi thật ngu ngốc khi phạm sai lầm như thế
You make me want to throw up!,bạn làm cho tôi muốn ném lên!
Affix your signature at this spot.,Ký tên của bạn vào vị trí này.
The square root of one hundred forty four is twelve.,căn bậc hai của một trăm bốn mươi bốn là mười hai.
She was named Alice after her aunt.,cô được đặt tên là alice theo dì của mình.
There's nothing else I can do for you,tôi không thể làm gì khác cho bạn
I could have experienced what Tom went through.,Tôi cũng có thể đã trải qua những gì Tom đã trải qua.
Tom took a seat beside Mary on a park bench.,Tom ngồi xuống cạnh Mary trên một chiếc ghế công viên.
What a clumsy person you are!,Bạn đúng là một người vụng về!
The proximity of the sea means you can hear it from this hotel chamber.,Sự gần gũi của biển có nghĩa là bạn có thể nghe thấy nó từ căn phòng khách sạn này.
I find it tremendously tedious.,Tôi thấy nó vô cùng tẻ nhạt.
Their wedding will happen soon.,Đám cưới của họ sẽ diễn ra sớm.
Tom approached the elevator.,Tom tiến đến thang máy.
Tom got lost.,tom bị lạc
I'll be back to get you in 20 minutes,tôi sẽ quay lại để gặp bạn sau 20 phút
My intention is not to delve into this topic any deeper.,Ý định của tôi là không đi sâu hơn vào chủ đề này.
It took me a while to understand what she was trying to say.,phải mất một lúc tôi mới hiểu cô ấy đang cố nói gì.
I hurried to the station only to miss the train,tôi vội đến ga chỉ để lỡ tàu
Tom opted against providing any remarks on the topic.,Tom đã chọn không đưa ra bất kỳ nhận xét nào về chủ đề này.
I hope that's how it is.,Tôi hy vọng đó là cách mọi chuyện diễn ra.
Responding is optional for you.,Việc trả lời là tùy chọn đối với bạn.
I can't hear it.,tôi không thể nghe thấy nó
Aren't you able to make Tom understand common sense?,Bạn không thể làm cho Tom hiểu lẽ thường sao?
He's not like us,anh ấy không thích chúng tôi
My grandmother made me a new dress.,bà tôi làm cho tôi một chiếc váy mới.
Your sons are quite handsome,con trai của bạn khá đẹp trai
What's your food preference?,Bạn thích ăn món gì?
I was unable to phone you since the telephone wasn't operational.,Tôi không thể gọi điện cho bạn vì điện thoại không hoạt động.
Could you explain why you're so mad at him?,Bạn có thể giải thích tại sao bạn lại tức giận anh ấy như vậy không?
I know very little about Tom,tôi biết rất ít về tom
His statement doesn't leave room for any doubt,tuyên bố của ông không rời khỏi phòng cho bất kỳ nghi ngờ
How much do those things cost?,Những thứ đó giá bao nhiêu?
The floor was very cold.,sàn nhà rất lạnh
Your message count is thirty.,Số lượng tin nhắn của bạn là ba mươi.
I can't imagine anybody would be surprised if Tom didn't show up at the party.,Tôi không thể tưởng tượng bất cứ ai sẽ ngạc nhiên nếu tom không xuất hiện tại bữa tiệc.
The monkey is in the cage,con khỉ đang ở trong chuồng
A group of militia saw him and began shooting,một nhóm dân quân nhìn thấy anh ta và bắt đầu nổ súng
I believe in ghosts,tôi tin vào ma
She regrets that she failed the examination.,Cô hối hận vì đã thi trượt.
I possess a deep knowledge of Tom.,Tôi có kiến thức sâu sắc về Tom.
He's got money to burn.,Anh ta có tiền để đốt.
Any bags for the hold?,Có túi nào để vào khoang chứa không?
A 6% yield is guaranteed on the investment,lợi nhuận 6% được đảm bảo cho khoản đầu tư
I'm a little hesitant to go there by myself,tôi hơi do dự khi đến đó một mình
Tom didn't agree with Mary about the matter,tom không đồng ý với mary về vấn đề này
He briefly visited the bookstore.,Anh ấy đã ghé thăm hiệu sách một lúc.
This rug is soft to the touch.,Tấm thảm này mềm mại khi chạm vào.
Could you tell me what genre of drama it is?,Bạn có thể cho tôi biết đây là thể loại kịch nào không?
The player faked an injury,cầu thủ bị chấn thương
The state of affairs is progressively worsening.,Tình hình đang xấu đi một cách lũy tiến.
I'm pretty sure Tom's will be at the party,Tôi khá chắc chắn rằng tom sẽ có mặt tại bữa tiệc
Tom may come at any time.,tom có thể đến bất cứ lúc nào
You know everyone,bạn biết tất cả mọi người
"On hearing the news, everybody became quiet","Nghe tin, mọi người trở nên im lặng."
This is my first time in this location.,Đây là lần đầu tiên tôi ở địa điểm này.
You'll be silenced,bạn sẽ im lặng
It's worse than I thought.,nó tệ hơn tôi nghĩ
Her husband is a member of the Oda family,Chồng cô là thành viên của gia đình oda
Gambling with this is out of the question.,Đánh cược với điều này là không thể.
Water the flowers before you have breakfast,tưới hoa trước khi ăn sáng
He ought to be ashamed of his ignorance,anh ta phải xấu hổ vì sự thiếu hiểu biết của mình
I believed we should give it a shot.,Tôi tin rằng chúng ta nên thử một lần.
"I know her by sight, but I've never spoken to her.","Tôi biết cô ấy bằng mắt thường, nhưng tôi chưa bao giờ nói chuyện với cô ấy."
I'll be present here tomorrow morning for those who might need me.,Tôi sẽ có mặt ở đây vào sáng mai cho những ai có thể cần tôi.
Tom thought Mary wouldn't want to buy such a small car,Tom nghĩ mary sẽ không muốn mua một chiếc xe nhỏ như vậy
You're significantly better-looking than I am.,Bạn trông đẹp hơn tôi một cách đáng kể.
He's quite easygoing and friendly.,Anh ấy khá dễ tính và thân thiện.
I have something you want.,tôi có thứ bạn muốn
The building is on fire,tòa nhà đang cháy
None of my friends know,không ai trong số bạn bè của tôi biết
It's very common,nó rất phổ biến
Are you aware of the first person to reach the summit of Everest?,Bạn có biết người đầu tiên chinh phục đỉnh Everest là ai không?
Tom began to feel afraid.,tom bắt đầu thấy sợ.
Tom was born the year after Mary was born,tom được sinh ra một năm sau khi mary được sinh ra
You'd better tell Tom soon.,bạn nên nói với tom sớm.
Where do you stand regarding the war?,Bạn đứng về phía nào liên quan đến cuộc chiến?
William Tell shot an arrow at the apple on his son's head,william nói bắn một mũi tên vào quả táo trên đầu con trai mình
He was elected mayor again,ông được bầu lại làm thị trưởng
I told Tom not to come today,tôi đã bảo tom đừng đến hôm nay
Tom has to get out of here before the police get here,Tom phải ra khỏi đây trước khi cảnh sát đến đây
I need you to send this item by mail; can you do it?,Tôi cần bạn gửi món đồ này qua thư; bạn có thể làm được không?
The clock is fast.,đồng hồ nhanh
Tom always manages to make it through tough times.,Tom luôn xoay sở để vượt qua những thời điểm khó khăn.
He can't pinpoint the spot where he left his jacket.,Anh ấy không thể xác định được chỗ mình đã để áo khoác.
I'm currently receiving treatment from a doctor.,Hiện tôi đang được một bác sĩ điều trị.
Tom slept at our place last night,tom ngủ ở chỗ của chúng tôi đêm qua
Let's leave the decision to Tom.,Hãy để quyết định tom.
How much do the carrots cost?,Cà rốt giá bao nhiêu?
He had a lot of work to do,anh ấy có rất nhiều việc phải làm
He asked that we be silent.,Ông yêu cầu chúng tôi im lặng.
I don't think she would understand it.,Tôi không nghĩ cô ấy sẽ hiểu nó.
His chances of being elected are good.,cơ hội được bầu của ông là tốt.
Betty is a dancing teacher,Betty là một giáo viên khiêu vũ
He's deeply infatuated.,Anh ấy đang say mê sâu sắc.
Many scientists live in this small village.,nhiều nhà khoa học sống trong ngôi làng nhỏ này.
Let's go say hi to them.,Hãy đi chào họ.
Tom lowered the volume of the music.,Tom đã giảm âm lượng nhạc xuống.
He is a pleasant person,anh ấy là một người dễ chịu
Tom was committed to custody.,Tom đã bị đưa vào trại giam.
I'm pleased to have you here,tôi rất vui khi có bạn ở đây
We've got a lot of things to do first.,chúng tôi có rất nhiều việc phải làm trước tiên.
Tom sent me a funny text message,tom gửi cho tôi một tin nhắn vui
All grew silent when he uttered words.,Tất cả đều im lặng khi anh ấy cất lời.
Tom hadn't grasped the extent of Mary's weariness.,Tom đã không nắm bắt được mức độ mệt mỏi của Mary.
He was clearly embarrassed.,Anh rõ ràng xấu hổ.
The last thing Tom needs is someone else stalking him,điều cuối cùng tom cần là một người khác rình rập anh ta
Who remembers him?,ai còn nhớ anh
Tom looks troubled.,Tom có vẻ lo lắng.
I want to converse with you about something specific.,Tôi muốn trò chuyện với bạn về một điều cụ thể.
"In 2010, there was a shortage of H1N1 vaccine.","năm 2010, thiếu vắc-xin h1n1."
Tom told me he was really happy there,Tom nói với tôi anh ấy thực sự hạnh phúc ở đó
Money cannot pay for the loss of happiness,tiền không thể trả cho sự mất mát hạnh phúc
He drank three glasses of water.,Anh uống ba ly nước.
This looks kind of cute.,Điều này có vẻ dễ thương.
I just wish I could speak French a little better,tôi chỉ ước tôi có thể nói tiếng Pháp tốt hơn một chút
We had to make the best of our small house.,chúng tôi đã phải làm tốt nhất của ngôi nhà nhỏ của chúng tôi.
Tom is agreeable to advancing us a sum of three thousand dollars.,Tom sẵn lòng ứng trước cho chúng tôi một khoản tiền ba nghìn đô la.
We're not completely certain about the sequence of events.,Chúng tôi không hoàn toàn chắc chắn về chuỗi sự kiện.
Tom knew Mary was up to something,tom biết mary là một cái gì đó
Tom washed his face.,Tom rửa mặt.
Tell me what you thought I said.,nói cho tôi biết bạn nghĩ gì
Tom spent all night worrying about what might happen,tom dành cả đêm để lo lắng về những gì có thể xảy ra
I took Tom to a hospital.,tôi đưa tom đến bệnh viện.
He is kind of person no one would turn to for help.,Anh ấy là loại người không ai muốn nhờ giúp đỡ.
My father loves us.,cha tôi yêu chúng tôi
Tom walks quickly,tom đi nhanh
I wish there was something I could say,tôi ước có một cái gì đó tôi có thể nói
Mary mentioned she'd get her homework done.,Mary nhắc đến việc cô ấy sẽ làm xong bài tập về nhà.
My daughter tells me I'm old-fashioned because I don't use a cellphone.,Con gái tôi nói với tôi rằng tôi lỗi thời vì tôi không sử dụng điện thoại di động.
Who took it?,ai đã lấy nó?
What was all this about?,Tất cả những thứ này là về cái gì?
I'm seeing a trend here,tôi đang thấy một xu hướng ở đây
The identity of Mary's zoo companion is unknown to Tom.,Tom không biết danh tính người đi cùng Mary đến sở thú.
My expectation isn't for you to fully comprehend.,Kỳ vọng của tôi không phải là bạn sẽ hiểu đầy đủ.
I need to know.,tôi cần biết.
What brings you here unaccompanied?,Điều gì đưa bạn đến đây mà không có ai đi cùng?
Tell me how to get to the restaurant we're going to be eating at.,cho tôi biết làm thế nào để đến nhà hàng chúng ta sẽ ăn ở.
Tom knows I've helped you,tom biết tôi đã giúp bạn
Let me try one of those,hãy để tôi thử một trong những
We're planning to discuss that problem at tomorrow's meeting.,chúng tôi dự định thảo luận vấn đề đó tại cuộc họp ngày mai.
I'm making an effort to get my balance back.,Tôi đang nỗ lực để lấy lại sự thăng bằng.
The streets in Tokyo are full on Saturdays.,đường phố ở Tokyo đầy ắp vào thứ bảy.
"Your appearance is far superior to mine, by a factor of ten.",Vẻ ngoài của bạn vượt trội hơn của tôi gấp mười lần.
I had a meeting with professors and researchers at USP.,tôi đã có một cuộc họp với các giáo sư và nhà nghiên cứu tại usp.
I am being cared for by a physician.,Tôi đang được một bác sĩ chăm sóc.
Jim's ability to contain his fury helped him steer clear of a conflict.,Khả năng kiềm chế cơn giận của Jim đã giúp anh ấy tránh xa một cuộc xung đột.
Our walking experience was marred by the wind and rain.,Trải nghiệm đi bộ của chúng tôi đã bị ảnh hưởng bởi gió và mưa.
What's that flower?,đó là hoa gì
What's your favorite joke?,trò đùa yêu thích của bạn là gì?
There's a noticeable change in my life.,Có một sự thay đổi đáng kể trong cuộc sống của tôi.
Maybe tonight I'm going to my younger sister's house,có lẽ tối nay tôi sẽ đến nhà em gái tôi
Tom required assistance with his tax preparation.,Tom cần hỗ trợ trong việc chuẩn bị tờ khai thuế.
He is about my age,anh ấy bằng tuổi tôi
The furthest I traveled by train was Kyoto.,Nơi xa nhất tôi đi bằng tàu hỏa là Kyoto.
Tom showed me around town.,tom chỉ cho tôi xung quanh thị trấn.
Arrive promptly to secure a prime spot.,Đến sớm để đảm bảo một vị trí tốt nhất.
We'll go talk to Tom this afternoon.,chúng ta sẽ nói chuyện với tom chiều nay.
"Tom doesn't want to study French, but he has to.","Tom không muốn học tiếng Pháp, nhưng anh ta phải làm."
I believe I recall the method for that.,Tôi tin rằng tôi nhớ cách làm điều đó.
Tom should not have taken Mary's vehicle.,Tom lẽ ra không nên lấy xe của Mary.
Wait until I'm done eating.,Đợi đến khi tôi ăn xong.
I want to go to America,tôi muốn đi Mỹ
Tom put milk into the mixer.,Tom cho sữa vào máy trộn.
The bus is approaching!,Xe buýt đang tới gần!
Jim jumped for joy when the news came.,jim nhảy lên vì sung sướng khi có tin.
I couldn't make out what he was saying,tôi không thể hiểu anh ấy đang nói gì
I'm not sure what I should do,tôi không chắc mình nên làm gì
Tom didn't answer all the questions,tom không trả lời tất cả các câu hỏi
I had assumed Tom would already be here.,Tôi đã giả định rằng Tom sẽ ở đây rồi.
I've completed this task on a prior occasion.,Tôi đã hoàn thành nhiệm vụ này vào một dịp trước đó.
Tom shared his food with Mary.,tom chia sẻ thức ăn của mình với mary.
Tom was daydreaming.,Tom đã mơ mộng.
How far is it to the museum?,nó đến bảo tàng bao xa
I wonder whose these scissors are.,tôi tự hỏi những cái kéo này là của ai
The jury has reached a verdict.,bồi thẩm đoàn đã đạt được một bản án.
The majority of vehicles are equipped with transparent windows.,Đa số các phương tiện đều được trang bị cửa sổ trong suốt.
Tom swims very well,tom bơi rất tốt
Your task is to pen a poem structured into four verses of three lines each.,"Nhiệm vụ của bạn là viết một bài thơ được cấu trúc thành bốn đoạn, mỗi đoạn ba dòng."
What have you learned?,Bạn đã học được gì?
I'm worried,Tôi lo lắng
Tom was feeling a little lightheaded.,Tom cảm thấy hơi choáng váng.
Lincoln was a great statesman,lincoln là một chính khách tuyệt vời
Tom requested Mary to purchase a ticket for him.,Tom đã nhờ Mary mua vé giúp anh ấy.
The doctor decided to operate at once,Bác sĩ quyết định phẫu thuật ngay lập tức.
Our time here was exceedingly agreeable.,Thời gian của chúng tôi ở đây vô cùng dễ chịu.
You'll get a great deal from me.,Bạn sẽ nhận được một món hời lớn từ tôi.
I've visited Kyoto on two separate occasions.,Tôi đã ghé thăm Kyoto hai dịp khác nhau.
I saw the cook,tôi đã thấy đầu bếp
Happiness eluded Tom completely.,Hạnh phúc hoàn toàn lẩn tránh Tom.
No worries. I'll see to it personally.,Đừng lo. Tôi sẽ tự mình lo liệu.
He seems to have a habit of getting on his coworker's back when he makes a mistake.,anh ta dường như có thói quen trở lại với đồng nghiệp khi anh ta phạm lỗi.
My prayer was answered,lời cầu nguyện của tôi đã được trả lời
My health is currently being managed by a medical professional.,Sức khỏe của tôi hiện đang được quản lý bởi một chuyên gia y tế.
I'm pretty sure Tom really loved Mary.,Tôi khá chắc chắn tom thực sự yêu mary.
It's very impolite of you to decline her invitation.,thật là bất lịch sự khi bạn từ chối lời mời của cô ấy.
I don't understand this novel's plot.,tôi không hiểu cốt truyện của cuốn tiểu thuyết này.
He was obliged to support his big family.,Anh ấy có nghĩa vụ phải nuôi gia đình đông người của mình.
My goal is to get my balance back.,Mục tiêu của tôi là lấy lại sự cân bằng.
I'm so sick of this,tôi phát ngán vì điều này
Tom told me a lot of things other people wouldn't tell me.,Tom nói với tôi rất nhiều điều mà người khác sẽ không nói với tôi.
That publisher specialises in children's books.,nhà xuất bản chuyên về sách thiếu nhi.
My dad owns a lot of books,bố tôi sở hữu rất nhiều sách
Many of us are far more captivating than people realize.,Nhiều người trong chúng ta cuốn hút hơn nhiều so với những gì mọi người nhận ra.
The portions are huge at this restaurant,các phần rất lớn tại nhà hàng này
The bride came into the room with lowered eyes and with everyone staring at her,Cô dâu bước vào phòng với đôi mắt trầm xuống và mọi người nhìn chằm chằm vào cô.
They are relentless in pursuing their political ambitions.,Họ không ngừng nghỉ trong việc theo đuổi tham vọng chính trị của mình.
What's happening back there?,chuyện gì đang xảy ra ở đó vậy?
All systems are go.,tất cả các hệ thống đang đi.
I simply felt the need to confirm again.,Tôi chỉ cảm thấy cần xác nhận lại.
It doesn't look promising.,Nó không có vẻ hứa hẹn.
The people set up a new government.,người dân thành lập một chính phủ mới.
She's got a cat. The cat's white.,cô ấy có một con mèo. Con mèo trắng.
He studied as hard as anybody in his class.,anh học chăm chỉ như bất kỳ ai trong lớp.
Sit down and have a drink.,ngồi xuống uống nước
Lack of sleep will make you do stupid things.,thiếu ngủ sẽ khiến bạn làm những điều ngu ngốc.
The long discussion came to an end at last.,cuộc thảo luận dài đã kết thúc cuối cùng.
She has an agreeable voice,cô ấy có một giọng nói dễ chịu
I have a feeling Tom is around.,Tôi có cảm giác Tom đang ở quanh đây.
This is the chance of a lifetime I've been hoping for.,Đây là cơ hội ngàn năm có một mà tôi đã hy vọng.
Tom really impressed Mary's mom and dad.,Tom thực sự gây ấn tượng với bố mẹ Mary.
I'll be waiting in the lobby.,Tôi sẽ đợi ở sảnh.
Can you tell me how to get to the nearest station?,bạn có thể cho tôi biết làm thế nào để đến ga gần nhất?
"Fish, please","cá, làm ơn"
Tom got the job on the strength of your recommendation.,tom nhận được công việc trên sức mạnh của đề nghị của bạn.
A woman appeared from behind a tree,một người phụ nữ xuất hiện từ phía sau một cái cây
Tom took his finger off the trigger and put his pistol back in its holster,Tom rút ngón tay ra khỏi cò súng và đặt khẩu súng lục vào bao da của nó
I'll love you until I die.,Tôi sẽ yêu bạn cho đến khi tôi chết.
What time did you get in?,mấy giờ bạn vào
How about we eat supper together?,Chúng ta cùng ăn tối thì sao?
You sure sound upset,bạn chắc chắn âm thanh buồn
Jane's farewell speech made us very sad.,bài phát biểu chia tay của jane khiến chúng tôi rất buồn.
Last year was a period of economic uncertainty.,năm ngoái là thời kỳ bất ổn kinh tế.
I come from a large family.,tôi đến từ một gia đình lớn
I'm not turning back.,Tôi không quay lại.
Tom used to be my closest companion during my childhood.,Tom từng là người bạn thân nhất của tôi trong suốt thời thơ ấu.
There are a lot of Esperanto-speaking people among my friends.,Có rất nhiều người nói tiếng Esperanto trong số bạn bè của tôi.
That's exactly what I told Tom,đó chính xác là những gì tôi đã nói với tom
Tom told me where I could buy the part I needed.,tom nói với tôi nơi tôi có thể mua phần tôi cần.
He acted as my guide,anh ấy đã hành động như hướng dẫn của tôi
You can't escape.,bạn không thể trốn thoát
Let's go get a Christmas tree,chúng ta hãy đi lấy một cây thông giáng sinh
I hope your efforts will bear fruit.,tôi hy vọng những nỗ lực của bạn sẽ mang lại kết quả.
The dog became his conversation partner.,Con chó đã trở thành bạn trò chuyện của anh ấy.
Dusk falls progressively sooner.,Hoàng hôn đến ngày càng sớm hơn.
That's really weird.,Thật kỳ quặc.
Make sure this doesn't happen again.,Đảm bảo điều này không xảy ra lần nữa.
You told me Tom was sick in bed. Why is he here?,bạn nói với tôi tom bị ốm trên giường. tại sao anh ta ở đây
Don't be so careless!,đừng quá bất cẩn!
I'll try to remember that,tôi sẽ cố nhớ điều đó
Lots of Italians went to Australia.,Rất nhiều người Ý đã đến Úc.
Do you truly wish to entrust your existence to her?,Bạn có thực sự muốn giao phó sự tồn tại của mình cho cô ấy không?
Relax. I've got it covered.,Thư giãn đi. Tôi đã xử lý xong rồi.
The unusual aspects of your personality could make you appealing or dull.,Những khía cạnh khác thường trong tính cách của bạn có thể khiến bạn trở nên hấp dẫn hoặc buồn tẻ.
Tell me more about yourself.,nói cho tôi biết thêm về bản thân bạn
I'm sure the two of you agree.,Tôi chắc chắn rằng hai bạn đồng ý.
He drowned in the river.,Anh chết đuối dưới sông.
She was awaiting my response.,Cô ấy đang chờ phản hồi của tôi.
I'd really like for that to be true.,Tôi thực sự muốn điều đó là đúng.
The city's appeal as a top travel location is increasing.,Sức hấp dẫn của thành phố như một địa điểm du lịch hàng đầu đang gia tăng.
I won't interfere with your work again.,tôi sẽ không can thiệp vào công việc của bạn một lần nữa.
Tom didn't know.,Tom không biết.
Ken always stands up for his mom when his parents quarrel,Ken luôn đứng về phía mẹ khi bố mẹ cãi nhau.
Tom is the only friend Mary has.,tom là người bạn duy nhất mary có.
Maybe Tom likes you.,có lẽ tom thích bạn
I've had coffee already,tôi đã uống cà phê rồi
I thought Tom had already done that.,tôi nghĩ tom đã làm điều đó
He chose his words carefully.,Anh chọn lời nói của mình một cách cẩn thận.
Benjamin Franklin was an American statesman and inventor,benjamin franklin là một chính khách và nhà phát minh người Mỹ
I supposed you might be in a position to aid me.,Tôi cho rằng bạn có thể ở vị trí giúp đỡ tôi.
In what year did you come to own this building?,Bạn sở hữu tòa nhà này vào năm nào?
I'll share with you the small amount of money I possess.,Tôi sẽ chia sẻ với bạn số tiền ít ỏi tôi có.
Would you like more coffee?,bạn có muốn uống thêm cà phê không
Tom and Mary quickly grew into the best of friends.,Tom và Mary nhanh chóng trở thành những người bạn thân nhất.
I never got good grades in junior high school,tôi chưa bao giờ đạt điểm cao ở trường trung học cơ sở
I know a store where you can buy that,tôi biết một cửa hàng nơi bạn có thể mua nó
I don't have the time to do everything I want to do.,tôi không có thời gian để làm mọi thứ tôi muốn làm.
I wish you would let Tom go with us.,tôi ước bạn sẽ để tom đi với chúng tôi
Is there something in there?,Có cái gì trong đó không?
She advised him to stop working so much.,Cô khuyên anh ngừng làm việc thật nhiều.
He will get back soon.,anh sẽ quay lại sớm.
I think that our living together has influenced your habits.,Tôi nghĩ rằng việc chúng ta sống chung đã ảnh hưởng đến thói quen của bạn.
He didn't drink the milk,anh ấy đã không uống sữa
You smell nice.,bạn có mùi thơm
They were stunned after finding out about his resignation,họ choáng váng sau khi phát hiện ra sự từ chức của ông
I'm not going to leave until I find out what happened.,Tôi sẽ không rời đi cho đến khi tôi biết chuyện gì đã xảy ra.
Everybody has their favorite drink.,mọi người đều có đồ uống yêu thích của họ
He succeeded in solving the problem.,ông đã thành công trong việc giải quyết vấn đề.
"This soup is really delicious, isn't it?",món súp này rất ngon phải không?
Her eyes swept across the interior of the home.,Mắt cô ấy lướt qua nội thất của ngôi nhà.
Has Tom already eaten?,tom đã ăn chưa
Did Spot join in as well?,Spot cũng tham gia sao?
Tom misplaced his jacket and has no recollection of its location.,Tom đã để quên áo khoác và không nhớ vị trí của nó.
What activities is Tom performing there?,Tom đang thực hiện hoạt động gì ở đó?
Be careful what you wish for,Hãy cẩn thận những gì bạn mong muốn
It seems to me that Tom would concur.,"Đối với tôi, có vẻ như Tom sẽ đồng tình."
The size of that classroom is insufficient.,Kích thước của lớp học đó không đủ.
My wish is to inhabit a town.,Ước muốn của tôi là sinh sống ở một thị trấn.
You can sit in my chair.,bạn có thể ngồi trên ghế của tôi
Can you give us a short introduction to who you are?,Bạn có thể giới thiệu ngắn gọn về bản thân mình không?
I'm too old for this,tôi quá già cho việc này
There was a necessity for intervention.,Cần có sự can thiệp.
Let's be prudent.,Hãy cẩn trọng.
I'm tempted to give you a kiss instantly.,Tôi bị cám dỗ muốn hôn bạn ngay lập tức.
Send me your picture,Gửi tôi ảnh của bạn
I'm going to Paris this fall,Tôi sẽ đến paris vào mùa thu này
It will further complicate the situation.,Nó sẽ làm cho tình hình thêm phức tạp.
You have to work for your money; it isn't free.,Phải lao động mới có tiền; nó không miễn phí.
I was thinking about you a lot today,tôi đã suy nghĩ về bạn rất nhiều ngày hôm nay
Their wedding won't be delayed.,Đám cưới của họ sẽ không bị trì hoãn.
They granted his request,họ đã chấp nhận yêu cầu của anh ấy
Let me think about it a bit longer.,hãy để tôi suy nghĩ về nó lâu hơn một chút
I'd rather not work.,Tôi thà không làm việc còn hơn.
There's a feeling that Tom is around.,Có một cảm giác rằng Tom đang ở gần đây.
I really appreciate it.,Tôi thực sự rất cảm kích điều đó.
Tom is incredibly brilliant.,tom là vô cùng rực rỡ.
Grandmother looks very comfortable in that chair beside the fire,bà ngoại trông rất thoải mái khi ngồi bên đống lửa
Those who do not know the sadness of love may not speak of it,những người không biết nỗi buồn của tình yêu có thể không nói về nó
I saw many people who had no clothes and I saw many clothes which had no people in them.,tôi thấy nhiều người không có quần áo và tôi thấy nhiều quần áo không có người trong đó.
We'll be safe here,chúng ta sẽ an toàn ở đây
I assume that Tom would like to go to Boston with us.,tôi cho rằng tom muốn đến boston với chúng tôi.
Does pain manifest in other bodily regions?,Đau có biểu hiện ở các vùng cơ thể khác không?
"In a recession, people usually only buy what they really need, like food","trong thời kỳ suy thoái, mọi người thường chỉ mua những gì họ thực sự cần, như thực phẩm"
Is that the guitar you bought from Tom?,đó có phải là cây đàn guitar bạn mua từ tom không?
Tom doesn't know how it happened.,Tom không biết nó đã xảy ra như thế nào.
It's common for people to find philosophy hard.,Mọi người thường thấy triết học khó.
Six hundred thousand men were killed or wounded.,Sáu trăm ngàn người đã bị giết hoặc bị thương.
He is a novelist and artist.,ông là một tiểu thuyết gia và nghệ sĩ.
Our intention is not to cause difficulties.,Ý định của chúng tôi không phải là gây khó khăn.
When are you going to tell Tom about Mary?,khi nào bạn sẽ nói với tom về mary
I erased my hard disk by accident,tôi đã vô tình xóa đĩa cứng của tôi
My mind is a blank,tâm trí tôi trống rỗng
I'm trying to keep an open mind,tôi đang cố giữ một tâm trí cởi mở
Tom hopes Mary doesn't get arrested by the police,tom hy vọng mary không bị cảnh sát bắt
Let's wait until he wakes up.,Hãy đợi cho đến khi anh ấy thức dậy.
She sang as she walked.,Cô vừa hát vừa đi.
I didn't take it,tôi đã không lấy nó
Jiro has not come back from New York yet.,jiro vẫn chưa trở về từ new york.
"During that month, he had no money on which to live","Trong tháng đó, anh không có tiền để sống"
Tom is one of the most respected men in the business world.,tom là một trong những người đàn ông được kính trọng nhất trong thế giới kinh doanh.
Not a day went by when he didn't regret what he'd done.,Không một ngày nào trôi qua khi anh không hối hận về những gì mình đã làm.
It's my belief that Tom would truly like it.,Tôi tin rằng Tom sẽ thực sự thích nó.
I just want to know what I'm getting involved with,tôi chỉ muốn biết những gì tôi đang tham gia
An apology is due from you concerning your utterance.,Bạn cần phải xin lỗi về lời nói của mình.
She's drop-dead gorgeous.,Cô ấy tuyệt trần.
I have reservations about whether his report is true.,Tôi có những e ngại về việc báo cáo của anh ấy có đúng sự thật hay không.
Tom asked me to stay,tom yêu cầu tôi ở lại
Tom didn't make it on time at all.,Tom hoàn toàn không đến đúng giờ.
Brian kept the door open.,brian giữ cửa mở.
Have you ever been to Hawaii?,bạn đã từng đến hawaii chưa?
Where are we now?,chúng ta đang ở đâu?
He enjoys participating in rituals.,Anh ấy thích tham gia vào các nghi thức.
Tom hugged Mary tightly and never wanted to let her go.,Tom ôm mary thật chặt và không bao giờ muốn buông cô ra.
It mortifies me,nó thế chấp tôi
You have the same stature as my sister.,Bạn có cùng vóc dáng với chị gái tôi.
She is currently at risk.,Cô ấy hiện đang gặp rủi ro.
That seems fair,điều đó có vẻ công bằng
I don't want this.,tôi không muốn điều này
I don't want you to worry about anything,tôi không muốn bạn lo lắng về bất cứ điều gì
I like to make people happy.,tôi thích làm cho mọi người hạnh phúc
He crashed his car because someone tampered with the brakes.,Anh đâm xe vì ai đó can thiệp vào phanh.
The police are looking into his disappearance,cảnh sát đang xem xét sự mất tích của anh ta
I think Tom did a good job.,Tôi nghĩ rằng tom đã làm một công việc tốt.
What's stopping you from going? I simply have no desire to.,Điều gì ngăn cản bạn đi vậy? Tôi đơn giản là không muốn.
Should I be talking to Tom?,tôi có nên nói chuyện với tom không?
He exclaimed that your face was incredibly dirty!,Anh ta thốt lên rằng mặt bạn thật là bẩn thỉu!
"Our stuff got stolen, and we missed our train","công cụ của chúng tôi đã bị đánh cắp, và chúng tôi đã bỏ lỡ chuyến tàu của chúng tôi"
"That, of course, does not mean that they are right.","điều đó, tất nhiên, không có nghĩa là họ đúng."
Tom told me you need help.,tom nói với tôi bạn cần giúp đỡ
I can come at three,tôi có thể đến lúc ba
I'll take these roses,tôi sẽ lấy những bông hồng này
Mary stated her intention to complete her homework.,Mary đã nói rằng cô ấy có ý định hoàn thành bài tập về nhà.
Who turned off the light?,ai tắt đèn?
Tom can't be anything but angry.,Tom không thể không tức giận.
We're still checking.,chúng tôi vẫn đang kiểm tra.
Tom understood exactly what Mary wanted him to do.,tom hiểu chính xác những gì mary muốn anh ta làm.
Tom had concluded his remarks.,Tom đã kết thúc những nhận xét của mình.
What's the reason for your intense anger towards him?,Lý do gì khiến bạn tức giận dữ dội với anh ấy như vậy?
Why were you in Boston?,Tại sao bạn lại ở boston?
Tom is a chauffeur,tom là tài xế
Permit me to illustrate something for you.,Cho phép tôi minh họa điều gì đó cho bạn.
It's Baba's voice.,đó là giọng của baba.
I have reached a point of having nothing left to risk.,Tôi đã đạt đến điểm không còn gì để mạo hiểm.
It's merciless of him to speak in that manner to her.,Anh ta thật nhẫn tâm khi nói chuyện với cô ấy theo cách đó.
"If you don't want me to go, I won't","nếu bạn không muốn tôi đi, tôi sẽ không"
You won't find me smoking or drinking.,Bạn sẽ không thấy tôi hút thuốc hay uống rượu đâu.
It is absolutely impossible,nó là hoàn toàn không thể
What food appeals to you?,Món ăn nào hấp dẫn bạn?
It's dangerous to expose babies to strong sunlight,Thật nguy hiểm khi để em bé tiếp xúc với ánh sáng mặt trời mạnh
I fear I've failed miserably.,Tôi e rằng mình đã thất bại thảm hại.
He is walking now.,Anh ấy đang đi bộ.
I've fallen in love with somebody else.,Tôi đã yêu một người khác.
The teacher pointed out the pupil's mistakes,giáo viên chỉ ra những sai lầm của học sinh
I'm not in the mood to do any work.,Tôi không có tâm trạng để làm bất kỳ công việc nào.
You always were an optimist,bạn luôn là một người lạc quan
I still have three hours before my plane leaves,tôi vẫn còn ba giờ trước khi máy bay rời đi
His wagon drew up at the entrance to the market,toa xe của anh ta kéo lên ở lối vào chợ
How long will you stay in Tokyo?,bạn sẽ ở Tokyo bao lâu
Handle it using your own method if you dislike my approach.,Hãy xử lý nó theo cách của riêng bạn nếu bạn không thích cách tiếp cận của tôi.
I'm going with you,Tôi sẽ đi với bạn
He paid a visit to the bookshop.,Anh ấy đã ghé thăm hiệu sách.
He saw a UFO flying last night,anh ấy thấy một con ufo bay đêm qua
Tom broke his collarbone when he was thirteen,Tom bị gãy xương đòn khi anh mười ba tuổi
I was going to do it myself.,tôi sẽ tự làm điều đó
Did you hear the news?,Bạn đã nghe những tin tức?
Tom slept in this morning,Tom ngủ vào sáng nay
He got fired for slacking off at work.,anh ta bị đuổi việc vì nghỉ việc.
He led a life of luxury.,Ông sống một cuộc sống xa hoa.
The boy reached out for another piece of cake,Cậu bé với lấy một miếng bánh khác
Tom already told me.,tom đã nói với tôi
"Remember his remarks, please.",Làm ơn hãy nhớ những nhận xét của anh ấy.
I perform my daily exercises when I wake up.,Tôi thực hiện các bài tập hàng ngày khi thức dậy.
They said they would not fight,họ nói họ sẽ không đánh nhau
"I've never been there, but I think it's past that traffic light.","Tôi chưa bao giờ đến đó, nhưng tôi nghĩ rằng nó đã qua đèn giao thông."
I feel like kissing you at this very moment.,Ngay lúc này tôi muốn hôn bạn.
Tom wishes to take a walk.,Tom mong muốn được đi bộ.
That was a stupid idea,đó là một ý tưởng ngu ngốc
He is a little over forty,anh ấy hơn bốn mươi tuổi
I still have a few friends in Boston.,Tôi vẫn có một vài người bạn ở boston.
Work doesn't always begin at nine,công việc không phải lúc nào cũng bắt đầu lúc chín giờ
Make sure to see him yourself.,Hãy chắc chắn tự mình gặp anh ấy.
"This atlas cost me 2,000 Japanese yen.",Tập bản đồ này đã khiến tôi tốn 2.000 yên Nhật.
I'm unaware of Tom's companions and I have no desire to inquire.,Tôi không biết bạn đồng hành của Tom là ai và tôi không muốn hỏi.
Contentment eluded Tom throughout his life.,Sự mãn nguyện đã lảng tránh Tom suốt cuộc đời.
Does anyone know what this is?,Có ai biết đây là gì?
You can't tell me what to do,bạn không thể nói tôi phải làm gì
It was only after Tom had been lost for over an hour that he got the map out to see where he was.,"Chỉ sau khi tom bị mất hơn một giờ, anh ta mới lấy được bản đồ để xem mình đang ở đâu."
The price of petrol is steadily increasing.,Giá xăng dầu đang tăng đều đặn.
Do you think Tom wants to eat now?,bạn có nghĩ rằng tom muốn ăn bây giờ không?
My hands alone are enough to tear you apart.,Chỉ riêng đôi tay tôi cũng đủ để xé nát bạn.
My brother almost drove me crazy.,anh tôi suýt làm tôi phát điên.
You have to learn to put up with this weather,bạn phải học cách chịu đựng thời tiết này
We couldn't enjoy our walk because of the wind and rain.,Chúng tôi không thể tận hưởng chuyến đi bộ của mình vì gió và mưa.
I'm dying for frozen yogurt,Tôi đang chết vì sữa chua đông lạnh
"Beth was looking forward to meeting him, but he never showed up.","Beth đã mong được gặp anh ấy, nhưng anh ấy không bao giờ xuất hiện."
She maintains a list of every item she acquires.,Cô ấy duy trì một danh sách mọi thứ cô ấy mua.
He got out his pen.,anh lấy bút ra.
I'm on my lunch break,tôi đang trong giờ nghỉ trưa
Tom can't help it,tom không thể giúp nó
He has appeared before me many a time.,Anh ấy đã xuất hiện trước mặt tôi không ít lần.
I'm feeling a little tense,tôi đang cảm thấy hơi căng thẳng
Look in the mirror,nhìn vào gương
She shed tears after learning the tidings.,Cô ấy đã rơi nước mắt sau khi biết tin.
He doesn't lie,anh ấy không nói dối
A good friend will stand by you through thick and thin.,một người bạn tốt sẽ sát cánh bên bạn qua dày và mỏng.
You can see that every day.,bạn có thể thấy điều đó mỗi ngày
"I am tired, and I want to go to bed.","tôi mệt, và tôi muốn đi ngủ"
Fred propelled a ball with his foot.,Fred đã đẩy một quả bóng bằng chân của mình.
What made you realize I originated from Boston?,Điều gì khiến bạn nhận ra tôi đến từ Boston?
Tom accepted the job offer.,tom chấp nhận lời mời làm việc.
Tom talked too much.,tom nói quá nhiều
The kidnapper told me he'd kill Tom if I didn't show up alone.,kẻ bắt cóc nói với tôi rằng anh ta sẽ giết tom nếu tôi không xuất hiện một mình.
Solving that issue was quite simple for me.,Việc giải quyết vấn đề đó khá đơn giản đối với tôi.
Tom and Mary are very much in love,tom và mary rất nhiều trong tình yêu
We're back together.,chúng ta trở lại với nhau
Do you want to kiss me?,bạn có muốn hôn tôi không
"No matter how bad it gets, she won't die from that disease.","bất kể nó tệ đến mức nào, cô sẽ không chết vì căn bệnh đó."
I prefer Tom to be joyful.,Tôi muốn Tom vui vẻ.
My name was officially altered to Tom Jackson.,Tên của tôi đã được chính thức đổi thành Tom Jackson.
Mary was signaled by Tom to lead the way.,Mary được Tom ra hiệu để đi trước.
Tom and Mary are always arguing about money,tom và mary luôn tranh cãi về tiền bạc
You're looking very well.,bạn đang nhìn rất tốt
Would you mind helping Tom out?,Bạn có phiền giúp đỡ Tom không?
He is no better than a beggar,anh ta không tốt hơn một người ăn xin
I can explain why I needed it.,tôi có thể giải thích tại sao tôi cần nó
This is out of my control.,điều này nằm ngoài tầm kiểm soát của tôi
There's a good chance Tom will pass today's exam,Có một cơ hội tốt tom sẽ vượt qua kỳ thi hôm nay
I'd prefer to stay in and sleep continuously.,Tôi muốn ở lại và ngủ liên tục.
I don't think I like you anymore.,Tôi không nghĩ rằng tôi thích bạn nữa.
I'd rather clean my room than spend time doing my homework,Tôi thà dọn phòng hơn là dành thời gian làm bài tập về nhà
No other night compares to how bad that one was.,Không có đêm nào tồi tệ bằng đêm đó.
I'm not sure how that happened,tôi không chắc điều đó đã xảy ra như thế nào
Tom will be a university student this year,tom sẽ là một sinh viên đại học năm nay
The city is growing in renown as a significant travel spot.,Thành phố đang ngày càng nổi tiếng như một điểm đến du lịch quan trọng.
I don't consider this to be important,tôi không coi điều này là quan trọng
I know you're innocent,tôi biết bạn vô tội
The argument lasted a long time because nobody would admit to being in the wrong,cuộc tranh cãi kéo dài vì không ai thừa nhận mình đã sai
The government collapsed after a vote in parliament.,Chính phủ sụp đổ sau một cuộc bỏ phiếu tại quốc hội.
I am ashamed of my son's laziness.,tôi xấu hổ về sự lười biếng của con trai tôi.
Stop crying like a girl.,ngừng khóc như một cô gái
You are not required to give an answer.,Bạn không cần phải đưa ra câu trả lời.
I'd like to ask you some questions now.,Tôi muốn hỏi bạn một số câu hỏi bây giờ.
She lead me on.,cô ấy dẫn tôi đi
Don't lower your eyes,đừng hạ mắt xuống
I am visiting my friends,tôi đang thăm bạn bè của tôi
I worked for a full 24 hours without getting any sleep.,tôi làm việc đủ 24 giờ mà không ngủ được.
Every sail was lowered.,Mọi cánh buồm đều đã được hạ xuống.
Money doesn't just appear out of nowhere.,Tiền không tự dưng xuất hiện từ hư không.
You catch on quickly.,bạn nắm bắt nhanh chóng
Everyone's having a great time,mọi người đang có khoảng thời gian tuyệt vời
This book will change your life.,cuốn sách này sẽ thay đổi cuộc sống của bạn.
There's no one you don't know.,Không có ai mà bạn không biết.
Is there something in particular that you want to eat?,bạn có muốn ăn gì không?
This bag is greasy.,cái túi này dính dầu mỡ
My gratitude should go to Tom.,Lòng biết ơn của tôi nên dành cho Tom.
Tom mentioned that he assumed Mary was still staying with her family.,Tom đề cập rằng anh ấy cho rằng Mary vẫn đang ở cùng gia đình.
I wish for you to become my companion.,Tôi ước bạn sẽ trở thành bạn đồng hành của tôi.
Could you accelerate the pace of this task?,Bạn có thể đẩy nhanh tốc độ của công việc này không?
The bartender came out from behind the counter to stop the fight,nhân viên pha chế bước ra từ phía sau quầy để dừng cuộc chiến
"Tom stood at the door, flipping the light switch on and off.","tom đứng ở cửa, bật và tắt công tắc đèn."
I woke to discover myself in the automobile.,Tôi thức dậy và phát hiện mình đang ở trong ô tô.
I wasn't trapped.,Tôi đã không bị mắc kẹt.
I'm not ready yet.,tôi chưa sẵn sàng
"He's shy, and never speaks unless spoken to. You have to talk to him","Anh ấy ngại ngùng, và không bao giờ nói trừ khi được nói chuyện. bạn phải nói chuyện với anh ấy"
Your city is quite enjoyable for me.,Thành phố của bạn khá thú vị đối với tôi.
Tom is completely beside himself.,Tom hoàn toàn mất kiểm soát.
I never go to Kyoto without visiting the Nanzenji Temple.,tôi không bao giờ đến kyoto mà không ghé thăm ngôi đền nanzenji.
What's so special about this place?,nơi này có gì đặc biệt?
You'll see me in 30 minutes.,bạn sẽ gặp tôi sau 30 phút nữa
I think Tom is finally asleep.,Tôi nghĩ rằng tom cuối cùng đã ngủ.
You ought to mind your own affairs.,Bạn nên lo việc của riêng mình.
He would have no part of it.,anh ta sẽ không có phần của nó.
Wash your hands before eating,rửa tay trước khi ăn
You were always such a happy boy.,bạn luôn là một cậu bé hạnh phúc
You're quite a philosopher,bạn là một triết gia
I do not understand the exact meaning of this sentence.,tôi không hiểu ý nghĩa chính xác của câu này.
Kate drinks a lot of milk every day.,kate uống rất nhiều sữa mỗi ngày.
I've been looking forward to this significant breakthrough.,Tôi đã mong chờ bước đột phá quan trọng này.
Tom wants us to know he did it.,Tom muốn chúng tôi biết anh ấy đã làm điều đó.
I need to see it.,Tôi cần phải nhìn thấy nó.
The issue is that we still owe money on several invoices.,Vấn đề là chúng tôi vẫn còn nợ tiền trên một số hóa đơn.
Something went wrong.,một cái gì đó đã đi sai
What do you think Tom wants?,Bạn nghĩ tom muốn gì?
I won't talk to him anymore.,tôi sẽ không nói chuyện với anh ấy nữa.
I'll have to stay behind and help Tom clean up,tôi sẽ phải ở lại và giúp tom dọn dẹp
The period of use for this ticket is two days post-purchase.,Thời gian sử dụng cho vé này là hai ngày sau khi mua.
This pass remains active for two days following its purchase.,Thẻ này vẫn có hiệu lực trong hai ngày sau khi mua.
He left the window open.,Anh để cửa sổ mở.
It wasn't sensational,nó không giật gân
"After a hearty dinner, Willie thanked the host.","Sau bữa tối thịnh soạn, willie cảm ơn chủ nhà."
I wouldn't want to get thrown into a situation like that,tôi sẽ không muốn bị ném vào một tình huống như thế
"When Peter got up, Jean had already left home","Khi peter thức dậy, jean đã rời khỏi nhà"
We should leave here as soon as possible,chúng ta nên rời khỏi đây càng sớm càng tốt
I should be thanking you,tôi nên cảm ơn bạn
The president did away with the practice of slavery.,Tổng thống đã xóa bỏ tục lệ nô lệ.
Don't let her go out after dark,đừng để cô ấy đi ra ngoài sau khi trời tối
The death penalty is final and irreversible,hình phạt tử hình là cuối cùng và không thể đảo ngược
We're going to need some,chúng ta sẽ cần một số
I work out every morning.,Tôi tập luyện mỗi sáng.
One of the bulls pushed the fence down.,một trong những con bò đực đẩy hàng rào xuống.
"Before Mary got married, she was a dancer.","Trước khi mary kết hôn, cô là một vũ công."
Tom evidently dislikes Mary.,Tom hiển nhiên không thích Mary.
Act according to what you're instructed.,Hãy hành động theo những gì bạn được chỉ dẫn.
What makes you so sure I want to be your friend?,Điều gì làm cho bạn chắc chắn tôi muốn trở thành bạn của bạn?
They run a ferry service across the river.,họ điều hành một dịch vụ phà qua sông.
That's not something you encounter daily.,Đó không phải là thứ bạn gặp hàng ngày.
There are some donuts with me.,Tôi đang có vài cái bánh rán.
I hate Tom's guts.,tôi ghét lòng can đảm của tom.
I will seize this opportunity.,Tôi sẽ nắm bắt cơ hội này.
Tom is not easily taken advantage of.,Tom không dễ bị lợi dụng.
Tom never makes the same mistake twice,tom không bao giờ mắc lỗi tương tự hai lần
Thirty dollars seems like too much to pay for this.,Ba mươi đô la có vẻ là quá nhiều để trả cho cái này.
You're worse than I am.,bạn tệ hơn tôi
The lipstick cost him $20.,Thỏi son đó đã khiến anh ấy tốn 20 đô la.
Her gaze swept through the house.,Ánh mắt cô ấy lướt qua ngôi nhà.
There are plenty of oranges on the tree.,có rất nhiều cam trên cây.
I'll be in the next room if you need me.,Tôi sẽ ở phòng bên nếu bạn cần tôi.
"If something had happened last night, I think I would have heard it","Nếu có chuyện gì xảy ra đêm qua, tôi nghĩ tôi sẽ nghe thấy nó"
I owe ten dollars to her.,tôi nợ cô ấy mười đô la.
He finally succeeded,cuối cùng anh ấy đã thành công
I just have a gut feeling Tom is hiding something,tôi chỉ có một cảm giác ruột tom đang che giấu điều gì đó
That's preposterous of you.,Điều đó thật phi lý từ bạn.
Why can't you persuade Tom to act rationally?,Tại sao bạn không thể thuyết phục Tom hành động hợp lý?
I am not afraid,tôi không sợ
Did you give Tom a present for his birthday?,bạn đã tặng tom một món quà cho ngày sinh nhật của anh ấy?
Tom is wearing protective gloves,tom đang đeo găng tay bảo vệ
The engineer brought the train to a stop.,người kỹ sư đưa tàu dừng lại.
I heard her calling from the kitchen,tôi nghe cô ấy gọi từ bếp
I'm fairly certain we both know the score regarding my presence.,Tôi khá chắc rằng cả hai chúng ta đều biết rõ tình hình về sự hiện diện của tôi.
Tom was up all night studying,tom thức cả đêm
Tom and Mary seem destined to be together.,Tom và Mary dường như được định sẵn để ở bên nhau.
My sister always keeps her room clean.,chị tôi luôn giữ phòng sạch sẽ.
It was torture for him to see his girlfriend with another man,Thật là tra tấn cho anh ta khi thấy bạn gái của mình với một người đàn ông khác
The lights were extinguished by her.,Đèn đã được cô ấy dập tắt.
The city is increasingly favored as a top travel spot.,Thành phố ngày càng được ưa chuộng như một điểm du lịch hàng đầu.
Our efforts will soon bear fruit,những nỗ lực của chúng tôi sẽ sớm có kết quả
Tom wished he had studied harder,Tom ước gì mình đã học chăm chỉ hơn
It's possible that rain will start before long.,Có thể trời sẽ mưa ngay lập tức.
My impulse is to kiss you straight away.,Tôi có cảm xúc muốn hôn bạn ngay lập tức.
What has made him so mad?,Điều gì đã khiến anh ấy tức giận đến thế?
I'd like to pay for this with my Visa card.,Tôi muốn trả tiền cho điều này bằng thẻ visa của tôi.
She gets up the earliest in my family.,cô ấy dậy sớm nhất trong gia đình tôi
Give me your money or else I'll beat you up,cho tôi tiền của bạn nếu không tôi sẽ đánh bại bạn
Should I just lie about it?,Tôi có nên nói dối về chuyện đó không?
Would you teach me?,bạn sẽ dạy tôi chứ
The only flavor ice cream that Tom eats is vanilla.,kem hương vị duy nhất mà tom ăn là vani.
"Can we all just speak French, please?",tất cả chúng ta có thể nói tiếng Pháp không?
Can't you make Tom understand the situation properly?,Bạn không thể làm Tom hiểu rõ tình hình sao?
They missed the train.,họ đã lỡ chuyến tàu.
It's good exercise to climb hills.,đó là bài tập tốt để leo đồi.
One cannot learn without facing challenges.,Người ta không thể học được mà không đối mặt với thử thách.
I replied that I didn't have parents any more.,tôi trả lời rằng tôi không còn cha mẹ nữa.
Are you able to prove it?,bạn có thể chứng minh điều đó không?
You've already got a job.,bạn đã có một công việc.
I'll see if I can find a map.,Tôi sẽ xem nếu tôi có thể tìm thấy một bản đồ.
Tom made the music softer.,Tom đã bật nhạc nhỏ hơn.
You look upset.,bạn có vẻ buồn
I have a guilty conscience about that.,tôi có một lương tâm tội lỗi về điều đó.
We're not looking to create any hassles.,Chúng tôi không tìm cách tạo ra bất kỳ rắc rối nào.
Wealth isn't something that simply materializes.,Của cải không phải thứ tự nhiên mà có.
I thought you'd be the one person to truly understand my choice.,Tôi nghĩ bạn sẽ là người duy nhất thực sự hiểu lựa chọn của tôi.
It was common for Tom to discuss Mary when she wasn't present.,Tom thường xuyên thảo luận về Mary khi cô ấy không có mặt.
I think we are about to make a lot of money.,Tôi nghĩ rằng chúng ta sắp kiếm được nhiều tiền.
Tom spent a few years in Boston when he was in college,Tom đã dành một vài năm ở boston khi anh ấy học đại học
She lost her temper with me,cô ấy đã mất bình tĩnh với tôi
Where's the dining car?,xe ăn uống ở đâu
The government decided to impose a special tax on very high incomes,Chính phủ quyết định áp thuế đặc biệt đối với thu nhập rất cao
Tom sneezes a lot,tom hắt hơi nhiều
It was his notebook that was stolen,đó là cuốn sổ của anh ấy đã bị đánh cắp
My brothers are always joking around,anh em tôi luôn đùa giỡn
We waited.,chúng tôi đã đợi.
Could you please post this package on my behalf?,Bạn có thể giúp tôi gửi bưu kiện này không?
My hobby is playing golf.,sở thích của tôi là chơi gôn.
It is impossible for us to cross that river,chúng ta không thể vượt qua dòng sông đó
She wore a sad expression,cô ấy có vẻ mặt buồn bã
He needed someone to help him sort out his taxes.,Anh ấy cần ai đó giúp anh ấy sắp xếp các khoản thuế của mình.
You've really changed,bạn đã thực sự thay đổi
Your voice suggests you're feeling happy.,Giọng điệu của bạn cho thấy bạn đang vui vẻ.
Tom and Mary celebrate their birthdays on the same day.,Tom và Mary kỷ niệm sinh nhật của họ vào cùng một ngày.
Perhaps the book will prove useful.,có lẽ cuốn sách sẽ chứng minh hữu ích.
I made believe it was true.,tôi đã tin rằng đó là sự thật.
Tom made his way to the elevator.,Tom đi đến chỗ thang máy.
I want you to go through as much hardship as we went through.,Tôi muốn bạn trải qua nhiều khó khăn như chúng tôi đã trải qua.
We need to conserve ammo.,chúng ta cần bảo tồn đạn.
Tom always said he was lucky,tom luôn nói rằng anh ấy đã may mắn
Tom seems to have made a big mistake.,Tom dường như đã phạm một sai lầm lớn.
Sit over there and shut up.,ngồi đằng kia và im lặng.
It's plain to see Tom isn't fond of Mary.,Rất dễ thấy Tom không ưa Mary.
The new supermarket was opened last month.,siêu thị mới được khai trương vào tháng trước.
Sports are not Tom's strong suit.,Thể thao không phải là sở trường của Tom.
They trusted Tom,họ tin tưởng tom
Soccer is more popular in Japan than it used to be.,bóng đá phổ biến hơn ở Nhật Bản hơn trước đây.
I really should have prepared for this.,Lẽ ra tôi thực sự nên chuẩn bị cho điều này.
Why did you ask her to give you her picture?,Tại sao bạn yêu cầu cô ấy đưa cho bạn hình ảnh của cô ấy?
We can't get close to the enemy,chúng ta không thể đến gần kẻ thù
He was looking for this very thing,anh ấy đang tìm kiếm thứ này
I knew we were going to get married the moment I met you.,tôi biết chúng tôi sẽ kết hôn ngay khi tôi gặp bạn.
Did you actually see Tom going into the Mary's office?,bạn có thực sự thấy tom đi vào văn phòng của mary không?
I don't remember what Tom looked like.,tôi không nhớ tom trông như thế nào
Everybody has secrets.,mọi người đều có bí mật
I'm not accusing you of anything,tôi không cáo buộc bạn bất cứ điều gì
They are touring Kyoto's attractions.,Họ đang tham quan các điểm du lịch của Kyoto.
You can let go of me now.,bạn có thể buông tôi ra bây giờ
He is famous both at home and abroad.,Anh ấy nổi tiếng cả trong và ngoài nước.
Your captain is addressing you.,Đội trưởng của quý vị đang nói.
The lipstick cost him twenty dollars.,Thỏi son đó đã tốn của anh ấy hai mươi đô la.
"My friend here is not only a pianist, but also a composer","bạn tôi ở đây không chỉ là một nghệ sĩ piano, mà còn là một nhà soạn nhạc"
Tom has excellent command of Japanese.,Tom có khả năng sử dụng tiếng Nhật xuất sắc.
Tom has been following me around,tom đã theo tôi xung quanh
He showed the greatest possible care in its treatment.,Anh ấy đã thể hiện sự quan tâm lớn nhất có thể trong việc xử lý nó.
You never asked me.,bạn không bao giờ hỏi tôi
What's problematic is that a portion of our bills hasn't been settled yet.,Điều đáng lo ngại là một phần hóa đơn của chúng ta vẫn chưa được giải quyết.
Do you need to check in any suitcases?,Bạn có cần ký gửi vali nào không?
I have deep affection for my hometown.,Tôi có tình cảm sâu sắc với quê hương mình.
It doesn't look like anything,nó không giống bất cứ thứ gì
I'm pretty certain I haven't made any mistakes,Tôi khá chắc chắn rằng tôi đã không phạm sai lầm
We can count on Tom to lend us three thousand dollars.,Chúng tôi có thể tin tưởng Tom sẽ cho chúng tôi vay ba nghìn đô la.
I'm going to climb Mt. Kitadake.,Tôi sẽ leo lên mt. kitadake.
Do people ever accuse you of being quick-tempered?,Có bao giờ mọi người buộc tội bạn là người nóng tính?
Tom went on a blind date,tom đã đi vào một ngày mù
Cabbage can be eaten raw.,Bắp cải có thể ăn sống.
He finally consented to our plan,cuối cùng anh ấy đã đồng ý với kế hoạch của chúng tôi
I am deeply intrigued by dinosaur evolution.,Tôi vô cùng bị cuốn hút bởi sự tiến hóa của khủng long.
Tom and Mary's special day falls on the same calendar date.,Ngày đặc biệt của Tom và Mary rơi vào cùng một ngày trong lịch.
Just close them.,Cứ nhắm chúng lại đi.
We absolutely must arrange a meeting with Tom.,Chúng ta hoàn toàn phải sắp xếp một cuộc gặp với Tom.
Tom and Mary are going downtown to eat pizza,tom và mary đang đi vào trung tâm thành phố để ăn pizza
"The higher we go up, the thinner the air becomes.","chúng ta càng lên cao, không khí càng loãng."
Our company has come a long way since it was set up.,công ty chúng tôi đã đi một chặng đường dài kể từ khi nó được thành lập.
There are many people in the world who complain that they are too busy to read.,Có rất nhiều người trên thế giới phàn nàn rằng họ quá bận để đọc.
Prussian is a baltic language,Phổ là một ngôn ngữ baltic
I usually consume breakfast at exactly seven.,Tôi thường ăn sáng đúng bảy giờ.
I want you to wear this one.,tôi muốn bạn mặc cái này
Let's restart our labor.,Chúng ta hãy bắt đầu lại công việc của mình.
He's in for a shock,anh ấy bị sốc
I think I'll take the test this time,tôi nghĩ rằng tôi sẽ làm bài kiểm tra lần này
I have acquired a few doughnuts.,Tôi đã mua được vài chiếc bánh rán.
It was just a stupid fight about something that didn't matter,đó chỉ là một cuộc chiến ngu ngốc về những điều không quan trọng
Tom was just stating the obvious,tom chỉ nói rõ ràng
I'm your partner.,Tôi là đối tác của bạn.
Do you want to leave with Tom?,bạn có muốn đi với tom không?
I generally don't make mistakes,tôi thường không phạm sai lầm
I admit it. I was wrong.,Tôi thừa nhận nó. tôi đã sai.
Where can we get what we want?,chúng ta có thể nhận được những gì chúng ta muốn ở đâu?
"You really don't want to go by yourself, do you?","bạn thực sự không muốn đi một mình, phải không?"
Now give me the book.,bây giờ đưa tôi cuốn sách
He took extreme care of it.,Anh ấy đã chăm sóc nó vô cùng cẩn thận.
Didn't Tom say he had something to tell Mary?,Tom không nói anh ta có chuyện gì muốn nói với mary à?
I sure wouldn't mind a sip of some fine almond liqueur right now.,Tôi chắc chắn sẽ không nhớ một ngụm rượu mùi hạnh nhân tốt ngay bây giờ.
You're acting without enough caution.,Bạn đang hành động mà không đủ thận trọng.
"Isn't a problem at all, is it?","không phải là một vấn đề, phải không?"
They'll get hitched without much delay.,Họ sẽ cưới mà không chậm trễ gì nhiều.
Papa made sure all the lights were turned off before going to bed,papa đảm bảo tất cả các đèn đã tắt trước khi đi ngủ
I sat behind a very tall man in the theater,tôi ngồi sau một người đàn ông rất cao trong nhà hát
Consult your dictionary for the definitions of the new vocabulary.,Tra cứu từ điển của bạn để biết định nghĩa của các từ vựng mới.
Have you told Tom already?,bạn đã nói với tom chưa?
She's remarkably skinny.,Cô ấy gầy đến đáng kinh ngạc.
I'll ensure you receive what you desire.,Tôi sẽ đảm bảo bạn nhận được điều bạn muốn.
Tom has probably never been to Boston.,tom có lẽ chưa bao giờ đến boston.
The soda can was discarded by Tom into the waste bin.,Lon soda đã được Tom vứt vào thùng rác.
Lilies smell sweet,hoa loa kèn có mùi ngọt
Have you ever hired a maid?,bạn đã bao giờ thuê người giúp việc chưa?
That was then and this is now.,Đó là sau đó và đây là bây giờ.
You need to be honest with me.,bạn cần phải trung thực với tôi
Is it hard for you to do this?,bạn có khó làm điều này không?
Funds aren't acquired without effort.,Tiền bạc không có được mà không cần nỗ lực.
He carved me a wooden doll,ông đã khắc cho tôi một con búp bê bằng gỗ
Tom likes to skipper small sailboats.,tom thích chèo thuyền buồm nhỏ.
Tom doesn't understand me the way you do.,Tom không hiểu tôi theo cách bạn làm.
I keep thinking about Tom,tôi cứ nghĩ về tom
Where's your proof?,bằng chứng của bạn ở đâu
Is everything ready?,mọi thứ đã sẵn sàng chưa?
I couldn't lie to you.,tôi không thể nói dối bạn
My mother didn't see the boy on the street,mẹ tôi không nhìn thấy cậu bé trên đường
You should go and speak with him directly.,Bạn nên đến và nói chuyện trực tiếp với anh ấy.
How do you like your new house?,bạn thích ngôi nhà mới của bạn như thế nào
The new president was a warm and friendly man,tân tổng thống là một người đàn ông ấm áp và thân thiện
Tom sneaked up behind the guard and clobbered him with a monkey wrench,Tom lẻn ra phía sau người bảo vệ và bịt miệng anh ta bằng một cái mỏ lết
Tom is intolerant,tom không dung nạp
It's not my job,không phải việc của tôi
He has a goal of dedicating his existence to the treatment of patients within India.,Anh ấy có mục tiêu cống hiến cuộc đời mình cho việc điều trị bệnh nhân ở Ấn Độ.
I'd like to transfer some funds from my account to another account.,Tôi muốn chuyển một số tiền từ tài khoản của tôi sang tài khoản khác.
Tom couldn't control his emotions.,Tom không thể kiểm soát cảm xúc của mình.
I'm sure it wasn't easy.,Tôi chắc chắn rằng nó không dễ dàng.
Just slow down.,cứ chậm lại
Tom switched off the dryer,tom tắt máy sấy
It won't be long before he returns home,sẽ không lâu trước khi anh ấy trở về nhà
I had my suitcase carried to my room,tôi đã mang vali đến phòng của tôi
The telegram he got announced his mother's death.,Bức điện anh ấy nhận được đã thông báo về cái chết của mẹ anh ấy.
Put the question in writing,đặt câu hỏi bằng văn bản
I am nothing but a poor peasant,tôi chẳng là gì ngoài một người nông dân nghèo
Tom is attempting to climb the rock,tom đang cố gắng leo lên đá
The pond is 3 meters deep,Cái ao sâu 3 mét.
You're so intense,bạn thật dữ dội
So you cook? I never knew that!,Vậy là bạn nấu ăn sao? Tôi chưa từng biết điều đó!
He might be hungry after completing his workout.,Anh ấy có thể đói sau khi hoàn thành buổi tập.
He highlighted the problem with extra attention.,Ông ấy đã nhấn mạnh vấn đề với sự chú ý đặc biệt.
Europe is now reported to be entirely free of new cases of this disease.,Châu Âu hiện được báo cáo là hoàn toàn không có trường hợp mới mắc bệnh này.
Tom was crafty,tom thật xảo quyệt
Tom always says hi to me when we pass each other on the street.,Tom luôn nói xin chào với tôi khi chúng tôi gặp nhau trên phố.
There's nothing I need to do at this moment.,Không có gì tôi cần làm vào lúc này.
I go to bed early at night,tôi đi ngủ sớm
His report's truthfulness is something I doubt.,Tính chân thực trong báo cáo của anh ấy là điều tôi nghi ngờ.
What do you say to watching a movie together?,Bạn nghĩ sao về việc cùng nhau xem một bộ phim?
Each sail was carefully removed.,Mỗi cánh buồm đều được cẩn thận tháo xuống.
Please hurry! Tom is waiting.,xin hãy nhanh lên! tom đang đợi
This book is full of mistakes,cuốn sách này đầy lỗi
You want to go out for a drink?,bạn muốn đi uống nước không?
"Some people like classical music, while others like popular music","một số người thích nhạc cổ điển, trong khi những người khác thích nhạc phổ biến"
Come the day after tomorrow.,đến ngày mốt
Ensure your voice carries sufficiently.,Đảm bảo giọng nói của bạn đủ vang.
This is the worst thing I've ever done.,đây là điều tồi tệ nhất tôi từng làm
He consumes alcohol excessively.,Anh ấy uống rượu bia quá mức.
What's the reason for Tom's presence and actions there?,Lý do Tom có mặt và hành động ở đó là gì?
I think you've answered all my questions.,Tôi nghĩ rằng bạn đã trả lời tất cả các câu hỏi của tôi.
She concluded that she would have surgery.,Cô ấy kết luận rằng mình sẽ phẫu thuật.
Tom may feel like having a snack after his workout.,Tom có thể muốn ăn vặt sau buổi tập.
Tom tried to convince me to do that.,tom đã cố gắng thuyết phục tôi làm điều đó.
Tom's wife kicked him out.,Vợ của Tom đuổi anh ta ra.
"And so, they decided to act immediately.","và vì vậy, họ quyết định hành động ngay lập tức."
The reliability of his report is questionable to me.,"Đối với tôi, độ tin cậy của báo cáo của anh ấy là đáng ngờ."
What are you going to do in college?,bạn sẽ làm gì ở trường đại học
I went to see the movies yesterday.,tôi đã đi xem phim ngày hôm qua
Could you please give me a light?,Bạn có thể cho tôi mượn lửa được không?
My parents told me that we should respect the elderly,cha mẹ tôi nói với tôi rằng chúng ta nên tôn trọng người già
She left her son to face his destiny alone.,Cô ấy bỏ mặc con trai mình tự đối mặt với số phận.
You'd have fun,bạn sẽ vui vẻ
Is it hard to learn German?,học tiếng Đức có khó không?
I'm sure I don't need to do that,tôi chắc chắn rằng tôi không cần phải làm điều đó
I've spoken in support of this before.,Tôi đã nói để hỗ trợ này trước đây.
When would you like to make your exit?,Bạn muốn rời đi khi nào?
The shopping center will be demolished.,trung tâm mua sắm sẽ bị phá hủy.
I have been looking for lemon juice all day long.,Tôi đã tìm kiếm nước chanh cả ngày.
She plunged the room into darkness.,Cô ấy khiến căn phòng chìm vào bóng tối.
Tom and I were inseparable best friends back when I was a child.,Tom và tôi là những người bạn thân không thể tách rời khi tôi còn là một đứa trẻ.
"He's reigning champion, and no young challenger is going to take it away from him","Anh ta đang trị vì, và không có thách thức trẻ nào sẽ lấy nó từ anh ta"
He is a teacher of English.,anh ấy là giáo viên dạy tiếng anh
We live together.,chúng tôi sống cùng nhau
We want to hear it,chúng tôi muốn nghe điều đó
I am going to go play ball with Mohan.,tôi sẽ đi chơi bóng với mohan.
Do you have a match or a lighter I could use?,Bạn có bật lửa hoặc diêm tôi có thể dùng không?
I was forewarned by Tom about the noise level here.,Tôi đã được Tom báo trước về mức độ ồn ào ở đây.
I can see how you made that mistake,tôi có thể thấy bạn đã phạm sai lầm như thế nào
Could you please give these papers a quick glance?,Bạn có thể vui lòng xem lướt qua những tài liệu này một chút không?
Our home is quite lovely.,Ngôi nhà của chúng tôi khá đáng yêu.
Can you spare a light?,Bạn có thể cho tôi mượn lửa không?
I don't imagine you'd get it.,Tôi không hình dung bạn sẽ hiểu được.
He works under me,anh ấy làm việc theo tôi
Tom forced Mary to sit down,tom buộc mary ngồi xuống
I'm so glad,tôi rất vui mừng
They claimed it would result in a civil conflict.,Họ tuyên bố nó sẽ dẫn đến một cuộc xung đột dân sự.
I needed the money.,tôi cần tiền
Do you think I would really do that?,Bạn có nghĩ rằng tôi thực sự sẽ làm điều đó?
"Anna has chestnut brown hair, but Magdalena has blonde hair.","Anna có mái tóc nâu hạt dẻ, nhưng magdalena có mái tóc vàng."
Would you like me to concoct something?,Bạn có muốn tôi bịa đặt điều gì đó không?
I order you to turn right,tôi ra lệnh cho bạn rẽ phải
What do you say we get to work?,bạn nói chúng ta làm gì
What a mess you've gotten us into.,Bạn đã đẩy chúng ta vào một mớ hỗn độn thật rồi.
"I hate to say this, but I think Tom is right.","Tôi ghét phải nói điều này, nhưng tôi nghĩ tom là đúng."
I called you three hours ago,tôi đã gọi cho bạn ba giờ trước
Surely you don't imagine Tom committed the act?,"Chắc chắn bạn không nghĩ Tom đã thực hiện hành vi đó, phải không?"
Tom is a good father.,tom là một người cha tốt
"He, and he alone, must go","Anh và anh một mình, phải đi"
Tom belongs to a sizable family.,Tom thuộc về một gia đình đông người.
"So tell me, how many people were at your party?","cho tôi biết, có bao nhiêu người đã ở bữa tiệc của bạn?"
It happened more than three days ago.,nó đã xảy ra hơn ba ngày trước.
Has Flight 123 arrived?,chuyến bay 123 đã đến chưa?
Our security cameras are fake,camera an ninh của chúng tôi là giả
We are just about the same age,chúng ta chỉ bằng tuổi nhau
John proved to be another superb performer.,John đã chứng tỏ là một cầu thủ xuất sắc khác.
We lack complete clarity on the situation that unfolded.,Chúng tôi thiếu sự rõ ràng hoàn toàn về tình huống đã xảy ra.
Large areas of the ocean are polluted.,các khu vực rộng lớn của đại dương bị ô nhiễm.
I searched for a book with many pictures.,tôi đã tìm kiếm một cuốn sách với nhiều hình ảnh
Tom is going inside.,tom đang đi vào trong
Are you going back to the office?,bạn đang quay lại văn phòng à
By all means consider yourself invited,bằng mọi cách xem xét bản thân được mời
Your words aren't reaching Tom's ears.,Lời bạn nói không đến tai Tom.
You should be true to your friends,bạn nên đúng với bạn bè của bạn
Tom is getting his ultimate chance from me.,Tom đang nhận được cơ hội cuối cùng từ tôi.
Bob rushed into the classroom.,bob lao vào lớp học.
"I wanted Tom to take some aspirin, but he said he didn't think it would help","Tôi muốn tom uống một ít aspirin, nhưng anh ấy nói anh ấy không nghĩ nó sẽ giúp"
How soon will the meeting begin?,Cuộc họp sẽ bắt đầu sớm bao lâu?
Mary's advice is always ignored by Tom.,Tom luôn bỏ qua lời khuyên của Mary.
Tom dropped in on Mary last night,tom thả vào mary tối qua
We came to the conclusion that he should be fired.,chúng tôi đi đến kết luận rằng anh ta nên bị sa thải.
Fred propelled a ball with his foot.,Fred đẩy một quả bóng bằng chân của mình.
Your statements require an apology.,Những phát biểu của bạn cần một lời xin lỗi.
Why is Tom over there?,Tại sao Tom lại ở đó?
You're not an expert at this job any more than I am.,bạn không phải là một chuyên gia trong công việc này hơn tôi.
Mary's parents thought highly of Tom.,Cha mẹ của Mary đánh giá cao Tom.
I'll never tell,tôi sẽ không bao giờ kể
I had a really bad nightmare last night.,tôi đã có một cơn ác mộng thực sự tồi tệ đêm qua.
I'm not feeling up to it right now.,Hiện tại tôi không có tâm trạng làm việc đó.
Please fetch me a piece of paper.,xin vui lòng lấy cho tôi một mảnh giấy.
He brushed his hat,anh ấy chải mũ
Tom made Mary laugh,tom làm mary cười
Is this all there is?,Co phải đây la tât cả không?
Do you remember the day when you and I first met?,bạn có nhớ ngày tôi và bạn gặp nhau lần đầu không?
Tom had trouble finding a public telephone.,tom gặp khó khăn khi tìm một điện thoại công cộng.
Let me see if I can do anything.,để tôi xem nếu tôi có thể làm bất cứ điều gì
Japan trades with lots of countries in the world,Nhật Bản giao dịch với rất nhiều quốc gia trên thế giới
I consider that evening to be the absolute worst of my existence.,Tôi coi buổi tối đó là tồi tệ nhất trong cuộc đời mình.
You won't often come across something like that.,Bạn sẽ không thường xuyên bắt gặp một điều như vậy.
He's pathetic and stupid,anh ta thảm hại và ngu ngốc
I had no difficulty whatsoever in resolving the problem.,Tôi hoàn toàn không gặp khó khăn gì khi giải quyết vấn đề.
That's my cat.,đó là con mèo của tôi
The picnic was a disappointment,buổi dã ngoại là một sự thất vọng
You ought to acquire some new playthings for him.,Bạn nên mua vài món đồ chơi mới cho anh ấy.
I think it would be more fun to go together,tôi nghĩ sẽ vui hơn khi đi cùng nhau
Thanks for doing that.,cảm ơn vì đã làm điều đó
Please fix my toy,vui lòng sửa đồ chơi của tôi
Could I please have one more can of beer?,tôi có thể xin thêm một lon bia không?
Just ignore it.,chỉ cần bỏ qua nó
I didn't want to spend any more time working on that project,tôi không muốn dành nhiều thời gian hơn cho dự án đó
Tom keeps his tools in the garage,tom giữ dụng cụ của mình trong nhà để xe
Tom is not fond of pets,tom không thích thú cưng
She's very susceptible to hypnotic suggestion.,cô ấy rất dễ bị gợi ý thôi miên.
I hate to be deceived.,Tôi ghét bị lừa gạt.
It is their only choice.,đó là sự lựa chọn duy nhất của họ
He told me where to buy origami.,anh bảo tôi mua origami ở đâu.
Are you in a position to extend a 5% special rate for 50 items of the product?,Bạn có thể áp dụng mức giá đặc biệt 5% cho 50 sản phẩm không?
What's your stance on the war?,Quan điểm của bạn về cuộc chiến là gì?
I should've left the gun where I found it.,tôi nên để lại khẩu súng nơi tôi tìm thấy nó.
Tom turned on the table lamp.,tom bật đèn bàn.
"It looks like it'll rain today, too",có vẻ như hôm nay trời cũng sẽ mưa
Tom lacks skill in sports.,Tom thiếu kỹ năng trong thể thao.
A clerk in the office is only a pawn in the game of big business.,một nhân viên bán hàng trong văn phòng chỉ là một con tốt trong trò chơi của các doanh nghiệp lớn.
You don't just find money lying around.,Bạn không chỉ tìm thấy tiền ở khắp mọi nơi.
Do you want to do that again?,Bạn có muốn làm điều đó một lần nữa?
He stole a kiss from her,anh ấy đã đánh cắp một nụ hôn từ cô ấy
It doesn't bother me to walk in the rain,nó không làm phiền tôi đi bộ trong mưa
The two came to the same conclusion,cả hai đi đến cùng một kết luận
I told you to go away.,tôi bảo bạn đi đi
The rest of the girls were green with envy.,Những cô gái còn lại xanh mặt vì ghen tị.
I'm not sure what you're asking me to do.,Tôi không chắc chắn những gì bạn yêu cầu tôi làm.
Fish is sold by the pound here.,cá được bán bằng đồng bảng ở đây.
My job is something I treat with great importance.,Công việc của tôi là điều tôi đối xử với sự quan trọng lớn.
What was her reason for not attending?,Lý do cô ấy không đến là gì?
I loved Tom.,tôi yêu tom
I don't know you very well.,tôi không biết bạn rất rõ
I'm going to grant your wish.,Tôi sẽ ban cho điều ước của bạn.
I'll go get some,tôi sẽ đi lấy một ít
Just shut up,chỉ im lặng
Don't fret; I'll keep it a secret.,Đừng lo lắng; tôi sẽ giữ bí mật.
My desire is to be youthful once more.,Tôi mong muốn được trẻ trung một lần nữa.
Tell her that I am playing with the kids.,nói với cô ấy rằng tôi đang chơi với những đứa trẻ.
Is this the car you own?,Đây có phải là chiếc xe bạn sở hữu không?
Tom doesn't take very good care of his children.,Tom không chăm sóc con cái tốt lắm.
I'll give Tom half of my share.,Tôi sẽ cho tom một nửa số chia sẻ của tôi.
I am very serious about my employment.,Tôi rất nghiêm túc về công việc của mình.
She made the room dark by turning off the lamps.,Cô ấy làm căn phòng tối đi bằng cách tắt đèn.
When did you last see Tom?,Lần cuối bạn nhìn thấy tom là khi nào?
Your question should be submitted in writing.,Câu hỏi của bạn nên được nộp bằng văn bản.
The prize money enabled me to go on a world cruise.,tiền thưởng cho phép tôi đi du thuyền thế giới.
Don't accuse him of that.,đừng buộc tội anh ấy về điều đó.
He borrowed a lot of money from the bank.,ông đã vay rất nhiều tiền từ ngân hàng.
She wrote a book about the visitors.,cô ấy đã viết một cuốn sách về du khách.
We need water,chúng ta cần nước
The bus is pulling up!,Xe buýt đang tới rồi!
Let's not allow Tom to do that,chúng ta đừng cho phép tom làm điều đó
My time in Boston last summer amounted to three weeks.,Thời gian tôi ở Boston vào mùa hè năm ngoái là ba tuần.
I know exactly where we've ended up.,Tôi biết chính xác chúng ta đã đến đâu.
Gasoline prices are continually rising.,Giá xăng dầu liên tục tăng.
We just got in.,Chúng tôi vừa mới vào.
Tom walked toward the far wall,tom đi về phía bức tường phía xa
I am going down the stairs.,tôi đang đi xuống cầu thang
Let's go find Tom.,Hãy đi tìm tom.
Tom got on his horse.,Tom lên ngựa.
How will you get them to help us?,Làm thế nào bạn sẽ có được họ để giúp chúng tôi?
Is the top rung strong enough?,là bậc thang đủ mạnh?
I had to go to America.,tôi đã phải đi đến Mỹ
I might take you up on your offer.,tôi có thể đưa bạn lên về lời đề nghị của bạn.
I've got plenty of money,tôi đã có nhiều tiền
They love it.,họ thích nó
My parents were proud of me,bố mẹ tôi tự hào về tôi
He was notified via telegram that his mother had passed away.,Anh ấy đã được thông báo qua điện tín rằng mẹ anh ấy đã qua đời.
It's not that big a deal,nó không phải là một vấn đề lớn
You may only borrow my camera if you are careful with it.,bạn chỉ có thể mượn máy ảnh của tôi nếu bạn cẩn thận với nó.
Is it Tom's?,có phải của tom không?
Why are your eyes so big?,tại sao mắt bạn to vậy
I'm not saying that you're not beautiful,tôi không nói rằng bạn không đẹp
Anything will do,bất cứ điều gì sẽ làm
I suggest we don't wait.,Tôi đề nghị chúng ta đừng chờ.
Tom's energy levels are very high.,Mức năng lượng của Tom rất cao.
She boiled the eggs,cô ấy luộc trứng
No one ate any of the cookies that I made,không ai ăn bất kỳ bánh quy nào tôi làm
You recognize everyone.,Bạn nhận ra tất cả mọi người.
The only reason I got blamed was that the boss needed someone to blame.,lý do duy nhất tôi bị đổ lỗi là ông chủ cần ai đó để đổ lỗi.
Tom ate all the food I had stashed.,tom ăn tất cả thức ăn tôi đã cất.
You'll find the restaurant directly opposite the hotel.,Bạn sẽ tìm thấy nhà hàng ngay đối diện khách sạn.
"We came to the town, where we stayed for a week","chúng tôi đến thị trấn, nơi chúng tôi ở trong một tuần"
Your oddities can either draw people in or push them away through boredom.,Những điều kỳ lạ của bạn có thể thu hút mọi người hoặc đẩy họ ra xa vì sự nhàm chán.
I really need a drink now.,Tôi thực sự cần một thức uống bây giờ.
You will have to get up early tomorrow morning,bạn sẽ phải dậy sớm vào sáng mai
We'll have troubles for sure.,Chắc chắn chúng ta sẽ gặp rắc rối.
Let's go to a store with lower prices,Hãy đến một cửa hàng với giá thấp hơn
I'm going to change my clothes,tôi sẽ thay quần áo
It was lovely,nó thật đáng yêu
Can you recall seeing these before?,Bạn có nhớ đã thấy những thứ này trước đây không?
Are you in favor of or against the hostilities?,Bạn có đồng tình hay phản đối các hành động chiến sự không?
I hope Tom's right,tôi hy vọng đúng
It's hard for me to recall student names.,Tôi khó có thể nhớ lại tên học sinh.
I'd rather not try,tôi không muốn thử
What was your location last night?,Tối qua bạn ở địa điểm nào?
It's already eleven,nó đã mười một
They released Tom,họ đã phát hành tom
What does it look like to you?,nó trông như thế nào với bạn
The Mississippi River is deep and wide.,sông mississippi sâu và rộng.
I heard my phone ring.,tôi nghe thấy tiếng chuông điện thoại của tôi.
I appreciate your confidence in me.,tôi đánh giá cao sự tự tin của bạn vào tôi.
Can you show it to me?,bạn có thể chỉ cho tôi được không?
What's your favorite board game?,trò chơi hội đồng yêu thích của bạn là gì?
"She said she was sick yesterday, which was not true.","Cô ấy nói hôm qua cô ấy bị ốm, điều đó không đúng."
The work was all but finished.,công việc đã xong nhưng đã xong.
Tom's illiterate.,Tom không biết chữ.
Their compatibility is undeniable; they belong together.,Sự tương thích của họ là không thể phủ nhận; họ thuộc về nhau.
Tom was the very last to arrive,tom là người cuối cùng đến
I don't feel like translating this sentence,tôi không cảm thấy muốn dịch câu này
The game was put off because of the rain.,Trò chơi bị tắt vì trời mưa.
Am I correct that you were at your residence yesterday?,Tôi có đúng không khi nói bạn đã ở nhà vào hôm qua?
"Not knowing what to do, I did nothing","không biết phải làm gì, tôi không làm gì cả"
Father gave up cigarettes,cha đã từ bỏ thuốc lá
Do you have any proof?,anh có bằng chứng gì không?
I got a fish bone stuck in my throat,tôi bị xương cá mắc kẹt trong cổ họng
It's your turn to drive.,đến lượt bạn lái xe.
They are required to compute the cost.,Họ được yêu cầu tính toán chi phí.
What do they want?,Họ muốn làm gì?
Please don't cry,xin đừng khóc
Your immediate departure is requested.,Yêu cầu bạn rời đi ngay lập tức.
The repairs will cost at least 20 pounds,việc sửa chữa sẽ tốn ít nhất 20 bảng
I have to take this call.,tôi phải nhận cuộc gọi này
The island is a paradise for children.,hòn đảo là thiên đường cho trẻ em.
Tom was there for Mary in her grief.,Tom đã ở bên Mary trong lúc cô ấy đau buồn.
He has very modern ideas.,Anh ấy có những ý tưởng rất hiện đại.
Japanese high school students go to school 35 weeks a year,học sinh trung học Nhật Bản đi học 35 tuần một năm
She had already gone to bed when I called her at 11 p.m,cô ấy đã đi ngủ khi tôi gọi cô ấy lúc 11 giờ
We need to suffice with the resources we possess.,Chúng ta cần phải đủ với các nguồn lực mà chúng ta sở hữu.
I'm under medical supervision at the moment.,Hiện tại tôi đang được giám sát y tế.
Tom and Mary used to go out together.,tom và mary dùng để đi chơi cùng nhau
They need your help,họ cần sự giúp đỡ của bạn
What else did Tom tell you?,Tom đã nói gì với bạn?
Tom looked lonely.,Tom trông cô đơn.
How did you know?,Làm sao bạn biết?
"To all appearances, they are a happy couple","Trong tất cả các lần xuất hiện, họ là một cặp vợ chồng hạnh phúc"
I have a feeling that he knows the secret,tôi có cảm giác rằng anh ấy biết bí mật
My confidence in it never wavered.,Sự tự tin của tôi vào điều đó chưa bao giờ lung lay.
Not everyone present here is a student.,Không phải ai ở đây cũng là sinh viên.
A tremendous success led our team to come back home.,Một thành công to lớn đã đưa đội của chúng tôi trở về nhà.
She smiled amiably when she greeted me.,Cô ấy mỉm cười thân thiện khi chào tôi.
It looks like I'm going to arrive late.,có vẻ như tôi sẽ đến muộn
It was outstanding,nó thật nổi bật
People ought to seek out their own individual way forward.,Mọi người nên tìm kiếm con đường tiến lên riêng của từng cá nhân.
She can't suppress her emotions.,cô ấy không thể kìm nén cảm xúc của mình.
The apples he forwarded to me were absolutely delightful.,Những quả táo anh ấy chuyển đến cho tôi thật sự rất ngon.
We're fortunate to have a pleasant dwelling.,Chúng tôi may mắn có một ngôi nhà dễ chịu.
I can't think of a good reason why we should give Tom any money.,Tôi không thể nghĩ ra một lý do chính đáng tại sao chúng ta nên cho tom bất kỳ khoản tiền nào.
There are many members in Tom's family.,Có nhiều thành viên trong gia đình Tom.
Would you be in a position to give us a special 5% price concession for 50 items?,Bạn có thể giảm giá đặc biệt 5% cho chúng tôi khi mua 50 mặt hàng không?
I can no longer tolerate hearing your complaints.,Tôi không thể chịu đựng thêm việc nghe những lời phàn nàn của bạn nữa.
In which area did you spend your childhood?,Bạn đã trải qua thời thơ ấu của mình ở khu vực nào?
I'm going to go to Boston.,Tôi sẽ đi đến boston.
You're a better person than me,bạn là người tốt hơn tôi
Not once did I question it.,Tôi chưa từng nghi ngờ nó dù chỉ một lần.
"Come to the party, will you?","Hãy đến bữa tiệc, bạn nhé!"
I'm out here.,tôi ra khỏi đây
What do you think they'll do this afternoon?,Bạn nghĩ họ sẽ làm gì chiều nay?
Clear windows are a common feature in most vehicles.,Kính trong là một đặc điểm phổ biến ở hầu hết các phương tiện.
I knew it was real,tôi biết đó là sự thật
You're really very good.,bạn thực sự rất tốt
A doctor is now looking after my health.,Bây giờ tôi đang được một bác sĩ theo dõi sức khỏe.
You saved us,bạn đã cứu chúng tôi
"While I was waiting for the bus, I witnessed a traffic accident","Trong khi tôi đang đợi xe buýt, tôi đã chứng kiến một vụ tai nạn giao thông"
The hotel was designed by a Japanese architect.,khách sạn được thiết kế bởi một kiến trúc sư Nhật Bản.
I don't want to go out with Tom.,tôi không muốn đi chơi với tom.
I called my mother up from the station.,Tôi gọi mẹ tôi từ nhà ga.
I'd like to speak with someone in charge.,Tôi muốn nói chuyện với một người phụ trách.
You don't understand the procedure,bạn không hiểu thủ tục
Tom told me Mary is in jail.,tom nói với tôi mary đang ở trong tù
I'm out of work.,tôi nghỉ việc.
My husband is a very good cook.,Chồng tôi là một đầu bếp rất giỏi.
Tom would keep his secret from me.,Tom sẽ giấu bí mật của mình với tôi.
He sent his son out to get the newspaper,ông đã gửi con trai của mình ra để lấy báo
She shrieked.,Cô thét lên.
Ouch! My finger got caught in the door,ôi! ngón tay của tôi bị kẹt ở cửa
Would you mind dropping by my office whenever you're free?,Bạn có phiền ghé qua văn phòng của tôi bất cứ khi nào bạn rảnh không?
I told Tom I was coming.,tôi nói với tom tôi đang đến
The house we live in is beautiful.,Ngôi nhà chúng tôi đang ở rất đẹp.
He agreed to give us an interview,anh ấy đồng ý cho chúng tôi một cuộc phỏng vấn
An excessive increase in weight is detrimental to your physical condition.,Việc tăng cân quá mức có hại cho tình trạng thể chất của bạn.
"As far as I know, he is an honest man","theo như tôi biết, anh ấy là một người đàn ông trung thực"
I don't give lessons.,tôi không cho bài học
We've been familiar with each other since my early years.,Chúng tôi đã biết nhau từ những năm tháng đầu đời của tôi.
She has a talent for dance.,cô ấy có một tài năng về khiêu vũ.
Don't worry. It's going to be fine,đừng lo lắng nó sẽ ổn thôi
I saw her spike his drink,tôi thấy cô ấy uống nước
I found myself inside the car the moment I opened my eyes.,Tôi thấy mình ở trong xe ngay khi mở mắt.
"Can I have a word, please?",tôi có thể có một từ được không?
It's essential for everyone to forge their own destiny.,Điều cần thiết là mỗi người phải tự tạo ra vận mệnh của riêng mình.
Tom is limping along,tom đang đi khập khiễng
Tom certainly knows a lot about Mary,Tom chắc chắn biết rất nhiều về mary
I hope you're in good spirits.,tôi hy vọng bạn có tinh thần tốt.
The teacher submitted a request for more funds.,giáo viên đã gửi một yêu cầu cho nhiều tiền hơn.
It is fortunate that the weather is so nice,thật may mắn vì thời tiết rất đẹp
How dare you speak to me like that?,Sao bạn dám nói với tôi như thế?
Tom was quite unpunctual.,Tom đã rất không đúng giờ.
It seemed like a good idea at the time.,Nó có vẻ như là một ý tưởng tốt vào thời điểm đó.
The rest of the girls felt envious.,Những cô gái còn lại cảm thấy ghen tị.
It wasn't long before Tom and Mary were close friends.,Chẳng bao lâu sau Tom và Mary đã trở thành bạn thân.
Kindly attach these buttons by sewing.,Vui lòng đính các nút này bằng cách khâu.
Tom is a very dangerous man.,tom là một người đàn ông rất nguy hiểm
This is the biggest cat that I've ever seen.,Đây là con mèo lớn nhất mà tôi từng thấy.
Tom stopped what he was doing.,Tom dừng lại những gì anh ấy đang làm.
We'll soon be together,chúng ta sẽ sớm ở bên nhau
May I see him?,tôi có thể gặp anh ấy không?
I can't see my dad,tôi không thể nhìn thấy bố tôi
Please forward my mail to this address.,xin vui lòng chuyển tiếp thư của tôi đến địa chỉ này.
The wind carries seeds for great distances,gió mang hạt giống cho khoảng cách lớn
Make a direct visit to him.,Hãy đến thăm anh ấy một cách trực tiếp.
My stomach is grumbling.,Bụng tôi đang càu nhàu.
This is Tom's locker,đây là tủ đồ của tom
I'm confident I'll perform well on the exam.,Tôi tự tin mình sẽ làm tốt trong kỳ thi.
Do you really have free tickets for the concert?,Bạn có thực sự có vé miễn phí cho buổi hòa nhạc?
"You're quite awkward, aren't you?",Bạn khá vụng về đấy chứ?
Did you take a shower today?,hôm nay bạn có tắm không
I'm going to call it a day.,Tôi sẽ gọi nó là một ngày.
Mary can't decide whether or not to buy the dress.,mary không thể quyết định có mua chiếc váy đó hay không.
Milk was poured into the blender by Tom.,Sữa đã được Tom đổ vào máy xay sinh tố.
"I paid 2,000 yen for this atlas",tôi đã trả 2.000 yên cho tập bản đồ này
This is the watch that I bought yesterday,đây là chiếc đồng hồ mà tôi đã mua ngày hôm qua
What we need now is a break.,những gì chúng ta cần bây giờ là nghỉ ngơi.
I saw a dog crossing the street,tôi thấy một con chó băng qua đường
How much interest does it pay?,nó trả bao nhiêu tiền lãi
I beg to differ from you on that point.,tôi cầu xin khác với bạn về điểm đó.
I wonder why eggs are sold by the dozen,tôi tự hỏi tại sao trứng được bán bởi hàng tá
He acknowledged that he had pilfered the treasure.,Anh ấy thừa nhận rằng mình đã trộm kho báu.
What was taking place was beyond my belief.,Những gì đang diễn ra nằm ngoài sức tưởng tượng của tôi.
The fabrication of this device happened in France.,Việc chế tạo thiết bị này đã diễn ra ở Pháp.
That should buy us some time,nên mua cho chúng tôi một chút thời gian
Formalize your question on paper.,Hãy viết câu hỏi của bạn ra giấy.
They had grown weary of the wait.,Họ đã trở nên mệt mỏi vì sự chờ đợi.
I should probably lose a little weight,tôi có lẽ nên giảm một chút cân nặng
Tom keeps a change of clothes in his office.,tom giữ một sự thay đổi quần áo trong văn phòng của mình.
I took the train all the way to Kyoto.,Tôi đã đi tàu hỏa suốt quãng đường đến Kyoto.
What makes you so sure?,Điều gì làm cho bạn chắc chắn như vậy?
Tom called to her across the street,Tom gọi cô ấy qua đường
My existence has taken a different turn.,Cuộc đời tôi đã rẽ sang một hướng khác.
We have a signed statement,chúng tôi có một tuyên bố đã ký
Wasn't it true that you were home yesterday?,Không phải bạn đã ở nhà hôm qua sao?
I'll hand over the limited cash I have on me.,Tôi sẽ đưa cho bạn số tiền mặt hạn chế tôi đang có.
Mary is Tom's older sister,mary là chị gái của tom
Tom's new shirt shrunk when he washed it and now it doesn't fit.,Chiếc áo mới của tom co lại khi anh giặt nó và bây giờ nó không vừa.
This is sweet.,nó thật ngọt ngào.
Mary's prior purchase of bread was unknown to Tom.,Việc Mary đã mua bánh mì trước đó là điều Tom không biết.
Tom said he would buy it.,tom nói anh sẽ mua nó
You'll find him easy to cooperate with.,Bạn sẽ thấy anh ấy dễ hợp tác.
I suppose you like it,tôi cho rằng bạn thích nó
Do you feel like going swimming?,bạn có thích đi bơi không
I don't fully believe his account.,Tôi không hoàn toàn tin vào lời tường thuật của anh ấy.
He denies nothing to his children,ông không phủ nhận điều gì với con cái
The city is becoming a popular choice for tourists.,Thành phố đang trở thành một lựa chọn phổ biến cho khách du lịch.
Did that really cost you three hundred dollars?,điều đó thực sự tiêu tốn của bạn ba trăm đô la?
There's no doubt Tom is hefty.,"Không nghi ngờ gì nữa, Tom rất to lớn."
It's my view that waiting isn't advisable.,"Theo quan điểm của tôi, việc chờ đợi là không nên."
I work alone,tôi làm một mình
Won't you attempt to bring Tom back to his senses?,Bạn sẽ không cố gắng đưa Tom trở lại tỉnh táo sao?
What was the reason for her absence?,Lý do cô ấy vắng mặt là gì?
Your peculiar habits might either charm people or bore them.,Những thói quen kỳ lạ của bạn có thể hoặc làm say đắm mọi người hoặc khiến họ chán nản.
"I spent three years looking for a good director, but couldn't find one.","tôi đã dành ba năm để tìm một đạo diễn giỏi, nhưng không thể tìm được."
What's the name of your father?,Tên của cha bạn là gì vậy?
We couldn't have children,chúng tôi không thể có con
"Normally this wouldn't worry the pilot, but recently this kind of thing has been happening more and more often","thông thường điều này sẽ không làm phi công lo lắng, nhưng gần đây loại chuyện này đã xảy ra ngày càng thường xuyên hơn"
Tom left without saying goodbye,tom rời đi mà không nói lời tạm biệt
The girl was sought by them.,Cô gái đã được họ tìm kiếm.
Let me get this straight. You're my father?,hãy để tôi nói thẳng điều này bạn là bố tôi
Tom hadn't eaten since breakfast and was getting hungry,Tom đã không ăn từ bữa sáng và đang đói
I was in disbelief over the current situation.,Tôi không tin vào tình hình hiện tại.
Did you notice that Tom was looking at you?,bạn có để ý rằng tom đang nhìn bạn không?
State your business.,nêu doanh nghiệp của bạn.
Tom lowered his voice.,tom hạ giọng.
It's stupid and dangerous,thật ngu ngốc và nguy hiểm
Tom believes that Mary is his best friend,Tom tin rằng mary là người bạn tốt nhất của anh ấy
She came near being run over,cô ấy đến gần bị chạy qua
Tom probably knows why Mary isn't here,Tom có thể biết tại sao mary không ở đây
Tom blamed it on me,Tom đổ lỗi cho tôi
We're interested.,chúng tôi quan tâm.
"Tom sat on the porch, reading the evening paper","Tom ngồi ngoài hiên, đọc báo buổi tối"
Since we insulated the house we've saved a lot on heating oil.,"kể từ khi chúng tôi cách nhiệt ngôi nhà, chúng tôi đã tiết kiệm rất nhiều dầu sưởi."
You cannot simply abandon this chaotic situation.,Bạn không thể đơn giản bỏ mặc tình hình hỗn loạn này.
Tom's plan isn't succeeding.,Kế hoạch của Tom không thành công.
He'll have an accident one of these days if he keeps driving like that,Anh ấy sẽ gặp tai nạn một trong những ngày này nếu anh ấy cứ lái xe như vậy
They're giving a big ball at the American Embassy tonight.,Họ đang cho một quả bóng lớn tại đại sứ quán Mỹ tối nay.
He is good and drunk,anh ấy tốt và say rượu
He is expected to be back in a little while.,Anh ấy dự kiến sẽ quay lại trong chốc lát.
I don't need a interpreter.,Tôi không cần một thông dịch viên.
I'm swamped with work.,Tôi đang bị ngập trong công việc.
I hope it's not too late.,tôi hy vọng nó không quá muộn.
Tom asked Mary what time she expected to get home.,Tom hỏi mary mấy giờ cô ấy sẽ về nhà.
Have you gone nuts?,bạn đã đi hạt chưa
My plan for the summer is to go to Europe.,kế hoạch của tôi cho mùa hè là đi đến châu Âu.
Would you say Tom acts without principles?,Bạn có nói rằng Tom hành động không có nguyên tắc không?
Tom is still not talking to Mary,Tom vẫn không nói chuyện với mary
I'm sorry to bother you at home,tôi xin lỗi đã làm phiền bạn ở nhà
Could you lend me a hand?,bạn có thể giúp tôi một tay?
Tom got very angry at Mary,tom đã rất tức giận với mary
What are the typical dishes Egyptians consume?,Những món ăn đặc trưng mà người Ai Cập tiêu thụ là gì?
I fear it's past the point of no return.,Tôi e rằng đã quá muộn để quay đầu rồi.
Jane is presently out acquiring goods.,Jane hiện đang đi mua hàng.
"To his surprise, the door opened by itself","Trước sự ngạc nhiên của anh, cánh cửa tự mở ra."
My answer was what she anticipated.,Câu trả lời của tôi là điều cô ấy mong đợi.
It's crucial that we arrange a meeting with Tom.,Điều tối quan trọng là chúng ta phải sắp xếp một cuộc họp với Tom.
I happened to meet Tony yesterday on my route home.,Tôi tình cờ gặp Tony hôm qua trên tuyến đường về nhà.
We don't have the time.,chúng ta không có thời gian
Are you able to place these?,Bạn có thể nhận ra những thứ này không?
There's a chance of precipitation coming soon.,Có khả năng trời sẽ có mưa sớm.
I put my suitcase in the trunk.,tôi để vali vào cốp xe.
Tom would've turned thirty next month if he hadn't died in the accident.,Tom sẽ bước sang tuổi ba mươi vào tháng tới nếu anh ta không chết trong vụ tai nạn.
I shouldn't have to do that again,tôi không nên làm điều đó một lần nữa
Medical practitioners suspected he had a cold.,Các y bác sĩ nghi ngờ anh ấy bị cảm lạnh.
One cannot do lots of things at the same time.,người ta không thể làm nhiều việc cùng một lúc.
Tom thinks women in America wear too much perfume,Tom nghĩ rằng phụ nữ ở Mỹ mặc quá nhiều nước hoa
I'm not sure I have enough time finish this report,tôi không chắc mình có đủ thời gian để hoàn thành báo cáo này
"The more he waited, the more irritated he became.","Càng chờ đợi, anh càng trở nên cáu kỉnh."
Can you teach me to play chess?,bạn có thể dạy tôi chơi cờ vua không?
Forty-eight sailors are on the ship,bốn mươi tám thủy thủ đang ở trên tàu
I don't want to miss my train.,tôi không muốn bỏ lỡ chuyến tàu của mình
When do you eat breakfast?,Bạn dùng điểm tâm lúc nào?
I'll call at seven,tôi sẽ gọi lúc bảy giờ
"We can't prove Tom is lying, but we're pretty sure he is.","chúng tôi không thể chứng minh tom đang nói dối, nhưng chúng tôi khá chắc chắn là anh ấy."
Do you have any apples?,bạn có trái táo nào không?
I carefully took down everything that my teacher said,tôi cẩn thận gỡ xuống tất cả những gì giáo viên của tôi nói
This is a good place to pitch a tent.,đây là một nơi tốt để dựng lều
I've sent Tom home.,Tôi đã gửi tom về nhà.
Let me do the talking.,hãy để tôi nói
This is my song,đây là bài hát của tôi
Why are we going this way?,Tại sao chúng ta đi theo cách này?
What's your favorite self-help book?,cuốn sách tự giúp đỡ yêu thích của bạn là gì?
Tom doesn't have much time to waste,tom không có nhiều thời gian để lãng phí
Can I cancel this ticket?,tôi có thể hủy vé này không?
Did Tom object?,đã làm đối tượng tom?
This car must have had tough usage.,chiếc xe này phải có sử dụng khó khăn.
Read your statement before you sign it.,đọc tuyên bố của bạn trước khi bạn ký tên
You have to come now.,bạn phải đến ngay bây giờ
Scientists are debating his theory about the disappearance of the dinosaurs,các nhà khoa học đang tranh luận về lý thuyết của ông về sự biến mất của khủng long
The skies are clear,bầu trời trong xanh
At what time would you like to depart?,Bạn muốn khởi hành vào lúc nào?
Tom works in a hit-or-miss fashion.,tom hoạt động theo kiểu hit-or-miss.
I'm sure she will become a great singer.,Tôi chắc rằng cô ấy sẽ trở thành một ca sĩ tuyệt vời.
We ought to send Jordan to the hospital,chúng ta nên gửi jordan đến bệnh viện
They put the antique harp away in the underground room.,Họ cất cây đàn hạc cổ vào căn phòng dưới lòng đất.
I think it's time for you to leave.,Tôi nghĩ rằng đã đến lúc để bạn rời đi.
Tom indicated with a gesture that Mary should go first.,Tom ra hiệu bằng cử chỉ rằng Mary nên đi trước.
It's my business to investigate such things,đó là công việc của tôi để điều tra những điều như vậy
We could have rain in the near future.,Chúng ta có thể có mưa trong tương lai gần.
His remark was not intended to be a factual statement.,nhận xét của ông không có ý định là một tuyên bố thực tế.
They are hugging and kissing.,họ đang ôm và hôn nhau.
She is said to have been rich,cô ấy được cho là giàu có
It was Tom who told me you were coming here.,Chính Tom đã nói với tôi rằng bạn sẽ đến đây.
Betty is watering the flowers.,Betty đang tưới hoa.
Tom was fair,tom đã công bằng
It's unlikely that you'll be fond of it.,Không chắc là bạn sẽ thích nó đâu.
We don't want to cause a panic,chúng tôi không muốn gây hoảng loạn
He had reached a great age.,Ông ấy đã đạt đến tuổi rất cao.
Oh my gosh! You're the last person I expected to meet in a situation like this.,Ôi trời ơi! bạn là người cuối cùng tôi mong gặp trong tình huống như thế này.
They went fishing yesterday.,họ đã đi câu cá ngày hôm qua.
I go to the city to buy bread.,tôi đến thành phố để mua bánh mì.
You've really put us in a predicament.,Bạn thực sự đã đẩy chúng tôi vào một tình thế khó khăn.
Tom looks curious.,Tom có vẻ tò mò.
Tom looked up quickly.,tom nhìn lên nhanh chóng.
Do you still want to go?,bạn vẫn muốn đi chứ
I'm sick. Will you send for a doctor?,tôi bị ốm. bạn sẽ gửi cho bác sĩ?
I baked you some cookies,tôi nướng cho bạn một ít bánh quy
Tom took a step backward,tom lùi một bước
I ought to have anticipated this outcome.,Lẽ ra tôi nên dự đoán kết quả này.
The holidaymakers moved leisurely through the shops.,Những người đi nghỉ mát đi lại thong thả qua các cửa hàng.
I had forgotten all about today's meeting. I'm glad you reminded me.,tôi đã quên tất cả về cuộc họp hôm nay. Tôi rất vui vì bạn đã nhắc nhở tôi.
I could do this for a living,tôi có thể làm điều này để kiếm sống
This rug has a pleasant texture.,Tấm thảm này có kết cấu dễ chịu.
Tom compelled Mary to perform the action.,Tom ép buộc Mary thực hiện hành động đó.
The administration voted in favor of divesting the entity's holdings abroad.,Ban quản trị đã bỏ phiếu ủng hộ việc thoái vốn khỏi các tài sản của tổ chức ở nước ngoài.
Tom is psyched.,tom là tâm lý.
Getting some proper sleep without Tom on my mind will be fantastic.,Có được một giấc ngủ ngon mà không phải bận tâm về Tom nữa sẽ thật tuyệt vời.
We'd like to hear a bit about your experiences.,Chúng tôi muốn nghe một chút về những trải nghiệm của bạn.
Would someone tell me what's going on?,ai đó sẽ cho tôi biết những gì đang xảy ra?
You knew this might happen.,bạn biết điều này có thể xảy ra.
"Save your breath, Tom.","tiết kiệm hơi thở của bạn, tom."
She smiled nicely when she said hello to me.,Cô ấy mỉm cười thật đẹp khi chào tôi.
I'm not bossy,tôi không hách dịch
There's time.,Có thời gian.
The authorities decided against bringing him to court.,Chính quyền đã quyết định không đưa anh ta ra tòa.
I caught them in the act.,tôi bắt gặp họ trong hành động.
I've made this trip a thousand times.,Tôi đã thực hiện chuyến đi này hàng ngàn lần.
"If you mail it by 7:00 p.m., it'll arrive tomorrow","nếu bạn gửi nó trước 7:00 tối, nó sẽ đến vào ngày mai"
The movie will have started before we get there,bộ phim sẽ bắt đầu trước khi chúng ta đến đó
Our predicament stems from the fact that certain bills remain outstanding.,Tình thế khó khăn của chúng ta bắt nguồn từ việc một số hóa đơn vẫn còn tồn đọng.
It was beginner's luck,đó là may mắn của người mới bắt đầu
You can go to the bus station,bạn có thể đi đến trạm xe buýt
We used to discuss politics far into the night,chúng tôi thường thảo luận về chính trị vào ban đêm
Tom is in a frenzy.,Tom đang trong cơn cuồng loạn.
I couldn't get out of my garage because there was a car in the way.,Tôi không thể ra khỏi gara của mình vì có một chiếc xe hơi trên đường.
I'm not one of them,tôi không phải là một trong số họ
Tom keeps very careful records.,tom giữ hồ sơ rất cẩn thận.
The person helping Tom is Mary.,người giúp tom là mary.
"Knowing how much school for my kids is costing, it's impossible to relax with a beer and take it easy","biết các trường học của con tôi tốn bao nhiêu tiền, không thể thư giãn với bia và làm cho nó dễ dàng"
May I interrupt you for a moment?,Tôi có thể làm phiền bạn một lát không?
Who gave the order?,ai đã ra lệnh?
I grasp Tom's situation.,Tôi nắm bắt được tình hình của Tom.
I have just returned from the post office,tôi vừa trở về từ bưu điện
Where's your car?,xe của bạn đâu
He makes a point of reading newspapers after dinner.,Anh ấy đọc báo sau bữa tối.
She quoted a poem by Keats,cô ấy trích dẫn một bài thơ của keats
Prices are subject to change without notice,Giá trên có thể thay đổi mà không báo trước
Our names were written down by him in a hurry.,Tên của chúng tôi đã được anh ấy viết xuống một cách vội vã.
What are you doing out at this time?,bạn đang làm gì vào lúc này?
I won't be here much longer,tôi sẽ không ở đây lâu nữa
"You understand French, don't you?",bạn hiểu tiếng Pháp phải không?
We made the best of that bad situation,chúng tôi đã làm tốt nhất tình huống xấu đó
I'll smack the living daylights out of you!,Tôi sẽ đánh bật ánh sáng ban ngày của bạn!
I'm sure Tom will be contacting you in the near future,Tôi chắc chắn tom sẽ liên lạc với bạn trong tương lai gần
A bench was where Tom and Mary sat together.,Một chiếc ghế dài là nơi Tom và Mary ngồi cùng nhau.
Tom behaves as if he's extremely fatigued.,Tom cư xử như thể anh ấy cực kỳ mệt mỏi.
The handle of the cup is broken.,tay cầm của cốc bị hỏng.
You can't sit here if you're not going play poker with us,bạn không thể ngồi đây nếu bạn không chơi bài poker với chúng tôi
Please communicate to Tom all the information we want him to have.,Xin hãy truyền đạt cho Tom tất cả thông tin chúng tôi muốn anh ấy có.
We prefer to stay here,chúng tôi muốn ở đây
Tom grabbed Mary by the hair.,tom nắm lấy mary bởi mái tóc.
Could you quickly scan these files for me?,Bạn có thể nhanh chóng quét qua các tập tin này cho tôi không?
"Let me call you back later, OK?",để tôi gọi lại cho bạn sau nhé
I know almost nothing about it,tôi gần như không biết gì về nó
"The ostrich has wings, but it cannot fly","đà điểu có cánh, nhưng nó không thể bay"
The cat seems to want some water.,Con mèo dường như muốn uống nước.
He is as busy as ever.,Anh ấy bận rộn hơn bao giờ hết.
He attacked the government's policy in his speech.,ông đã công kích chính sách của chính phủ trong bài phát biểu của mình.
Could you identify any other painful spots on your body?,Bạn có thể xác định bất kỳ điểm đau nào khác trên cơ thể mình không?
My attempts to listen yielded no audible results.,Những nỗ lực lắng nghe của tôi không mang lại kết quả nghe được nào.
This couldn't possibly be anyone else's umbrella.,Chiếc ô này không thể nào là của ai khác được.
I'm tempted to kiss you at this moment.,Lúc này tôi đang muốn hôn bạn.
Time will show which of us is right.,thời gian sẽ cho thấy ai trong chúng ta là đúng.
Tom and Mary split up after being married for three years,Tom và mary chia tay sau khi kết hôn được ba năm
Our teacher separated us into two groups.,giáo viên của chúng tôi tách chúng tôi thành hai nhóm.
Was there a time limit?,đã có giới hạn thời gian?
Tom hit a home run,tom chạy về nhà
Tom abused my confidence,tom lạm dụng sự tự tin của tôi
It will cost 500 dollars to fly to Paris.,Nó sẽ có giá 500 đô la để bay đến paris.
Tom said that he and Mary had had a fight,Tom nói rằng anh ta và mary đã có một cuộc chiến
You kids must be hungry,bạn trẻ phải đói
I love the way you make me feel,tôi yêu cách bạn làm tôi cảm thấy
Watch him and do the same thing.,xem anh ta và làm điều tương tự
Sunday's match will be crucial.,trận đấu chủ nhật sẽ rất quan trọng.
"They will arrive at six, and then we will all have dinner.",họ sẽ đến lúc sáu giờ và sau đó tất cả chúng ta sẽ ăn tối.
It appeared to me that he was very intelligent.,Tôi nhận ra rằng anh ta rất thông minh.
Tom spent a sleepless night thinking of Mary,tom trải qua một đêm mất ngủ khi nghĩ về mary
Tom reported that everything was OK.,tom báo cáo rằng mọi thứ đều ổn
Tom found it necessary to get support for his tax matters.,Tom thấy cần thiết phải nhận hỗ trợ cho các vấn đề thuế của mình.
It seems to me that you could use some help.,Với tôi thì có vẻ bạn có thể cần một chút giúp đỡ.
I would like to do more,tôi muốn làm nhiều hơn nữa
This pen is a real bargain at such a low price,cây bút này là một món hời thực sự ở một mức giá thấp như vậy
His journey to this place began in Boston.,Chuyến đi của anh ấy đến đây bắt đầu từ Boston.
Could you make sure Tom shows up on time?,bạn có thể đảm bảo tom xuất hiện đúng giờ?
I'm beginning to get the idea.,Tôi đang bắt đầu có ý tưởng.
It was silly of you to make such a mistake,thật là ngớ ngẩn khi bạn phạm phải một sai lầm như vậy
You're a snob,bạn là một kẻ hợm hĩnh
You won't believe how popular Tom has become.,bạn sẽ không tin làm thế nào tom phổ biến đã trở thành.
We were disappointed in him,chúng tôi đã thất vọng về anh ấy
"He endeavored to make his wife happy, but in vain.","Anh nỗ lực để làm cho vợ mình hạnh phúc, nhưng vô ích."
At what time would you like to depart?,Bạn muốn khởi hành lúc mấy giờ?
Why do you want to know what I'm thinking?,tại sao bạn muốn biết tôi đang nghĩ gì
Would you like a dog?,bạn có muốn một con chó không
Their political objectives are so important they won't quit.,Các mục tiêu chính trị của họ quan trọng đến mức họ sẽ không bỏ cuộc.
I was listening to a really beautiful song yesterday,tôi đã nghe một bài hát rất hay ngày hôm qua
Going overseas is highly engaging.,Đi nước ngoài rất hấp dẫn.
Don't touch me.,đừng chạm vào tôi.
Let's sing and dance.,Hãy hát và nhảy.
Her stern look told the boys that they were in trouble,Cái nhìn nghiêm khắc của cô nói với các chàng trai rằng họ đang gặp rắc rối
Tom gave Mary advice on effective ways to study French.,tom đã cho mary lời khuyên về những cách hiệu quả để học tiếng Pháp.
Please wash your hands after using the bathroom,vui lòng rửa tay sau khi sử dụng phòng tắm
The scarecrow in the backyard fell over during the hurricane.,con bù nhìn ở sân sau ngã xuống trong cơn bão.
I don't know how to speak French properly,tôi không biết nói tiếng Pháp đúng cách
That's what makes the difference,đó là điều làm nên sự khác biệt
She logs all her purchases.,Cô ấy ghi lại tất cả các món đồ đã mua.
"Tom didn't win the race, ruining his perfect record.","Tom đã không chiến thắng cuộc đua, phá hỏng kỷ lục hoàn hảo của mình."
My father can speak French as well as English,cha tôi có thể nói tiếng Pháp cũng như tiếng Anh
Tom misunderstood me,tom hiểu lầm tôi
I have to pull a ripcord to start my lawn mower.,tôi phải kéo ripcord để khởi động máy cắt cỏ.
The time is nine minutes after ten.,thời gian là chín phút sau mười.
What's the reason for Tom's presence there?,Lý do Tom có mặt ở đó là gì?
What do you feel like having for your meal?,Bạn muốn dùng bữa gì?
I don't think Tom is the person you should be talking to,tôi không nghĩ tom là người bạn nên nói chuyện
Tom has some money stashed away.,tom có một số tiền bỏ đi.
What did you do to get grounded?,Bạn đã làm gì để có căn cứ?
Everything is better without you.,mọi thứ sẽ tốt hơn nếu không có em
I believe we need to disclose the facts to Tom.,Tôi tin rằng chúng ta cần phải tiết lộ sự thật cho Tom.
Tom and Mary quickly formed a strong friendship.,Tom và Mary nhanh chóng hình thành một tình bạn bền chặt.
"Ensure your seatbelt is buckled, please.",Vui lòng đảm bảo dây an toàn của bạn đã được thắt.
Imagine yourself on a mountaintop,tưởng tượng mình trên một đỉnh núi
That specific photo was a part of the wallet's contents.,Bức ảnh cụ thể đó là một phần trong nội dung của chiếc ví.
The police treated Tom like a common criminal.,cảnh sát đối xử với tom như một tên tội phạm thông thường.
I ran away from the training camp,tôi đã chạy trốn khỏi trại huấn luyện
I think I might be in Boston next Monday.,tôi nghĩ rằng tôi có thể ở boston vào thứ hai tới.
Everyone were surprised when I went into the room,mọi người đều ngạc nhiên khi tôi đi vào phòng
Tom cut the pie into six pieces,tom cắt chiếc bánh thành sáu miếng
The subject of philosophy is often seen as complex.,Môn triết học thường được xem là phức tạp.
I have a few books.,tôi có một vài cuốn sách
He is identical to his older brother,anh ấy giống hệt anh trai của mình
The situation gets worse and worse,tình hình ngày càng tồi tệ
The majority of those men worked in the mine,phần lớn những người đàn ông làm việc trong mỏ
Tom threw an empty beer can at Mary.,tom ném một lon bia rỗng vào mary.
Tom is willing to lend us three thousand dollars,tom sẵn sàng cho chúng tôi vay ba ngàn đô la
Her life is at risk at this moment.,"Hiện giờ, mạng sống của cô ấy đang gặp rủi ro."
You need to get to a doctor.,bạn cần phải đến bác sĩ
"That's the problem, isn't it?","Đó là vấn đề, phải không?"
Atoms are in everything.,nguyên tử là trong tất cả mọi thứ.
Do you believe Tom has no moral standards?,Bạn có tin rằng Tom không có tiêu chuẩn đạo đức không?
The bus has just appeared!,Xe buýt vừa mới xuất hiện!
These are the people who live next door.,đây là những người sống bên cạnh
The machine operates around the clock,Máy hoạt động suốt ngày đêm
Nobody there knew him well,không ai ở đó biết rõ anh ta
Tom is a corrections officer,tom là một sĩ quan chỉnh sửa
I haven't done that since high school,tôi đã không làm điều đó từ khi học trung học
Mary's pain was also felt by Tom.,Nỗi đau của Mary cũng được Tom cảm nhận.
I believe we ought to disclose the truth to Tom.,Tôi tin rằng chúng ta nên tiết lộ sự thật cho Tom.
I'll deal with it later,tôi sẽ giải quyết nó sau
It seems to me you've seen this before.,"Đối với tôi, có vẻ như bạn đã thấy điều này trước đây."
I keep receiving unwanted emails.,Tôi tiếp tục nhận được email không mong muốn.
He slept soundly.,Anh ngủ ngon lành.
Would you mind assisting Tom?,Bạn có phiền giúp đỡ Tom không?
He promised me he would come early,anh ấy hứa với tôi anh ấy sẽ đến sớm
Tom has a craving for a stargazing instrument.,Tom có niềm khao khát một dụng cụ ngắm sao.
She pulled up near the hotel office.,Cô kéo lên gần văn phòng khách sạn.
I just read a really good book.,Tôi chỉ đọc một cuốn sách thực sự tốt.
We must not jeopardize the situation.,Chúng ta không được làm cho tình hình gặp nguy hiểm.
Does that make it any clearer?,Điều đó làm cho nó rõ ràng hơn?
He possesses a quick and agile intellect.,Anh ấy sở hữu một trí tuệ nhanh nhạy và linh hoạt.
I can't work like this.,Tôi không thể làm việc như thế này.
That publishing enterprise is financially sound.,Doanh nghiệp xuất bản đó có tình hình tài chính lành mạnh.
Tom is a lot better than people think.,tom tốt hơn nhiều so với mọi người nghĩ
"Tom tried to stand up, but he couldn't.","Tom cố gắng đứng dậy, nhưng anh không thể."
I came here to tell you that I found Tom.,tôi đến đây để nói với bạn rằng tôi đã tìm thấy tom.
Tom's family has been involved in dairy farming for years.,Gia đình của tom đã tham gia chăn nuôi bò sữa trong nhiều năm.
Your health can suffer if you gain too much weight.,Sức khỏe của bạn có thể bị ảnh hưởng nếu bạn tăng cân quá nhiều.
It was high time that Tom got out of there,đó là thời gian cao mà tom đã ra khỏi đó
Have some respect for other people's opinions.,có một số tôn trọng ý kiến của người khác.
He stole my watch.,Anh ta đã lấy trộm đồng hồ của tôi.
Knock before you open the door.,gõ trước khi bạn mở cửa.
I assumed you'd find out sooner or later.,tôi giả sử bạn tìm ra sớm hay muộn.
Tom has curly hair.,tom có mái tóc xoăn.
Do you think Tom is wise?,Bạn có nghĩ tom là khôn ngoan?
Let's just stay out of each other's way.,chúng ta hãy tránh xa nhau
I'm ashamed to say that it's true.,Tôi xấu hổ khi nói rằng đó là sự thật.
What was your whereabouts last night?,Tối hôm qua bạn đã ở đâu?
I talked to Tom again,tôi đã nói chuyện với tom một lần nữa
My sister and you are of equal height.,Chị tôi và bạn có chiều cao bằng nhau.
Why isn't Tom saying anything?,Tại sao tom không nói gì?
I'm not asking you to change your opinion,tôi không yêu cầu bạn thay đổi ý kiến
We'll need to utilize what's available to us.,Chúng ta sẽ cần tận dụng những gì có sẵn.
My manager doesn't see me as competent for this role.,Quản lý của tôi không coi tôi là người có năng lực cho vai trò này.
He is good at football,anh ấy giỏi bóng đá
She is perpetually occupied during the week.,Cô ấy luôn bận rộn suốt cả tuần.
There are a lot of hot springs in Japan.,có rất nhiều suối nước nóng ở Nhật Bản.
The newspaper publishes the most important facts.,tờ báo xuất bản các sự kiện quan trọng nhất.
What are you going to do with those?,bạn sẽ làm gì với những thứ đó?
We possess a charming property.,Chúng tôi sở hữu một tài sản quyến rũ.
We shouldn't just walk away from Tom.,Chúng ta không nên bỏ mặc Tom.
It's clear that Tom is obese.,Rõ ràng là Tom bị béo phì.
You're organized.,bạn có tổ chức.
I think you are my best friend,tôi nghĩ bạn là người bạn tốt nhất của tôi
You need to schedule an appointment for an eye check-up.,Bạn cần đặt lịch hẹn để kiểm tra mắt.
It won't be long before he is up and about,sẽ không lâu nữa trước khi anh ấy thức dậy
You have bad manners,bạn có cách cư xử tệ
Have you ever asked if Tom wants one?,Bạn đã bao giờ hỏi nếu tom muốn một?
I worked a lot this week,tôi đã làm việc rất nhiều trong tuần này
Tom says he's never kissed Mary,Tom nói rằng anh ấy chưa bao giờ hôn mary
I feel sorry.,Tôi cảm thấy rất tiếc.
Tom devoted his whole life to studying sharks,tom dành cả cuộc đời để nghiên cứu cá mập
I'm not sure anymore.,tôi không chắc nữa
Have you ever heard someone speaking Esperanto?,Bạn đã bao giờ nghe ai đó nói esperanto chưa?
Jim kept his cool and avoided getting into a fight.,Jim đã giữ bình tĩnh và tránh được một cuộc ẩu đả.
He revealed that he was the one who took the treasure.,Anh ấy tiết lộ rằng mình là người đã lấy kho báu.
Water is important for humans,nước rất quan trọng đối với con người
Tom reacted angrily,tom phản ứng giận dữ
I realize I'm just stating the obvious.,tôi nhận ra tôi chỉ nói rõ ràng
Did you leave at the same time as my younger sister?,bạn đã rời đi cùng lúc với em gái tôi?
The voice you hear belongs to your captain.,Giọng nói quý vị đang nghe là của đội trưởng.
He made me a new suit.,anh ấy làm cho tôi một bộ đồ mới.
This pass remains active for 48 hours following its acquisition.,Tấm vé này có hiệu lực trong 48 giờ sau khi mua.
He confessed to having stolen the treasure.,Anh ấy đã thú nhận việc đánh cắp kho báu.
"You can go out, as long as you promise to be back early.","bạn có thể ra ngoài, miễn là bạn hứa sẽ quay lại sớm."
You ought to mind your own affairs.,Bạn nên lo việc của mình.
Tom talked with Mary for nearly an hour,tom nói chuyện với mary trong gần một giờ
Could you tell me your father's name?,Bạn có thể cho tôi biết tên bố bạn là gì không?
I was told to report to you.,tôi đã nói để báo cáo với bạn
They always did what Hamilton told them to do,họ luôn làm những gì hamilton bảo họ làm
Take your seat,ngồi vào chỗ ngồi của bạn đi
Her life is currently at risk.,Mạng sống của cô ấy hiện đang gặp rủi ro.
Your unique traits have the power to make you either fascinating or monotonous.,Những nét độc đáo của bạn có sức mạnh khiến bạn trở nên hoặc hấp dẫn hoặc đơn điệu.
I should give Tom another chance.,tôi nên cho tom một cơ hội khác
His dog is barking at me.,Con chó của anh ta đang sủa tôi.
Tom doesn't spend much time in Boston,tom không dành nhiều thời gian ở boston
Could you tell me your dad's name?,Bạn có thể cho tôi biết tên bố bạn không?
Tom'll manage.,Tom sẽ quản lý.
I thought we were going to have cake for dessert,tôi nghĩ chúng ta sẽ có bánh cho món tráng miệng
I'm in possession of a few donuts.,Tôi đang có trong tay một vài chiếc bánh rán.
He is as rich as any man in this town,anh ta giàu có như bất kỳ người đàn ông nào trong thị trấn này
Tom is helpful,tom rất hữu ích
Tom left earlier this morning,tom rời đi sáng nay
"She is, if anything, a little better today.","cô ấy, nếu có bất cứ điều gì, tốt hơn một chút ngày hôm nay."
Mary went on a voyage around the world.,mary đã đi một chuyến đi vòng quanh thế giới.
I have to do my homework instead of going out.,tôi phải làm bài tập về nhà thay vì ra ngoài.
It is uncertain whether he will agree or not.,không chắc anh ta có đồng ý hay không.
I remember now.,tôi nhớ bây giờ
I am aware of Tom's presence.,Tôi biết Tom đang hiện diện.
Nobody wants him to come,không ai muốn anh ấy đến
I'm sure Tom will know how to do it,tôi chắc chắn tom sẽ biết cách làm
The situation is becoming increasingly dire.,Tình hình đang trở nên ngày càng thảm khốc.
I'll have to tell my boss that I won't be in tomorrow,tôi sẽ phải nói với sếp rằng tôi sẽ không đến vào ngày mai
"This is your handwriting, isn't it?",đây là chữ viết tay của bạn phải không?
The translator identifies himself with the author's beliefs,người dịch tự nhận mình với niềm tin của tác giả
I quit smoking three years ago,tôi đã bỏ thuốc lá ba năm trước
He cannot be a poet.,ông không thể là một nhà thơ.
I'm positive Tom would be grateful for that.,Tôi tin chắc Tom sẽ biết ơn điều đó.
Time is no longer on your side.,Thời gian không còn đứng về phía bạn nữa.
Thanks for the support.,cảm ơn về sự hỗ trợ.
Tom doesn't like us very much.,Tom không thích chúng tôi lắm.
We gave the car a push,chúng tôi đã đẩy xe
He fell flat on the floor,anh ta ngã xuống sàn
The matter is more serious than you think,vấn đề nghiêm trọng hơn bạn nghĩ
I was detained.,tôi đã bị giam giữ
He's smart enough not to go there by himself.,Anh ấy đủ khôn ngoan để không đi đến đó một mình.
Tom didn't do well enough on the driver's test to get a driver's license,Tom đã không làm đủ tốt trong bài kiểm tra trình điều khiển để lấy bằng lái xe
He never said it again.,anh không bao giờ nói lại.
Is he interested in me?,Có phải anh ấy quan tâm đến tôi?
My hair's too long.,tóc của tôi quá dài
Tom sure can sing.,Tom chắc chắn có thể hát.
I truly hope that's how things are.,Tôi thực sự hy vọng mọi thứ là như vậy.
I just wanted cash,tôi chỉ muốn tiền mặt
I managed to tackle the problem with ease.,Tôi đã giải quyết vấn đề một cách dễ dàng.
You looked lovely.,bạn trông thật đáng yêu
Tom wants to buy Mary a present,tom muốn mua mary một món quà
All the church bells started ringing together,tất cả những tiếng chuông nhà thờ bắt đầu vang lên
He didn't care for swimming,anh ấy không quan tâm đến việc bơi lội
I want to talk about an issue with you.,Tôi muốn nói chuyện về một vấn đề với bạn.
His story aroused my suspicion.,Câu chuyện của anh làm dấy lên sự nghi ngờ của tôi.
She reluctantly agreed to our proposal.,Cô miễn cưỡng đồng ý với đề nghị của chúng tôi.
This ice is going to crack.,băng này sẽ nứt.
They had run out of patience for waiting.,Họ đã hết kiên nhẫn để chờ đợi.
"Like a lion attacking its prey, the kitten jumped on its toy","Giống như một con sư tử tấn công con mồi của nó, mèo con nhảy lên đồ chơi của nó"
Tom is insincere.,tom là không thành thật
"Tom knows about this, doesn't he?","Tom biết về điều này, phải không anh?"
Is it your view that Tom is unscrupulous?,Quan điểm của bạn là Tom là người vô lương tâm phải không?
How long is the stopover?,Điểm dừng là bao lâu?
Did you have a good time last night?,tối qua bạn có vui không
We managed to remove the stain by washing the shirt.,Chúng tôi đã loại bỏ được vết bẩn bằng cách giặt áo.
He has aged a great deal lately.,anh ấy đã già đi rất nhiều gần đây.
I'm going to get married.,Tôi sẽ kết hôn.
Could we have a word about something?,Chúng ta có thể nói chuyện về một điều gì đó không?
That's not nice,Điều đó không tốt
I was equally susceptible to what occurred to Tom.,Tôi cũng dễ gặp phải điều đã xảy ra với Tom.
We are faced with many difficulties,chúng tôi đang gặp nhiều khó khăn
Can you tell me Tom's age?,Bạn có thể cho tôi biết tuổi của Tom không?
Your cooking skills are impressive; I didn't realize.,Kỹ năng nấu ăn của bạn thật ấn tượng; tôi không nhận ra.
Engaging in disputes is not my preference.,Tôi không thích tham gia vào các cuộc tranh cãi.
Tom angrily pushed Mary away,Tom giận dữ đẩy mary đi
"I lived in Tokyo a few years ago, but now I live in Kyoto.","tôi đã sống ở Tokyo vài năm trước, nhưng bây giờ tôi sống ở kyoto."
Didn't you state that your cello was located in the car?,Không phải bạn đã nói rằng đàn cello của bạn ở trong xe sao?
I think Tom was speaking French,tôi nghĩ tom đã nói tiếng Pháp
I do like Tom.,tôi thích tom
I need to get groceries.,Tôi cần phải có cửa hàng tạp hóa.
Each of us has to identify our own unique route.,Mỗi người trong chúng ta phải xác định lộ trình riêng độc đáo của mình.
My breakfast time is seven in the morning.,Thời gian ăn sáng của tôi là bảy giờ sáng.
Tom doesn't want a party.,Tom không muốn một bữa tiệc.
What's that bird?,con chim đó là gì
I could have experienced the same thing that befell Tom.,Tôi cũng có thể đã trải qua điều tương tự như Tom.
I never bet on baseball,tôi không bao giờ đặt cược vào bóng chày
Tom told Mary his phone number.,tom nói với mary số điện thoại của mình.
She has a bad head cold,cô ấy bị cảm lạnh
Rats have gnawed holes in the door.,chuột đã gặm lỗ trên cửa.
One apple landed on the soil.,Một trái táo đã chạm đất.
I want to tell Tom about the book,tôi muốn nói với tom về cuốn sách
I haven't formed an opinion yet,tôi chưa hình thành ý kiến
Her marriage brought happiness to her parents,Cuộc hôn nhân của cô mang lại hạnh phúc cho bố mẹ
"Human beings, whether they realise it or not, continually seek happiness.","con người, dù có nhận ra hay không, vẫn liên tục tìm kiếm hạnh phúc."
"I only have one mouth, but I have two ears.","Tôi chỉ có một miệng, nhưng tôi có hai tai."
I'll let you know if Tom shows up early,tôi sẽ cho bạn biết nếu tom xuất hiện sớm
I don't care what you do with your money,tôi không quan tâm bạn làm gì với tiền của bạn
Tom claimed to be the son of a rich man.,tom tự nhận là con trai của một người đàn ông giàu có.
Please could you rapidly review these papers?,Bạn vui lòng xem xét nhanh các tài liệu này được không?
Tom requires an apartment in the vicinity of his employment.,Tom cần một căn hộ ở gần nơi làm việc của mình.
She put the milk into a serving dish.,Cô ấy đặt sữa vào một cái đĩa đựng.
It is no use getting angry at him,không có ích gì khi tức giận với anh ta
He let out a relieved breath.,Anh ấy thở ra một hơi nhẹ nhõm.
Let's talk about food.,Hãy nói về thực phẩm.
Tom said he was exhausted.,Tom nói rằng anh ta đã kiệt sức.
Almost everyone I know wants to go to tomorrow's concert.,hầu như tất cả mọi người tôi biết muốn đến buổi hòa nhạc vào ngày mai.
You'll find transparent glass in almost all cars.,Bạn sẽ tìm thấy kính trong suốt ở hầu hết các loại xe ô tô.
Horseradish tastes good on roast beef sandwiches.,cải ngựa có vị ngon trên bánh mì thịt bò nướng.
Could you provide a more thorough explanation?,Bạn có thể cung cấp một lời giải thích kỹ lưỡng hơn không?
I want this handled quickly and quietly,tôi muốn điều này được xử lý nhanh chóng và lặng lẽ
Let's discuss it over dinner.,Hãy thảo luận về nó trong bữa tối.
Juries usually have 12 members.,Hội thẩm thường có 12 thành viên.
We don't have a lot of time,chúng ta không có nhiều thời gian
He's fallen madly in love.,Anh ấy đã yêu điên cuồng.
I have an early memory of my grandmother darning socks.,tôi có một ký ức ban đầu về bà ngoại của tôi.
This town is too small for us both.,Thị trấn này quá nhỏ cho cả hai chúng ta.
"She has some faults, but I love her all the more because of them.","Cô ấy có một số lỗi, nhưng tôi yêu cô ấy nhiều hơn vì chúng."
The little girl burst into tears,cô bé bật khóc
I am on speaking terms with Tom.,tôi đang nói chuyện với tom.
Tom brings his children with him to work once or twice a year,Tom mang theo con đi làm một hoặc hai lần một năm
Tom is a bookkeeper.,tom là một nhân viên kế toán
Why are you by yourself in this place?,Tại sao bạn lại ở một mình ở nơi này?
Convey to Tom all the information we intend for him to have.,Chuyển đến Tom tất cả thông tin chúng tôi muốn anh ấy có.
Borrowing Mary's car was something Tom shouldn't have done.,Mượn xe của Mary là điều Tom lẽ ra không nên làm.
Was there something else you wanted?,bạn còn muốn gì nữa không?
Please don't tell me about it.,Xin đừng nói với tôi về nó.
He's smart enough not to venture there by himself.,Anh ấy đủ thông minh để không mạo hiểm đến đó một mình.
I know every word on this page,tôi biết từng từ trên trang này
Tom and Mary are a perfect match.,Tom và Mary là một cặp đôi hoàn hảo.
Jack acquired a gift for a friend of his.,Jack đã mua một món quà cho một người bạn của anh ấy.
Tom alerted me to the fact that this spot would be boisterous.,Tom đã cảnh báo tôi rằng địa điểm này sẽ ồn ào.
Death is the fate of all people,cái chết là số phận của tất cả mọi người
They're cute.,chúng dễ thương.
I realize that,tôi nhận ra rằng
We have no choice but to use our existing provisions.,Chúng ta không còn lựa chọn nào khác ngoài việc sử dụng những thứ hiện có.
The test will go well for me.,Bài kiểm tra sẽ diễn ra tốt đẹp đối với tôi.
They're right behind me,họ ở ngay sau tôi
My current pursuit is English language acquisition.,Mục tiêu hiện tại của tôi là tiếp thu ngôn ngữ tiếng Anh.
Ice skating can be graceful and beautiful.,trượt băng có thể duyên dáng và xinh đẹp.
I've never had a worse night.,Tôi chưa từng có một đêm nào tồi tệ hơn.
What have you eaten today?,bạn đã ăn gì hôm nay?
The field is full of wild flowers,cánh đồng đầy hoa dại
We leave tonight.,chúng ta rời đi tối nay
Did you get your wish?,bạn đã có được điều ước của bạn?
Be careful going down,cẩn thận đi xuống
"It being Sunday today, we have no school.","hôm nay là chủ nhật, chúng tôi không có trường học"
We have no intention of creating problems.,Chúng tôi không có ý định gây ra vấn đề.
Tom is rather intoxicated at the moment.,Tom hiện tại khá say xỉn.
"Whatever you do, don't tell Tom","bất cứ điều gì bạn làm, đừng nói với tom"
It worked perfectly.,Nó đã có tác dụng hoàn hảo.
The damage cost two million dollars.,Thiệt hại lên tới hai triệu đô la.
Tom got out of the van,tom ra khỏi xe
Mary likes nuts,mary thích các loại hạt
Tom has left the country.,tom đã rời khỏi đất nước.
I will meet you at the station tomorrow.,Tôi sẽ gặp bạn tại nhà ga vào ngày mai.
I got fries with my meal too.,Tôi cũng đã gọi khoai tây chiên cùng với bữa ăn của mình.
I have been to see the baseball game.,tôi đã được xem trận bóng chày
It rained gently the whole day,trời mưa nhẹ cả ngày
I'll provide you with your request.,Tôi sẽ đáp ứng yêu cầu của bạn.
Sit down. I'll be with you in a moment.,ngồi xuống. Tôi sẽ ở bên bạn trong giây lát.
The thoughts he expresses are contemporary.,Những suy nghĩ ông ấy bày tỏ rất đương đại.
Can you offer us a unique 5% price cut if we purchase 50 product packages?,Bạn có thể chiết khấu đặc biệt 5% cho chúng tôi nếu chúng tôi mua 50 gói sản phẩm không?
"You really are strange, you know.","bạn thực sự là lạ, bạn biết đấy"
My impression was that Tom had never set foot in Boston.,Ấn tượng của tôi là Tom chưa từng đặt chân đến Boston.
Don't ask me that,đừng hỏi tôi điều đó
We saw the lady carried away to the hospital,chúng tôi thấy người phụ nữ mang đi bệnh viện
Could you please tell me who you are?,bạn có thể vui lòng cho tôi biết bạn là ai?
You have to hurry if you want to go with them,bạn phải nhanh lên nếu bạn muốn đi với họ
We've dodged another bullet.,chúng tôi đã tránh được một viên đạn khác.
"In February, I was in Sao Paulo.","vào tháng hai, tôi đã ở sao paulo."
"On arriving in Tokyo, I called him up.","Khi đến Tokyo, tôi gọi anh ta dậy."
Tom found it necessary to get support with his taxation.,Tom thấy cần thiết phải nhận hỗ trợ về thuế của mình.
The police searched the house and seized 2 kilograms of heroin.,Cảnh sát đã khám xét ngôi nhà và thu giữ 2 kg heroin.
That requires my deliberation.,Điều đó đòi hỏi tôi phải suy xét.
How have you been?,Làm thế nào bạn có được?
"If Tom goes swimming, so will I","nếu tom đi bơi, tôi cũng vậy"
"You are really clumsy, aren't you!","bạn thực sự vụng về, phải không!"
Ken was looking for you,ken đang tìm bạn
The truth remains unknown to her for now.,Sự thật vẫn chưa được cô ấy biết đến vào lúc này.
I was really scared,tôi đã rất sợ
Tom's room is across the hall from mine,phòng của tom ở bên kia sảnh
Your fear is visible to me.,Nỗi sợ hãi của bạn hiện rõ trước mắt tôi.
Be careful what you say.,Hãy cẩn thận với những gì bạn nói.
I got my shoes polished.,Tôi đã nhờ người đánh bóng giày.
Tom promised Mary that he wouldn't drink anymore.,Tom hứa với mary rằng anh sẽ không uống nữa.
Rain is possible in the near future.,Trời có thể mưa trong tương lai gần.
Tom expected at least a ten percent return on his investment.,tom mong đợi lợi nhuận ít nhất mười phần trăm cho khoản đầu tư của mình.
Are you finished with your work?,bạn đã hoàn thành công việc của bạn?
I grasp what Tom is saying/feeling.,Tôi nắm bắt được điều Tom đang nói/cảm thấy.
We thought he was an American.,chúng tôi nghĩ rằng anh ấy là một người Mỹ.
I'll tell Tom to grab you some sustenance.,Tôi sẽ bảo Tom lấy cho bạn một ít đồ ăn để duy trì sức lực.
Mary is having something whispered to her by Tom.,Mary đang được Tom thì thầm điều gì đó.
The couple spent a lot of money on furnishing their house.,cặp vợ chồng đã chi rất nhiều tiền cho việc trang trí nhà cửa.
I think my leg is broken.,Tôi nghĩ rằng chân của tôi bị hỏng.
This is inappropriate,cái này không phù hợp
The impression is that his father is a lawyer.,Ấn tượng là cha anh ấy là một luật sư.
Tom didn't take it with him,Tom đã không mang nó theo anh ta
Taking moderate exercise will keep you healthy,tập thể dục vừa phải sẽ giúp bạn khỏe mạnh
Please raise your voice so that you can be understood.,Xin hãy nói to hơn để mọi người có thể hiểu.
When did you have your last physical examination?,Lần khám cuối cùng của bạn là khi nào?
Are you going to kiss me or not?,bạn sẽ hôn tôi hay không?
I don't know what's going on,tôi không biết chuyện gì đang xảy ra
I can do both,Tôi có thể làm cả hai
I'm afraid there's nothing we can do,tôi sợ không có gì chúng ta có thể làm
Tom described what had happened,tom mô tả những gì đã xảy ra
Ceremonial practices appeal to him greatly.,Các nghi lễ truyền thống rất thu hút anh ấy.
Mother always gets up early in the morning,mẹ luôn dậy sớm vào buổi sáng
I will grant your wish.,Tôi sẽ ban cho điều ước của bạn.
The dog is mine,con chó là của tôi
I'll check it out.,Tôi sẽ kiểm tra nó.
Tom cautioned me about the noise level in this place.,Tom đã cảnh báo tôi về mức độ ồn ào ở nơi này.
Envy filled the other girls.,Sự ghen tị tràn ngập những cô gái khác.
Tom had a touch of giddiness.,Tom có một chút choáng váng.
"Finding it hard to make ends meet on his income, she started to work.","thấy khó kiếm tiền nhờ thu nhập của anh, cô bắt đầu đi làm."
We fixed the date for our class reunion.,chúng tôi đã sửa ngày cho cuộc hội ngộ của lớp chúng tôi.
You won't regret hiring Tom.,bạn sẽ không hối hận khi thuê tom.
The youngster indicated her mother's presence to me.,Đứa trẻ đã chỉ mẹ mình cho tôi thấy.
Your peculiar habits might make you either captivating or boring.,Những thói quen kỳ lạ của bạn có thể khiến bạn trở nên hấp dẫn hoặc nhàm chán.
Jane is as clever as any girl in her class.,jane thông minh như bất kỳ cô gái nào trong lớp.
"And now, it's my turn!","và bây giờ, đến lượt tôi!"
There was no reason to stay.,không có lý do để ở lại.
Be careful when you cross the street,cẩn thận khi bạn băng qua đường
It's normal for me to stay awake deep into the night.,"Đối với tôi, việc thức khuya là bình thường."
The horses make dust as they run.,Những con ngựa tạo ra bụi khi chúng chạy.
I'm fed up with his long talks.,Tôi chán ngấy với những cuộc nói chuyện dài của anh ấy.
Let's work together,Hãy làm việc cùng nhau
What do you want to study?,Bạn muốn học cái gì?
It wasn't that big a deal,nó không phải là một vấn đề lớn
Is today Monday?,hôm nay là thứ hai
My visit to Boston last summer lasted for three weeks.,Chuyến thăm Boston của tôi vào mùa hè năm ngoái kéo dài ba tuần.
I asked Tom to come in.,tôi yêu cầu tom đi vào.
It is our turn to laugh.,đến lượt chúng tôi cười.
The dentist pulled out his decayed tooth.,nha sĩ nhổ răng sâu.
Prices aren't changing much recently.,Giá cả gần đây không thay đổi nhiều.
"This atlas set me back 2,000 yen.",Tập bản đồ này đã khiến tôi phải chi 2.000 yên.
This kind of thing happens,điều này xảy ra
Please fill out the Customs Declaration Form,vui lòng điền vào tờ khai hải quan
Most of the people in this town are on vacation.,Hầu hết mọi người trong thị trấn này đang đi nghỉ.
We aim to prevent any difficulties.,Chúng tôi muốn tránh mọi khó khăn.
It's cold outside,bên ngoài lạnh lắm
They became citizens after receiving political asylum,họ trở thành công dân sau khi được tị nạn chính trị
It's happening again,Điều đó một lần nữa lại xảy ra
Tom is always eating.,tom luôn ăn
Tom looked at the man who had just come in.,Tom nhìn người đàn ông vừa bước vào.
She asked him for some money,cô ấy hỏi anh ấy một ít tiền
Who in the world do you think you are?,bạn nghĩ bạn là ai trên thế giới
I began living by myself.,tôi bắt đầu sống một mình.
Isn't there something else?,không có cái gì khác?
Tom compelled Mary to carry it out.,Tom đã ép Mary thực hiện điều đó.
I have so many things I want to say to you,tôi có rất nhiều điều tôi muốn nói với bạn
Do you know what they want?,Bạn có biết họ muốn gì không?
I want Tom to have a decent life,tôi muốn tom có một cuộc sống tốt
Sign on the dotted line,ký tên trên đường chấm chấm
I don't want to argue about this in front of everybody,tôi không muốn tranh luận về điều này trước mặt mọi người
"""Why aren't you heading there?"" ""It's not something I wish to do.""",Tại sao bạn không đi đến đó? Đó không phải là điều tôi muốn làm.
I hear you've all been pretty busy yourselves,tôi nghe nói tất cả các bạn đã khá bận rộn
It's a quotation from Don Quixote,đó là một trích dẫn từ don quixote
Talk at a volume that allows for clear reception.,Nói với âm lượng cho phép tiếp nhận rõ ràng.
Have you told anyone else?,bạn đã nói với ai khác chưa?
He's very agreeable.,Anh ấy rất dễ tính/dễ chịu.
His parents were furious,bố mẹ anh rất tức giận
Tom'll talk.,Tom sẽ nói chuyện.
I'll ask my grandfather to take me there during the next summer vacation.,Tôi sẽ yêu cầu ông tôi đưa tôi đến đó trong kỳ nghỉ hè tới.
Water evaporates when it is heated.,nước bay hơi khi nó được làm nóng.
Tom's birthday is on the same date as Mary's.,Ngày sinh của Tom cùng ngày với Mary.
Nobody was injured,không ai bị thương
It's possible Tom doesn't have a driver's license,có thể tom không có bằng lái xe
I'm not telling you,tôi không nói với bạn
Tom sits in his room all day and does nothing,Tom ngồi trong phòng cả ngày và không làm gì cả
Let me have a peek.,Để tôi nhìn một chút.
Did you call anyone else?,bạn đã gọi cho ai khác chưa?
Tom didn't feel anything,tom không cảm thấy gì cả
Tom desires to return to Boston.,Tom mong muốn trở lại Boston.
Tom is painting the deck.,tom đang vẽ bộ bài.
I was told by Tom that you would show up.,Tôi được Tom cho biết rằng bạn sẽ xuất hiện.
Tom has no desire to cause Mary any harm.,Tom không có ý định gây hại cho Mary.
You need to tell me the truth,bạn cần nói cho tôi sự thật
Tom is a big baseball fan.,tom là một fan hâm mộ bóng chày lớn.
I'm the individual with true insight into Tom.,Tôi là cá nhân có cái nhìn sâu sắc thực sự về Tom.
Lightning hit that tower.,sét đánh vào tháp đó.
The medical professionals assumed he had a minor ailment.,Các chuyên gia y tế cho rằng anh ấy bị một bệnh nhẹ.
I consider thirty dollars to be overpriced for what this is.,Tôi cho rằng ba mươi đô la là quá đắt so với giá trị của cái này.
"Sorry, but I am unable to do so","xin lỗi, nhưng tôi không thể làm như vậy"
Tom and Mary are nice.,tom và mary là tốt đẹp.
He looked like a rich man,anh ấy trông như một người đàn ông giàu có
I'm feeling a little sad today.,hôm nay tôi cảm thấy hơi buồn
Store your precious items in the strongbox.,Cất giữ đồ quý giá của bạn trong két sắt.
I refuse to deliberate on it beyond this point.,Tôi từ chối thảo luận về nó vượt quá điểm này.
I joyfully congratulate you.,Tôi vui mừng chúc mừng bạn.
Don't you think I would do something about it if I could?,bạn không nghĩ rằng tôi sẽ làm gì đó nếu tôi có thể?
Our pace isn't particularly rapid.,Tốc độ của chúng tôi không đặc biệt nhanh.
Tom looks a little upset,tom có vẻ hơi khó chịu
My parents want me to come home.,bố mẹ tôi muốn tôi về nhà
Why don't we have an evening meal as a group?,Tại sao chúng ta không ăn tối cùng nhau?
I'm trying to get out of here.,Tôi đang cố gắng ra khỏi đây.
How many people are you planning on calling?,bạn định gọi cho bao nhiêu người
How many cups of coffee did you drink?,bạn đã uống bao nhiêu tách cà phê
I find your city very appealing.,Tôi thấy thành phố của bạn rất hấp dẫn.
What's the price of a ticket?,giá vé là bao nhiêu?
A thick mist covered the countryside.,Một màn sương dày bao phủ vùng quê.
He is married with two children.,Ông có vợ và hai con.
That's real nice,điều đó thật tuyệt
"That job was not very interesting, but on the other hand it was well paid.","công việc đó không thú vị lắm, nhưng mặt khác nó được trả lương cao."
Who is the man at the other side of the table?,người đàn ông ở phía bên kia của bàn là ai?
I thought it would be a good idea.,Tôi nghĩ rằng nó sẽ là một ý tưởng tốt.
I'm attentive.,Tôi đang chú ý.
She can jump high,cô ấy có thể nhảy cao
It's hard for me to commit students' names to memory.,Thật khó để tôi ghi nhớ tên học sinh.
This is a really lonely stretch of shoreline,đây là một bờ biển thực sự cô đơn
Are you experiencing discomfort elsewhere on your body?,Bạn có đang cảm thấy khó chịu ở bất kỳ nơi nào khác trên cơ thể không?
"In 1972, Dr. Francine Patterson started to teach sign language to Koko","vào năm 1972, dr. patterson francine bắt đầu dạy ngôn ngữ ký hiệu cho koko"
Living in a town is what I desire.,Sống ở một thị trấn là điều tôi mong muốn.
Why don't you wash your dishes?,tại sao bạn không rửa bát
Are those two going out?,hai người đó có đi chơi không?
Tom placed his hand over his mouth.,Tom đặt tay lên miệng.
I already speak French,tôi đã nói tiếng Pháp
I will never hurt you.,tôi sẽ không bao giờ làm tổn thương bạn
She surveyed the premises of the house.,Cô ấy quan sát các khu vực trong nhà.
She was absorbed in the video.,cô ấy đã bị cuốn hút vào video.
One more person will be joining us later,một người nữa sẽ tham gia với chúng tôi sau
"I'm sorry, but I don't understand French well.","Tôi xin lỗi, nhưng tôi không hiểu tiếng Pháp."
I'm indifferent to the repercussions.,Tôi không bận tâm đến những hậu quả.
They endeavored to pry the lock open using a steel rod.,Họ đã nỗ lực cạy khóa bằng một thanh thép.
Everybody cheered.,Mọi người cổ vũ.
I don't care who your father is. You still have to follow my orders.,tôi không quan tâm cha bạn là ai bạn vẫn phải làm theo đơn đặt hàng của tôi.
The condition continues to decline.,Tình trạng tiếp tục suy giảm.
The issue was given a lot of weight by him.,Vấn đề đã được ông ấy dành nhiều sự quan tâm.
"If you trust such a fellow, you'll lose everything you have.","nếu bạn tin tưởng một người như vậy, bạn sẽ mất mọi thứ bạn có."
Please bring us two cups of coffee.,vui lòng mang cho chúng tôi hai tách cà phê.
He started communicating with the animal.,Anh ấy bắt đầu giao tiếp với con vật.
He has very modern concepts.,Ông ấy có những khái niệm rất hiện đại.
Thousands of people attended,hàng ngàn người tham dự
The visitors roamed through the shops.,Du khách dạo quanh các cửa hàng.
What sum are you earning to carry this out?,Bạn đang kiếm được bao nhiêu tiền để thực hiện điều này?
They settled on the terms of the contract.,họ giải quyết các điều khoản của hợp đồng.
I'm pretty sure Tom's richer than Mary,Tôi khá chắc chắn rằng Tom giàu hơn mary
The child has been ill and hospitalized since the previous Sunday.,Đứa bé đã bị bệnh và phải nhập viện từ Chủ nhật tuần trước.
My desire is to live in a town.,Mong muốn của tôi là sống ở một thị trấn.
You're ignoring what I'm telling you.,Bạn đang phớt lờ những gì tôi đang nói với bạn.
He missed the train by one minute,anh ấy đã lỡ chuyến tàu một phút
It's possible she is our instructor.,Có thể cô ấy là người hướng dẫn của chúng ta.
How long has it been since you received a letter from him?,Đã bao lâu rồi kể từ khi bạn nhận được một lá thư từ anh ấy?
Our arrival was very recent.,Sự đến của chúng tôi rất gần đây.
You don't look like Tom.,bạn không giống tom.
My shoulders hurt,vai tôi đau
It's essential that I have a blueprint.,Điều cần thiết là tôi phải có một bản thiết kế.
The hotel is directly opposite the restaurant.,Khách sạn nằm ngay đối diện nhà hàng.
This tea is very good.,trà này rất tốt
Your blood pressure is very high,huyết áp của bạn rất cao
We ought to be vigilant.,Chúng ta nên cảnh giác.
People often find philosophy to be arduous.,Mọi người thường thấy triết học khó khăn.
Have you ever eaten alone in a restaurant?,bạn đã bao giờ ăn một mình trong một nhà hàng?
There's nothing we can do to save Tom.,chúng tôi không thể làm gì để cứu tom.
I couldn't but sympathize with the girl who had lost her parents in the accident.,Tôi không thể thông cảm với cô gái đã mất cha mẹ trong vụ tai nạn.
The weather is terrible today.,thời tiết hôm nay thật tồi tệ
Do you have no doubts about putting your fate in her hands?,Bạn không có nghi ngờ gì về việc đặt số phận của mình vào tay cô ấy sao?
My schedule is pretty crazy.,lịch trình của tôi là khá điên rồ.
A telegraph message informed him of his mother's passing.,Một bức điện tín đã thông báo cho anh ấy về sự ra đi của mẹ anh ấy.
Tom gave Mary a thumbs up.,tom cho mary một ngón tay cái lên.
That land experiences gentle weather.,Vùng đất đó có thời tiết dịu mát.
I'm not sure who wrote this report,tôi không chắc ai đã viết báo cáo này
Are you willing to give it a try?,bạn có sẵn sàng thử không?
We were all shaking from the bitter cold.,tất cả chúng tôi đều run rẩy vì lạnh.
I'm fully recovered,tôi đã bình phục hoàn toàn
Borrowing Mary's car was a mistake Tom made.,Mượn xe của Mary là một sai lầm mà Tom đã mắc phải.
What do you look like?,bạn trông như thế nào?
Roll up your right sleeve.,xắn tay áo lên.
It's extremely dull.,Nó cực kỳ tẻ nhạt.
Would you look after my cat?,bạn sẽ chăm sóc con mèo của tôi?
It was I who taught my wife driving skills.,Chính tôi là người đã dạy vợ tôi kỹ năng lái xe.
"I intended to go with her, but I was too busy.","tôi định đi với cô ấy, nhưng tôi quá bận."
I'd appreciate the chance to survey the items.,Tôi rất mong có cơ hội để khảo sát các món đồ.
Open the curtains and let the sunshine in,mở rèm cửa và để ánh nắng chiếu vào
I keep this bottle separate from all the others,tôi giữ cái chai này tách biệt với tất cả những cái khác
Persons under age are prohibited from smoking.,người dưới tuổi bị cấm hút thuốc.
How many operations has Dr. Jackson performed this month?,Có bao nhiêu hoạt động đã dr. jackson thực hiện trong tháng này?
No more can be said,không còn có thể nói
The issue of Third World poverty is very pressing,vấn đề nghèo đói thế giới thứ ba là rất cấp bách
This recording has been tampered with.,bản ghi này đã bị giả mạo.
You must overcome that habit of yours.,Bạn phải vượt qua thói quen đó của mình.
It has the potential to be painful.,Nó có tiềm năng gây đau đớn.
Is Father in the kitchen?,Là cha vào bếp?
Japanese Admiral Isoroku Yamamoto launched the battle,đô đốc Nhật Bản isoroku yamamoto đã phát động trận chiến
Breakfast is served from 7:30 a.m. to 11:00 a.m,bữa sáng được phục vụ từ 7:30 sáng đến 11:00 sáng
I want to talk to you about this list.,tôi muốn nói chuyện với bạn về danh sách này
"Tom called Mary, and there was no answer.","tom gọi mary, và không có câu trả lời."
Yuriko Himekusa killed herself.,yuriko himekusa tự sát.
I thought you looked tired,tôi nghĩ bạn trông mệt mỏi
He studied the flight of birds.,ông đã nghiên cứu chuyến bay của các loài chim.
I went to the airport to see my mother off,tôi đã đến sân bay để tiễn mẹ tôi
This flooring feels soft to the touch.,Lớp phủ sàn này chạm vào rất mềm mại.
"If you don't have anything positive to say, don't say anything.","nếu bạn không có điều gì tích cực để nói, đừng nói gì cả."
I've seen loads of concerts.,Tôi đã thấy vô số các buổi hòa nhạc.
They wanted Tom dead even more than you did,họ muốn tom chết thậm chí nhiều hơn bạn
I would be happy to be of help,tôi sẽ rất vui khi được giúp đỡ
Tom was tough.,tom thật khó khăn
I want a book in Swedish,tôi muốn một cuốn sách ở Thụy Điển
You've been avoiding me,bạn đã tránh tôi
Tom picked the baby up and smiled at her.,Tom bế đứa bé lên và mỉm cười với cô.
I hate spinach,tôi ghét rau bina
The condition is spiraling downwards.,Tình trạng đang tuột dốc không phanh.
What are you offering?,Bạn đang yêu cầu gì?
You must choose between honor and death.,bạn phải chọn giữa danh dự và cái chết.
I knew I'd seen Tom somewhere before,tôi biết tôi đã thấy tom ở đâu đó trước đây
He went there ten years ago,anh ấy đã đến đó mười năm trước
My health is now being managed by a physician.,Sức khỏe của tôi hiện đang được một bác sĩ quản lý.
Tom said all right.,Tom nói đúng.
I'll meet Tom at the library.,Tôi sẽ gặp tom tại thư viện.
Slide to unlock.,trượt để mở khóa.
Tom is upset,tom đang buồn
I'm going to miss you.,tôi sẽ nhớ bạn.
Let's cross here.,Hãy băng qua đây.
Tom may wish to have a meal after his workout.,Tom có thể muốn ăn một bữa sau khi tập luyện xong.
My sister married her high school classmate,em gái tôi kết hôn với bạn học cấp ba
He doesn't drink coffee,anh ấy không uống cà phê
Do you have this symptom often?,bạn có triệu chứng này thường xuyên không?
She finished up lunch with coffee.,Cô ăn trưa xong với cà phê.
There's no need for you to attend today's meeting,không cần bạn tham dự cuộc họp hôm nay
Kate was surprised when she saw that big dog.,kate đã rất ngạc nhiên khi nhìn thấy con chó lớn đó.
Does Tom have ponytail?,Tom có tóc đuôi ngựa không?
I want a piece of pie.,tôi muốn một miếng bánh
Can you tell me what Tom is up to there?,Bạn có thể cho tôi biết Tom đang làm gì ở đó không?
Tom wants Mary to stay away from John.,tom muốn mary tránh xa john.
Nobody encouraged Tom to study,không ai khuyến khích tom học
Tom isn't dumb.,Tom không bị câm.
Tom will receive one more opportunity from me.,Tom sẽ nhận thêm một cơ hội nữa từ tôi.
This is my sole piece of luggage.,Đây là kiện hành lý duy nhất của tôi.
May you undergo as much hardship as we went through.,Mong bạn phải chịu đựng nhiều khó khăn như chúng tôi đã trải qua.
Tom has been sick in bed for the last three weeks.,Tom đã bị ốm trên giường trong ba tuần qua.
Tom was head over heels in love with Mary.,tom là tình yêu với mary.
International travel is extremely enjoyable.,Du lịch quốc tế rất thú vị.
Go to the doctor to get your prescription!,đi đến bác sĩ để nhận toa thuốc của bạn!
You ought to offer an apology for your statement.,Bạn nên đưa ra lời xin lỗi về phát biểu của mình.
He popped into the bookseller's.,Anh ấy ghé nhanh vào tiệm sách.
The man who stepped out was frowning.,Người đàn ông bước ra đang cau mày.
I am deeply intrigued by the evolutionary history of dinosaurs.,Tôi vô cùng tò mò về lịch sử tiến hóa của khủng long.
I thought I told you not to come here.,Tôi nghĩ tôi đã nói với bạn không đến đây.
Tom gave Mary the cold shoulder,tom cho mary vai lạnh
Kindly sign at this location.,Vui lòng ký tại vị trí này.
I just don't feel satisfied,tôi chỉ không cảm thấy hài lòng
I suggested we make an effort.,Tôi đã đề nghị chúng ta nên cố gắng.
He positioned himself in the chair.,Anh ấy đặt mình vào ghế.
You can let go now,bạn có thể đi ngay bây giờ
I gave Tom the run of my house,tôi đã cho tom chạy về nhà tôi
I have a complicated matter I want to discuss with you.,tôi có một vấn đề phức tạp tôi muốn thảo luận với bạn.
He has always been at the head of the class,anh ấy luôn đứng đầu lớp
That was effective.,Điều đó thật hiệu quả.
Darkness descends more and more promptly.,Bóng tối buông xuống ngày càng nhanh hơn.
The show he staged became a big success.,Vở kịch anh ấy dàn dựng đã trở thành một thành công lớn.
Don't forget to turn off all the lights before going to bed,đừng quên tắt hết đèn trước khi đi ngủ
Have you ever seen a panda?,bạn đã bao giờ nhìn thấy một con gấu trúc?
He can't recall the place where he left his coat.,Anh ấy không thể nhớ nơi mình đã để lại chiếc áo khoác của mình.
I wanted to speak in French with Tom.,tôi muốn nói tiếng Pháp với tom.
Are you kidding me?,bạn đang đùa tôi à
She quietly entered the room.,Cô lặng lẽ bước vào phòng.
We're done talking about this matter.,Chúng ta đã nói xong về vấn đề này.
"If you go by bus, you can get there in about one-third of the time","nếu bạn đi bằng xe buýt, bạn có thể đến đó trong khoảng một phần ba thời gian"
Can you spare five minutes?,bạn có thể rảnh năm phút không?
This film was surprisingly interesting.,bộ phim này thật thú vị
I take it you've been told Tom doesn't wish for you to stay.,Tôi đoán bạn đã được cho biết Tom không muốn bạn ở lại.
Mary is Tom's daughter,mary là con gái của tom
He lied to me,anh ấy đã nói dối tôi
No mountain in Japan is higher than Mt. Fuji,không có ngọn núi nào ở Nhật Bản cao hơn mt. fuji
Tom signaled Mary to move forward.,Tom ra dấu hiệu cho Mary tiến lên.
That's the way he likes it,đó là cách anh ấy thích nó
I believe you require assistance.,Tôi tin rằng bạn cần sự hỗ trợ.
I don't want to live with you anymore,tôi không muốn sống với bạn nữa
Can we call Tom now?,chúng ta có thể gọi tom bây giờ không?
Tom can't afford to send his children to college,Tom không đủ khả năng để gửi con đến trường đại học
He was ready to face his fate,anh ấy đã sẵn sàng đối mặt với số phận của mình
He was standing on the floor,anh ấy đang đứng trên sàn
I was certain you would remain.,Tôi đã chắc chắn bạn sẽ ở lại.
The word yes never escapes his lips,từ có không bao giờ thoát khỏi môi anh
Could you help me close out this account?,Bạn có thể giúp tôi đóng tài khoản này không?
I have no money in my pocket.,tôi không có tiền trong túi
You're never going to find a better boyfriend than Tom,bạn sẽ không bao giờ tìm được một người bạn trai tốt hơn tom
Tom is going bird watching next weekend,Tom sẽ đi xem chim vào cuối tuần tới
Tom thinks it's pretty good.,Tom nghĩ rằng nó khá tốt.
I heard a door slam.,tôi nghe thấy tiếng sập cửa.
I was really moved by this.,tôi thực sự cảm động vì điều này
Could you please tell me why your were late?,bạn có thể vui lòng cho tôi biết tại sao bạn đến muộn?
I saw some of the guests leave the banquet room,tôi thấy một số khách rời khỏi phòng tiệc
The church was built in the fifteenth century,nhà thờ được xây dựng vào thế kỷ XV
I could not bring myself to dance with him.,tôi không thể tự nhảy với anh ấy được.
I never for a moment imagined that I'd be able to meet so many famous people.,Tôi chưa bao giờ trong một khoảnh khắc tưởng tượng rằng tôi sẽ có thể gặp rất nhiều người nổi tiếng.
He applied for the job but was turned down on the spot,anh xin việc nhưng bị từ chối ngay tại chỗ
"We're not going, are we?",chúng ta sẽ không đi chứ?
This is between you and me,đây là giữa bạn và tôi
Convey to Tom that I want to be left undisturbed.,Hãy truyền đạt với Tom rằng tôi muốn được yên tĩnh.
Illness kept me from going there,bệnh tật giữ tôi khỏi đó
I believe Tom possesses great intellect.,Tôi tin Tom sở hữu trí tuệ tuyệt vời.
Most workers get an automatic pay raise every year,hầu hết công nhân được tăng lương tự động hàng năm
We stormed the enemy positions,chúng tôi xông vào các vị trí của địch
Please drive slowly,làm ơn lái chậm
The question deserved study.,câu hỏi xứng đáng học tập
"You've never been here, have you?",bạn chưa bao giờ đến đây phải không
Tom's arrival was significantly delayed.,Việc Tom đến đã bị trì hoãn đáng kể.
"It's a fake one, right?",nó là đồ giả phải không?
I still remember his name,tôi vẫn nhớ tên anh ấy
I want to give you a goodbye kiss,tôi muốn trao cho bạn một nụ hôn tạm biệt
The radio is too loud. Please turn the volume down,radio quá to làm ơn giảm âm lượng
I had no idea you were such a great chef.,Tôi không biết bạn là một đầu bếp tài ba như vậy.
I think Tom was hiding something.,tôi nghĩ rằng tom đã che giấu điều gì đó.
It isn't locked,nó không bị khóa
Tom isn't one to fall for everything.,Tom không phải kiểu người cả tin mọi thứ.
Head out early so you can get a prime seat.,Hãy đi sớm để bạn có thể có được một chỗ ngồi tốt nhất.
Are you surprised to see me?,bạn có ngạc nhiên khi thấy tôi không?
This is quite a pickle you've managed to get us into.,Đây là một tình thế khó khăn mà bạn đã xoay sở để đẩy chúng ta vào.
I read a lot of magazines.,tôi đọc rất nhiều tạp chí
Can't you leave me alone?,bạn không thể để tôi một mình?
My desire is to eat.,Mong muốn của tôi là ăn.
Would you like me to ask around for you?,bạn có muốn tôi hỏi xung quanh bạn không?
What do Egyptians generally have for their meals?,Người Ai Cập thường ăn gì trong các bữa ăn của họ?
Tom wouldn't accept my apology,tom sẽ không chấp nhận lời xin lỗi của tôi
What have they done today?,họ đã làm gì hôm nay?
Could you tell me about the cuisine of Egypt?,Bạn có thể kể cho tôi nghe về ẩm thực Ai Cập không?
Would it be alright if I took these books temporarily?,Sẽ ổn chứ nếu tôi tạm thời lấy những cuốn sách này?
The most crucial entitlements in a free state belong to the individual.,Những quyền lợi quan trọng nhất trong một quốc gia tự do thuộc về cá nhân.
Tom told Mary that she had a nice smile,Tom nói với mary rằng cô ấy có một nụ cười đẹp
He dedicated his life to medical work,ông dành cả cuộc đời cho công việc y tế
Your captain is on the line.,Đội trưởng của quý vị đang nói.
Things are going from bad to worse.,Mọi việc đang ngày càng tồi tệ hơn.
I am taking English lessons.,Tôi đang tham gia các bài học tiếng Anh.
Tom and I have a lot more in common than I thought,tom và tôi có nhiều điểm chung hơn tôi nghĩ
What prevented her from coming?,Điều gì đã ngăn cản cô ấy đến?
He knows how to drive a car.,Anh ấy biết lái xe.
Tom could see that Mary was in a lot of pain.,Tom có thể thấy rằng mary đã rất đau đớn.
My employer doesn't consider me qualified for the position.,Ông chủ của tôi không coi tôi đủ tiêu chuẩn cho vị trí này.
I guess that you can't do it,tôi đoán rằng bạn không thể làm điều đó
He stepped out of the room.,Anh ấy bước ra khỏi phòng.
Children are often very good at learning foreign languages,trẻ em thường rất giỏi học ngoại ngữ
"If you help me learn English, I'll help you learn Japanese","nếu bạn giúp tôi học tiếng anh, tôi sẽ giúp bạn học tiếng nhật"
The majority of us are far more captivating than others might think.,Phần lớn chúng ta cuốn hút hơn nhiều so với những gì người khác có thể nghĩ.
Tom didn't even say thanks.,Tom thậm chí không nói cảm ơn.
He asked $5 for it,anh ấy đã hỏi $ 5 cho nó
Will the defendant please rise?,bị cáo xin vui lòng tăng lên?
You didn't hear this from me,bạn đã không nghe điều này từ tôi
I get what Tom is saying/feeling.,Tôi hiểu Tom đang nói gì/cảm thấy gì.
Would I kid you?,tôi sẽ đùa bạn
She gives the impression of not caring much about anything.,cô ấy cho ấn tượng là không quan tâm nhiều về bất cứ điều gì.
She wept upon receiving the information.,Cô ấy đã khóc khi nhận được thông tin.
I have reservations about the facts in his report.,Tôi có những nghi ngại về các sự kiện trong báo cáo của anh ấy.
I imagine you've been informed that Tom doesn't desire your company here.,Tôi hình dung bạn đã được thông báo rằng Tom không muốn có sự có mặt của bạn ở đây.
Tom couldn't help overhearing what Mary said to John.,Tom không thể giúp nghe lỏm những gì mary nói với john.
I know Tom died,tôi biết tom đã chết
I assume you're already familiar with this.,Tôi cho rằng bạn đã quen thuộc với điều này rồi.
She likes short skirts,cô ấy thích váy ngắn
Make sure your voice carries.,Hãy đảm bảo giọng bạn đủ vang.
Appearances can be deceptive.,Thêm thông tin lịch sử về mặt hàng này.
He substituted for his father,ông thay thế cho cha mình
Tom didn't mean for this to happen,tom không có nghĩa là để điều này xảy ra
"In the U.S., you usually have to show identification in order to buy alcohol.","trong u.s., bạn thường phải xuất trình giấy tờ tùy thân để mua rượu."
She held her baby in her arms.,cô bế con trên tay.
Our pleasant walk was marred by the inclement weather.,Buổi đi dạo vui vẻ của chúng tôi bị thời tiết khắc nghiệt làm hỏng.
It occurred to me that we should try it out.,Tôi đã nghĩ rằng chúng ta nên thử nó.
Let's all just calm down.,tất cả hãy bình tĩnh
The rice is already harvested,lúa đã được thu hoạch
His concepts are very current.,Những quan điểm của anh ấy rất thời sự.
My train journey extended to Kyoto.,Chuyến đi tàu của tôi kéo dài đến Kyoto.
I imagined you might be available to help.,Tôi đã hình dung bạn có thể rảnh để giúp.
The lads showed great excitement for the music.,Các cậu bé rất hào hứng với âm nhạc.
I bought a pair of boots,tôi đã mua một đôi giày
I'm afraid you're wrong.,Tôi sợ bạn sai.
Tom is motionless,tom bất động
Spinach is not a favorite food for numerous youngsters.,Rau bina không phải là món ăn yêu thích của nhiều trẻ nhỏ.
"After a brief fight, they won","Sau một cuộc chiến ngắn, họ đã thắng"
Let's hear what you've got to say,hãy nghe những gì bạn đã nói
Tom bought a camera that was made in Japan.,Tom đã mua một chiếc máy ảnh được sản xuất tại Nhật Bản.
I'll inform you about something.,Tôi sẽ thông báo cho bạn về điều gì đó.
Follow the instructions given to you.,Hãy làm theo những gì bạn được hướng dẫn.
I've never woken up this early.,Tôi chưa bao giờ thức dậy sớm thế này.
I'm pretty sure Tom is safe.,Tôi khá chắc chắn rằng tom an toàn.
Mary was informed by Tom about the details of the event.,Mary đã được Tom thông báo về các chi tiết của sự việc.
No one is going to harm you,không ai sẽ làm hại bạn
That's utterly nonsensical of you.,Bạn thật sự hết sức vô lý.
The dog ran around and around the tree.,Con chó chạy xung quanh cây.
You said you could speak French.,bạn nói bạn có thể nói tiếng Pháp.
Tom has not moved to Boston permanently.,Tom vẫn chưa chuyển đến Boston sinh sống.
We talked.,chúng tôi đã nói chuyện.
Rain is likely to start shortly.,Trời có khả năng mưa trong chốc lát.
The issue is that we still have some unpaid bills.,Vấn đề là chúng tôi vẫn còn một số hóa đơn chưa được thanh toán.
Don't tell Tom,đừng nói với tom
It's Tom's office,đó là văn phòng của tom
Tom went back outside,tom đã trở lại bên ngoài
I have a cat.,tôi có một con mèo.
Is there something we can do?,chúng ta có thể làm gì?
I'm not in favor of such a plan,Tôi không ủng hộ một kế hoạch như vậy
Memories of the good old days came flooding back one after another,ký ức về những ngày xưa tốt đẹp lại tràn về nhau
You are responsible for what you do,bạn chịu trách nhiệm cho những gì bạn làm
The early light of day streamed through the window.,Ánh sáng ban mai tràn qua cửa sổ.
I'll see you all next week,tôi sẽ gặp tất cả các bạn vào tuần tới
What was occurring was beyond my comprehension.,Những gì đang xảy ra nằm ngoài sự hiểu biết của tôi.
Our course of action is accurate.,Hướng hành động của chúng ta là chính xác.
They are so much alike that I don't know which is which.,chúng giống nhau đến mức tôi không biết đó là cái gì.
You have to come back,bạn phải quay lại
I need to survey the premises.,Tôi cần khảo sát khu vực này.
Help yourself to anything you'd like to eat.,giúp mình ăn bất cứ thứ gì bạn muốn ăn.
I'm not being heard by anyone.,Tôi không được ai lắng nghe cả.
My bag was stolen.,túi của tôi đã bị đánh cắp
Where can I buy stamps?,Tôi có thể mua tem ở đâu?
He works from nine to five-thirty.,ông làm việc từ chín đến năm giờ ba mươi.
"In the north, it's cold in the winter","ở miền bắc, trời lạnh vào mùa đông"
I would do anything for love.,Tôi sẽ làm bất cứ điều gì vì tình yêu.
We have some.,chúng tôi có một số.
Wouldn't you say Tom is quite striking?,Bạn có nói Tom khá nổi bật không?
He's just buying time.,Anh ấy chỉ đang mua thời gian.
Am I supposed to create a false narrative?,Tôi có phải tạo ra một câu chuyện sai sự thật không?
"Hurry up, and you'll catch the train.","nhanh lên, và bạn sẽ bắt tàu."
"If you sit back and rest, you will feel much better","Nếu bạn ngồi lại và nghỉ ngơi, bạn sẽ cảm thấy tốt hơn nhiều"
We welcome you to our club,chúng tôi chào đón bạn đến câu lạc bộ của chúng tôi
We have French in third period,chúng tôi có tiếng Pháp trong giai đoạn thứ ba
Tom never gave me a hard time,tom không bao giờ cho tôi một thời gian khó khăn
What a beautiful rainbow!,Thật là một cầu vồng tuyệt đẹp!
Tom often invites himself for dinner,tom thường mời mình ăn tối
I wasn't anticipating you would show up today.,Tôi không dự đoán bạn sẽ xuất hiện hôm nay.
"Above all, be careful about what you eat and drink.","Trên hết, hãy cẩn thận về những gì bạn ăn và uống."
You're being modest,bạn khiêm tốn
I'll stop by the post office on the way home.,Tôi sẽ ghé qua bưu điện trên đường về nhà.
"""Did he write a letter yesterday?"" ""Yes, he did.""","""hôm qua anh ấy có viết thư không?"" ""Vâng, anh ấy đã làm."""
It won't take long to do the job,Sẽ không mất nhiều thời gian để thực hiện công việc
He is careless in everything.,Anh ấy bất cẩn trong mọi thứ.
Let's pretend that what happened today didn't happen,hãy giả vờ rằng những gì xảy ra hôm nay đã không xảy ra
You need someone to help you.,bạn cần ai đó giúp bạn
Where are you sitting at the moment?,bạn đang ngồi ở đâu
The window let in the morning rays.,Cửa sổ cho phép những tia nắng buổi sáng chiếu vào.
Who could forget?,ai có thể quên
He cast the soft drink can into the rubbish.,Anh ấy đã vứt lon nước ngọt vào thùng rác.
Last night was enjoyable for me.,Tối qua đối với tôi rất thú vị.
I've seen him frequently.,Tôi đã gặp anh ấy thường xuyên.
Are you going to learn English?,bạn sẽ học tiếng anh à
Tom rewrote his essay and turned it in a day late.,tom viết lại bài luận của mình và biến nó trong một ngày muộn.
Kelly eats like a horse.,Kelly ăn như ngựa.
My mom is two years younger than my dad.,mẹ tôi nhỏ hơn bố tôi hai tuổi.
We give a 10% discount for cash,chúng tôi giảm giá 10% cho tiền mặt
We should do this more often,Chúng ta nên làm điều này thường xuyên hơn
I solely have this one bag.,Tôi chỉ có duy nhất cái túi này.
I wouldn't sweat it.,tôi sẽ không đổ mồ hôi
You must join me,bạn phải tham gia với tôi
That teaching room is excessively cramped.,Căn phòng dạy học đó quá chật chội.
Our soccer team won every game last season,đội bóng đá của chúng tôi đã thắng mọi trận đấu mùa trước
This town hasn't changed much in the last ten years.,thị trấn này đã không thay đổi nhiều trong mười năm qua.
His show was extremely popular.,Buổi biểu diễn của anh ấy đã cực kỳ ăn khách.
Would you like to freshen up?,Bạn có muốn làm mới?
Simina spends a lot of money on cigarettes,simina chi rất nhiều tiền cho thuốc lá
His carelessness brought about the accident,sự bất cẩn của anh ấy đã gây ra tai nạn
You had a week to do this.,bạn đã có một tuần để làm điều này.
I encountered Tony yesterday while returning to my house.,Tôi đã gặp Tony ngày hôm qua khi đang trở về nhà.
Let's get dancing.,chúng ta hãy nhảy
Do you have a child?,bạn có con không?
Tom just doesn't want me to embarrass him.,Tom chỉ không muốn tôi làm anh ấy xấu hổ.
That incident involving Tom could easily have been my experience.,Sự cố liên quan đến Tom hoàn toàn có thể là trải nghiệm của tôi.
I have a really bad hangover.,tôi có một nôn nao thực sự xấu.
I was going to tell you.,tôi sẽ nói với bạn
When was the last time you washed the car?,Lần cuối bạn rửa xe là khi nào?
They won't delay getting married.,Họ sẽ không trì hoãn việc kết hôn.
"Besides being a doctor, he was a very famous novelist","ngoài việc là một bác sĩ, ông còn là một tiểu thuyết gia rất nổi tiếng"
Everybody knew Tom was in trouble,mọi người đều biết tom đang gặp rắc rối
People must determine their own course in life.,Mọi người phải tự xác định con đường đời của mình.
May I ask a question?,tôi có thể hỏi một câu được không?
We'll have to have a man-to-man talk about this.,chúng ta sẽ phải có một cuộc nói chuyện giữa hai người với nhau.
That will benefit the community,Điều đó sẽ có lợi cho cộng đồng
Gulliver's Travels was written by a famous English writer,chuyến đi của gulliver được viết bởi một nhà văn tiếng Anh nổi tiếng
Don't you just love that?,bạn không thích điều đó sao?
You will not get there on time.,bạn sẽ không đến đó đúng giờ
I've had quite a lot on my plate.,Tôi đã có khá nhiều việc phải làm.
The apple hit the soil.,Quả táo đã chạm xuống đất.
I'm concerned about my dreadful failure.,Tôi lo lắng về sự thất bại khủng khiếp của mình.
Would you mind conveying to Tom everything we'd like him to be aware of?,Bạn có phiền truyền đạt cho Tom mọi điều chúng tôi muốn anh ấy biết không?
My father is too stubborn to admit his faults,cha tôi quá cứng đầu để thừa nhận lỗi lầm của mình
"In Australia, they speak English.","ở Úc, họ nói tiếng Anh."
"She promised to do her homework, Mary said.",Mary nói cô ấy đã hứa sẽ làm bài tập về nhà.
Were the contents of all the boxes revealed?,Nội dung của tất cả các hộp đã được tiết lộ chưa?
These items are entirely fraudulent.,Những mặt hàng này hoàn toàn là gian lận.
He was unkind to utter those words to her.,Anh ấy thật độc ác khi nói những lời đó với cô ấy.
Cats hate to get wet,mèo ghét bị ướt
Would you please exit at once?,Bạn vui lòng ra ngoài ngay lập tức được không?
You should ask Tom about all of this.,bạn nên hỏi tom về tất cả những điều này
Tom isn't helping any,tom không giúp được gì
You have a wide circle of acquaintances.,Bạn có một vòng tròn quen biết rộng rãi.
I urgently need your help.,Tôi khẩn cấp cần sự giúp đỡ của bạn.
People can't live without air.,con người không thể sống mà không có không khí.
Tom is experiencing difficulty confronting the truth about his father's actions as a mass murderer.,Tom đang gặp khó khăn trong việc đối mặt với sự thật về hành động của cha mình như một kẻ giết người hàng loạt.
He's smitten with love.,Anh ấy đã bị tình yêu đánh gục.
I'll make sure the cost is beneficial for you.,Tôi sẽ đảm bảo chi phí có lợi cho bạn.
The lights were extinguished by her.,Đèn đã được cô ấy tắt.
See what you can find.,xem những gì bạn có thể tìm thấy.
I informed Tom of my marriage.,Tôi đã thông báo cho Tom về việc tôi đã kết hôn.
It slipped my mind how proficient you are in golf.,Tôi đã quên mất bạn thành thạo golf đến mức nào.
I'd like to elaborate on a point for your benefit.,Tôi muốn giải thích kỹ hơn một điểm vì lợi ích của bạn.
I take a walk almost every morning before breakfast.,Tôi đi dạo gần như mỗi buổi sáng trước khi ăn sáng.
Your efforts will be rewarded in the long run,những nỗ lực của bạn sẽ được đền đáp trong thời gian dài
You ought not to be cruel to animals,bạn không nên tàn nhẫn với động vật
Tom is very distraught.,Tom rất đau khổ.
How is the investigation's going?,cuộc điều tra diễn ra như thế nào?
This climate is having a bad effect on your health,khí hậu này có ảnh hưởng xấu đến sức khỏe của bạn
The evolution of dinosaurs interests me greatly,sự tiến hóa của khủng long làm tôi rất thích
The supermarket was relatively empty for that time of day.,siêu thị tương đối trống trong thời gian đó trong ngày.
"Two years ago, I traveled to Obihiro.","Hai năm trước, tôi đi du lịch đến obihiro."
Tom was stupid enough to believe what Mary told him.,Tom đủ ngu ngốc để tin những gì mary nói với anh ta.
I want to think for myself.,tôi muốn nghĩ cho bản thân mình
There's no obligation for you to reply.,Bạn không có nghĩa vụ phải trả lời.
She was advised by him not to go there by herself,cô được anh khuyên không nên đến đó một mình
Tom is well paid for the work he does.,Tom được trả công xứng đáng cho công việc anh ấy làm.
He is in charge of making arrangements for our trip to Europe.,anh ấy chịu trách nhiệm sắp xếp cho chuyến đi đến châu Âu của chúng tôi.
I didn't care,tôi không quan tâm
Create a round mark on the floor.,Tạo một dấu tròn trên sàn.
"Let's face it, it's impossible. We're never gonna make it","Hãy đối mặt với nó, điều đó là không thể. chúng ta sẽ không bao giờ làm được"
Tom welded the two pipes together.,tom hàn hai ống với nhau.
You can't go in there alone,bạn không thể đến đó một mình
She tried out for the role last week.,Cô ấy đã thử vai vào tuần trước.
Supporting his numerous family members was his duty.,Nhiệm vụ của anh ấy là nuôi sống nhiều thành viên trong gia đình mình.
I've gone and caught a cold.,Tôi đã đi và bị cảm lạnh.
Tom cautioned me about the potential for high noise levels in this spot.,Tom đã cảnh báo tôi về khả năng có mức độ ồn ào cao ở nơi này.
"That would be nice, wouldn't it?",Điều đó sẽ rất tuyệt phải không?
You're always up to something,bạn luôn luôn theo đuổi một cái gì đó
May I ask who you are?,tôi có thể hỏi bạn là ai không?
He's smart enough not to go there by himself.,Anh ấy đủ thông minh để không đến đó một mình.
You're pretty.,em xinh thật.
Tom sought help for filing his tax returns.,Tom tìm kiếm sự giúp đỡ để khai báo thuế.
You used to love that.,bạn đã từng yêu nó
The issue stems from Tom's inability to agree with Mary.,Vấn đề phát sinh từ việc Tom không thể hòa thuận với Mary.
What are you after?,bạn là gì sau
"As far as I'm concerned, what you do in your free time is your own business, as long as it doesn't interfere with your work.","theo như tôi quan tâm, những gì bạn làm trong thời gian rảnh là việc riêng của bạn, miễn là nó không can thiệp vào công việc của bạn."
This is a serious setback.,đây là một trở ngại nghiêm trọng
Put your name down here.,Ghi tên của bạn vào đây.
The classroom had only a scant number of students left.,Lớp học chỉ còn lại một số lượng học sinh ít ỏi.
Tom didn't do so well on his test.,Tom đã không làm tốt bài kiểm tra của mình.
People frequently find philosophy challenging.,Mọi người thường thấy triết học khó khăn.
The president will hold a press conference later today,Tổng thống sẽ tổ chức một cuộc họp báo sau ngày hôm nay
All the girls in my class are kind.,tất cả các cô gái trong lớp tôi đều tốt bụng
It's time I went home.,Đã đến lúc tôi phải về nhà rồi.
They elected Taro captain of their team,họ đã bầu đội trưởng khoai môn của đội của họ
He is up for reelection.,anh ấy đang lên để tái tranh cử.
Tom married a Canadian,tom kết hôn với một người Canada
Kyoto's beautiful scenery is what they are currently enjoying.,Cảnh đẹp của Kyoto là điều họ đang tận hưởng.
The feel of this carpet is lovely.,Cảm giác của tấm thảm này thật tuyệt.
"Show me your driving license, please",cho tôi xem bằng lái xe của bạn
You shouldn't ask personal questions,bạn không nên đặt câu hỏi cá nhân
The physicians believed he was suffering from a common cold.,Các bác sĩ tin rằng anh ấy đang bị cảm lạnh thông thường.
Our chances of winning this game would be high with a capable pitcher like him.,Cơ hội thắng trận này của chúng ta sẽ cao nếu có một người ném bóng có năng lực như anh ấy.
It's too risky for us to proceed.,Việc chúng ta tiếp tục quá mạo hiểm.
The Muslim faith practices burying their departed in tombs.,Tín ngưỡng Hồi giáo thực hành việc chôn cất người đã khuất trong lăng mộ.
You're hearing from your captain.,Quý vị đang nghe từ đội trưởng của mình.
Let's do this together.,chúng ta hãy làm điều này cùng nhau
I didn't know you worked here.,Tôi không biết bạn đã làm việc ở đây.
I can't understand the problem,tôi không thể hiểu vấn đề
Let's recommence our duties.,Chúng ta hãy bắt đầu lại nhiệm vụ của mình.
Tom has a strong will to live.,Tom có ý chí sinh tồn mạnh mẽ.
Show me how it works,chỉ cho tôi cách nó hoạt động
I'm sure everything will work out just fine,tôi chắc chắn mọi thứ sẽ ổn thôi
Tom is one of many in his family.,Tom là một trong số nhiều người trong gia đình anh ấy.
He wishes to revisit Boston.,Anh ấy muốn thăm lại Boston.
Vehicles typically feature clear windowpanes.,Các phương tiện thường có các tấm kính cửa sổ trong suốt.
It's supposed to snow tomorrow,ngày mai sẽ có tuyết
Tourists meandered through the various stores.,Khách du lịch đi dạo loanh quanh qua nhiều cửa hàng khác nhau.
A bead of sweat started forming on his brow.,một giọt mồ hôi bắt đầu hình thành trên trán anh.
He advised us against doing it,ông khuyên chúng tôi không nên làm điều đó
Tom would never give up.,tom sẽ không bao giờ bỏ cuộc
Can I take these books for a while?,Tôi có thể mượn những cuốn sách này một thời gian không?
I can make it look real,tôi có thể làm cho nó trông thật
We're getting nowhere.,chúng ta chẳng đi đến đâu cả.
I neither know who accompanied Tom nor wish to question him about it.,Tôi vừa không biết ai đã đi cùng Tom vừa không muốn hỏi anh ấy về điều đó.
Tom and I aren't fools,tom và tôi không ngốc
I know sign language.,tôi biết ngôn ngữ ký hiệu.
He claimed he had never encountered her.,Anh ấy khẳng định mình chưa từng gặp cô ấy.
Tom's sensible.,tom hợp lý.
My husband is an expert when it comes to cooking Chinese food.,Chồng tôi là một chuyên gia khi nấu ăn Trung Quốc.
"Beth told Chris that if he didn't take a bath, she wouldn't go out with him.","Beth nói với chris rằng nếu anh không tắm, cô sẽ không đi chơi với anh."
He needs money,anh ấy cần tiền
"This year, Valentine's Day falls on a Sunday","Năm nay, ngày valentine rơi vào chủ nhật"
Tom found Mary's story interesting.,Tom thấy câu chuyện của mary thú vị.
I'm no stranger to this activity.,Tôi không lạ gì hoạt động này.
We are generally far more fascinating than what the public perceives.,Chúng ta nói chung hấp dẫn hơn nhiều so với những gì công chúng nhận thấy.
You are loved by me to a greater extent than she is.,Bạn được tôi yêu nhiều hơn cô ấy.
It's my understanding that you're already informed Tom wishes you weren't here.,Tôi hiểu rằng bạn đã được thông báo Tom muốn bạn không ở đây.
The house is comfortable to live in.,Ngôi nhà thoải mái để ở.
A lot has happened since that time,rất nhiều điều đã xảy ra kể từ thời điểm đó
My mother speaks slowly,mẹ tôi nói chậm
Tom has reached a considerable age.,Tom đã đạt đến một tuổi đáng kể.
Tom has many family members.,Tom có nhiều thành viên trong gia đình.
I'll be going on a picnic with Tom and his family next weekend,Tôi sẽ đi dã ngoại với tom và gia đình vào cuối tuần tới
Tom is an individual who endures.,Tom là một người kiên cường chịu đựng.
Most basketball players are very tall,hầu hết các cầu thủ bóng rổ đều rất cao
Mary and Tom were seated together on a bench.,Mary và Tom ngồi cùng nhau trên một chiếc ghế dài.
I wasn't asking you.,tôi đã không hỏi bạn
She is always curious about what I am doing,cô ấy luôn tò mò về những gì tôi đang làm
Is Spanish spoken in Mexico?,tiếng Tây Ban Nha được nói ở Mexico?
It all comes down to a question of loyalty.,tất cả bắt nguồn từ một câu hỏi về lòng trung thành.
You are in my way.,bạn đang theo cách của tôi
She opted for the surgical procedure.,Cô ấy đã chọn thủ thuật phẫu thuật.
It is his intention to give his life over to helping the infirm in India.,Anh ấy có ý định dành cả cuộc đời mình để giúp đỡ những người ốm yếu ở Ấn Độ.
Tom recognized Mary right away.,tom nhận ra mary ngay lập tức.
Tom didn't get on the train with Mary,Tom đã không lên tàu với mary
I must hand in the report today.,tôi phải nộp báo cáo ngày hôm nay
Mary showed all her friends her engagement ring.,mary cho tất cả bạn bè của cô chiếc nhẫn đính hôn của cô.
My sister and you are the same height.,Chị gái tôi và bạn có cùng chiều cao.
What truly interests me is how dinosaurs evolved.,Điều thực sự khiến tôi thích thú là cách khủng long đã tiến hóa.
We're all dying.,tất cả chúng ta đều chết
Turn your face this way.,quay mặt theo cách này
The circumstances are steadily deteriorating.,Tình hình đang xấu đi một cách đều đặn.
I never even got to tell Tom about what we did for him,tôi thậm chí không bao giờ phải nói với tom về những gì chúng tôi đã làm cho anh ấy
We want to be fair.,chúng tôi muốn công bằng
Muslim tradition involves burying their deceased in the ground.,Truyền thống Hồi giáo liên quan đến việc chôn cất người đã khuất của họ xuống đất.
He did nothing but lie in bed all day,anh không làm gì ngoài nằm trên giường cả ngày
Your metropolis has a charm I appreciate.,Thành phố lớn của bạn có một nét quyến rũ mà tôi đánh giá cao.
Tom told Mary to give him a call after dinner.,Tom bảo mary gọi cho anh ta sau bữa tối.
Tom is extremely agitated and worried.,Tom cực kỳ kích động và lo lắng.
"I dunno if it's a bug or what, but this software doesn't work right","Tôi không biết đó có phải là lỗi hay không, nhưng phần mềm này không hoạt động đúng"
He's a member of a big household.,Anh ấy là thành viên của một gia đình đông người.
He's looking for a suitable job,anh ấy đang tìm kiếm một công việc phù hợp
Tom and I roomed together in college,tom và tôi cùng phòng ở trường đại học
I won't bother you anymore tonight,tôi sẽ không làm phiền bạn nữa đêm nay
"Even though Tom is my neighbor, I don't know him very well","mặc dù tom là hàng xóm của tôi, tôi không biết rõ về anh ấy"
I discussed the problem with my friends.,tôi đã thảo luận vấn đề với bạn bè của tôi.
My sincerest felicitations are for you.,Lời chúc mừng chân thành nhất của tôi dành cho bạn.
She is buying a cake in the bakery.,cô ấy đang mua một chiếc bánh trong tiệm bánh.
Tom wrote a message on a slip of paper.,tom viết một tin nhắn trên một tờ giấy.
How is the salad?,món salad thế nào?
No one's going to tell Tom anything,không ai sẽ nói với tom bất cứ điều gì
You're just the man I want to speak to,bạn chỉ là người đàn ông tôi muốn nói chuyện
I require a strategy.,Tôi cần một chiến lược.
He's aware that going there unaccompanied would be a bad idea.,Anh ấy nhận thức được rằng việc đến đó một mình sẽ là một ý tồi.
It goes without saying that friendship is more important than business.,Không cần phải nói rằng tình bạn quan trọng hơn kinh doanh.
Did Tom forget to pay?,Tom đã quên trả tiền?
Tom isn't residing in Boston as of now.,Tom chưa cư trú ở Boston tính đến thời điểm hiện tại.
There's a feeling that Tom is around.,Có một cảm giác rằng Tom đang ở quanh đây.
Let's go outside and eat,chúng ta hãy ra ngoài ăn
I promised Tom I'd help him,tôi đã hứa với tom tôi sẽ giúp anh ấy
I'm convinced that Tom didn't do what Mary accused him of doing,Tôi tin rằng tom đã không làm những gì mary buộc tội anh ta đã làm
The dog tagged along after his master.,Con chó được gắn thẻ theo sau chủ của mình.
My shoes are worn out,giày của tôi bị mòn
I think Tom is ambitious,tôi nghĩ rằng tom là tham vọng
Tom has to locate an apartment close to his workplace.,Tom phải tìm một căn hộ gần nơi làm việc của mình.
I want to see him no matter what,tôi muốn gặp anh ấy dù thế nào đi nữa
Tom quieted the music.,Tom làm nhạc im lặng hơn.
I was meaning to get around to that.,tôi có nghĩa là để có được xung quanh đó.
Which platform is the train for Boston?,nền tảng nào là tàu cho boston?
Am I considered good-looking?,Tôi có được coi là đẹp trai không?
Wasn't that absolutely astounding?,"Điều đó thật sự đáng kinh ngạc, phải không?"
You might feel some pain.,Bạn có thể cảm thấy đau.
Tom goes to college in Boston.,tom đi học đại học ở boston.
You can build a good rapport with him quickly.,Bạn có thể nhanh chóng xây dựng mối quan hệ tốt với anh ấy.
He waited his turn,anh ấy đợi đến lượt mình
One can't live without water.,người ta không thể sống thiếu nước.
It's imperative that we proceed with care.,Điều bắt buộc là chúng ta phải hành động cẩn thận.
"Not only does she keep house, but she also works as a school teacher","cô ấy không chỉ giữ nhà, mà còn làm giáo viên"
"A light, if you please?",Cho tôi mượn lửa được không?
The dictionary is on the desk,từ điển ở trên bàn
"From my position, I cannot see the tower","từ vị trí của tôi, tôi không thể nhìn thấy tòa tháp"
He acquired significant wealth from composing a chart-topping novel.,Ông ấy đã có được khối tài sản đáng kể từ việc sáng tác một cuốn tiểu thuyết đứng đầu bảng xếp hạng.
Can you reach the ceiling?,bạn có thể đạt đến trần nhà?
To what port is this ship bound?,Con tàu này sẽ cập cảng nào?
What're you planning on doing after you graduate from high school?,bạn dự định làm gì sau khi tốt nghiệp trung học?
Our abode is quite attractive.,Nơi ở của chúng tôi khá hấp dẫn.
He has gone back to California for good.,anh ấy đã trở lại california mãi mãi.
We reside in an attractive home.,Chúng tôi sống trong một ngôi nhà hấp dẫn.
"Look, we're wasting time.","Hãy nhìn xem, chúng ta đang lãng phí thời gian."
You shouldn't be here.,bạn không nên ở đây
Tom often makes mistakes.,tom thường mắc lỗi.
Just tell me to leave and I'll leave,chỉ cần nói với tôi để đi và tôi sẽ rời đi
They're not illegal,họ không bất hợp pháp
This problem is very simple.,Vấn đề này rất đơn giản.
What did you do next?,bạn đã làm gì tiếp theo?
He'll be here again promptly.,Anh ấy sẽ có mặt ở đây một lần nữa ngay lập tức.
I didn't know Tom was going to come with us,tôi không biết tom sẽ đi cùng chúng tôi
I want to go there once more.,tôi muốn đến đó một lần nữa
Kindly move the table in this direction.,Vui lòng dịch chuyển cái bàn về phía này.
Your payment is now two months overdue,thanh toán của bạn bây giờ đã quá hạn hai tháng
Tom can speak French well.,tom có thể nói tiếng Pháp tốt
He did not say so,anh ấy đã không nói như vậy
Her current happiness would stem from having married you.,Hạnh phúc hiện tại của cô ấy sẽ bắt nguồn từ việc đã cưới bạn.
The day turned out to be fine.,ngày trở nên tốt đẹp
I'm sick of hearing it.,Tôi phát ốm khi nghe nó.
Tom knows he's a terrible dancer,Tom biết anh ta là một vũ công tồi tệ
I couldn't take your place,tôi không thể thay thế bạn
Here comes the bus now.,đến đây xe buýt bây giờ.
I can't believe you're involved in this,tôi không thể tin rằng bạn tham gia vào việc này
I foresee you would repent that decision.,Tôi dự đoán bạn sẽ hối hận về quyết định đó.
Tom lives a very simple life in a sparsely furnished apartment,Tom sống một cuộc sống rất đơn giản trong một căn hộ được trang bị thưa thớt
I'm already busy.,tôi đang bận
Don't miss this opportunity.,đừng bỏ lỡ cơ hội này
The circumstances are continually deteriorating.,Tình hình đang liên tục xấu đi.
She cared for her sick father,cô chăm sóc cho người cha ốm yếu của mình
I walk my dog along the river every morning.,Tôi dắt chó đi dạo dọc bờ sông mỗi sáng.
Solving that problem was straightforward for me.,Việc giải quyết vấn đề đó đối với tôi rất đơn giản.
No one knows when such a custom came into existence,không ai biết khi nào một phong tục như vậy xuất hiện
Defeated revolutions are forgotten quickly,các cuộc cách mạng bị đánh bại bị lãng quên nhanh chóng
"She loves Tom, not me","cô ấy yêu tom, không phải tôi"
We're going to go,Chúng ta sẽ đi
It must weigh about thirty kilograms,nó phải nặng khoảng ba mươi kilôgam
I have clients waiting.,tôi có khách hàng đang chờ
I want you to tell me about your trip.,tôi muốn bạn kể cho tôi về chuyến đi của bạn
"On gift-giving occasions, people generally avoid giving money, but there are exceptions.","trong những dịp tặng quà, mọi người thường tránh đưa tiền, nhưng vẫn có ngoại lệ."
What are the basic rules for keeping a dog?,các quy tắc cơ bản để giữ một con chó là gì?
"""That's not the problem."" ""Then what's wrong?""","""đó không phải là vấn đề."" ""vậy thì sao?"""
"One year later, Paul was born","một năm sau, paul ra đời"
Have you ever sung in French?,bạn đã bao giờ hát bằng tiếng Pháp chưa?
I'm as tall as Tom,tôi cao bằng tom
What's the reason for your anger towards him?,Lý do gì khiến bạn tức giận với anh ấy?
I can't reach the top shelf.,Tôi không thể đạt đến kệ hàng đầu.
Allow me to clarify something for you.,Cho phép tôi làm rõ điều gì đó cho bạn.
Measures had to be implemented.,Các biện pháp cần được thực hiện.
Tom and Mary shared a bench.,Tom và Mary ngồi chung một băng ghế.
Keep an eye on Tom,để mắt đến tom
"Mom wants to go there, but Dad wants to watch TV at home","mẹ muốn đến đó, nhưng bố muốn xem tivi ở nhà"
You need something practical,bạn cần một cái gì đó thiết thực
Please correct my bill.,xin vui lòng sửa hóa đơn của tôi.
I wish to discontinue services for this account.,Tôi muốn ngừng sử dụng dịch vụ cho tài khoản này.
Tom started walking.,tom bắt đầu đi bộ.
Tom was in prison for three years.,Tom đã ở tù ba năm.
The students apologized to the teacher for being late to class,học sinh xin lỗi cô giáo vì đến lớp trễ
I thought you wanted to eat at that Chinese restaurant on Park Street,tôi nghĩ bạn muốn ăn ở nhà hàng Trung Quốc trên đường công viên
That's a photo of my sister,đó là một bức ảnh của em gái tôi
UFO stands for unidentified flying object,ufo là viết tắt của vật thể bay không xác định
How can you not know?,Làm thế nào bạn có thể không biết?
Tom seems to be very busy.,tom dường như rất bận rộn
How many people are you planning on inviting?,có bao nhiêu người bạn dự định mời?
He displayed his girlfriend's photograph to me.,Anh ấy đã cho tôi xem bức ảnh của bạn gái mình.
Don't interrupt our conversation.,đừng làm gián đoạn cuộc trò chuyện của chúng tôi.
He wrote a book on porcelain,ông đã viết một cuốn sách về đồ sứ
I felt reborn,tôi cảm thấy được tái sinh
Tom has to locate a flat close to his job.,Tom phải tìm một căn hộ gần chỗ làm của mình.
I was just talking about you,tôi chỉ nói về bạn
You've got your work cut out for you.,bạn đã có công việc của bạn cắt ra cho bạn.
Do you intend to throw away in one instant what our family has painstakingly built up?,Bạn có định vứt bỏ ngay lập tức những gì gia đình chúng tôi đã xây dựng một cách siêng năng không?
That is a good idea.,Ý tưởng hay đấy.
There are discrepancies,có sự khác biệt
I'd like to make a collect call to Los Angeles.,Tôi muốn thực hiện một cuộc gọi thu thập đến los angeles.
I didn't really know Tom that well,tôi thực sự không biết rõ về tom
Tom couldn't find his glasses,Tom không thể tìm thấy kính của mình
I believe that paying thirty dollars for this is overpriced.,Tôi tin rằng trả ba mươi đô la cho cái này là quá đắt.
It was news to me that you prepare meals.,Đó là tin mới đối với tôi rằng bạn nấu ăn.
Won't you come with us?,bạn sẽ không đến với chúng tôi chứ?
That was an excellent meeting.,đó là một cuộc họp tuyệt vời
Could you tell me how many operations Dr. Jackson has done within this month?,Bạn có thể cho tôi biết Bác sĩ Jackson đã mổ bao nhiêu ca trong tháng này không?
What was there?,cai gi đa ở đo?
Who was this machine invented by?,Máy này được phát minh bởi ai?
I gave my wife driving lessons.,Tôi đã dạy lái xe cho vợ tôi.
Be sure to grab an umbrella.,Hãy chắc chắn lấy một chiếc ô.
I heard that you're not going home either,tôi nghe nói bạn cũng không về nhà
That's just what I was going to suggest.,đó chỉ là những gì tôi sẽ đề nghị.
Watch the prisoner.,xem tù nhân.
He sent money to help care for her,anh gửi tiền để giúp chăm sóc cô.
Tom began gasping,tom bắt đầu thở hổn hển
Tom is foolhardy,tom thật ngốc nghếch
I don't doubt you.,tôi không nghi ngờ bạn
There is one apple on the desk,có một quả táo trên bàn
Let me talk to you a second.,Hãy để tôi nói chuyện với bạn một giây.
I'm not someone Tom would entrust with his secret.,Tôi không phải là người mà Tom sẽ giao phó bí mật của mình.
The battle quickly became fierce and bloody.,trận chiến nhanh chóng trở nên khốc liệt và đẫm máu.
The fire burnt ten houses down.,Ngọn lửa thiêu rụi mười căn nhà.
I wasn't informed of your culinary skills.,Tôi không được thông báo về kỹ năng nấu nướng của bạn.
I don't believe what I'm seeing,tôi không tin những gì tôi đang thấy
Tom demonstrates fidelity to his nation.,Tom thể hiện lòng trung thành với quốc gia của mình.
I've wanted this CD player for a long time,Tôi đã muốn máy nghe nhạc cd này từ lâu
Let me know about the result of the exam,cho tôi biết về kết quả của kỳ thi
I'm in Boston,tôi đang ở boston
Why should I give Tom money?,Tại sao tôi nên cho tiền tom?
I caught a glimpse of him,tôi thoáng thấy anh ấy
His son-in-law completely recovered from his illness,con rể của ông đã hoàn toàn khỏi bệnh
"If you can't beat them, join them.","nếu bạn không thể đánh bại họ, hãy tham gia cùng họ."
We were well fed at the hotel,chúng tôi được ăn ngon tại khách sạn
I need more practice.,tôi cần luyện tập thêm.
I carried the heavy bag on my back.,Tôi mang cái túi nặng trên lưng.
Your height is the same as my sister's.,Chiều cao của bạn bằng chị tôi.
My thanks really belong to Tom.,Lời cảm ơn của tôi thực sự dành cho Tom.
Tom has a strong will to keep going.,Tom có ý chí mạnh mẽ để tiếp tục sống.
"I was tired, so I didn't go.","tôi đã mệt, vì vậy tôi đã không đi"
Tom shook his head uncomprehendingly,tom lắc đầu không ngớt
I believe we both understand the purpose of my visit.,Tôi tin rằng cả hai chúng ta đều hiểu mục đích chuyến thăm của tôi.
I'm making an effort to get my balance back.,Tôi đang nỗ lực để lấy lại sự cân bằng của mình.
Let Tom know that he should keep his distance.,Hãy nói với Tom rằng anh ấy nên giữ khoảng cách.
I've always known something like this might happen.,Tôi đã luôn biết điều gì đó như thế này có thể xảy ra.
Put your costly items into the security box.,Đặt những món đồ đắt tiền của bạn vào hộp an ninh.
Stop worrying about me.,đừng lo lắng về tôi
The study of philosophy is often thought to be tough.,Việc học triết học thường được nghĩ là khó.
I don't think I could forgive myself if I did that,tôi không nghĩ rằng tôi có thể tha thứ cho chính mình nếu tôi làm điều đó
What's Tom doing here?,Tom đang làm gì ở đây?
I've got somebody with me.,Tôi đã có ai đó với tôi.
Tom is collecting things,tom đang thu thập những thứ
That's not Jack's fault,đó không phải lỗi của jack
I stopped in quickly to mention that I won't be attending the upcoming meeting.,Tôi ghé qua nhanh để nói rằng tôi sẽ không tham dự cuộc họp sắp tới.
Could you please keep the noise down? I'm attempting to rest.,Bạn có thể vui lòng giữ im lặng không? Tôi đang cố gắng nghỉ ngơi.
Tom wiped away Mary's tears,tom lau nước mắt của mary
He was injured in the accident.,anh bị thương trong vụ tai nạn.
I wonder if Prince William lets anyone call him Bill.,Tôi tự hỏi nếu hoàng tử william cho phép bất cứ ai gọi anh ta hóa đơn.
You should've never come here,bạn không bao giờ nên đến đây
Tom wouldn't have been able to manage without Mary's support,tom sẽ không thể quản lý mà không có sự hỗ trợ của mary
You can't really expect Tom to change his mind.,bạn thực sự không thể mong đợi tom sẽ thay đổi suy nghĩ của anh ấy.
Tom drives a Datsun.,tom lái một datsun.
Send for the doctor.,gửi cho bác sĩ.
Are you worried about me?,Bạn có lo lắng về tôi không?
Tom goes jogging in the park every morning,Tom đi chạy bộ trong công viên mỗi sáng
People shorten my name to Bob because my full name is Robert.,Mọi người rút ngắn tên tôi thành Bob vì tên đầy đủ của tôi là Robert.
Jeans aren't a good look for me.,Quần jean không phải là lựa chọn tốt cho tôi.
My best friend dances really well.,người bạn thân nhất của tôi nhảy rất tốt
This is a book worth reading,đây là một cuốn sách đáng đọc
Britain was in no hurry to agree on a peace treaty,người Anh không vội vàng đồng ý về một hiệp ước hòa bình
I don't like baths.,tôi không thích tắm
Robert got a small proportion of the profit.,robert có một tỷ lệ nhỏ lợi nhuận.
I don't want to be alone.,tôi không muốn ở một mình
We can count on Tom to lend us a sum of three thousand dollars.,Chúng tôi có thể tin tưởng Tom sẽ cho chúng tôi vay số tiền ba ngàn đô la.
He felt himself lifted up.,anh cảm thấy mình được nâng lên.
You must be so proud.,Hẳn là bạn tự hào lắm.
Tom walked to the edge of the pool,tom đi đến mép hồ bơi
Corporations are downsizing and reducing the amount of profits they put back into R&D,các công ty đang thu hẹp quy mô và giảm số tiền lãi mà họ đưa lại vào r & d
"Tokyo, as you know, is one of the financial centers of the world.","tokyo, như bạn biết, là một trong những trung tâm tài chính của thế giới."
I've done no such thing,tôi đã không làm điều đó
This has never been attempted before,điều này chưa bao giờ được thử
His jacket is misplaced; Tom doesn't recall where he put it.,Áo khoác của anh ấy bị thất lạc; Tom không nhớ mình đã để nó ở đâu.
I hope you two have fun.,tôi hy vọng hai bạn vui vẻ
Tom knows what's coming.,Tom biết những gì sắp tới.
Tom will tell the truth,tom sẽ nói sự thật
I need a miracle,tôi cần một phép màu
I thought Tom would be present.,Tôi nghĩ Tom sẽ có mặt ở đây.
"You're very kind, Tom.","bạn thật tốt bụng, tom."
I have to find out what killed Tom,tôi phải tìm ra cái gì đã giết tom
He had nothing additional to communicate.,Anh ấy không có gì bổ sung để truyền đạt.
He chose not to provide any remarks concerning the topic.,Anh ấy đã chọn không đưa ra bất kỳ nhận xét nào liên quan đến chủ đề đó.
My cousins live near the beach,anh em họ của tôi sống gần bãi biển
We cannot take that chance.,Chúng ta không thể chấp nhận rủi ro đó.
He has a strong command of English.,Anh ấy sử dụng tiếng Anh rất thành thạo.
Tom desires to go out for a walk.,Tom mong muốn ra ngoài đi bộ.
Could you provide us with a brief self-description?,Bạn có thể cung cấp cho chúng tôi một mô tả ngắn gọn về bản thân không?
He's friendly and approachable.,Anh ấy thân thiện và dễ tiếp cận.
Tom said he was hungry,tom nói anh đói
You're developing a habit of being careless.,Bạn đang hình thành thói quen bất cẩn.
A man's worth lies in what he is rather than what he has.,giá trị của một người đàn ông nằm ở những gì anh ta hơn là những gì anh ta có.
Tom grabbed my arm,tom nắm lấy cánh tay của tôi
Math was identified by her as her least proficient subject.,Cô ấy đã xác định toán là môn học kém nhất của mình.
Where are we headed?,Chúng ta đang đi đâu?
What a relief!,thật là nhẹ nhõm!
Tom was deeply engrossed in his reflections.,Tom đang chìm sâu vào những suy tư của mình.
Why did Tom give you this anyway?,Tại sao tom lại đưa cho bạn cái này?
I'm at a point where I can't lose anything further.,Tôi đã đến mức không thể mất gì thêm nữa.
It's really infuriating,nó thực sự gây phẫn nộ
She always gets up early.,cô ấy luôn dậy sớm
Sulfur is used to make matches.,lưu huỳnh được sử dụng để làm cho phù hợp.
Resources aren't simply handed to you.,Tài nguyên không chỉ đơn giản được trao cho bạn.
She doesn't understand you.,cô ấy không hiểu bạn.
Please wait here.,vui lòng đợi ở đây
"If you have a good garden, it will enhance the value of your house.","Nếu bạn có một khu vườn tốt, nó sẽ nâng cao giá trị của ngôi nhà của bạn."
My top friend during my younger years was Tom.,Người bạn thân nhất của tôi trong những năm tháng tuổi trẻ là Tom.
You need to acknowledge a few facts.,Bạn cần thừa nhận một vài sự thật.
Look what we have!,Xem chúng ta có gì này!
You're very observant.,bạn rất quan sát.
"What he said applies, to a certain extent, to this case.","những gì ông nói áp dụng, ở một mức độ nhất định, cho trường hợp này."
We've already waited three days.,chúng tôi đã đợi ba ngày rồi.
This is the couple who showed me the way,đây là cặp vợ chồng chỉ đường cho tôi
You can have the flower if you just ask.,Bạn có thể có bông hoa nếu bạn chỉ cần hỏi.
Could you dispatch the last five items immediately?,Bạn có thể gửi ngay năm mặt hàng cuối cùng được không?
I'll be ready in just a second,tôi sẽ sẵn sàng chỉ trong một giây
Please make your reservation one week in advance,vui lòng đặt chỗ trước một tuần
I was asked here by Tom.,tôi đã được hỏi ở đây bởi tom.
Our visit was wonderful.,chuyến thăm của chúng tôi là tuyệt vời.
This is the surest way to succeed,đây là cách chắc chắn nhất để thành công
Tom realized he had no idea how to do what needed to be done.,Tom nhận ra anh ta không biết làm thế nào để làm những gì cần phải làm.
My morning routine includes physical activity.,Hoạt động buổi sáng của tôi bao gồm việc vận động thể chất.
Please feel free to help yourself to anything in the fridge.,xin vui lòng giúp mình với bất cứ điều gì trong tủ lạnh.
Why don't you join us at our table?,Tại sao bạn không tham gia cùng chúng tôi tại bàn của chúng tôi?
She lives on milk and vegetables.,cô ấy sống bằng sữa và rau.
You must challenge that particular propensity you have.,Bạn phải thử thách cái xu hướng đặc biệt đó của mình.
"Apparently, Tom is going to a university in Boston.","Rõ ràng, tom đang đi đến một trường đại học ở boston."
He lives in that house over there,anh ấy sống trong ngôi nhà đằng kia
He was very pleased with the result.,ông rất hài lòng với kết quả.
She is absent because of sickness.,cô vắng mặt vì ốm.
I just moved from Boston and am still sleeping on my uncle's couch.,tôi mới chuyển đến từ boston và vẫn đang ngủ trên chiếc ghế dài của chú tôi.
I'll offer you a fair deal.,Tôi sẽ đưa ra một mức giá hợp lý cho bạn.
It will add more complexity to the circumstances.,Nó sẽ thêm sự phức tạp vào hoàn cảnh.
Tom never told me he had been in the army,Tom không bao giờ nói với tôi rằng anh ta đã ở trong quân đội
I found a job,tôi đã kiếm được việc
I watched it happen,tôi đã xem nó xảy ra
Recent times have been quite trying.,Thời gian gần đây khá thử thách.
You can use this ticket for two days starting from the date of acquisition.,Bạn có thể sử dụng vé này trong hai ngày kể từ ngày mua.
Set the alarm for six.,đặt báo thức cho sáu.
I feel at ease,tôi cảm thấy thoải mái
He's wise enough not to venture there unaccompanied.,Anh ấy đủ khôn ngoan để không mạo hiểm đến đó một mình.
What do you want to get Tom for Christmas?,Bạn muốn gì để có được tom cho Giáng sinh?
Tom empathized with Mary's suffering.,Tom đồng cảm với nỗi đau của Mary.
My doctor's visit is already set.,Lịch hẹn khám bác sĩ của tôi đã được sắp xếp.
Tom closed his eyes and tried to concentrate.,Tom nhắm mắt và cố gắng tập trung.
The book is about the law.,Cuốn sách nói về luật pháp.
I'm not afraid at all.,tôi không sợ chút nào
That's just the way I am.,đó chỉ là tôi
I'm pretty sure I know how to accomplish that task.,Tôi khá chắc chắn tôi biết cách thực hiện nhiệm vụ đó.
Iron is used in ship construction.,sắt được sử dụng trong xây dựng tàu.
So what will you do in the afternoon?,vậy bạn sẽ làm gì vào buổi chiều?
Our time visiting was delightful.,Thời gian chúng tôi ghé thăm thật tuyệt vời.
Are you saying that because you're afraid?,bạn đang nói vậy bởi vì bạn sợ?
Tom persisted in packing.,Tom vẫn tiếp tục đóng gói.
I will bring back a lot of food.,tôi sẽ mang lại rất nhiều thức ăn
Journeys to foreign nations are full of interest.,Những chuyến đi đến các quốc gia nước ngoài đầy thú vị.
My brother went to Italy.,anh tôi đi ý.
Please bear in mind what he communicated.,Xin hãy ghi nhớ những gì anh ấy đã truyền đạt.
He shouldn't have done that.,anh ta không nên làm điều đó.
I gave my wife driving lessons.,Tôi đã dạy vợ tôi những bài học lái xe.
I cannot stand this noise.,tôi không thể chịu được tiếng ồn này
Their meeting was inevitable.,cuộc họp của họ là không thể tránh khỏi.
You need to stay here.,bạn cần ở lại đây
You're smarter than I am.,bạn thông minh hơn tôi
I asked my mother if breakfast was ready,tôi hỏi mẹ tôi nếu bữa sáng đã sẵn sàng
Our son died in the war,con trai chúng tôi đã chết trong chiến tranh
They sat side by side,họ ngồi cạnh nhau
I slept the rest of the day,tôi ngủ phần còn lại của ngày
I didn't come here alone,tôi đã không đến đây một mình
Can we take photos in this area?,Chúng ta có thể chụp ảnh ở khu vực này không?
I know where to start.,tôi biết bắt đầu từ đâu
The resolution was not approved immediately,Nghị quyết không được phê duyệt ngay lập tức
He returned home without telling us.,Anh trở về nhà mà không nói với chúng tôi.
My morning routine includes physical training.,Thói quen buổi sáng của tôi bao gồm việc rèn luyện thể chất.
Tom asked me about you,tom hỏi tôi về bạn
"It's valid until March thirty-first, nineteen-ninety-seven.","nó có hiệu lực cho đến tháng ba mươi mốt, mười chín chín mươi bảy."
I'm so drunk that I can barely manage to walk.,Tôi say đến mức hầu như không thể đi lại được.
Do you speak Esperanto?,bạn có nói tiếng esperanto không?
I didn't want you to get nervous.,tôi không muốn bạn lo lắng
An operation is necessary for Tom's back.,Một ca phẫu thuật là cần thiết cho lưng của Tom.
Tell Tom I said hi,nói với tom tôi nói hi
It may rain before long,trời có thể mưa rất lâu
He was covered with mud from head to foot.,anh ta phủ đầy bùn từ đầu đến chân.
I'll ask Tom to get you something to eat.,Tôi sẽ yêu cầu tom mang cho bạn thứ gì đó để ăn.
Tom said he didn't think it was worth the risk,Tom nói anh ấy không nghĩ rằng nó đáng để mạo hiểm
How do you know that Tom is undressing you with his eyes?,Làm thế nào để bạn biết rằng tom đang cởi quần áo của bạn bằng mắt của mình?
Do you know where my watch is?,bạn có biết đồng hồ của tôi ở đâu không?
Would you happen to know its whereabouts?,Bạn có tình cờ biết tung tích của nó không?
"""What's the cause of your non-attendance?"" ""I'm not inclined to.""",Nguyên nhân bạn không tham dự là gì? Tôi không có hứng thú.
We heard someone go upstairs.,chúng tôi nghe thấy ai đó đi lên lầu.
I like traveling by train,tôi thích đi du lịch bằng tàu hỏa
Let's get out for a while to take a walk,chúng ta hãy ra ngoài một lúc để đi dạo
The only thing that really matters is whether or not you are happy.,Điều duy nhất thực sự quan trọng là bạn có hạnh phúc hay không.
His mind was wandering.,Tâm trí anh ấy đang lang thang.
Are you going somewhere?,bạn đang đi đâu đó à
I suspect you're familiar with this already.,Tôi nghi ngờ bạn đã quen thuộc với điều này rồi.
I concluded that I would sign up for a tennis club.,Tôi đã đi đến kết luận rằng tôi sẽ đăng ký vào một câu lạc bộ quần vợt.
He has written lots of books about his experience abroad,ông đã viết rất nhiều sách về kinh nghiệm của mình ở nước ngoài
The lion is king of beasts.,sư tử là vua của các loài thú.
"There were many things that we wanted to do, but we never got around to doing many of them.","có nhiều việc chúng tôi muốn làm, nhưng chúng tôi không bao giờ thực hiện được nhiều việc trong số đó."
"Hey guys, it's getting late","này các bạn, muộn rồi"
I am sorry for my unpunctuality. It won't be an issue in the future.,Tôi xin lỗi vì sự không đúng giờ của mình. Nó sẽ không là vấn đề trong tương lai.
I may be right,tôi có thể đúng
Gradually the interest rate will increase,dần dần lãi suất sẽ tăng
I speak Spanish,tôi nói tiếng Tây Ban Nha
She's still in the dark about what really happened.,Cô ấy vẫn chưa biết rõ về những gì thực sự đã xảy ra.
We have to be cautious.,Chúng ta phải cảnh giác.
We earned what we possess through diligent effort.,Chúng tôi đã kiếm được những gì mình sở hữu bằng nỗ lực siêng năng.
I hope you're more interested than you seem,tôi hy vọng bạn quan tâm nhiều hơn bạn
The Evans household had six offspring.,Gia đình Evans có sáu người con.
There will be no more talks regarding this.,Sẽ không có thêm cuộc nói chuyện nào về việc này nữa.
I work hard in the garden in the morning,tôi làm việc chăm chỉ trong vườn vào buổi sáng
I'll tell Tom that's not true,tôi sẽ nói với tom điều đó không đúng
I was used to eating like a pig.,tôi đã quen ăn như heo.
Tom had a problem with his car,tom có vấn đề với chiếc xe của anh ấy
We're having trouble because some of our bills are still pending payment.,Chúng tôi đang gặp rắc rối vì một số hóa đơn của chúng tôi vẫn đang chờ thanh toán.
Life has been rather difficult in the recent past.,Cuộc sống khá khó khăn trong thời gian gần đây.
You could come with me if you like,bạn có thể đi với tôi nếu bạn thích
Can you tell me how many procedures Dr. Jackson has carried out in the current month?,Bạn có thể cho tôi biết Bác sĩ Jackson đã tiến hành bao nhiêu ca thủ thuật trong tháng hiện tại không?
Tom gave Mary's hand a friendly squeeze.,tom đưa tay mary thân thiện.
That was a question I should've asked before,đó là một câu hỏi tôi nên hỏi trước đây
My life has changed.,Cuộc sống của tôi đã thay đổi.
My shoes were cleaned for me.,Giày của tôi đã được làm sạch.
Please hold this ladder steady,xin giữ vững cái thang này
Tom tipped the bellboy.,tom nghiêng người gác chuông.
They set sail for New York yesterday.,họ đã ra khơi cho new york ngày hôm qua.
My grandmother can fly,bà tôi có thể bay
I managed to solve the problem with ease.,Tôi đã giải quyết vấn đề một cách dễ dàng.
Japanese tourists can be found everywhere,khách du lịch Nhật Bản có thể được tìm thấy ở khắp mọi nơi
What he said made me realize we could never be companions.,Những gì anh ấy nói khiến tôi nhận ra chúng tôi sẽ không bao giờ có thể là bạn.
The publishing house is operating at a profit.,Nhà xuất bản đó đang hoạt động có lợi nhuận.
I'll find out myself.,Tôi sẽ tự tìm hiểu.
I think it's dangerous to climb that mountain alone.,Tôi nghĩ thật nguy hiểm khi leo lên ngọn núi đó một mình.
What is the length of this piece of cloth?,chiều dài của mảnh vải này là gì?
Check this.,kiểm tra điều này.
Let's go get lunch,chúng ta hãy đi ăn trưa
It makes me sad,nó làm tôi buồn
I only slept for three hours,tôi chỉ ngủ được ba tiếng
"We didn't run fast, but kept up a good steady pace.","chúng tôi đã không chạy nhanh, nhưng giữ tốc độ ổn định."
I've known John since 1976,tôi đã biết john từ năm 1976
This isn't how it was meant to happen.,Đây không phải là cách nó nên xảy ra.
Soon I found myself wanting to meet him and talk to him.,Chẳng mấy chốc tôi thấy mình muốn gặp anh và nói chuyện với anh.
The pressures of supporting a big family are beginning to catch up with him.,những áp lực của việc hỗ trợ một gia đình lớn đang bắt đầu theo kịp anh ta.
I am reading a book now.,tôi đang đọc một cuốn sách bây giờ
There were no visible dangers,không có mối nguy hiểm có thể nhìn thấy
Don't close the door,đừng đóng cửa
Last week my mother came down with the flu.,Tuần trước mẹ tôi bị cúm.
Those people contributed greatly to world peace.,những người đó đã đóng góp rất lớn cho hòa bình thế giới.
I thought Tom would be present.,Tôi đã nghĩ Tom sẽ có mặt ở đây.
It was stated by them that civil war would ensue.,Họ đã nói rằng nội chiến sẽ xảy ra sau đó.
The evening light fades at an increasingly early hour.,Ánh sáng buổi tối tắt dần vào một giờ ngày càng sớm hơn.
She was accused of having lied about the affair.,cô bị buộc tội đã nói dối về chuyện tình cảm.
I'll get in touch with Jim and ask him to come over,tôi sẽ liên lạc với jim và yêu cầu anh ấy đến đây
He's my friend.,anh ấy là bạn của tôi.
You can buy it at newsstands.,bạn có thể mua nó tại quầy thông tin.
Tom described what had happened in detail.,tom mô tả những gì đã xảy ra chi tiết.
He had no money to buy the farm,anh ta không có tiền để mua trang trại
It's something I just accomplished.,Đó là điều tôi vừa hoàn thành.
It is common for children to cause trouble,Trẻ em thường gây rắc rối
Do you know what you want for lunch?,bạn có biết bạn muốn gì cho bữa trưa không?
Approach him directly for a meeting.,Tiếp cận anh ấy trực tiếp để gặp mặt.
She studied hard in order not to fail the entrance exam,cô học chăm chỉ để không trượt kỳ thi tuyển sinh
Tom has not moved to Boston yet.,Tom vẫn chưa chuyển đến Boston.
I believed Tom hadn't ever visited Boston.,Tôi tin rằng Tom chưa từng ghé thăm Boston.
Tom ate what little food he had left,tom ăn những gì ít thức ăn anh ấy để lại
I've just completed it.,Tôi vừa hoàn thành nó.
Is there any particular color that you are interested in?,Có màu sắc đặc biệt nào mà bạn quan tâm không?
We are here because we have a right to be involved in these decisions.,chúng tôi ở đây vì chúng tôi có quyền tham gia vào các quyết định này.
"The weather was not only cold, but also wet.",thời tiết không chỉ lạnh mà còn ẩm ướt
Tom is known for his high stamina.,Tom nổi tiếng với sức bền cao.
They made an effort to open the lock by prying it with a steel rod.,Họ đã nỗ lực mở khóa bằng cách dùng một thanh thép để cạy.
They added a woman to the committee.,họ đã thêm một phụ nữ vào ủy ban.
Will you be returning?,Bạn sẽ quay lại chứ?
This place is too small for both me and you.,Nơi này quá nhỏ cho cả tôi và bạn.
A car drew up in front of my house,một chiếc xe hơi dựng lên trước nhà tôi
The parents couldn't make out what their daughter wanted.,cha mẹ không thể biết được con gái họ muốn gì.
Twilight deepens at an earlier time each day.,Hoàng hôn xuống ngày càng sớm hơn mỗi ngày.
You had me worried,bạn đã làm tôi lo lắng
No one is exactly alike; everyone is extraordinary.,Không ai hoàn toàn giống ai; mọi người đều phi thường.
Tom can go home.,tom có thể về nhà
I told Tom to clean his room.,tôi bảo tom dọn phòng.
Expect me back in a few months' time.,Hãy mong đợi tôi trở lại sau vài tháng.
It's an embarrassing question,đó là một câu hỏi đáng xấu hổ
My evening yesterday was fun.,Buổi tối hôm qua của tôi thật vui.
What a mess you've landed us in.,Đúng là một mớ hỗn độn bạn đã đẩy chúng tôi vào.
You should apologize to your father for not getting home in time for dinner,bạn nên xin lỗi cha vì đã không về nhà kịp bữa tối
Tom clapped his hands.,Tom vỗ tay.
Tom doesn't perceive your voice.,Tom không nhận ra giọng nói của bạn.
Show me some others,cho tôi xem một số người khác
Tom is a member of an extended family.,Tom là thành viên của một gia đình đa thế hệ.
I should've waited another three months,tôi nên đợi thêm ba tháng nữa
His notions are quite progressive.,Quan điểm của ông ấy khá cấp tiến.
"If you would move over, there would be room for everyone","nếu bạn di chuyển qua, sẽ có chỗ cho tất cả mọi người"
Tell Tom what you want to do.,nói với tom những gì bạn muốn làm.
How many bus stops are there between here and where you get off?,Có bao nhiêu điểm dừng xe buýt giữa đây và nơi bạn xuống xe?
These light bulbs can't all be bad,những bóng đèn này không phải là xấu
I like coffee hot.,tôi thích cà phê nóng
Why are you holding my hands?,tại sao bạn nắm tay tôi
Tom draws well.,tom vẽ tốt.
Can you read that sign ahead of us?,bạn có thể đọc dấu hiệu đó trước chúng tôi không?
Tom hit Mary on the head with a skillet.,tom đánh mary trên đầu với một cái chảo.
He headed for the door at full speed,anh ta đi ra cửa với tốc độ tối đa
We're never going to find Tom,chúng ta sẽ không bao giờ tìm thấy tom
Tom comes from a big family.,Tom xuất thân từ một gia đình lớn.
Tom decreased the music's volume.,Tom đã giảm âm lượng nhạc.
He is captain of the football team.,Anh ấy là đội trưởng của đội bóng đá.
We're coming back tomorrow.,chúng ta sẽ trở lại vào ngày mai
Give me your weapons.,đưa tôi vũ khí của bạn.
They might come.,họ có thể đến
I haven't been getting much sleep lately.,Gần đây tôi không ngủ nhiều.
Are you hungry for anything specific?,Bạn có muốn ăn gì đặc biệt không?
He exercised the greatest care in dealing with it.,Anh ấy đã thực hiện sự cẩn trọng cao nhất khi xử lý nó.
"When making a cake, you must use eggs, butter and sugar","Khi làm bánh, bạn phải sử dụng trứng, bơ và đường"
I happen to have some donuts.,Tôi tình cờ có vài cái bánh rán.
Students have access to the library,sinh viên có quyền truy cập vào thư viện
How about getting the special of the day?,làm thế nào để có được sự đặc biệt trong ngày?
"I think that, for the first time in my life, I understood her.","Tôi nghĩ rằng, lần đầu tiên trong đời, tôi hiểu cô ấy."
Tom and Mary don't need a chaperone.,tom và mary không cần một người đi kèm.
She used a pistol to shoot him.,Cô ấy đã dùng súng lục để bắn anh ta.
This doll has big eyes.,con búp bê này có đôi mắt to.
Mary isn't really sick. She's faking it,mary không thực sự bị bệnh cô ấy giả vờ
She soon adjusted to his way of life,Cô sớm điều chỉnh cách sống của anh.
He's better at it than I am.,Anh ấy giỏi hơn tôi.
Leaping from a truck in motion is dangerous.,Nhảy ra khỏi một chiếc xe tải đang chạy là nguy hiểm.
I am a citizen of Sapporo,tôi là công dân của sapporo
Can you come here for a minute?,bạn có thể đến đây một phút không?
I should've stayed in Boston,tôi nên ở lại boston
Can you go around the world in a day?,bạn có thể đi vòng quanh thế giới trong một ngày không?
I knew Tom was dead,tôi biết tom đã chết
Please transfer 450 dollars to my account.,vui lòng chuyển 450 đô la vào tài khoản của tôi.
Tom struggles to cope with the knowledge that his father committed mass murder.,Tom đấu tranh để đối phó với việc biết rằng cha mình đã gây ra vụ giết người hàng loạt.
The gloves that were formerly under the chair are now found.,Đôi găng tay trước đây ở dưới ghế giờ đã được tìm thấy.
You won't find any grass on the moon.,Bạn sẽ không tìm thấy bất kỳ ngọn cỏ nào trên mặt trăng.
My legal name is now Tom Jackson.,Tên hợp pháp của tôi bây giờ là Tom Jackson.
No obstacle will deter them from their political aims.,Không có trở ngại nào có thể ngăn cản họ khỏi các mục đích chính trị của mình.
No one lived on the island at that time.,không ai sống trên đảo lúc đó
She realized mathematics was her least proficient area of study.,Cô nhận ra toán học là môn học cô kém nhất.
Who found my missing book?,ai tìm thấy cuốn sách còn thiếu của tôi?
Tom told me that he was going to Boston.,Tom nói với tôi rằng anh ấy sẽ đến boston.
Tom has lived in New York since he was a child.,Tom đã sống ở New York từ khi còn nhỏ.
Don't show me her picture anymore.,đừng cho tôi xem ảnh của cô ấy nữa.
I gave him some good advice about buying land.,tôi đã cho anh ta một số lời khuyên tốt về việc mua đất.
I'll perform excellently during the examination.,Tôi sẽ thể hiện xuất sắc trong kỳ thi.
How could Tom be so stupid?,Làm thế nào tom có thể ngu ngốc như vậy?
What did Tom say to convince you of this?,Tom đã nói gì để thuyết phục bạn về điều này?
I've been married for three years,tôi đã kết hôn được ba năm
Just a few pupils were still present in the classroom.,Chỉ vài học sinh vẫn còn hiện diện trong lớp học.
They say Tom and Mary are truly compatible.,Người ta nói Tom và Mary thực sự hợp nhau.
I never heard from him again.,Tôi chưa bao giờ nghe từ anh ấy một lần nữa.
Tom keeps his age a secret,tom giữ bí mật tuổi tác của mình
You'll get from me exactly what you wish for.,Bạn sẽ nhận được từ tôi chính xác những gì bạn mong muốn.
No one can stop me.,không ai có thể ngăn cản tôi.
I am not sure when he will be back.,tôi không chắc chắn khi nào anh ấy sẽ trở lại.
Stand up when I am talking to you,đứng lên khi tôi đang nói chuyện với bạn
I suspect you might need some help.,Tôi nghi ngờ bạn có thể cần một chút giúp đỡ.
What do you have up your sleeve?,bạn có gì lên tay áo của bạn?
Who were you speaking with?,bạn đang nói chuyện với ai
Is there no way for you to make Tom see reason?,Không có cách nào để bạn khiến Tom hiểu ra sao?
You made a wrong turn,bạn đã rẽ nhầm
Would you like to catch a film together?,Bạn có muốn đi xem phim cùng tôi không?
"Here, try it on","ở đây, thử nó"
You can't miss it,bạn không thể bỏ lỡ nó
I haven't eaten since breakfast and I'm very hungry.,Tôi đã không ăn từ bữa sáng và tôi rất đói.
A square is both a rectangle and a rhombus,hình vuông vừa là hình chữ nhật vừa là hình thoi
Tom doesn't excel much in sports.,Tom không xuất sắc lắm trong thể thao.
"Not only was he a doctor, he was also a very famous novelist.","Ông không chỉ là một bác sĩ, ông còn là một tiểu thuyết gia rất nổi tiếng."
That would be wonderful,điều đó thật tuyệt vời
I didn't want to hurt your feelings.,tôi không muốn làm tổn thương cảm xúc của bạn.
Be careful! The floor is wet,hãy cẩn thận! cái sàn ướt
I wonder where she studied English conversation.,tôi tự hỏi cô ấy học tiếng anh ở đâu
It's from the Bible,nó đến từ kinh thánh
She was awaiting my response.,Cô ấy đang chờ đợi phản hồi của tôi.
Tom said he'd pay for the entire thing,Tom nói anh ấy sẽ trả tiền cho toàn bộ
We learned that Newton discovered the law of gravitation.,chúng tôi đã học được rằng newton đã khám phá ra luật hấp dẫn.
I'm working on restoring my sense of balance.,Tôi đang cố gắng khôi phục lại cảm giác cân bằng của mình.
Don't make such careless mistakes.,đừng phạm sai lầm bất cẩn như vậy.
It was stated by them that it would result in civil conflict.,Họ nói rằng điều đó sẽ dẫn đến xung đột dân sự.
It will just make things more difficult.,Nó sẽ chỉ làm cho mọi việc khó khăn hơn.
My sunglasses are broken,kính râm của tôi bị hỏng
We're free!,đã được miễn phí!
We still have one more problem to worry about.,chúng ta vẫn còn một vấn đề nữa phải lo lắng
You should have left half an hour earlier.,bạn nên để lại nửa giờ trước đó.
She handed him the key,cô đưa chìa khóa cho anh
It was almost time for us to go.,Gần đến lúc chúng tôi phải đi rồi.
It worked like a charm,Nó làm việc như một say mê
Tom was completely confused.,tom đã hoàn toàn bối rối.
What do you do in your spare time?,Bạn làm gì khi rảnh?
Tom wants Mary to want him.,tom muốn mary muốn anh ta.
Tom was seen stealing apples from the neighbor's tree.,Tom đã được nhìn thấy ăn cắp táo từ cây hàng xóm.
I want this suit cleaned,tôi muốn bộ đồ này được làm sạch
Tom can't speak French without making a lot of mistakes,Tom không thể nói tiếng Pháp mà không phạm nhiều sai lầm
Tom is tempted.,tom bị cám dỗ.
I have two dogs. One is white and the other black,tôi có hai con chó. một màu trắng và màu đen khác
I should turn in. I need my beauty sleep you know,tôi nên quay vào. Tôi cần vẻ đẹp của tôi ngủ
A fork is missing.,một ngã ba bị mất tích.
I can't get in touch with Tom,tôi không thể liên lạc với tom
Do you have any idea where I might locate it?,Bạn có biết tôi có thể tìm nó ở đâu không?
They claimed it would precipitate internal strife.,Họ tuyên bố điều đó sẽ gây ra xung đột nội bộ.
Why do I even bother?,tại sao tôi còn bận tâm
Tom is the murderer,tom là kẻ giết người
Remember to bring an umbrella with you.,Hãy nhớ mang theo ô.
It's a rare sight.,Đó là một cảnh tượng hiếm gặp.
I'm asking you for your help.,Tôi đang nhờ bạn giúp đỡ.
He is the head of the sales department.,ông là trưởng phòng kinh doanh
We must appoint a new teacher soon,chúng ta phải sớm bổ nhiệm một giáo viên mới
Tom plans to call you right after lunch.,tom có kế hoạch gọi cho bạn ngay sau bữa ăn trưa.
What's Tom listening to?,Tom đang nghe gì vậy?
Tom said you'd arrive at this location.,Tom nói bạn sẽ đến địa điểm này.
You're supposed to be home with your parents,bạn phải ở nhà với bố mẹ
Place your valuable possessions inside the vault.,Đặt tài sản có giá trị của bạn vào bên trong kho tiền.
She threw him out,cô ấy ném anh ta ra
How often do you brush your teeth?,bạn có thường xuyên đánh răng không?
"""Is that Tom calling again?"" ""Yes. He calls every evening these days. I shouldn't have given him my number.""","""đó có phải là tom gọi lại không?"" ""vâng. Anh ấy gọi mỗi tối vào những ngày này. Tôi không nên cho anh ấy số của tôi."""
"But that's impossible, professor.","Nhưng điều đó là không thể, giáo sư."
Don't you trust the weathermen?,bạn không tin người thời tiết sao?
My opinion is that you need some aid.,Tôi nghĩ rằng bạn cần một chút giúp đỡ.
They shouted as loudly as they could,họ hét to hết mức có thể
He finally arrived.,Cuối cùng anh cũng đến.
No students went there yesterday,không có học sinh nào đến đó ngày hôm qua
Aren't you going to help?,bạn sẽ không giúp đỡ?
Why do you harbor such strong resentment against him?,Tại sao bạn lại có ác cảm mạnh mẽ với anh ấy như vậy?
My mother only had two children at the time.,Mẹ tôi chỉ có hai đứa con.
Why did you buy it?,Tại sao bạn mua nó?
What do you want me to do with this little girl?,bạn muốn tôi làm gì với cô bé này
Tom intends to pick a quarrel.,Tom có ý định gây gổ.
I resent his rude attitude,tôi bực bội thái độ thô lỗ của anh ấy
This compact disc belongs to my son.,Chiếc đĩa CD này thuộc về con trai tôi.
Law enforcement decided against trying him.,Lực lượng thực thi pháp luật đã quyết định không xét xử anh ta.
Tom could have phrased his answer more politely,Tom có thể nói câu trả lời của mình một cách lịch sự hơn
Tom told me that his father was a teacher,tom nói với tôi rằng cha anh là một giáo viên
His manner of speaking is not to my liking.,Cách nói chuyện của anh ấy không hợp ý tôi.
Leave my car alone.,để xe của tôi một mình
"We met in 2008. A year later, we got married","chúng tôi gặp nhau vào năm 2008, một năm sau đó, chúng tôi kết hôn"
He gave me a heads-up that it would be loud at this location.,Anh ấy đã báo trước cho tôi rằng ở địa điểm này sẽ ồn ào.
I'm trying to find batteries.,Tôi đang cố gắng tìm pin.
Yumi plays tennis on Sunday,yumi chơi tennis vào chủ nhật
It seems you're becoming negligent.,Có vẻ như bạn đang trở nên lơ đễnh.
I had anticipated Tom's arrival.,Tôi đã dự đoán Tom sẽ đến.
I've accomplished this task previously.,Tôi đã hoàn thành nhiệm vụ này trước đây.
She'd be joyful today if she had chosen to marry you.,Cô ấy sẽ vui vẻ hôm nay nếu cô ấy đã chọn kết hôn với bạn.
I'll report on this matter tomorrow,Tôi sẽ báo cáo về vấn đề này vào ngày mai
The three of them began to laugh.,Ba người họ bắt đầu cười.
I wasn't aware you were a cook.,Tôi không biết bạn là một đầu bếp.
It is no use crying over spilt milk,Nó không có tác dụng khóc qua sữa tràn
Tom has agreed to lend us three grand.,Tom đã đồng ý cho chúng tôi vay ba ngàn.
Our meeting with Tom is of utmost importance.,Cuộc gặp của chúng ta với Tom là vô cùng quan trọng.
Tom understood Mary's grief.,Tom hiểu được nỗi đau khổ của Mary.
Tom was feeling a little guilty.,Tom đã cảm thấy một chút tội lỗi.
Tom said you were different.,Tom nói bạn khác biệt.
She died at the age of 54,bà qua đời ở tuổi 54
"When it started to get dark, I quickened my pace","Khi trời bắt đầu tối, tôi nhanh chóng tăng tốc"
I'll look after Tom,tôi sẽ chăm sóc tom
What is your mission?,Nhiệm vụ của bạn là gì?
I'd love to know everything about you,tôi rất muốn biết mọi thứ về bạn
You're Tom's friend.,bạn là bạn của tom.
Let me know if I need to change.,cho tôi biết nếu tôi cần thay đổi
Tom was only trying to help me,tom chỉ cố gắng giúp tôi
Tom is always complaining about something,tom luôn phàn nàn về điều gì đó
We found our visit to be extremely pleasant.,Chúng tôi thấy chuyến thăm của mình vô cùng dễ chịu.
I think Tom is dying.,Tôi nghĩ rằng tom đang chết.
Tom bet Mary that he could beat her at arm wrestling,Tom cá cược rằng anh ta có thể đánh bại cô ta trong cuộc đấu vật tay
He lives in an apartment.,Anh ấy sống trong một căn hộ.
What's in this bag?,cái gì trong cái túi này
It sits at the base of Mount Fuji.,Nó nằm dưới chân núi Phú Sĩ.
We don't want anyone getting hurt,chúng tôi không muốn ai bị thương
A mother's love is unconditional,tình yêu của một người mẹ là vô điều kiện
Tom said he had something important to do,Tom nói anh ấy có việc quan trọng phải làm
I'm confident Tom would be grateful for that.,Tôi tin chắc Tom sẽ biết ơn điều đó.
"It looks like it might rain, so don't forget your umbrella.","Có vẻ như trời có thể mưa, vì vậy đừng quên chiếc ô của bạn."
Jane is talking with somebody.,jane đang nói chuyện với ai đó
I'm feeling terrible.,Tôi đang cảm thấy rất tệ.
A hush fell over all when he uttered a word.,Một sự im lặng bao trùm tất cả khi anh ấy cất tiếng.
I figured it'd be wise to re-verify.,Tôi nghĩ sẽ khôn ngoan nếu kiểm tra lại một lần nữa.
You're being transferred.,bạn đang được chuyển
Tom was very quick to volunteer.,tom rất nhanh để tình nguyện.
He has modern ideas.,Ông ấy có những ý tưởng hiện đại.
Tom was my mentor during my apprenticeship.,Tom là người hướng dẫn của tôi trong thời gian tôi học việc.
I am in the habit of going for a drive on Sundays,tôi có thói quen lái xe vào chủ nhật
Tom waited nearby.,tom đợi gần đó.
I told Tom I was going to handle it,tôi nói với tom tôi sẽ xử lý nó
Sunlight from the morning entered via the window.,Nắng sớm đã chiếu vào qua cửa sổ.
They smiled at each other.,họ mỉm cười với nhau.
We must make the best of our existing possessions.,Chúng ta phải tận dụng tốt nhất những gì mình đang có.
It would be great if that were so.,Sẽ thật tuyệt nếu điều đó đúng.
Let me ponder that for a while.,Hãy để tôi suy nghĩ về điều đó một lúc.
I wish I had listened to your advice,tôi ước tôi đã lắng nghe lời khuyên của bạn
Don't go up there,đừng lên đó
I think my German is really bad.,Tôi nghĩ tiếng Đức của tôi rất tệ.
I've never met Tom's wife.,Tôi chưa bao giờ gặp vợ của tom.
Last night was enjoyable for me.,Tôi đã có một buổi tối thú vị vào đêm qua.
A fox is not caught twice in the same snare,một con cáo không bị bắt hai lần trong cùng một bẫy
You need to learn to trust people,bạn cần học cách tin tưởng mọi người
That kid's a chip off the old block.,Đứa trẻ đó là một con chip ra khỏi khối cũ.
Does this even make sense?,Điều này thậm chí có ý nghĩa?
He drew specific attention to the problem.,Ông ấy đã thu hút sự chú ý đặc biệt đến vấn đề.
I'm in the backyard.,Tôi đang ở sân sau.
What a nice feeling carpet this is.,Tấm thảm này cho cảm giác thật tuyệt.
I take it you've been informed Tom isn't keen on you being around.,Tôi đoán bạn đã được thông báo rằng Tom không thiết tha bạn ở đây.
Are you looking for an argument?,Bạn đang muốn gây gổ à?
"Frankly speaking, I don't want to go with you.","thẳng thắn mà nói, tôi không muốn đi cùng bạn."
His son had been killed in a duel.,con trai ông đã bị giết trong một cuộc đấu tay đôi.
We rented a romantic comedy,chúng tôi đã thuê một bộ phim hài lãng mạn
Tom isn't up here,Tom không ở đây
Tom threw a big party at his house while his parents were away on vacation.,Tom đã tổ chức một bữa tiệc lớn tại nhà trong khi bố mẹ anh đi nghỉ.
It's a type of body piercing,nó là một loại xuyên cơ thể
His death is inevitable.,Cái chết của anh ấy là không thể tránh khỏi.
He laid great stress on that particular difficulty.,Ông ấy đã đặc biệt nhấn mạnh vào khó khăn cụ thể đó.
Tom turned when he heard Mary shout.,Tom quay lại khi nghe tiếng mary hét lên.
When will you be able to finish that job?,khi nào bạn có thể hoàn thành công việc đó?
I don't know why I even bother anymore.,tôi không biết tại sao tôi còn bận tâm nữa.
I can't forget the day when I met him,tôi không thể quên ngày tôi gặp anh ấy
I'll take my shot.,Tôi sẽ thử vận may của mình.
She came to understand that her weakest area was math.,Cô ấy đã hiểu rằng lĩnh vực yếu nhất của mình là toán.
You've succeeded where others have failed.,bạn đã thành công khi người khác thất bại.
The circumstances are deteriorating progressively.,Tình hình đang xấu đi một cách liên tục.
Tom is still mad.,Tom vẫn điên.
Tom and Mary are truly a perfect match.,Tom và Mary thực sự là một cặp đôi hoàn hảo.
Lighten up,làm sáng lên
My companions were all asleep,bạn đồng hành của tôi đã ngủ
Tom is unaware of Mary's companion at the zoo.,Tom không biết bạn đồng hành của Mary ở sở thú là ai.
I know how busy Tom is,tôi biết tom bận thế nào
He is too proud to ask others any question,anh ấy quá tự hào để hỏi người khác bất kỳ câu hỏi
Tom made a bad choice borrowing Mary's vehicle.,Tom đã đưa ra một lựa chọn tồi khi mượn xe của Mary.
This town is quite different from what it was ten years ago.,thị trấn này khá khác so với mười năm trước.
The ocean's sound is audible from this hotel room.,Âm thanh của đại dương có thể nghe được từ phòng khách sạn này.
This bag cost me 6 pounds.,cái túi này có giá 6 bảng.
She doesn't have any brothers or sisters.,cô ấy không có anh chị em.
Tell Tom I miss him.,nói với tom tôi nhớ anh ấy
Mary doesn't have time to do the laundry.,mary không có thời gian để giặt giũ.
What is the origin of the universe?,nguồn gốc của vũ trụ là gì?
The baby was quiet all night.,Đứa bé im lặng suốt đêm.
It's not an exaggeration to say that Mrs. Smith is addicted to TV,Không phải nói quá khi nói rằng bà. smith nghiện tv
Tom tried not to yawn.,tom cố không ngáp.
Tom is still interested in buying your old car,Tom vẫn quan tâm đến việc mua chiếc xe cũ của bạn
This river is about one third as long as the Shinano.,con sông này dài khoảng một phần ba so với shinano.
It's quite uninteresting.,Nó khá là không thú vị.
Water and oil are both liquids.,Nước và dầu đều là chất lỏng.
That doesn't surprise me.,điều đó không làm tôi ngạc nhiên.
The man lit a cigarette with a lighter,Người đàn ông châm điếu thuốc bằng bật lửa
My wish is to stay at home and spend the entire day sleeping.,Mong muốn của tôi là ở nhà và dành trọn ngày để ngủ.
Tom yanked open the drawer and grabbed a pencil,tom kéo mạnh ngăn kéo và lấy một cây bút chì
Your excellent golf skills had slipped my mind.,Khả năng chơi golf xuất sắc của bạn đã tuột khỏi tâm trí tôi.
How I wish it were so.,Tôi ước gì nó là như vậy.
He observed that we would probably have rain.,Ông quan sát rằng chúng ta có thể sẽ có mưa.
She is partial to chocolate cake,cô ấy là một phần của bánh sô cô la
My acquaintance with her dates back to my childhood.,Tôi quen cô ấy từ thời thơ ấu.
Are you free on Friday afternoon?,bạn có rảnh vào chiều thứ sáu không?
Exiting a moving truck by jumping is unsafe.,Thoát ra khỏi một chiếc xe tải đang chạy bằng cách nhảy là không an toàn.
Tom's pride won't let him admit he's wrong.,niềm tự hào của tom sẽ không để anh ta thừa nhận mình sai.
I saw him come this way.,tôi thấy anh ta đến đây
I'm heavily intoxicated; I can hardly manage to walk.,Tôi say nặng; tôi hầu như không thể đi được.
Grace goes upstairs to the extension telephone,ân sủng đi lên lầu điện thoại
She got married against her father's will,cô đã kết hôn với ý muốn của cha mình
Tom is very rude,tom rất thô lỗ
You seem to be in all these pictures.,bạn dường như ở trong tất cả những hình ảnh này
My losses are complete.,Tôi đã mất tất cả.
A lot of my friends speak Esperanto.,Nhiều bạn bè của tôi nói tiếng Esperanto.
The doctor advised me not to drink too much.,Bác sĩ khuyên tôi không nên uống quá nhiều.
You can't trick Tom so easily.,Bạn không thể lừa Tom dễ dàng như thế.
She was about to leave.,cô chuẩn bị rời đi.
He's better than us all,anh ấy tốt hơn tất cả chúng ta
He kept walking back and forth.,Anh cứ đi đi lại lại.
Don't phone her now,đừng gọi cho cô ấy bây giờ
That's right up my alley.,Điều đó đúng lên con hẻm của tôi.
Finally being able to get proper sleep without Tom on my mind will be fantastic.,Cuối cùng có thể ngủ ngon mà không phải bận tâm về Tom sẽ thật tuyệt vời.
There is a strong anti-nuclear movement in Germany.,có một phong trào chống hạt nhân mạnh mẽ ở Đức.
I'll be present tomorrow morning for anyone who needs assistance.,Tôi sẽ có mặt vào sáng mai cho bất cứ ai cần giúp đỡ.
It won't be a long time before she recovers from the shock,sẽ không lâu nữa trước khi cô hồi phục sau cú sốc
Kindly inform Tom of all the details we wish to convey.,Vui lòng thông báo cho Tom tất cả các chi tiết mà chúng tôi muốn truyền đạt.
I pray you undergo the same hardship we faced.,Tôi cầu mong bạn phải trải qua cùng một khó khăn mà chúng tôi đã đối mặt.
You don't need to know that,bạn không cần phải biết rằng
I have a murder to solve.,tôi có một vụ giết người để giải quyết.
Tom told me to expect a lot of noise here.,Tom đã bảo tôi hãy chuẩn bị tinh thần cho nhiều tiếng ồn ở đây.
I know how to take care of babies.,tôi biết cách chăm sóc em bé
I did the best I could do,tôi đã làm tốt nhất có thể
We're trying not to be a nuisance.,Chúng tôi đang cố gắng không gây phiền phức.
I traveled around Europe,tôi đã đi du lịch vòng quanh châu Âu
"Although most islands in the ocean have been mapped, the ocean floor is generally unknown","Mặc dù hầu hết các hòn đảo trong đại dương đã được lập bản đồ, đáy đại dương thường không được biết đến"
What's occurring remains genuinely unknown to everyone.,Những gì đang xảy ra thực sự vẫn chưa được ai biết đến.
Both quantity and quality are important in most cases,cả số lượng và chất lượng đều quan trọng trong hầu hết các trường hợp
She provided the traveler with food and clothing.,cô ấy cung cấp cho du khách thực phẩm và quần áo.
I haven't seen Tom smile for a long time.,Tôi đã không thấy nụ cười của tom trong một thời gian dài.
Tom is going to do something about it,tom sẽ làm gì đó về nó
Sit down. You are not allowed to stand up.,ngồi xuống. bạn không được phép đứng lên
Is it okay if I wait for your return in this location?,Có ổn không nếu tôi đợi bạn quay lại ở địa điểm này?
"Ladies and gentlemen, please come this way.","Thưa quý vị, xin hãy đến đây."
They bought a basket of fruit,họ đã mua một giỏ trái cây
I'm listening to you,Tôi đang lắng nghe bạn
We are making good progress.,Chúng ta đang tiến triển tốt.
Ken has to run fast.,ken phải chạy thật nhanh.
This shows they have listened to the needs of their clients.,điều này cho thấy họ đã lắng nghe nhu cầu của khách hàng.
Quit joking around,bỏ trò đùa
I am thinking of nothing but you,tôi không nghĩ gì ngoài bạn
Tom intentionally misled you.,Tom cố ý đánh lừa bạn.
You have no power to cause me emotional pain.,Bạn không có quyền làm tôi đau khổ về mặt cảm xúc.
He took extreme caution with it.,Ông ấy đã cực kỳ thận trọng với nó.
Could you tell me when you purchased this edifice?,Bạn có thể cho tôi biết khi nào bạn đã mua công trình kiến trúc này không?
There's a big fly on the ceiling.,Có một con ruồi lớn trên trần nhà.
It is by no means certain.,nó không có nghĩa là chắc chắn
No one took notice of him.,không ai chú ý đến anh ta
"Which wire should I cut, the red one or the white one?","Tôi nên cắt dây nào, màu đỏ hay màu trắng?"
There comes our teacher.,có giáo viên của chúng tôi
Don't yell.,đừng la hét.
I felt tired after having worked for hours.,tôi cảm thấy mệt mỏi sau khi làm việc nhiều giờ.
We had no other option,chúng tôi không có lựa chọn nào khác
You'll receive everything you desire from me.,Bạn sẽ nhận được mọi thứ bạn muốn từ tôi.
My understanding is you already know Tom prefers you not be present.,Theo tôi hiểu thì bạn đã biết Tom muốn bạn không có mặt.
Hop in. I'll give you a ride.,nhảy vào. tôi sẽ cho bạn một chuyến đi
The sightseers roamed about the retail outlets.,Khách tham quan đi lang thang khắp các cửa hàng bán lẻ.
Could you forward the five outstanding units promptly?,Bạn có thể chuyển năm đơn vị còn lại một cách nhanh chóng không?
Mr. Sato collapsed from exhaustion.,Ông. sato sụp đổ vì kiệt sức.
Your deadline has passed.,Hạn chót của bạn đã qua.
She surveyed the interior of the dwelling.,Cô ấy đã quan sát bên trong căn nhà.
I usually read the newspaper during my lunch hour,tôi thường đọc báo trong giờ ăn trưa
I didn't get fired.,tôi đã không bị sa thải
Who would do something like that?,Ai sẽ làm điều gì đó như thế?
Tom will go first.,tom sẽ đi trước.
Tom couldn't tell what the problem was,Tom không thể nói vấn đề là gì
Tom doesn't know where Mary is,tom không biết mary ở đâu
Tom is sitting on the bench.,Tom đang ngồi trên băng ghế.
Tom paused for a moment,tom dừng lại một lát
"Whenever Tom comes to Boston, he stays with us","Bất cứ khi nào tom đến boston, anh ấy ở lại với chúng tôi"
Tom is the only witness. There are no other witnesses.,tom là nhân chứng duy nhất không có nhân chứng nào khác
How did you learn to cook so well?,Làm thế nào mà bạn học nấu ăn giỏi như vậy?
Tom wouldn't run,tom sẽ không chạy
You are an angel for doing my shopping,bạn là một thiên thần để mua sắm của tôi
I don't think Tom did anything about the problem,tôi không nghĩ tom đã làm gì về vấn đề này
I served as Tom's trainee.,Tôi đã làm thực tập sinh của Tom.
Leave no stone unturned,dùng đủ mọi cách
Tom told me you might be able to help,tom nói với tôi bạn có thể giúp
Tom didn't know where to put his umbrella.,Tom không biết đặt chiếc ô của mình vào đâu.
Most people are considerably more fascinating than generally assumed.,Hầu hết mọi người đều hấp dẫn hơn đáng kể so với những gì thường được giả định.
It's me who truly has insight into Tom.,Chính tôi là người thực sự có cái nhìn sâu sắc về Tom.
I have small hands,tôi có bàn tay nhỏ
Happiness eluded Tom throughout his life.,Hạnh phúc chưa bao giờ đến với Tom trong suốt cuộc đời anh ấy.
They sought to pry open the lock with a piece of iron.,Họ tìm cách cạy mở khóa bằng một miếng sắt.
What will you do if you fail the exam?,Bạn sẽ làm gì nếu bạn trượt kỳ thi?
I've lived here since I was a kid,tôi đã sống ở đây từ khi còn bé
He amassed great wealth through penning a highly successful novel.,Ông ấy đã tích lũy được khối tài sản lớn nhờ viết một cuốn tiểu thuyết rất thành công.
Tom is wearing a uniform.,Tom đang mặc đồng phục.
Our success depends on whether he helps us or not,thành công của chúng ta phụ thuộc vào việc anh ta có giúp chúng ta hay không
Can you smell anything?,bạn có thể ngửi thấy gì không?
Tom appreciated all the letters Mary sent him while he was in prison.,tom đánh giá cao tất cả các thư mary gửi cho anh ta khi anh ta ở trong tù.
He showed off his new car,anh ấy đã khoe chiếc xe mới của mình
We'll go for a drive next Sunday,chúng ta sẽ lái xe vào chủ nhật tới
Would you like me to see you home?,bạn có muốn tôi gặp bạn ở nhà không?
Tom is rather intoxicated at the moment.,Hiện tại Tom khá say.
I'm sick of this game.,Tôi phát ngán với trò chơi này.
Tom's efforts have been rewarded,những nỗ lực của tom đã được đền đáp
"As soon as the ship began to move, he got seasick.","Ngay khi con tàu bắt đầu di chuyển, anh ta bị say sóng."
Has Tom called?,Tom đã gọi chưa?
I'm not sure Tom wants to go there.,Tôi không chắc tom muốn đến đó.
I was unable to reach you because the phone wasn't working.,Tôi không thể liên lạc với bạn vì điện thoại không hoạt động.
Do you think you could make a little less noise?,Bạn có nghĩ rằng bạn có thể làm cho một chút tiếng ồn?
Tom is undeniably large.,Tom không thể chối cãi là lớn con.
It's hardly raining at all.,trời hầu như không mưa.
I have an idea,tôi có ý này
How is your father called?,Cha bạn được gọi là gì?
That's quite clear.,Điều đó khá rõ ràng.
It was Tom who told me you'd arrive.,Chính Tom đã nói với tôi rằng bạn sẽ đến.
How's everybody?,mọi người thế nào?
"Come on, I'll buy you a beer","Thôi nào, tôi sẽ mua cho bạn một cốc bia"
Why don't I just buy you a hat?,Tại sao tôi không mua cho bạn một chiếc mũ?
They are entirely bogus.,Chúng hoàn toàn là đồ giả.
I reckon I can still do it.,Tôi đoán tôi vẫn có thể làm được.
The wallet included that picture.,Chiếc ví có kèm theo bức ảnh đó.
Somebody ought to talk to Tom,ai đó nên nói chuyện với tom
What's Tom planning?,Tom có kế hoạch gì?
You're unnecessary,bạn không cần thiết
My assessment is that Tom feels envious.,Đánh giá của tôi là Tom cảm thấy ghen tỵ.
I'm confident I'll ace the test.,Tôi tự tin mình sẽ làm bài kiểm tra rất tốt.
Tom usually walks home from work.,tom thường đi làm về.
She is free from care.,cô ấy được chăm sóc miễn phí
Who's your favorite game show host?,Ai là người dẫn chương trình trò chơi yêu thích của bạn?
Tom talks funny,tom nói chuyện vui
The poor child was born deaf and dumb,Đứa trẻ đáng thương bị câm điếc
It's too dangerous for us to take the risk.,Việc chúng ta mạo hiểm là quá nguy hiểm.
You disappoint me.,bạn làm tôi thất vọng
It is five years since they came to Japan,đã năm năm kể từ khi họ đến Nhật Bản
Is this absolutely necessary?,điều này là hoàn toàn cần thiết?
Fancy meeting you here!,Thật bất ngờ lại gặp bạn ở đây!
You can't stay here any longer.,bạn không thể ở đây lâu hơn.
Do you want me to look into that matter?,bạn có muốn tôi xem xét vấn đề đó không?
They were forced to withdraw.,họ buộc phải rút.
Tom hadn't perceived Mary to be so weary.,Tom đã không nhận ra Mary lại mệt mỏi đến vậy.
Tom isn't very good at telling jokes,Tom không giỏi kể chuyện cười
I'd like to congratulate you wholeheartedly.,Tôi muốn chúc mừng bạn từ tận đáy lòng.
It's getting warmer day by day.,nó đang trở nên ấm hơn từng ngày.
He purchased the lipstick for twenty bucks.,Anh ấy đã mua thỏi son với giá hai mươi đô la.
He goes to the park every morning,anh ấy đi đến công viên mỗi sáng
I should've been there with you.,tôi nên ở đó với bạn
You should leave right now,bạn nên rời đi ngay bây giờ
Something's beginning.,một cái gì đó bắt đầu.
Would you just get on with it?,bạn sẽ nhận được với nó?
The events transpiring were beyond my belief.,Những sự kiện đang diễn ra nằm ngoài sức tưởng tượng của tôi.
Attend to your own concerns.,Hãy lo việc của riêng bạn.
She is handy with a needle.,cô ấy tiện dụng với một cây kim.
Tom can sleep anywhere,tom có thể ngủ ở bất cứ đâu
Have you ever brought your dog to this beach?,Bạn đã bao giờ đưa con chó của bạn đến bãi biển này?
Please wait a moment,xin vui lòng chờ trong giây lát
I started this job an hour ago,tôi đã bắt đầu công việc này một giờ trước
Tom and I are both a little busy,tom và tôi đều bận một chút
Did you have to get up very early this morning?,sáng nay bạn có dậy sớm không?
Have you prepared everything for tomorrow?,bạn đã chuẩn bị mọi thứ cho ngày mai chưa?
Can't we speed it up?,chúng ta không thể tăng tốc nó lên?
I'm just tired.,Tôi chỉ thấy mệt mỏi.
My impression is that you'd later wish you hadn't done that.,Ấn tượng của tôi là sau này bạn sẽ ước mình đã không làm điều đó.
There's another possibility,có một khả năng khác
Tom could get arrested,tom có thể bị bắt
My desire is for Tom to be content.,Điều tôi mong muốn là Tom được mãn nguyện.
The ink stain will not wash out,vết mực sẽ không rửa
The unusual aspects of your personality could be seen as endearing or tiresome.,Những khía cạnh bất thường trong tính cách của bạn có thể được xem là đáng yêu hoặc mệt mỏi.
Jim was capable of curbing his temper and preventing a physical dispute.,Jim đã có khả năng kiềm chế tính khí của mình và ngăn chặn một cuộc tranh chấp thể chất.
Tom doesn't want Mary to find out the truth.,Tom không muốn mary tìm ra sự thật.
It didn't occur to Tom that Mary was so fatigued.,Tom đã không nghĩ rằng Mary lại mệt mỏi đến thế.
Place your precious items inside the strongbox.,Đặt những vật phẩm quý giá của bạn vào bên trong két sắt.
I gather you don't like him.,tôi tập hợp bạn không thích anh ấy.
He's appeared before me multiple times.,Anh ấy đã xuất hiện trước mặt tôi nhiều lần.
I don't have any other bags apart from this one.,Tôi không có túi nào khác ngoài cái này.
Jim managed to restrain his rage and prevent an altercation.,Jim đã cố gắng kiềm chế cơn thịnh nộ của mình và ngăn chặn một cuộc cãi vã.
Is it necessary for me to come up with something?,Có cần thiết để tôi nghĩ ra điều gì đó không?
Would you permit me to borrow these books?,Bạn có cho phép tôi mượn những cuốn sách này không?
French is a difficult language,tiếng Pháp là một ngôn ngữ khó
I abstain from tobacco and liquor.,Tôi kiêng thuốc lá và rượu.
It will only exacerbate the existing problems.,Nó sẽ chỉ làm trầm trọng thêm các vấn đề hiện có.
They all chuckled.,tất cả họ đều cười thầm.
He saved the princess.,anh cứu công chúa.
We're all different.,chúng ta đều khác nhau
It's across the street,đó là trên đường phố
These are my friends,Đây là những người bạn của tôi
I'm a management consultant.,Tôi là một nhà tư vấn quản lý.
We're not stupid,chúng tôi không ngu ngốc
The journey of acquiring knowledge is not simple.,Hành trình tiếp thu kiến thức không hề đơn giản.
Will you look over my report?,bạn sẽ xem qua báo cáo của tôi?
I never said any such thing,tôi chưa bao giờ nói bất cứ điều gì như vậy
Whose glasses are these?,Mấy cái mắt kính này của ai thế?
Can you elaborate on that?,Bạn có thể nói rõ hơn về điều đó không?
Tom never asked them what they wanted.,tom không bao giờ hỏi họ những gì họ muốn.
I feel like kissing you at this very moment.,Tôi cảm thấy muốn hôn bạn ngay tại khoảnh khắc này.
Tom didn't have the nerve to show up,Tom không có thần kinh để xuất hiện
I addressed the envelope containing the invitation.,tôi gửi địa chỉ phong bì chứa lời mời.
They haven't received a letter from him in quite some time.,Họ đã không nhận được thư từ anh ấy trong một thời gian khá dài.
Are you aware of its whereabouts?,Bạn có biết tung tích của nó không?
You won't believe your eyes.,bạn sẽ không tin vào mắt mình
Tom was the first one to enter the classroom.,tom là người đầu tiên bước vào lớp học
That's something we've already done.,Đó là điều chúng tôi đã làm rồi.
Tom had a lot of secrets.,tom có rất nhiều bí mật
They competed with each other for the prize.,họ cạnh tranh với nhau để giành giải thưởng.
Which area did you spend your childhood in?,Bạn đã trải qua thời thơ ấu của mình ở khu vực nào?
We have no choice but to give up the whole plan.,chúng tôi không có lựa chọn nào khác ngoài từ bỏ toàn bộ kế hoạch.
I really enjoyed the tasty apples he sent.,Tôi rất thích những quả táo ngon mà anh ấy đã gửi.
When you start looking like your passport photo you should go on vacation.,"Khi bạn bắt đầu trông giống như ảnh hộ chiếu của bạn, bạn nên đi nghỉ."
It seems that Tom is upset about something,có vẻ như tom đang buồn
It seemed appropriate,nó có vẻ thích hợp
You need to lose some weight,bạn cần giảm cân
I usually take a shower first thing in the morning.,Tôi thường tắm đầu tiên vào buổi sáng.
Tom is on medical leave.,tom đang nghỉ phép
Tom has just been told that he's been fired,Tom vừa được thông báo rằng anh ta đã bị sa thải
The phone rang while I was taking a bath.,Điện thoại reo khi tôi đang tắm.
It cost me 100 yen to send the letter.,Tôi mất 100 yên để gửi thư.
He lives there alone,anh ấy sống ở đó một mình
It was a pleasure to bump into you.,Thật vui khi tình cờ gặp bạn.
You're confident about letting her be responsible for your life?,Bạn tự tin để cô ấy chịu trách nhiệm cho cuộc đời mình sao?
Tom stayed in Boston for three days,tom ở lại boston trong ba ngày
Aren't you in charge?,bạn không chịu trách nhiệm?
You won't find an effortless way to learn.,Bạn sẽ không tìm thấy một cách học dễ dàng.
Tom failed to notice how tired Mary truly was.,Tom đã không nhận thấy Mary thực sự mệt mỏi đến mức nào.
Whose book is that?,cuốn sách đó là của ai
Come near the fire,đến gần đám cháy
Tom's least favorite color is blue-green,Màu sắc yêu thích nhất của tom là xanh dương
My opinion is that we shouldn't wait.,Ý kiến của tôi là chúng ta không nên chờ đợi.
Every individual has to define their own destiny.,Mỗi cá nhân phải tự định đoạt số phận của mình.
He did not want war,anh ấy không muốn chiến tranh
The cost of building the railroad was very high,chi phí xây dựng đường sắt rất cao
I'm asking you to briefly examine these records.,Tôi yêu cầu bạn xem xét sơ qua các hồ sơ này.
The story was amusing,câu chuyện thật thú vị
This city is very dear to me.,Thành phố này rất thân thương đối với tôi.
How much should I pay today?,hôm nay tôi phải trả bao nhiêu
It would have been nice if Tom had listened to what I said more carefully,Sẽ thật tuyệt nếu tom lắng nghe những gì tôi nói cẩn thận hơn
I waited more than two hours,tôi đã đợi hơn hai giờ
Tom said that he liked rain,Tom nói rằng anh ấy thích mưa
I'm clear on our whereabouts.,Tôi rõ về tung tích của chúng ta.
Tom is disagreeable.,tom là không đồng ý
I kept still and said nothing,tôi giữ im lặng và không nói gì
My job is a serious matter to me.,Công việc của tôi là một vấn đề nghiêm túc đối với tôi.
My mom bought this shirt for me.,mẹ tôi đã mua chiếc áo này cho tôi
Tom kept talking.,Tom tiếp tục nói.
We will have to improvise using what is at hand.,Chúng ta sẽ phải ứng biến bằng cách sử dụng những gì đang có.
I decided to become a member of a tennis club.,Tôi đã quyết định trở thành thành viên của một câu lạc bộ quần vợt.
What we currently own is a direct result of our dedication and effort.,Những gì chúng tôi hiện đang sở hữu là kết quả trực tiếp từ sự cống hiến và nỗ lực của chúng tôi.
I remember this music,tôi nhớ nhạc này
We have a place for you to live.,chúng tôi có một nơi để bạn sống
You might be right.,bạn có thể đúng
This pencil is not gray,bút chì này không có màu xám
Give it to Tom.,đưa nó cho tom.
Tom's Japanese is very articulate.,Tiếng Nhật của Tom rất rõ ràng.
The carpenter brought his tools along.,người thợ mộc mang dụng cụ của mình theo.
A good pitcher from him would guarantee our win in this game.,Một người ném bóng giỏi từ anh ấy sẽ đảm bảo chiến thắng của chúng ta trong trận này.
She is in harm's way right now.,Cô ấy đang gặp nguy hiểm ngay bây giờ.
I only want the money you owe me.,tôi chỉ muốn số tiền bạn nợ tôi
My supervisor believes I'm not up to the task.,Sếp của tôi nghĩ rằng tôi không đủ khả năng cho công việc đó.
He did not try to go to bed at once.,anh không cố gắng đi ngủ ngay lập tức.
My expectation was that they wouldn't show up.,Tôi đã nghĩ rằng họ sẽ không xuất hiện.
She was not the first to encourage me to do so.,cô ấy không phải là người đầu tiên khuyến khích tôi làm như vậy.
Tom just wanted to have fun.,tom chỉ muốn vui vẻ
He promised that he would treat John as his own son,ông hứa rằng ông sẽ coi john là con trai của mình
"If the weather is good, I'll go to the park.","nếu thời tiết tốt, tôi sẽ đến công viên."
They look confused.,Trông họ bối rối.
Have you ever seen a spider spinning its web?,Bạn đã bao giờ nhìn thấy một con nhện quay web của nó?
Tom and Mary became close friends,tom và mary trở thành bạn thân
I am in a new house.,tôi đang ở trong một ngôi nhà mới
We've discussed this.,chúng tôi đã thảo luận về điều này.
My daughter's driving me crazy.,Con gái tôi làm tôi phát điên.
Your CV has really impressed me,cv của bạn đã thực sự gây ấn tượng với tôi
It lacks any excitement.,Nó thiếu bất kỳ sự phấn khích nào.
He can't remember where he put his jacket.,Anh ấy không thể nhớ mình đã để áo khoác ở đâu.
Tom's arrival was significantly belated.,Sự xuất hiện của Tom đã bị trì hoãn đáng kể.
What's his workplace location?,Nơi làm việc của anh ấy ở đâu?
Most vehicles come with clear window panes.,Hầu hết các phương tiện đều đi kèm với các tấm kính cửa sổ trong.
He works as hard as any student,anh ấy làm việc chăm chỉ như bất kỳ sinh viên nào
I have to change planes in Boston.,tôi phải thay đổi máy bay trong boston.
He was not prosecuted by the authorities.,Anh ta không bị chính quyền truy tố.
Tom looks annoyed,tom có vẻ khó chịu
Don't you think we deserve Tom's respect?,bạn không nghĩ rằng chúng tôi xứng đáng với sự tôn trọng của tom sao?
I think I'm coming down with the flu.,Tôi nghĩ rằng tôi đang bị cúm.
This is a terrible thing to say to a man.,Đây là một điều khủng khiếp để nói với một người đàn ông.
Fred's foot made contact with a ball.,Chân của Fred đã tiếp xúc với một quả bóng.
Get there early if you want a decent seat.,Đến đó sớm nếu bạn muốn có một chỗ ngồi tử tế.
She hasn't come yet. She may have taken a wrong bus.,cô ấy chưa đến cô ấy có thể đã đi xe buýt sai.
How long have Tom and Mary been engaged?,Tom và mary đã đính hôn bao lâu rồi?
There's my ride.,Có chuyến đi của tôi.
He bought me a nice camera,anh ấy đã mua cho tôi một chiếc máy ảnh đẹp
Raise your hand if you understand it,giơ tay nếu bạn hiểu
The man is mourning after receiving sad news.,Người đàn ông đang than khóc sau khi nhận được tin buồn.
Please speak as slowly as possible,làm ơn nói càng chậm càng tốt
They are professors.,họ là giáo sư
There was no need for verbal communication.,không cần giao tiếp bằng lời nói.
Tom was not able to sit for the exam because he was sick.,Tom đã không thể ngồi dự thi vì bị ốm.
Would you like to talk?,bạn có muốn nói chuyện không?
Who else would you like to meet?,bạn muốn gặp ai nữa
Three thousand dollars is a sum Tom is ready to loan us.,Ba ngàn đô la là số tiền Tom sẵn sàng cho chúng tôi vay.
Tom's family is eccentric.,gia đình của tom là lập dị.
You'd better stay here,bạn nên ở đây
Tom has severe injuries.,Tom bị những vết thương nghiêm trọng.
It's Tom who deserves my gratitude.,Tom là người xứng đáng với lòng biết ơn của tôi.
We just met,chúng ta vừa mới gặp nhau
"He's a crybaby, just like always.","Anh ấy là một đứa bé khóc nhè, như mọi khi."
You seemed happy here,bạn có vẻ hạnh phúc ở đây
Will you make a return?,Bạn sẽ quay về chứ?
I believed your cello was located in the automobile.,Tôi tin rằng cây cello của bạn đã được đặt trong ô tô.
I am currently receiving medical attention.,Hiện tại tôi đang được chăm sóc y tế.
I thought you wanted this,tôi nghĩ bạn muốn điều này
Tom put the soda container in the bin.,Tom đã đặt vỏ lon soda vào thùng.
We might not need to sell our house,chúng tôi có thể không cần bán nhà của chúng tôi
All my problems are over.,tất cả các vấn đề của tôi đã qua.
We have so much to discuss.,chúng ta có quá nhiều thứ để thảo luận
I found out something interesting today at work.,tôi đã tìm ra một cái gì đó thú vị ngày hôm nay tại nơi làm việc.
I have a lot more homework than Tom does,tôi có nhiều bài tập về nhà hơn tom
We'll never forget you.,chúng tôi sẽ không bao giờ quên bạn.
You should probably do what Tom asks.,bạn có lẽ nên làm những gì tom yêu cầu.
Trade friction might arise between the two nations at any moment.,ma sát thương mại có thể phát sinh giữa hai quốc gia bất cứ lúc nào.
There is a small pond here,có một cái ao nhỏ ở đây
Tom is only in town for a few days.,tom chỉ ở trong thị trấn trong một vài ngày.
Mother bought my brother a yellow umbrella.,Mẹ mua cho em tôi một chiếc ô màu vàng.
That happened seventeen years before the Wright brothers flew for the first time,Điều đó đã xảy ra mười bảy năm trước khi anh em ngay lập tức bay lần đầu tiên
He set up a company recently.,anh ấy đã thành lập một công ty gần đây.
Perhaps I should come up with something?,Có lẽ tôi nên nghĩ ra một điều gì đó?
I've visited Boston a few times,tôi đã đến thăm boston một vài lần
The Governing Board decided to sell off the entity's foreign assets.,Hội đồng quản trị đã quyết định bán bớt tài sản nước ngoài của tổ chức.
I've taken on the identity of Tom Jackson.,Tôi đã lấy danh tính Tom Jackson.
I like him very much,tôi thích anh ấy rất nhiều
Mac is familiar with operating this computer.,Mac quen thuộc với việc vận hành máy tính này.
Tom wishes to acquire a telescope.,Tom ước mình có thể có một chiếc kính thiên văn.
I still expect Tom to help me solve the problems he created,tôi vẫn mong tom giúp tôi giải quyết những vấn đề anh ấy tạo ra
Tom came in much later than he should have.,Tom đã đến muộn hơn nhiều so với đáng lẽ ra.
I could stay with you,tôi có thể ở lại với bạn
I'll let Tom know what you've done,tôi sẽ cho tom biết những gì bạn đã làm
Please come over if you have time,vui lòng ghé qua nếu bạn có thời gian
I should have seen this coming.,Lẽ ra tôi phải thấy điều này đến.
If only I could regain my youth.,Giá như tôi có thể trẻ lại.
Can I bum a cigarette off you?,tôi có thể bum điếu thuốc không?
Japanese comes naturally to Tom.,Tom nói tiếng Nhật rất tự nhiên.
Tom didn't want Mary to go out with John,Tom không muốn mary đi chơi với john
I can detect that Tom is present.,Tôi có thể nhận ra rằng Tom đang có mặt.
There's not enough room in this town for two of us.,Không có đủ chỗ trong thị trấn này cho hai chúng ta.
I hope you get the job,tôi hy vọng bạn có được công việc
The allotted time has expired for you.,Thời gian quy định đã hết đối với bạn.
We shouldn't take the risk.,chúng ta không nên mạo hiểm.
Tom felt a little unwell and disoriented.,Tom cảm thấy hơi khó chịu và mất phương hướng.
They bound the prisoner's arms and legs.,họ trói tay và chân của tù nhân.
They are lazy. I can't understand such people.,họ lười biếng tôi không thể hiểu những người như vậy.
The opposing forces launched numerous explosives onto the plant.,Lực lượng đối địch đã thả nhiều chất nổ xuống nhà máy.
Tom doesn't sleep as much as he used to.,Tom không ngủ nhiều như trước đây.
I'm sure Tom knew that.,Tôi chắc chắn tom biết điều đó.
My understanding was that I asked you to keep the door shut.,Tôi hiểu rằng tôi đã yêu cầu bạn giữ cửa đóng.
His parents took him for a walk,bố mẹ anh đưa anh đi dạo
I'll never forget that.,Tôi sẽ không bao giờ quên điều đó.
The conduct of your children is remarkably excellent.,Cách cư xử của con cái bạn xuất sắc đáng kể.
What is for dessert?,Món tráng miệng là gì?
He married a girl of his own choice,anh cưới một cô gái của chính mình
They are collecting contributions for the church,họ đang thu thập đóng góp cho nhà thờ
He never went out.,anh không bao giờ đi ra ngoài.
The dining establishment is located just over the road from the hotel.,Cơ sở ăn uống nằm ngay bên kia đường so với khách sạn.
What was the reason for her not showing up?,Lý do cô ấy không xuất hiện là gì?
She kept me waiting for half an hour.,cô ấy giữ tôi đợi trong nửa giờ.
Action was imperative.,Hành động là bắt buộc.
The mayor granted our request.,thị trưởng cấp yêu cầu của chúng tôi.
It looks as though this summer will be cold again,Dường như mùa hè này sẽ lại lạnh
Tom brought his,tom mang của mình
I like running,tôi thích chạy
You're absolutely right!,bạn hoàn toàn đúng!
Everything was perfect,mọi thứ đều hoàn hảo
Search for the new words within your dictionary.,Tìm kiếm những từ mới trong cuốn từ điển của bạn.
They're almost done.,họ sắp xong rồi
Your oddities could be perceived as either charming or a nuisance.,Những điều kỳ lạ của bạn có thể được nhìn nhận là quyến rũ hoặc gây phiền toái.
You'll be receiving your license in the mail,bạn sẽ nhận được giấy phép của bạn qua thư
I met him just now.,tôi vừa mới gặp anh ấy
For him to say such harsh words to her is truly unkind.,Việc anh ta nói những lời lẽ cay nghiệt như vậy với cô ấy thực sự là không tử tế.
Her life is in peril at this moment.,Mạng sống của cô ấy đang gặp nguy hiểm vào lúc này.
Tom is a teaching assistant.,tom là một trợ giảng
He acknowledged that he was the one who stole the valuable items.,Anh ấy thừa nhận rằng mình là người đã đánh cắp những vật phẩm quý giá.
We don't have any time to waste.,chúng ta không có thời gian để lãng phí
Wealth doesn't just appear magically.,Tiền bạc không tự nhiên mà có.
Tom wasn't very happy when I left,Tom không vui lắm khi tôi rời đi
"You don't know where Tom works, do you?",bạn không biết tom làm việc ở đâu chứ?
At your age you should know better.,"ở tuổi của bạn, bạn nên biết rõ hơn."
The practice of slavery was eradicated by the head of state.,Chế độ nô lệ đã bị người đứng đầu nhà nước xóa bỏ.
That was so amazing.,điều đó thật tuyệt vời
I didn't mean to make Tom cry.,tôi không có ý làm tom khóc.
Tom got muddy playing football,tom bị bùn chơi bóng đá
We found our stay to be most pleasant.,Chúng tôi thấy chuyến ở lại của mình thật dễ chịu.
I told you Tom would be here.,tôi đã nói với bạn tom sẽ ở đây
A ball was kicked by Fred.,Một quả bóng đã bị Fred đá.
I have been a teacher for 15 years.,tôi đã là một giáo viên trong 15 năm.
It's unhealthy to put on too many pounds.,Việc tăng quá nhiều cân là không lành mạnh.
We're doing things the right way.,Chúng ta đang làm mọi thứ đúng cách.
A present was bought by Jack for his friend.,Một món quà đã được Jack mua cho bạn của mình.
The plane took off exactly at six.,Máy bay cất cánh chính xác lúc sáu giờ.
She believed I was a medical professional.,Cô ấy tin rằng tôi là một chuyên gia y tế.
I think I need both of these,tôi nghĩ rằng tôi cần cả hai
I have a pretty good idea why Tom isn't here.,tôi có một ý tưởng khá hay tại sao tom không ở đây.
We came to a place where the road branched into two lanes.,chúng tôi đến một nơi mà con đường rẽ vào hai làn đường.
Was Spot also present?,Spot cũng có mặt sao?
Did Spot participate in the outing?,Spot có tham gia chuyến đi không?
That would not be appropriate,điều đó sẽ không phù hợp
Is there a hospital near here?,Có bệnh viện nào gần đây không?
I learned my trade from Tom.,Tôi đã học nghề từ Tom.
He squashed the insect with the heel of his foot.,Anh ta đè bẹp con côn trùng bằng gót chân.
We're not going to leave Tom here by himself.,chúng tôi sẽ không để tom ở đây một mình.
Tom didn't do well on today's test,Tom đã không làm tốt bài kiểm tra hôm nay
Was it a dream?,nó chỉ là một giấc mơ?
It is easy for a monkey to climb a tree.,thật dễ dàng để một con khỉ leo lên cây.
Would you mind lighting this for me?,Bạn có phiền châm lửa cho tôi không?
"He tried it again, only to fail","anh thử lại lần nữa, chỉ để thất bại"
I think you're not telling me something,tôi nghĩ bạn không nói với tôi điều gì
Our main concern is that some payments for our bills are overdue.,Mối lo ngại chính của chúng tôi là một số khoản thanh toán cho các hóa đơn đã quá hạn.
Tom is desperate,tom đang tuyệt vọng
Peter and Emma are just friends. There's nothing between him and her,peter và emma chỉ là bạn bè không có gì giữa anh ấy và cô ấy
We're creative.,chúng tôi sáng tạo.
This blanket will help keep Tom warm.,cái chăn này sẽ giúp giữ ấm cho tom.
Turn yourself in to the police,quay lại với cảnh sát
Did you make the train?,bạn đã làm tàu chưa
Tom is respectful.,tom là tôn trọng.
I am going to try to get a good tan,tôi sẽ cố gắng để có được một làn da rám nắng
Tom is probably the one who stole Mary's necklace.,Tom có lẽ là người đã đánh cắp vòng cổ của mary.
I think it's wrong to tell a lie.,Tôi nghĩ thật sai lầm khi nói dối.
Tom got a suntan,tom có một người anh em
I'm apprehensive that I failed miserably.,Tôi lo lắng rằng tôi đã thất bại thảm hại.
The bus went over the cliff,xe buýt đi qua vách đá
I believed it wholeheartedly from the start.,Tôi tin tưởng hoàn toàn vào điều đó ngay từ đầu.
How have you been recently?,dạo này bạn thế nào
Parents who beat their children really make my blood boil.,cha mẹ đánh con thực sự làm máu tôi sôi lên.
All people are unique in their own way.,Tất cả mọi người đều độc đáo theo cách riêng của họ.
I'm in need of a blueprint.,Tôi đang cần một bản thiết kế.
I'm dead tired.,tôi chết mê chết mệt
Who told you to bring me here?,ai bảo bạn đưa tôi đến đây?
Kyoto gets lots of visitors from all over the world.,kyoto có rất nhiều du khách từ khắp nơi trên thế giới.
I'm quite fond of the urban area you live in.,Tôi khá yêu thích khu đô thị nơi bạn sống.
I'm feeling dreadful.,Tôi đang cảm thấy kinh khủng.
"Last night, there was a fire in the supermarket.","đêm qua, có một đám cháy trong siêu thị."
I'm willing to risk it.,Tôi sẵn lòng chấp nhận rủi ro.
It's not as hot today as it was yesterday.,hôm nay trời không nóng như hôm qua.
It lacks any excitement.,Nó thiếu bất kỳ sự thú vị nào.
Do you remember what happened?,bạn có nhớ những gì đã xảy ra?
Tom got sunburned,tom bị cháy nắng
You weren't that great,bạn không tuyệt lắm
I'm glad that you understand,tôi rất vui vì bạn hiểu
Tom didn't grasp the extent of Mary's exhaustion.,Tom đã không nhận ra mức độ kiệt sức của Mary.
Mary's pain was shared by Tom.,Nỗi đau của Mary đã được Tom chia sẻ.
Can you tell me where you are?,bạn có thể cho tôi biết bạn đang ở đâu?
Go about it differently if you're not fond of how I do things.,Hãy làm theo cách khác nếu bạn không thích cách tôi làm.
I don't know how this happened again,tôi không biết làm thế nào điều này lại xảy ra
You should go to bed,bạn nên đi ngủ
I crossed the river by boat,tôi qua sông bằng thuyền
It's hard to describe,thật khó để diễn tả
Tom doesn't like talking about sports.,Tom không thích nói về thể thao.
He wants to take over his father's business.,ông muốn tiếp quản công việc của cha mình.
I told you to stay away.,tôi bảo bạn tránh xa
Have you told Tom where you're from?,bạn đã nói với tom bạn đến từ đâu chưa?
I've been waiting half an hour.,Tôi đã đợi nửa tiếng rồi.
You can't see my house from here,bạn không thể thấy nhà tôi từ đây
Why can't Tom stay here?,Tại sao tom không thể ở đây?
I'm here to let you know I won't be present at the meeting this week.,Tôi ở đây để cho bạn biết tôi sẽ không có mặt tại cuộc họp tuần này.
Why are you wearing a sweater?,tại sao bạn mặc áo len
He's totally in love.,Anh ấy hoàn toàn đang yêu.
My ex-boyfriend was brought up in Portugal.,Bạn trai cũ của tôi đã được đưa lên trong bồ đào nha.
Tom is in a state of extreme agitation.,Tom đang trong trạng thái kích động tột độ.
I can buy what I need at a store near my house.,tôi có thể mua những gì tôi cần tại một cửa hàng gần nhà.
This box was made by Tony,cái hộp này được làm bởi tony
I'm writing a song in French.,Tôi đang viết một bài hát bằng tiếng Pháp.
This tea is very nice,trà này rất đẹp
Tom opted not to give his opinion on the topic.,Tom đã chọn không đưa ra ý kiến của mình về chủ đề này.
Tom has difficulty hearing you.,Tom gặp khó khăn trong việc nghe bạn.
I still need your help.,tôi vẫn cần sự giúp đỡ của bạn
Tom had his rent money in the wallet he lost,Tom có tiền thuê trong ví mà anh ta mất
Let them take care of themselves.,hãy để họ tự chăm sóc bản thân
I can't help feeling sorry for Tom,tôi không thể cảm thấy tiếc cho tom
I need some quiet; I'm trying to catch some Z's.,Tôi cần một chút yên tĩnh; tôi đang cố gắng chợp mắt.
I need you to sew these buttons onto the garment.,Tôi cần bạn khâu các nút này vào quần áo.
I'm the guy who met Tom at the station.,Tôi là người gặp tom ở nhà ga.
Tom is a good judge of character,tom là một thẩm phán tốt của nhân vật
It's a quarter till two.,đó là một phần tư cho đến hai.
A doctor is looking after me now.,Bây giờ tôi đang được một bác sĩ chăm sóc.
Playing sports isn't something Tom does well.,Chơi thể thao không phải là điều Tom làm tốt.
We're rational,chúng ta hợp lý
Tom lives on the other side of the valley.,tom sống ở phía bên kia thung lũng.
She seemed to have been ill,cô ấy dường như bị ốm
I'd love for that to be the situation.,Tôi rất muốn đó là tình huống.
It's a classroom that's just too tiny.,Đó là một lớp học quá nhỏ.
I haven't thought of anything yet.,tôi chưa nghĩ gì cả
I have some shopping to do,tôi có một số mua sắm để làm
Thank you very much for your hospitality.,cảm ơn bạn rất nhiều vì sự hiếu khách của bạn
He often gets worked up over little things,anh ấy thường làm việc vì những điều nhỏ nhặt
It was my impression that they weren't going to make it.,Tôi có ấn tượng rằng họ sẽ không đến được.
Tom got embarrassed.,Tom bối rối.
Tom should be in Boston by now.,Bây giờ tom nên ở boston.
It dawned on her that math was where she struggled most.,Cô ấy chợt nhận ra rằng toán học là môn cô gặp khó khăn nhất.
Americans are very friendly people.,Người Mỹ là những người rất thân thiện.
We call our dog Pochi,chúng tôi gọi chó pochi của chúng tôi
We've had trouble with Tom before.,chúng tôi đã gặp rắc rối với tom trước đây.
There's a secret passage.,Có một lối đi bí mật.
The dog defended his master from harm.,Con chó bảo vệ chủ của mình khỏi bị tổn hại.
They must ascertain the expenditure.,Họ phải xác định khoản chi tiêu.
Tom ought to be here by now.,tom nên ở đây bây giờ
I understand that would be difficult.,tôi hiểu điều đó sẽ khó khăn
The insider trading scandal put a lot of people out of business.,vụ bê bối giao dịch nội gián đưa rất nhiều người ra khỏi doanh nghiệp.
I gave my half to Tom.,tôi đã đưa một nửa của mình cho tom.
He gave a detailed description of the accident,ông đã mô tả chi tiết về vụ tai nạn
They are going shopping.,họ đang đi mua sắm
Why did Tom keep it a secret from his wife?,Tại sao Tom lại giấu vợ mình điều đó?
Could you kindly dispatch the last five units immediately?,Bạn vui lòng gửi ngay năm đơn vị cuối cùng được không?
My answer was what she waited for.,Câu trả lời của tôi là điều cô ấy chờ đợi.
He promptly put our names on paper.,Anh ấy kịp thời ghi tên chúng tôi ra giấy.
I refuse to continue this discussion.,Tôi từ chối tiếp tục cuộc thảo luận này.
Will you go over my plan?,bạn sẽ đi qua kế hoạch của tôi?
Let's start with the good news.,Hãy bắt đầu với những tin tốt.
There's no doubt Tom is in a rage.,"Không còn nghi ngờ gì nữa, Tom đang nổi cơn thịnh nộ."
You seem to be feeling cheerful.,Bạn có vẻ đang cảm thấy vui vẻ.
I'm not in a very good mood,tôi không có tâm trạng tốt
They made fun of the newcomer.,Họ đã chế giễu người mới đến.
It is about the size of an egg,nó có kích thước bằng một quả trứng
Tom and Mary are much stronger than we are,tom và mary mạnh hơn chúng ta rất nhiều
My apprenticeship was under Tom.,Tôi đã học nghề với Tom.
I don't belong here.,tôi không thuộc về nơi này
I have no expectation of your understanding.,Tôi không có kỳ vọng bạn sẽ hiểu.
The postman was bitten by that dog.,người đưa thư đã bị con chó đó cắn.
It's highly unlikely that he will succeed.,Rất khó có khả năng anh ấy sẽ thành công.
Feelings of jealousy arose among the other girls.,Cảm giác ghen tị nảy sinh giữa những cô gái khác.
I got into town only a week ago.,tôi đã vào thị trấn chỉ một tuần trước.
I've always wanted to run a small hotel in the mountains.,Tôi đã luôn muốn điều hành một khách sạn nhỏ trên núi.
Tom smiled at them all.,tom mỉm cười với tất cả họ.
I'm not quite sure,tôi không chắc lắm
His mind is sharp and perceptive.,Đầu óc anh ấy sắc bén và nhạy bén.
"To avoid confusion, the teams wore different colors","Để tránh nhầm lẫn, các đội mặc màu sắc khác nhau"
I'm tempted to kiss you at this moment.,Tôi đang muốn hôn bạn ngay lúc này.
I want you to stand up,tôi muốn bạn đứng lên
Who told you about this cave?,ai nói với bạn về hang động này?
I hope you can forgive me.,Tôi mong bạn có thể tha thứ cho tôi.
Is photography permitted in this location?,Có được phép chụp ảnh ở địa điểm này không?
The bus is slow.,xe buýt chậm.
Could you shout to Tom and tell him it's breakfast time?,bạn có thể hét lên với tom và nói với anh ấy là giờ ăn sáng không?
Tom made a U-turn,tom quay đầu
I tried solving the problem,tôi đã cố gắng giải quyết vấn đề
You're unable to just leave this predicament behind.,Bạn không thể nào cứ thế bỏ lại mớ rắc rối này.
I need you to help me here,tôi cần bạn giúp tôi ở đây
Tom is moderately drunk.,Tom đang say vừa phải.
Tom hates it when Mary pretends to understand sports.,tom ghét nó khi mary giả vờ hiểu thể thao.
What's the payment for your efforts here?,Khoản thanh toán cho nỗ lực của bạn ở đây là bao nhiêu?
I don't care what Tom tries to do.,tôi không quan tâm những gì tom cố gắng làm.
Such a thing isn't seen commonly.,Một điều như vậy không được thấy phổ biến.
They had built roads and bridges.,họ đã xây dựng đường và cầu.
I am hoarse from yelling so much.,tôi khàn vì la hét rất nhiều.
Tom picked up the phone,tom nhấc điện thoại
The murderer hid in the mountains.,Kẻ giết người trốn trong núi.
We don't have a problem,chúng tôi không có vấn đề gì
Why is Tom present at that spot?,Tại sao Tom lại có mặt ở địa điểm đó?
Could you make your way to my office briefly?,Bạn có thể đến văn phòng của tôi một lát được không?
There were quite a few passengers on board the ship.,Có khá nhiều hành khách trên tàu.
I'll wait for you downstairs.,Tôi sẽ đợi bạn ở tầng dưới.
I'm not going to stop.,Tôi sẽ không dừng lại.
Tom has excellent physical endurance.,Tom có sức chịu đựng thể chất tuyệt vời.
I'm confident I'll ace the test.,Tôi tin mình sẽ đạt điểm cao trong bài kiểm tra.
I want to go by air if possible.,tôi muốn đi bằng đường hàng không nếu có thể
Tom doesn't speak French at all.,Tom không nói tiếng Pháp chút nào.
I just remembered,tôi chỉ nhớ
I don't know where Tom is from,tôi không biết tom đến từ đâu
They tried a third time.,họ đã thử lần thứ ba.
I've brought you something.,tôi đã mang cho bạn vài thứ
We have a collection of bags in this spot.,Chúng tôi có một bộ sưu tập túi ở vị trí này.
He chose not to provide feedback on the subject.,Anh ấy chọn không đưa ra phản hồi về chủ đề này.
I don't expect you to understand it.,tôi không mong bạn hiểu nó
That would be awkward.,đó sẽ là khó xử.
Tom continued yelling.,Tom tiếp tục la hét.
He could hardly make himself understood,anh ta khó có thể hiểu chính mình
Tom appeared suddenly.,tom xuất hiện bất ngờ.
You're in my way,bạn theo cách của tôi
Sunlight from the morning entered via the window.,Ánh nắng buổi sáng chiếu vào qua cửa sổ.
Don't take it too literally.,đừng hiểu quá nhiều theo nghĩa đen
Things are steadily going downhill.,Mọi thứ đang ngày càng tệ đi một cách đều đặn.
Tom got in the car and started the engine,tom lên xe và nổ máy
My major is medieval European history.,chuyên ngành của tôi là lịch sử châu Âu thời trung cổ.
Do you want to go see a movie after dinner tonight?,Bạn có muốn đi xem phim sau bữa tối nay không?
Why don't we think about this for another week or so?,Tại sao chúng ta không nghĩ về điều này trong một tuần nữa?
I'm only trying to save some time.,Tôi chỉ cố gắng tiết kiệm thời gian.
He needs you to purchase him some novel playthings.,Anh ấy cần bạn mua cho anh ấy vài món đồ chơi mới lạ.
They won't be in time for the meeting,họ sẽ không đến kịp cuộc họp
How much money do you have hidden under your bed?,bạn đã giấu bao nhiêu tiền dưới gầm giường?
The store changed hands at the end of last summer.,cửa hàng đã đổi chủ vào cuối mùa hè năm ngoái.
Tom called you,tom gọi bạn
Romeo instantly fell in love with Juliet,romeo ngay lập tức yêu juliet
John is the taller of the two,john là cao hơn của hai
The bellows are not working.,ống thổi không hoạt động.
I didn't forget about you.,tôi đã không quên bạn
I just drove down here from Boston,tôi vừa lái xe xuống đây từ boston
An answer is what Tom is expecting.,Một câu trả lời là điều Tom đang mong đợi.
Were all the containers opened by you?,Tất cả các thùng đều đã được bạn mở ra phải không?
How did Tom succeed in getting you involved in this?,Tom đã thành công trong việc lôi kéo bạn vào chuyện này bằng cách nào?
The floor is wet and slippery.,sàn nhà ẩm ướt và trơn trượt.
My departure from here is set for early tomorrow.,Việc tôi rời khỏi đây được ấn định vào sáng sớm ngày mai.
Tom hopes to receive a response soon.,Tom hy vọng sớm nhận được một phản hồi.
Have you finished opening all of the packages?,Bạn đã mở xong tất cả các gói hàng chưa?
Who will do it?,ai sẽ làm điều đó
Can I swap yen for dollars at any bank here?,Tôi có thể đổi yên lấy đô la ở ngân hàng nào ở đây không?
Don't open your eyes.,Đừng mở mắt ra.
These grapes are ripe.,những quả nho này đã chín.
He taught history at the school,ông dạy môn lịch sử ở trường
He is expected to be back in a little while.,Anh ấy dự kiến sẽ trở lại trong chốc lát.
We must clean up the kitchen,chúng ta phải dọn dẹp nhà bếp
His car fell into the lake,xe anh rơi xuống hồ
Tom has to be furious.,Tom hẳn là rất tức giận.
I've been shopping with Tom.,Tôi đã đi mua sắm với tom.
Project your voice to ensure you're heard.,Hãy nói to để đảm bảo bạn được lắng nghe.
None of them are authentic.,Không có cái nào trong số chúng là thật.
What a hot day!,thật là một ngày nóng
He's very shy. He says he wants to see you,Anh ấy rất ngại. anh ấy nói muốn gặp bạn
I want to do it again,tôi muốn làm lại lần nữa
Tom didn't mind.,Tom không bận tâm.
It's essential for me to head out early tomorrow morning.,Điều cần thiết là tôi phải đi sớm vào sáng mai.
We have scant hope for his triumph.,Chúng ta có rất ít hy vọng vào sự chiến thắng của anh ấy.
I should be at school,tôi nên ở trường
Jack got his friend a present.,Jack đã tặng bạn mình một món quà.
It was uncharacteristic for Tom to concede so readily to me.,Việc Tom nhượng bộ tôi dễ dàng như vậy là điều không thường thấy.
We don't need a visa to go to France.,chúng tôi không cần thị thực để đi đến Pháp.
Tom is now looking for a bigger house to live in.,Tom đang tìm kiếm một ngôi nhà lớn hơn để sống.
I have lived in Boston since 1995,tôi đã sống ở boston từ năm 1995
I know how frustrating this must be,tôi biết điều này phải bực bội như thế nào
You still have a lot of work to do.,bạn vẫn còn rất nhiều việc phải làm
How many aunts and uncles do you have?,bạn có bao nhiêu cô dì chú bác
You'd look good in that dress.,bạn sẽ trông ổn trong chiếc váy đó
Could I look at that book?,tôi có thể nhìn vào cuốn sách đó không?
It was a very pleasant experience visiting.,Đó là một trải nghiệm thăm quan rất dễ chịu.
The outcomes don't concern me.,Những kết quả đó không làm tôi lo lắng.
The burial practice for Muslims involves placing bodies in graves.,Tập tục chôn cất của người Hồi giáo bao gồm việc đặt thi thể vào mộ.
Just do exactly what you've been instructed.,Cứ làm đúng như những gì bạn đã được chỉ dẫn.
I know what to expect.,tôi biết những gì mong đợi
He'll soon catch up with Tom,anh ấy sẽ sớm bắt kịp với tom
I want you to go somewhere,tôi muốn bạn đi đâu đó
I'm making an effort to re-establish my balance.,Tôi đang nỗ lực để thiết lập lại sự cân bằng của mình.
I feel sick whenever I see blood,tôi cảm thấy ốm mỗi khi thấy máu
Unique ideas helped him to earn a high income,ý tưởng độc đáo đã giúp anh kiếm được thu nhập cao
I'll be leaving in March.,Tôi sẽ rời đi vào tháng ba.
I wonder where I put my glasses,tôi tự hỏi tôi để kính ở đâu
Tom told Mary he thought she was stupid,Tom nói với mary anh ấy nghĩ cô ấy thật ngốc
That's going to make things even more difficult.,Điều đó sẽ làm mọi việc trở nên khó khăn hơn nữa.
France has a higher birthrate than most of Europe.,Pháp có tỷ lệ sinh cao hơn hầu hết châu Âu.
It would be wise to have your vision checked.,Bạn nên đi kiểm tra thị lực.
You're not telling me anything I don't know,bạn không nói với tôi bất cứ điều gì tôi không biết
Take your time. We have all afternoon to shop.,mất thời gian của bạn chúng tôi có tất cả các buổi chiều để mua sắm.
I comprehend the cause for your remark.,Tôi hiểu nguyên nhân cho nhận xét của bạn.
It's not engaging at all.,Nó hoàn toàn không hấp dẫn chút nào.
He is about to die.,anh sắp chết.
Tom shaved off his mustache,tom cạo râu
Tom didn't put up a fight.,Tom đã không đưa ra một cuộc chiến.
Sometimes the Allies could not avoid battle.,đôi khi các đồng minh không thể tránh khỏi trận chiến.
Tom didn't know what he should do,Tom không biết mình nên làm gì
I stayed up all night,tôi thức cả đêm
We're both crazy.,cả hai chúng tôi đều điên
You have no more time remaining.,Bạn không còn thời gian nữa.
He declined their invitation,ông đã từ chối lời mời của họ
"I'm looking for a navy blue raincoat, size 36.","Tôi đang tìm một chiếc áo mưa màu xanh hải quân, cỡ 36."
He mentioned your name to me,anh ấy đã nhắc đến tên bạn
His scholastic accomplishments are remarkable.,Những thành tựu học thuật của anh ấy thật đáng nể.
You look sharp,bạn trông sắc nét
That sounds good to me.,Đó là âm thanh tốt với tôi.
Mary bears little resemblance to her mother.,Mary trông không giống mẹ cô ấy nhiều lắm.
I am going to Tokyo tomorrow.,Tôi sẽ đến Tokyo vào ngày mai.
You never cease to amaze me.,bạn không bao giờ ngưng làm tôi ngạc nhiên.
I've been patiently awaiting this grand opportunity.,Tôi đã kiên nhẫn chờ đợi cơ hội lớn này.
Comply with what you're told.,Hãy tuân thủ những gì bạn được bảo.
"You can't read French, can you?","bạn không thể đọc tiếng Pháp, bạn có thể?"
Tom should look for housing convenient to his workplace.,Tom nên tìm chỗ ở thuận tiện cho nơi làm việc của anh ấy.
Would you mind elaborating on it?,Bạn có phiền giải thích rõ hơn về nó không?
Learning is never an easy path.,Học tập không bao giờ là một con đường dễ dàng.
I can't keep track of our family budget,tôi không thể theo dõi ngân sách gia đình của chúng tôi
Tom is undeniably stout.,Tom không thể phủ nhận là mập mạp.
It's not necessary for you to make a response.,Bạn không cần phải phản hồi.
This is the correct course of action.,Đây là hướng hành động đúng đắn.
We were very careful,chúng tôi đã rất cẩn thận
I no longer remembered how proficient you were at golf.,Tôi không còn nhớ bạn chơi golf giỏi đến mức nào nữa.
They are paid by the day,họ được trả tiền trong ngày
Kindly depart immediately.,Vui lòng rời đi ngay lập tức.
Not everyone puts on nightclothes.,Không phải ai cũng mặc quần áo ngủ.
Affix your signature to this spot.,Đặt chữ ký của bạn vào vị trí này.
Tom was behaving like a spoiled brat,tom đã cư xử như một đứa trẻ hư
You never tell me you love me.,bạn không bao giờ nói với tôi rằng bạn yêu tôi
He is talking on the phone.,anh ấy đang nói chuyện điện thoại.
He came from another country,anh ấy đến từ nước khác
I'm looking for a room for rent.,Tôi đang tìm một căn phòng cho thuê.
They're exploring Kyoto's famous places.,Họ đang khám phá những địa điểm nổi tiếng của Kyoto.
Are you sure you don't want to live at home with your parents?,bạn có chắc bạn không muốn sống ở nhà với bố mẹ?
Our names were scribbled down by him in a hurry.,Anh ấy đã ghi tên chúng tôi một cách nhanh chóng.
The situation is progressively worsening.,Tình hình đang xấu đi một cách dần dần.
We will receive a three-thousand-dollar loan from Tom.,Chúng tôi sẽ nhận được khoản vay ba nghìn đô la từ Tom.
My uncle plays guitar.,chú tôi chơi guitar.
I'm fed up with your grumbling.,Tôi đã chán ngấy những lời cằn nhằn của bạn.
Children begin school when they are six years old.,trẻ em bắt đầu đi học khi chúng được sáu tuổi.
I'm about to make a very important phone call,tôi sắp thực hiện một cuộc gọi điện thoại rất quan trọng
My bath was interrupted by the telephone ringing.,Bồn tắm của tôi bị gián đoạn bởi tiếng điện thoại reo.
Tom is in detention.,tom đang bị giam giữ
Tom didn't stop packing.,Tom không ngừng đóng gói.
They're probably studying,có lẽ họ đang học
Where can I get the map?,tôi có thể lấy bản đồ ở đâu?
I won't be emotionally harmed by you.,Tôi sẽ không bị bạn làm tổn thương về mặt cảm xúc.
What's the count of operations performed by Dr. Jackson during this month?,Số lượng ca phẫu thuật do Bác sĩ Jackson thực hiện trong tháng này là bao nhiêu?
What do Egyptians usually have for their meals?,Người Ai Cập thường ăn gì trong các bữa ăn của họ?
I ran into the classroom out of breath.,Tôi chạy vào lớp hết hơi.
Smoking and drinking are things I don't do.,Tôi không hề hút thuốc hay uống rượu.
Tom stands out as our class's most accomplished artist.,Tom nổi bật là nghệ sĩ xuất sắc nhất của lớp chúng ta.
I needed to talk to you,tôi cần nói chuyện với bạn
My wish is to settle down in a town.,Ước muốn của tôi là định cư tại một thị trấn.
They are visiting the popular spots in Kyoto.,Họ đang ghé thăm những địa điểm nổi tiếng ở Kyoto.
I am allowed to swim in the river,tôi được phép bơi trên sông
I would like to address two questions.,tôi muốn giải quyết hai câu hỏi
How much do you make a month?,bạn kiếm được bao nhiêu một tháng
I was always certain of it.,Tôi luôn chắc chắn về điều đó.
A real friend would tell us the truth.,một người bạn thực sự sẽ cho chúng ta biết sự thật.
You might need to accomplish that alone.,Bạn có thể cần hoàn thành việc đó một mình.
Tom possesses great endurance.,Tom có sức bền tuyệt vời.
It was clear to me you'd choose to stay.,Rõ ràng đối với tôi là bạn sẽ chọn ở lại.
Tom has been to many places in and around Boston.,tom đã đến nhiều nơi trong và xung quanh boston.
It doesn't work so well because the battery is low.,Nó không hoạt động tốt vì pin yếu.
Tom thought it would be a good idea to see a doctor,Tom nghĩ rằng đó là một ý tưởng tốt để gặp bác sĩ
Your voice isn't being heard by Tom.,Giọng nói của bạn không được Tom nghe thấy.
What will happen to her?,chuyện gì sẽ xảy ra với cô ấy
You've really earned this.,bạn đã thực sự kiếm được điều này.
Were you alone?,bạn ở một mình à
The crow flew away,con quạ bay đi
I will always be there for you,tôi sẽ luôn ở đó chờ bạn
I believe thirty dollars is excessive for this item.,Tôi tin rằng ba mươi đô la là quá đắt cho món đồ này.
Tom is of advanced age.,Tom đã ở tuổi cao.
Tom often feels drowsy after eating lunch.,tom thường cảm thấy buồn ngủ sau khi ăn trưa.
Don't pull my leg!,đừng kéo chân tôi!
We could now see the ship.,Chúng tôi giờ đã có thể nhìn thấy con tàu.
It's crucial for us to have a meeting with Tom.,Điều quan trọng là chúng ta phải có một cuộc họp với Tom.
I have absolutely no intention of paying ten dollars,tôi hoàn toàn không có ý định trả mười đô la
Every now and then he drops in at this bookstore on his way home from the office.,thỉnh thoảng anh ghé vào hiệu sách này trên đường từ văn phòng về nhà.
They nodded to each other.,họ gật đầu với nhau.
Is every box now open?,Bây giờ tất cả các hộp đã mở chưa?
The story takes place in Lisbon,câu chuyện diễn ra ở lisbon
The lawyer has many clients,luật sư có nhiều khách hàng
You need to get home,bạn cần về nhà
Do you know the reason why two-thirds of the students did not attend the student meeting?,Bạn có biết lý do tại sao hai phần ba số sinh viên không tham dự cuộc họp sinh viên?
I'm coming back to Boston in October.,Tôi sẽ trở lại boston vào tháng mười.
Could you please exit at once?,Bạn có thể vui lòng rời đi ngay lập tức không?
What are you going to do this weekend?,những gì bạn sẽ làm gì vào cuối tuần này?
He can't hear him.,anh ấy không thể nghe thấy anh ấy.
The path to knowledge is always challenging.,Con đường đến với tri thức luôn đầy thử thách.
They're not going to leave us alone,họ sẽ không để chúng ta yên
It was not always this way.,không phải lúc nào cũng như vậy
He was responsible for feeding his extensive household.,Anh ấy chịu trách nhiệm nuôi ăn cho gia đình lớn của mình.
I'm old enough to support myself,tôi đủ tuổi để nuôi sống bản thân
Tom made the music quieter.,Tom làm cho nhạc nhỏ hơn.
Tom was successful.,tom đã thành công
He was a man of great ambition,ông là một người có tham vọng lớn
Here come the police. Let's get out of here,đến đây cảnh sát. hãy ra khỏi đây
I'm sorry. Would you mind turning around?,Tôi xin lỗi. bạn có phiền quay đầu lại không?
How uncoordinated you are!,Bạn thật thiếu phối hợp!
He went on doing it,anh ấy tiếp tục làm nó
"In spite of the heavy snow, she came all the way to the station","bất chấp tuyết rơi dày đặc, cô đã đến nhà ga"
He took exceptional care of it.,Anh ấy đã chăm sóc nó một cách đặc biệt.
You can't make me mad.,bạn không thể làm tôi phát điên
We own a lovely home.,Chúng tôi sở hữu một ngôi nhà xinh xắn.
We were starting to worry you wouldn't make it in time,chúng tôi đã bắt đầu lo lắng bạn sẽ không đến kịp
Mary and Tom were seated on a bench.,Mary và Tom đang ngồi trên một chiếc ghế dài.
"That brown one is mine, too.",cái màu nâu đó cũng là của tôi
When will they give a concert?,Khi nào họ sẽ tổ chức một buổi hòa nhạc?
Having an unhealthy amount of weight gain is disadvantageous for your physical state.,Tăng một lượng cân không lành mạnh là bất lợi cho tình trạng thể chất của bạn.
What are my options?,Những lựa chọn của tôi là gì?
They knew how to make iron.,họ biết làm sắt.
Please describe your undertaking to me.,Vui lòng mô tả công việc của bạn cho tôi.
Bring your eyelids together.,Khép mi mắt của bạn lại.
The Titanic sunk on its maiden voyage,tàu Titanic chìm trong chuyến đi đầu tiên của nó
Tom is prepared.,tom đã được chuẩn bị.
Tom celebrated his twentieth birthday last week.,Tom tổ chức sinh nhật lần thứ hai mươi vào tuần trước.
His mother's death was announced to him by telegram.,Cái chết của mẹ anh ấy đã được thông báo cho anh ấy bằng điện tín.
I get arrested from time to time,thỉnh thoảng tôi bị bắt
I want some money,tôi muốn một ít tiền
I thought you were going to offer me the job.,Tôi nghĩ bạn sẽ cung cấp cho tôi công việc.
"That's useful, isn't it?",Điều đó có hữu ích không?
This watch is a really good buy,đồng hồ này là một mua thực sự tốt
Nancy knows better than to marry Jack,nancy biết tốt hơn là kết hôn với jack
I wish I had gone to Boston with Tom,tôi ước tôi đã đi đến boston với tom
She opted for the surgical procedure.,Cô ấy chọn tiến hành ca mổ.
Tom reconsidered the matter.,tom xem xét lại vấn đề.
Tom said he saw a shark the other day when he was swimming,Tom nói rằng anh ấy đã nhìn thấy một con cá mập vào một ngày khác khi anh ấy đang bơi
I hear that his father is in the hospital now.,Tôi nghe nói rằng cha anh đang ở trong bệnh viện.
I know that Tom says he doesn't like me,tôi biết rằng tom nói rằng anh ấy không thích tôi
I'm taking English lessons.,Tôi đang tham gia các bài học tiếng Anh.
It's time to resume our tasks.,Đã đến lúc chúng ta tiếp tục công việc.
I appreciate all you did.,tôi đánh giá cao tất cả những gì bạn đã làm.
Tom bounced back.,tom bật lại.
Will you tell me where I am wrong?,bạn sẽ cho tôi biết tôi sai ở đâu?
The clock is broken,đồng hồ bị hỏng
The boss will be angry at me,ông chủ sẽ giận tôi
He was just going to the walk across the street,anh ta vừa đi bộ qua đường
Tom managed to escape that troublesome situation without any blame.,Tom đã xoay sở thoát khỏi tình huống rắc rối đó mà không bị đổ lỗi gì.
I don't believe you just said that.,Tôi không tin bạn vừa nói điều đó.
I am sure of his accepting our invitation.,tôi chắc chắn về việc anh ấy chấp nhận lời mời của chúng tôi.
You can have the meager funds I currently hold.,Bạn có thể lấy số tiền ít ỏi tôi đang có.
Has prison changed them?,nhà tù đã thay đổi họ?
I let out a ear-splitting yell.,Tôi đã hét lên một tiếng chói tai.
I chopped the onions and put them in a casserole with butter and oil,tôi băm nhỏ hành tây và cho chúng vào một cái hầm với bơ và dầu
I just gave Tom 30 dollars,tôi vừa đưa cho Tom 30 đô la
Could you please exit at once?,Bạn có thể vui lòng rời đi ngay không?
You appear to be feeling cheerful.,Bạn có vẻ đang vui vẻ.
Your kids exhibit remarkable good behavior.,Con cái của bạn thể hiện hành vi tốt đáng kể.
They struggled against the dictator,họ đấu tranh chống lại nhà độc tài
I ran into Tony yesterday as I was going home.,Tôi đã tình cờ gặp Tony hôm qua khi đang về nhà.
A car passed by in the dark,một chiếc xe hơi đi qua trong bóng tối
The sky is clear almost every day.,bầu trời rõ ràng gần như mỗi ngày.
There are various bags available here.,Có nhiều loại túi khác nhau có sẵn ở đây.
I have an intense aversion to that movie.,Tôi có một sự ác cảm mãnh liệt đối với bộ phim đó.
Tom unloaded groceries from the car,tom dỡ hàng tạp hóa từ xe
That's going to make the issues harder.,Điều đó sẽ làm cho các vấn đề trở nên khó khăn hơn.
I also got myself some fries.,Tôi cũng lấy cho mình một ít khoai tây chiên.
Tom gave you false information.,Tom đã cung cấp thông tin sai cho bạn.
He exchanged seats with the next person,anh ấy đã đổi chỗ với người bên cạnh
Tom is an outcast,tom là một kẻ bị ruồng bỏ
Tom carried on with his packing.,Tom tiếp tục công việc đóng gói của mình.
I can't remember any of it.,tôi không thể nhớ bất cứ điều gì
I'll beat you up!,tôi sẽ đánh bạn
I remember that he said that,tôi nhớ rằng anh ấy đã nói rằng
The two men were released from jail.,Hai người được ra tù.
Gasoline prices are continuously rising.,Giá xăng đang liên tục tăng lên.
I saw the sights of Kyoto during my vacation,tôi đã nhìn thấy cảnh đẹp của kyoto trong kỳ nghỉ của tôi
I only know that Tom isn't happy.,tôi chỉ biết rằng tom không hạnh phúc.
I said let Tom go.,tôi nói hãy để tom đi.
They wanted to stay out of international conflicts,họ muốn tránh xa các cuộc xung đột quốc tế
Place your signature in this spot.,Đặt chữ ký của bạn vào vị trí này.
There's a topic I'd like to bring up with you.,Có một chủ đề tôi muốn đề cập với bạn.
Please fill this bottle with water.,xin vui lòng đổ đầy chai này
"I'm tired, but I still can't go to sleep","tôi mệt, nhưng tôi vẫn không thể đi ngủ"
Tom spoke to Mary in French.,tom nói với mary bằng tiếng Pháp.
The station is about three miles from here,trạm là khoảng ba dặm từ đây
Where's my watch?,đồng hồ của tôi đâu
It looks like Tom was right,có vẻ như tom đã đúng
I underwent surgery last summer.,Tôi đã trải qua phẫu thuật vào mùa hè năm ngoái.
She's in a precarious situation right now.,Cô ấy đang ở trong một tình huống nguy hiểm ngay bây giờ.
How did you do that?,Cậu đã làm thế nào vậy?
I received a Christmas card from my brother in Italy,tôi đã nhận được một tấm thiệp Giáng sinh từ anh trai của tôi ở Ý
Your mother has made you what you are,mẹ bạn đã làm cho bạn những gì bạn đang có
Tom appeared displeased with the situation.,Tom trông có vẻ không hài lòng với tình hình đó.
He never goes out after dark.,Anh không bao giờ đi ra ngoài sau khi trời tối.
He is far better off than he was three years ago.,Anh ấy tốt hơn nhiều so với ba năm trước.
Tom used to eat a lot of meat,tom thường ăn nhiều thịt
My hobby is taking pictures of wild flowers,sở thích của tôi là chụp ảnh hoa dại
Paper was invented in China.,giấy được phát minh ở Trung Quốc.
He will meet his end.,Anh ấy sẽ gặp phải số phận của mình.
That hat looks good on you.,cái mũ đó có vẻ tốt với bạn
I think my job is pointless,tôi nghĩ công việc của tôi là vô nghĩa
Focus on your own matters.,Hãy tập trung vào việc của bạn.
The bus arrived empty,xe buýt đến trống
They continued eating as if nothing had happened.,Họ tiếp tục ăn như không có chuyện gì xảy ra.
Tom told me that he was too tired to study.,Tom nói với tôi rằng anh ấy quá mệt để học.
I'm not obligated to perform any tasks at this moment.,Hiện tại tôi không có nghĩa vụ phải làm bất cứ việc gì.
Tom will be back home soon.,tom sẽ trở về nhà sớm
He studies American history,anh ấy học lịch sử mỹ
We own a beautiful dwelling.,Chúng tôi sở hữu một căn nhà đẹp.
He's the man that was here last week,anh ấy là người đàn ông đã ở đây tuần trước
"It's not going well, is it?","nó sẽ không tốt, phải không?"
I have acquired a few donuts.,Tôi đã mua được vài chiếc bánh rán.
He wouldn't risk telling me his secret.,Anh ấy sẽ không mạo hiểm kể cho tôi bí mật của mình.
That guy has a screw loose!,thằng đó có cái đinh vít lỏng lẻo!
We left together,chúng tôi đã rời đi cùng nhau
You are a tennis player.,bạn là một tay vợt
I want some salt for my meat.,Tôi muốn một ít muối cho thịt của tôi.
I sent Tom out of the room.,tôi đã gửi tom ra khỏi phòng
Some of Martin Luther King's supporters began to question his belief in peaceful protests.,một số người ủng hộ vua Martin Luther bắt đầu đặt câu hỏi về niềm tin của ông vào các cuộc biểu tình ôn hòa.
I'm pretty sure I can remember how that's done.,Tôi khá chắc rằng tôi nhớ cách làm điều đó.
Sit down for a second.,ngồi xuống một giây
Tom will fill in.,tom sẽ điền vào.
We possess multiple bags at this location.,Chúng tôi có nhiều chiếc túi tại địa điểm này.
Her experience in New York is limited to one occasion.,Trải nghiệm của cô ấy ở New York chỉ giới hạn ở một lần.
I'll eat lunch when I get home,tôi sẽ ăn trưa khi về nhà
What makes you so furious at him?,Điều gì khiến bạn giận dữ với anh ấy đến thế?
Tom wants you in the conference room.,tom muốn bạn trong phòng hội nghị.
What kind of food is consumed in Egypt?,Những món ăn nào được tiêu thụ ở Ai Cập?
We'll dine together and then go to the theater,chúng ta sẽ ăn tối cùng nhau và sau đó đi đến nhà hát
Tom motioned for Mary to proceed.,Tom ra hiệu cho Mary tiến lên.
The captain of this vessel is on the intercom.,Đội trưởng của con tàu này đang nói qua hệ thống liên lạc nội bộ.
Tom heard the alarm.,tom nghe báo thức.
They lost the battle,họ thua trận
I'm the only one left.,Tôi là người duy nhất còn lại.
I finally met the right woman.,Cuối cùng tôi đã gặp đúng người phụ nữ.
That seems unlikely.,điều đó dường như không thể
He has very current ideas.,Ông ấy có những ý tưởng rất hiện thời.
Mary's parents held Tom in high regard.,Cha mẹ của Mary đánh giá cao Tom.
"There's a cure for everything, except death","có cách chữa trị cho mọi thứ, ngoại trừ cái chết"
I thought you'd been killed. I'm glad I was wrong,Tôi nghĩ bạn đã bị giết. tôi vui vì tôi đã sai
You may enter now,bạn có thể nhập ngay bây giờ
Tom suggested that they convert the old church into a concert hall,Tom đề nghị họ chuyển nhà thờ cũ thành phòng hòa nhạc
The meat has gone bad.,Thịt đã hỏng
I'm Tom's driver,tôi là tài xế của tom
The telephone rang just as I was bathing.,Điện thoại reo đúng lúc tôi đang tắm.
A total of thirty messages are waiting for you.,Tổng cộng ba mươi tin nhắn đang chờ bạn.
Tom is selfish.,tom là ích kỷ.
"I looked all over for Tom, but couldn't find him.","Tôi tìm khắp nơi để tìm tom, nhưng không thể tìm thấy anh ta."
It's been a long time since he wrote them a letter.,Đã lâu rồi anh ấy không viết thư cho họ.
Why don't we we play chess or something?,Tại sao chúng ta không chơi cờ hay gì đó?
What was occurring seemed unbelievable to me.,Những gì đang xảy ra dường như không thể tin được đối với tôi.
Can you do me a big favor?,bạn có thể giúp tôi một việc lớn không?
Is there no way you can make Tom see reason?,Không có cách nào bạn có thể làm cho Tom nhìn nhận lý lẽ sao?
I can wait a little longer.,tôi có thể đợi thêm một chút nữa
I've still got some time,tôi vẫn còn chút thời gian
It was a surprise to see you here today.,Thật bất ngờ khi thấy bạn ở đây hôm nay.
Tom shouldn't have left the window open,Tom không nên để cửa sổ mở
She had good reason to file for a divorce,cô ấy có lý do chính đáng để nộp đơn ly hôn
It was very hard to anticipate how Tom would react to this news,thật khó để dự đoán tom sẽ phản ứng thế nào với tin tức này
Did Tom happen to tell you how he plans to do that?,Tom đã xảy ra để cho bạn biết làm thế nào anh ta dự định làm điều đó?
The lamp was swinging back and forth,cái đèn đung đưa qua lại
Who are they fighting?,Họ đang chiến đấu với ai?
That leaves no room for doubt,không còn chỗ để nghi ngờ
We wish to avoid causing any disturbance.,Chúng tôi muốn tránh gây ra bất kỳ sự xáo trộn nào.
The head of state has put an end to the practice of slavery.,Nguyên thủ quốc gia đã chấm dứt chế độ nô lệ.
We'd appreciate it if you could describe yourself a bit.,Chúng tôi sẽ rất cảm kích nếu bạn có thể mô tả một chút về bản thân.
Sheila and I are old friends.,sheila và tôi là bạn cũ.
He lent me 30 pesos.,anh cho tôi mượn 30 peso.
I'm too busy.,Tôi quá bận.
Tom wasn't aware of Mary's extreme fatigue.,Tom không hề biết Mary đã mệt mỏi đến mức nào.
The shrine was built two hundred years ago.,Ngôi đền được xây dựng cách đây hai trăm năm.
He is destined to perish.,Anh ấy số phận sẽ phải chết.
Who owns this house?,ai sở hữu ngôi nhà này?
I wish not to engage in labor.,Tôi không muốn tham gia lao động.
Tom still has to finish painting the fence.,tom vẫn phải vẽ xong hàng rào.
The wall wasn't high enough to keep dogs out,bức tường không đủ cao để tránh chó
Would you like me to pack you a lunch?,bạn có muốn tôi gói cho bạn một bữa ăn trưa?
The money that Chris has not paid back adds up to a large sum.,số tiền mà chris chưa trả lại cộng lại thành một khoản lớn.
Use your preferred approach if my suggestion doesn't suit you.,Hãy sử dụng phương pháp bạn thích nếu đề xuất của tôi không phù hợp với bạn.
Tom says that he has no trouble understanding Mary's French.,Tom nói rằng anh ta không gặp khó khăn gì để hiểu tiếng Pháp của mary.
Air is as essential for humans as water is for fish.,Không khí cần thiết cho con người như nước cần thiết cho cá.
Would you be able to finish this in less time?,Bạn có thể hoàn thành việc này trong ít thời gian hơn không?
I can't believe I did this,tôi không thể tin rằng tôi đã làm điều này
What are the typical dishes Egyptians eat?,Những món ăn đặc trưng mà người Ai Cập thường ăn là gì?
This has to be an umbrella belonging to him.,Đây chắc chắn là chiếc ô thuộc về anh ấy.
This hotel room offers the sound of the ocean.,Phòng khách sạn này mang đến âm thanh của đại dương.
I still like Tom.,tôi vẫn thích tom
He is known for his honesty.,Anh ấy nổi tiếng về sự trung thực của mình.
Where do you think I should go?,bạn nghĩ tôi nên đi đâu
How much would you charge to paint my house?,bạn sẽ tính phí bao nhiêu để sơn nhà tôi?
He exhibited a photograph of his girlfriend to me.,Anh ấy đã trưng bày một bức ảnh bạn gái của mình cho tôi xem.
Mortality is a universal certainty.,Sự hữu tử là một sự thật phổ quát.
He bore the responsibility of feeding his big family.,Anh ấy gánh trách nhiệm nuôi gia đình đông đúc của mình.
Tom has been living in Boston for the past couple of years.,tom đã sống ở boston trong vài năm qua.
"He told me to do it, so I did it.","ông bảo tôi làm điều đó, vì vậy tôi đã làm nó."
It was a truly pleasant visit for us.,Đó là một chuyến thăm thực sự dễ chịu đối với chúng tôi.
An elephant is a very large animal.,một con voi là một động vật rất lớn.
I'm curious about the hour.,Tôi tò mò về thời gian.
We were completely exhausted from the five-hour trip,chúng tôi đã hoàn toàn kiệt sức sau chuyến đi năm giờ
It couldn't hurt to give it a shot.,nó không thể làm tổn thương nó
Mary promised to finish her homework.,Mary đã hứa sẽ hoàn thành bài tập về nhà.
You're not going to believe this.,bạn sẽ không tin điều này
Our accomplishments are a product of our intense labor.,Những thành tựu của chúng tôi là sản phẩm của sự lao động miệt mài.
A pipe was resting in his mouth as he remained seated.,Một chiếc tẩu đang nằm trong miệng anh ấy khi anh ấy vẫn ngồi.
A fire broke out at the inn where they were staying.,một đám cháy bùng phát tại nhà trọ nơi họ đang ở.
His speech was brief and to the point,bài phát biểu của ông ngắn gọn và đi vào vấn đề
I have to recharge the batteries.,tôi phải sạc lại pin
Tom could find Mary's house easily,Tom có thể dễ dàng tìm thấy nhà của mary
The sheets feel damp,tấm cảm thấy ẩm ướt
Exiting a moving vehicle like a truck poses a risk.,Ra khỏi một phương tiện đang di chuyển như xe tải tiềm ẩn rủi ro.
How much are these pants?,Những chiếc quần này giá bao nhiêu?
Tom isn't a pushover.,Tom không phải là người dễ bị lợi dụng.
Tom began to get very tired.,Tom bắt đầu rất mệt mỏi.
The expense of gasoline is constantly climbing.,Chi phí xăng dầu liên tục leo thang.
That's not going to be enough.,Điều đó sẽ không đủ.
Tom picked up a paintbrush and started helping Mary paint the fence,tom nhặt một cây cọ vẽ và bắt đầu giúp mary vẽ hàng rào
It'll work out.,nó sẽ làm việc
I'm not going to be able to help Tom.,Tôi sẽ không thể giúp tom.
"As soon as he arrived in the capital, he got settled at a hotel","Ngay khi đến thủ đô, anh đã ổn định tại một khách sạn"
It was a ship with a crew of 25 sailors,đó là một con tàu với thủy thủ đoàn gồm 25 thủy thủ
How did you find Tom?,Làm thế nào bạn tìm thấy tom?
A big roll of bills emerged from Tom's pocket.,Một cuộn tiền lớn xuất hiện từ túi của Tom.
Tom used to bake us cookies,tom dùng để nướng bánh quy cho chúng tôi
He got rich by penning a best-selling book.,Ông ấy đã trở nên giàu có nhờ viết một cuốn sách bán chạy nhất.
I wish things were like that.,Tôi ước mọi chuyện là như vậy.
I want to speak with Tom now.,tôi muốn nói chuyện với tom bây giờ
My computer crashed and now it won't boot up.,máy tính của tôi bị hỏng và bây giờ nó sẽ không khởi động được.
I like this color as well.,tôi cũng thích màu này
Tom left quietly.,Tom lặng lẽ rời đi.
It wasn't my idea.,đó không phải là ý tưởng của tôi
Tom could have survived if the ambulance had arrived a little sooner,Tom có thể sống sót nếu xe cứu thương đến sớm hơn một chút
It is difficult to relate to someone who has different values from you,thật khó để liên quan đến một người có giá trị khác với bạn
Let's restart working.,Hãy bắt đầu làm việc lại.
It's against the rules to smoke at the office,Nó là trái quy tắc để hút thuốc tại văn phòng
They are not sisters.,họ không phải là chị em
He's sitting at the table,anh ấy đang ngồi ở bàn
I go for a walk every other day.,tôi đi dạo mỗi ngày
It took me several hours to draw it.,tôi phải mất vài giờ để vẽ nó.
I am indifferent to the outcome.,Tôi không quan tâm đến kết quả.
All these people are known to you.,Tất cả những người này đều quen thuộc với bạn.
Who sent you?,ai gửi cho bạn?
I haven't found a job yet,tôi chưa tìm được việc
Tom bought a very expensive camera.,tom mua một máy ảnh rất đắt tiền.
He provided substantial funds.,Anh ấy đã cung cấp một lượng lớn quỹ.
You're too young to marry,bạn còn quá trẻ để kết hôn
I'd like you to tell Tom not to be late,tôi muốn bạn nói với tom đừng đến muộn
He saw the accident on his way to school.,Anh thấy tai nạn trên đường đến trường.
You need to make amends for your comments.,Bạn cần phải sửa chữa sai lầm vì những bình luận của mình.
Why does he always make allowances for her conduct?,Tại sao anh ta luôn luôn cho phép cô ấy thực hiện?
We earned everything we own through diligent work.,Chúng tôi đã đạt được mọi thứ mình sở hữu nhờ làm việc chăm chỉ.
You must not give up,bạn không được từ bỏ
Tom explained how the system worked.,tom giải thích hệ thống làm việc như thế nào
I feel as if I were dreaming.,tôi cảm thấy như thể tôi đang mơ
Who knew you were so talented in the kitchen?,Ai mà biết bạn lại tài năng trong bếp đến vậy?
He obtained a great deal of flour and oil.,Anh ấy đã có được một lượng lớn bột và dầu.
I looked up his telephone number in a telephone directory,tôi đã tra cứu số điện thoại của anh ấy trong một danh bạ điện thoại
Carry out your orders.,Hãy thực hiện mệnh lệnh của bạn.
No one escapes death.,Không ai thoát khỏi cái chết.
This type of music is not to everyone's taste,thể loại nhạc này không phải là sở thích của mọi người
Everybody is immune to smallpox nowadays,ngày nay mọi người đều miễn dịch với bệnh đậu mùa
Do you recall when you invested in this structure?,Bạn có nhớ khi nào bạn đầu tư vào công trình này không?
"According to the newspaper, there was a big fire last night","Theo tờ báo, đêm qua đã có một đám cháy lớn"
His tasks range from digging wells to getting rid of garbage,Nhiệm vụ của anh bao gồm đào giếng đến dọn rác
I'll go to London.,Tôi sẽ đến Luân Đôn.
Tom never had any problems at school,tom không bao giờ có bất kỳ vấn đề nào ở trường
Tom conveyed his idea that Mary remained domiciled with her parents.,Tom truyền đạt ý tưởng của mình rằng Mary vẫn còn sống chung nhà với bố mẹ.
He pulled the wounded soldier to the nearby bush.,anh ta kéo người lính bị thương đến bụi cây gần đó.
Did you plant this yourself?,bạn đã tự trồng cây này chưa?
The new book has been his focus for the past sixty days.,Cuốn sách mới đã là trọng tâm của anh ấy trong sáu mươi ngày qua.
I believe you'd come to regret that decision.,Tôi tin rằng bạn sẽ hối tiếc về quyết định đó.
Tom has had quite a bit to drink.,Tom đã uống khá nhiều rồi.
We are to meet in front of his house.,chúng ta sẽ gặp nhau trước nhà anh.
My watch gains one minute a day.,đồng hồ của tôi tăng một phút mỗi ngày.
She advised him not to go there by himself,cô khuyên anh đừng tự mình đến đó
Do you want me to get that for you?,bạn có muốn tôi lấy cái đó cho bạn không?
Every one of us will pass away.,Mỗi người trong chúng ta đều sẽ qua đời.
It really breaks my heart,nó thực sự làm tan vỡ trái tim tôi
Do you own this car?,Bạn có sở hữu chiếc xe này không?
They had grown weary of the wait.,Họ đã trở nên mệt mỏi vì chờ đợi.
Almost all cars come with see-through glass.,Hầu hết tất cả các xe ô tô đều có kính trong suốt.
The subject of dinosaur evolution captivates me enormously.,Chủ đề tiến hóa của khủng long thu hút tôi rất nhiều.
Would that be possible?,Điều đó có thể không?
Where did you all go for New Year's Eve?,tất cả các bạn đã đi đâu cho đêm giao thừa?
Do you know who the British Ambassador to Japan is?,Bạn có biết đại sứ người Anh ở Nhật Bản là ai không?
Your peculiar habits might render you captivating or boring.,Những thói quen kỳ lạ của bạn có thể khiến bạn trở nên quyến rũ hoặc nhàm chán.
I have to cook dinner.,tôi phải nấu bữa tối
The credibility of his report is questionable to me.,"Đối với tôi, độ tin cậy của báo cáo của anh ấy là đáng ngờ."
"For a refund, you must return the item unopened","để được hoàn lại tiền, bạn phải trả lại hàng chưa mở"
Accumulating excessive body mass is detrimental to one's well-being.,Tích lũy quá nhiều trọng lượng cơ thể có hại cho sức khỏe của một người.
I was forced to discard the majority of my belongings.,Tôi buộc phải vứt bỏ phần lớn đồ đạc của mình.
It doesn't matter either way.,dù sao đi nữa cũng không thành vấn đề.
I just heard Tom.,tôi vừa nghe tom.
A growing child who doesn't seem to have much energy perhaps needs medical attention,một đứa trẻ đang lớn dường như không có nhiều năng lượng có lẽ cần được chăm sóc y tế
You're safe as long as you stay here.,bạn an toàn miễn là bạn ở đây.
Every sail was brought down.,Mọi cánh buồm đều đã được hạ xuống.
I like her an awful lot,tôi thích cô ấy rất nhiều
What we have is enough.,những gì chúng ta có là đủ.
We know that everything we need to do is on the list,chúng tôi biết rằng mọi thứ chúng tôi cần làm đều có trong danh sách
That's perfectly legal,điều đó hoàn toàn hợp pháp
Some believe that seven is a lucky number,một số người tin rằng bảy là con số may mắn
Tom bought presents for his children.,tom mua quà cho con.
Did they say anything?,họ có nói gì không?
Tom released his grip on the door knob.,Tom thả tay nắm chặt tay nắm cửa.
We have to run now.,chúng ta phải chạy ngay bây giờ
"If I were you, I wouldn't do such a rude thing","nếu tôi là bạn, tôi sẽ không làm điều thô lỗ như vậy"
What's your choice for the meal?,Bạn chọn món gì để ăn?
They have to figure out the cost.,họ phải tính toán chi phí.
All individuals are distinct.,Tất cả mọi người đều khác biệt.
We visited our old school.,chúng tôi đã đến thăm trường cũ của chúng tôi.
He did not know how many of them needed help.,anh không biết có bao nhiêu người trong số họ cần sự giúp đỡ.
I'll jump in.,Tôi sẽ nhảy vào.
I often catch colds in the winter.,Tôi thường bị cảm lạnh vào mùa đông.
It was my plan.,đó là kế hoạch của tôi
The newborn chicks still have not opened their eyes,gà con mới sinh vẫn chưa mở mắt
Tom is disobedient.,tom là không vâng lời.
Tom could help us,tom có thể giúp chúng ta
What's your favorite form of exercise?,hình thức tập thể dục yêu thích của bạn là gì?
I had been studying English for two hours when he came in,tôi đã học tiếng anh được hai tiếng khi anh ấy bước vào
Just stay focused.,Chỉ cần tập trung.
"It seems like you know me, but I don't know you.","có vẻ như bạn biết tôi, nhưng tôi không biết bạn."
You are my father.,Ông là bố của tôi.
"In the future, you have to get here on time","trong tương lai, bạn phải đến đây đúng giờ"
The air is pure around here,không khí trong lành ở đây
It's wonderful to have encountered you.,Thật tuyệt vời khi được gặp bạn.
I hid myself for fear of being scolded by my teacher,tôi giấu mình vì sợ bị giáo viên mắng
This is not a matter for bargaining.,Đây không phải là vấn đề để mặc cả.
People don't like to swim against the tide.,mọi người không thích bơi chống lại thủy triều.
He can't read.,anh ấy không thể đọc.
Mary mentioned she would complete her assignments.,Mary đã nói rằng cô ấy sẽ hoàn thành bài tập của mình.
Delivery is not included in the price,giao hàng không được bao gồm trong giá
I should have seen through your deception.,Lẽ ra tôi phải nhìn thấu sự lừa dối của bạn.
I owe Tom a thank you.,Tôi nợ Tom một lời cảm ơn.
He's deeply infatuated.,Anh ấy bị si mê sâu sắc.
Our residence is very appealing.,Nơi ở của chúng tôi rất hấp dẫn.
We were playing rugby.,chúng tôi đã chơi bóng bầu dục.
The legal age of adulthood in Japan is twenty.,Độ tuổi trưởng thành hợp pháp ở Nhật Bản là hai mươi.
I'd like to display a photo of the Statue of Liberty for you.,Tôi muốn cho bạn xem một bức ảnh về Tượng Nữ thần Tự do.
Let's take turns rowing the boat,chúng ta hãy lần lượt chèo thuyền
Tom agreed to stay,tom đồng ý ở lại
Your allotted time has expired.,Thời gian được cấp của bạn đã hết.
You're being silly.,Bạn đang thật ngớ ngẩn.
We're not sure why Tom isn't here today,chúng tôi không chắc tại sao hôm nay tom không ở đây
Don't bother taking an umbrella with you,đừng bận tâm mang theo dù
He was given an evasive answer.,ông đã được đưa ra một câu trả lời lảng tránh.
We all know what happened here,chúng ta đều biết chuyện gì đã xảy ra ở đây
Tom was wearing a blue hospital gown.,Tom đang mặc một chiếc áo choàng bệnh viện màu xanh.
"Your sister didn't go on a trip, did she?","Em gái của bạn đã không đi du lịch, phải không?"
He is not wearing a hat,anh ấy không đội mũ
Our intention isn't to create any problems.,Ý định của chúng tôi không phải là tạo ra bất kỳ vấn đề nào.
I don't think this is how it's done,tôi không nghĩ đây là cách nó được thực hiện
Tom walked over to where Mary was sitting.,Tom đi đến nơi mary đang ngồi.
May you suffer equally to what we went through.,Cầu mong bạn phải chịu đựng tương đương với những gì chúng tôi đã trải qua.
I must do better next time.,lần sau tôi phải làm tốt hơn
It's still true today,hôm nay nó vẫn đúng
Tom took on more than he could handle.,tom đảm nhận nhiều hơn anh ta có thể xử lý.
The prospects for his success are quite low.,Triển vọng thành công của anh ấy khá thấp.
Tom knew Mary was in danger,tom biết mary đang gặp nguy hiểm
What was your location yesterday evening?,Vị trí của bạn tối hôm qua là ở đâu?
I'm not at fault.,tôi không có lỗi
You'd better stop doing that.,bạn nên dừng việc đó lại
Do you have today's paper?,hôm nay bạn có giấy không?
Have you seen these before?,Bạn đã từng thấy những thứ này trước đây chưa?
It would please me if Tom were joyful.,Tôi sẽ rất vui nếu Tom hạnh phúc.
Let me have Tom find you something to eat.,Để tôi nhờ Tom tìm cho bạn thứ gì đó để ăn.
London was bombed several times,london đã bị ném bom nhiều lần
They need to determine the expense.,Họ cần xác định khoản chi phí.
What is Tom occupied with at that spot?,Tom đang bận rộn với việc gì ở chỗ đó?
Tom is in a bad mood today.,Tom đang ở trong một tâm trạng xấu ngày hôm nay.
Her house is across the river,nhà cô ấy ở bên kia sông
"Well, that went smoothly.","tốt, điều đó đã diễn ra suôn sẻ."
Time is a luxury I don't possess right now.,Lúc này tôi không có thời gian rảnh rỗi.
Tom can't handle the truth,tom không thể xử lý sự thật
Did you go to the last class?,bạn đã đi đến lớp học cuối cùng chưa?
Tom came back home after being gone for many years,Tom trở về nhà sau khi đi nhiều năm
I lack the necessary time.,Tôi thiếu thời gian cần thiết.
The light doesn't work.,ánh sáng không hoạt động.
I saw the film in San Francisco last year.,tôi đã xem bộ phim ở san francisco năm ngoái.
You were a big help tonight,bạn đã giúp đỡ tối nay
Tom wants to call his lawyer.,tom muốn gọi luật sư của mình.
Our time here was most agreeable.,Thời gian của chúng tôi ở đây rất dễ chịu.
The women stuck to their cause.,Những người phụ nữ mắc kẹt với nguyên nhân của họ.
Did Tom really see a homicide occur?,Tom có thực sự thấy một vụ giết người xảy ra không?
The most essential thing in the world to any individual is to understand himself,điều cần thiết nhất trên thế giới đối với bất kỳ cá nhân nào là hiểu chính mình
The police couldn't find any footprints outside Tom's bedroom window,cảnh sát không thể tìm thấy bất kỳ dấu chân nào bên ngoài cửa sổ phòng ngủ của tom
Who's fasting?,ai nhịn ăn?
She doesn't like anyone,cô ấy không thích ai
He has overcome many obstacles,anh ấy đã vượt qua nhiều trở ngại
He was made to do it against his will.,ông đã được thực hiện để làm điều đó trái với ý muốn của mình.
I've chosen to become part of a tennis club.,Tôi đã chọn trở thành một phần của một câu lạc bộ quần vợt.
Put your autograph on this line.,Ký tên của bạn vào dòng này.
Let me step inside.,Hãy để tôi bước vào trong.
I'll go and check.,Tôi sẽ đi kiểm tra.
They're sightseeing in Kyoto.,Họ đang ngắm cảnh ở Kyoto.
I wouldn't want anything to happen to you.,tôi sẽ không muốn bất cứ điều gì xảy ra với bạn
He's got it bad for someone.,"Anh ấy đã ""đổ"" ai đó nặng rồi."
Can we hurry this up?,chúng ta có thể nhanh lên không?
Maybe he will arrive tonight,có lẽ anh sẽ đến tối nay
Tom is looking for a confrontation.,Tom đang tìm kiếm một cuộc đối đầu.
There are many stars larger than our sun,có nhiều ngôi sao lớn hơn mặt trời của chúng ta
He always maintains a poker face; no emotions are ever visible.,Anh ấy luôn giữ vẻ mặt lạnh lùng; không có cảm xúc nào hiện rõ.
The wind and rain ruined our stroll.,Gió và mưa đã phá hỏng buổi đi dạo của chúng tôi.
Are you certain about placing your life under her control?,Bạn có chắc chắn về việc đặt cuộc đời mình dưới sự kiểm soát của cô ấy không?
"To tell you the truth, I don't really care.","nói thật với bạn, tôi không quan tâm lắm."
Why were you laughing?,tại sao bạn lại cười
Land prices are very high in Japan,giá đất ở Nhật Bản rất cao
Please mail this letter for me at once.,xin vui lòng gửi thư này cho tôi cùng một lúc.
A doctor is now overseeing my medical treatment.,Bây giờ một bác sĩ đang giám sát việc điều trị y tế của tôi.
He speaks Japanese as if he were Japanese,anh ấy nói tiếng Nhật như thể anh ấy là người Nhật
Fred propelled a ball with his foot.,Fred dùng chân sút một quả bóng.
"From the look of the sky, it may begin to snow tonight","từ cái nhìn của bầu trời, đêm nay có thể bắt đầu có tuyết"
My dream is to become a pilot,ước mơ của tôi là trở thành phi công
We seem to have escaped from danger,chúng ta dường như đã thoát khỏi nguy hiểm
The father of one of my friends is a teacher.,Bố của một trong những người bạn của tôi là giáo viên.
Could you help us out here?,bạn có thể giúp chúng tôi ra khỏi đây?
I planted an apple tree in my garden,tôi đã trồng một cây táo trong vườn của tôi
Tom and Mary occupied a bench.,Tom và Mary đã ngồi trên một chiếc ghế dài.
They made me wait for a long time.,họ làm tôi chờ đợi rất lâu
"The pay was good, and that was their only motivation to participate in the study.","lương là tốt, và đó là động lực duy nhất của họ để tham gia vào nghiên cứu."
We met at the designated spot.,chúng tôi đã gặp nhau tại địa điểm được chỉ định.
It's so hot outside that I want to spend all day in my air conditioned house,bên ngoài nóng đến mức tôi muốn dành cả ngày trong ngôi nhà máy lạnh của mình
"While some private and church schools in America have uniforms, they are not common.","trong khi một số trường tư và nhà thờ ở Mỹ có đồng phục, chúng không phổ biến."
The news made her shed tears.,Tin tức đó khiến cô ấy rơi lệ.
I am afraid it's not so easy,tôi sợ nó không dễ dàng
Washing the shirt made the mark disappear.,Việc giặt áo đã làm vết bẩn biến mất.
Shall I remain here until you arrive?,Tôi có nên ở lại đây cho đến khi bạn đến không?
Who would want to hurt Tom?,Ai muốn làm tổn thương tom?
Tom wanted directions to a good Chinese restaurant,tom muốn hướng đến một nhà hàng Trung Quốc tốt
They will come.,họ sẽ đến.
The hostilities of San Jacinto broke out at 16:00.,Các cuộc giao tranh tại San Jacinto bùng nổ lúc 16:00.
Don't forget what he uttered.,Đừng quên những gì anh ấy đã nói.
Tom hadn't realized that Mary had already acquired bread.,Tom đã không nhận ra rằng Mary đã mua bánh mì rồi.
"If you want to learn a foreign language well, you should speak that language with native speakers as often as you can","Nếu bạn muốn học ngoại ngữ tốt, bạn nên nói ngôn ngữ đó với người bản ngữ thường xuyên nhất có thể"
They built a bridge across the river.,họ đã xây một cây cầu bắc qua sông.
Give me an overview of your project.,Cho tôi một cái nhìn tổng quan về dự án của bạn.
I must replace that fluorescent lamp,tôi phải thay cái đèn huỳnh quang đó
Mary was often the topic of Tom's conversations when she was away.,Mary thường là chủ đề trong các cuộc trò chuyện của Tom khi cô ấy vắng mặt.
I have finished the course,tôi đã hoàn thành khóa học
Writing a top-selling novel brought him immense riches.,Việc viết một cuốn tiểu thuyết bán chạy nhất đã mang lại cho ông ấy sự giàu có khổng lồ.
Tom had no more to add.,Tom không có gì để thêm vào nữa.
The man you arrived with is known to me.,Người đàn ông mà bạn đã đến cùng thì tôi biết.
My daughter is a tomboy.,con gái tôi là một tomboy.
"Tom can't speak French, can he?","Tom không thể nói tiếng Pháp, phải không?"
This game would be ours if he were an effective pitcher.,Trò chơi này sẽ là của chúng tôi nếu anh ấy là một người ném bóng hiệu quả.
I feel like eating.,Tôi cảm thấy muốn ăn.
You must not smoke in this building.,bạn không được hút thuốc trong tòa nhà này
That picture was provided with the wallet.,Bức ảnh đó được cung cấp cùng với chiếc ví.
He was very kind to me at the party,anh ấy rất tốt với tôi trong bữa tiệc
Will you take a personal check?,bạn sẽ kiểm tra cá nhân chứ?
We are going to leave tomorrow,chúng ta sẽ đi vào ngày mai
I haven't had a reply to my letter.,tôi đã không trả lời thư của tôi.
I could hear her voice singing from her chamber.,Tôi có thể nghe thấy giọng cô ấy hát từ phòng riêng.
Does anybody want a pizza?,có ai muốn ăn pizza không?
The wallet contained that particular image.,Chiếc ví có chứa hình ảnh đặc biệt đó.
"Judging from her letter, she seems to be well","đánh giá từ lá thư của cô ấy, cô ấy có vẻ ổn"
They gave him a glass of orange juice laced with vodka,họ đưa cho anh một ly nước cam pha với rượu vodka
Raise your voice so that others can hear you.,Nâng giọng lên để người khác có thể nghe bạn.
Could you tell me if you're hurting in other parts of your anatomy?,Bạn có thể cho tôi biết nếu bạn bị đau ở các bộ phận khác trên cơ thể không?
Can I ask where you were yesterday evening?,Cho phép tôi hỏi tối qua bạn đã ở đâu?
I'm late for class,tôi đến lớp trễ
Please provide a brief self-introduction.,Vui lòng tự giới thiệu ngắn gọn.
I'm the only one qualified to do this.,Tôi là người duy nhất đủ điều kiện để làm điều này.
Every one of us will eventually perish.,Mỗi người trong chúng ta cuối cùng sẽ qua đời.
I know your type.,tôi biết loại của bạn
Tom has been talking about getting a new car for the last three years.,Tom đã nói về việc có một chiếc xe mới trong ba năm qua.
Japanese comes very naturally to Tom.,Tom nói tiếng Nhật rất tự nhiên.
I cleaned out the fridge,tôi dọn tủ lạnh
You're half right,bạn đúng một nửa
Do you have any special plans for the holidays?,bạn có kế hoạch gì đặc biệt cho ngày lễ không?
I broke the vase on purpose.,Tôi đã phá vỡ chiếc bình trên mục đích.
The teacher looked over the examination papers,giáo viên nhìn qua bài thi
Tell Tom to stop interfering with me.,Bảo Tom ngừng can thiệp vào chuyện của tôi.
Dusk is arriving progressively sooner.,Hoàng hôn đang đến sớm hơn dần.
I had a really weird dream yesterday,tôi đã có một giấc mơ thực sự kỳ lạ ngày hôm qua
Tom felt somewhat unsteady.,Tom cảm thấy hơi không vững.
He repaired my watch for me.,anh sửa đồng hồ cho tôi.
I have trouble picturing that.,tôi gặp khó khăn khi hình dung điều đó.
Exiting a moving vehicle like a truck is hazardous.,Rời khỏi một chiếc xe đang di chuyển như xe tải rất nguy hiểm.
His theatrical production was very successful.,Vở kịch của anh ấy rất thành công.
Tom seemed genuinely shocked,tom dường như thực sự bị sốc
Does any other part of your physical self hurt?,Có phần nào khác trên cơ thể bạn bị đau không?
Detroit is dangerous city,Detroit là thành phố nguy hiểm
They are exceptionally rapid in the water.,Chúng cực kỳ nhanh nhẹn dưới nước.
The storm blew down a tree,cơn bão thổi bay một cái cây
Many inhabitants of the United States speak Spanish.,nhiều cư dân của các quốc gia thống nhất nói tiếng Tây Ban Nha.
Tom is starting to cry,tom đang bắt đầu khóc
I'm surprised you didn't know that,tôi ngạc nhiên khi bạn không biết điều đó
Are you scared to tell Tom?,bạn có sợ nói với tom không?
Tom can be quite stubborn,tom có thể khá bướng bỉnh
Tom took his son John to a baseball game,Tom đưa con trai john đến một trận bóng chày
I'm beginning to not like you,tôi bắt đầu không thích bạn
Tom would like to go on a walk.,Tom muốn đi bộ một chuyến.
Tom never seems to finish anything.,tom dường như không bao giờ hoàn thành bất cứ điều gì.
These are our visitors,đây là những vị khách của chúng tôi
I bet he doesn't make it,tôi cá là anh ấy không làm được
Kindly put a coin in.,Xin vui lòng bỏ một đồng xu vào.
This music is from the 40s,âm nhạc này là từ những năm 40
I feel you're putting in more effort than required.,Tôi cảm thấy bạn đang nỗ lực nhiều hơn mức cần thiết.
You keep out of this,bạn tránh xa điều này
I can't remember where I hid my money.,tôi không thể nhớ nơi tôi đã giấu tiền của mình.
Is this accurate?,Nó thật sự đúng?
It was necessary to do something.,Cần phải làm gì đó.
"At that time, we were quite rich.","Lúc đó, chúng tôi khá giàu."
I assume you've heard that we're having a meeting this afternoon.,Tôi cho rằng bạn đã nghe nói rằng chúng ta có một cuộc họp chiều nay.
The treasure lay hidden for a long time,kho báu nằm ẩn trong một thời gian dài
Let's agree to share in the profits.,hãy đồng ý chia sẻ lợi nhuận.
My appearance isn't enhanced when I wear jeans.,Vẻ ngoài của tôi không được cải thiện khi tôi mặc quần jean.
You need help,bạn cần trợ giúp
Tom doesn't know exactly how that happened,tom không biết chính xác điều đó đã xảy ra như thế nào
I'm sure Tom will be thrilled.,Tôi chắc chắn tom sẽ vui mừng.
My suggestion to Tom was to stay in once it got dark.,Gợi ý của tôi cho Tom là nên ở nhà khi trời tối.
"I called Susan to apologize to her, but she hung up on me","tôi gọi susan để xin lỗi cô ấy, nhưng cô ấy cúp máy tôi"
I don't like this neighborhood much.,Tôi không thích khu phố này nhiều.
What you say won't bother my feelings.,Những gì bạn nói sẽ không làm phiền cảm xúc của tôi.
I remember the night when I first saw the Milky Way.,Tôi nhớ đêm khi lần đầu tiên nhìn thấy con đường sữa.
He was done speaking; Tom had said all he intended.,Anh ấy đã nói xong; Tom đã nói tất cả những gì anh ấy định nói.
Remember to bring your umbrella.,Hãy nhớ mang theo ô của bạn.
It would be best if you said sorry for your words.,Sẽ tốt nhất nếu bạn nói lời xin lỗi về những lời nói của mình.
I don't feel like talking to anybody.,tôi không cảm thấy muốn nói chuyện với bất cứ ai.
I didn't recognize him at first on the train.,tôi đã không nhận ra anh ta lúc đầu trên tàu.
We'd win this game if he pitched well.,Chúng ta sẽ thắng trận này nếu anh ấy ném bóng tốt.
Our teacher hates his students to ask questions while he is giving a lecture,giáo viên của chúng tôi ghét học sinh của mình để đặt câu hỏi trong khi ông đang giảng bài
It's imperative that we proceed with care.,Điều bắt buộc là chúng ta phải tiến hành một cách cẩn thận.
Tom quit the company.,tom rời công ty.
We are fortunate to have such a nice dwelling.,Chúng tôi may mắn có được một căn nhà đẹp như vậy.
I stayed home because of the rain,tôi ở nhà vì trời mưa
Your ideas are a little antiquated,ý tưởng của bạn là một chút cổ xưa
All men have equal rights,tất cả đàn ông đều có quyền bình đẳng
I question the accuracy of his account.,Tôi nghi ngờ tính chính xác của bản tường thuật của anh ấy.
We're seeing a continuous rise in gasoline prices.,Chúng ta đang chứng kiến sự tăng giá xăng dầu liên tục.
We don't have a chance,chúng ta không có cơ hội
Tom didn't tell anybody about what happened until he was thirty,Tom đã không nói cho ai biết chuyện gì đã xảy ra cho đến khi anh ta ba mươi tuổi
Tom had barely taken his coat off when they started asking questions.,Tom hầu như không cởi áo khoác khi họ bắt đầu đặt câu hỏi.
This is really monotonous.,Cái này thực sự đơn điệu.
I was playing tennis all day,tôi đã chơi tennis cả ngày
Make sure Tom understands he needs to stay away from me.,Hãy đảm bảo Tom hiểu rằng anh ấy cần tránh xa tôi.
Tom misplaced his jacket and can't recall its whereabouts.,Tom đã để nhầm chỗ áo khoác của mình và không thể nhớ nó ở đâu.
Tom is worried about what Mary is going to say,tom lo lắng về những gì mary sẽ nói
He had reached a venerable age.,Ông ấy đã đạt đến một tuổi tác đáng kính.
We must put safety before anything else.,chúng ta phải đặt sự an toàn trước bất cứ điều gì khác.
He gave generously to charity.,Anh ấy đã quyên góp hào phóng cho từ thiện.
A leaf is letting go and falling.,Một chiếc lá đang buông mình và rơi xuống.
I'm the individual with the deepest understanding of Tom.,Tôi là người có sự hiểu biết sâu sắc nhất về Tom.
I don't want to shoot.,tôi không muốn bắn.
"She is rich, certainly, but I don't think she's very smart.","Cô ấy giàu có, chắc chắn, nhưng tôi không nghĩ cô ấy rất thông minh."
My boss turned down his proposal,ông chủ của tôi từ chối đề nghị của mình
How much money are you receiving for this task?,Bạn đang nhận được bao nhiêu tiền cho nhiệm vụ này?
Tom approached the elevator.,Tom lại gần thang máy.
We used to play over by that grassy knoll.,chúng tôi đã từng chơi qua tiếng gõ cửa cỏ đó.
Everybody knows that where I come from.,mọi người đều biết tôi đến từ đâu
I'm a woman,tôi là phụ nữ
"The sky grew darker and darker, and the wind blew harder and harder","bầu trời càng ngày càng tối, và gió càng lúc càng mạnh"
I didn't expect you so soon.,tôi không mong đợi bạn sớm như vậy.
He said better times were ahead for the country,ông nói thời gian tốt hơn đã ở phía trước cho đất nước
I'm aware of Tom being nearby.,Tôi nhận thức được Tom đang ở gần đây.
What was occurring was beyond my belief.,Những gì đang xảy ra nằm ngoài sức tưởng tượng của tôi.
Most students like sports.,hầu hết các sinh viên thích thể thao.
Let's get out of here before the police come,chúng ta hãy ra khỏi đây trước khi cảnh sát đến
I'll need to consider that carefully.,Tôi sẽ cần phải cân nhắc điều đó cẩn thận.
What is Tom to you?,Tom là gì với bạn?
This city is increasingly favored as a top travel spot.,Thành phố này ngày càng được ưa chuộng như một điểm đến du lịch hàng đầu.
I feel you're in need of aid.,Tôi cảm thấy bạn đang cần sự giúp đỡ.
Ann likes chocolate very much,ann rất thích sô cô la
The wind and rain ruined our stroll.,Gió và mưa đã làm hỏng chuyến đi dạo của chúng tôi.
What kind of food is commonly eaten in Egypt?,Loại thức ăn nào thường được ăn ở Ai Cập?
It was Tom who compelled Mary to undertake the task.,Chính Tom đã ép buộc Mary phải nhận nhiệm vụ đó.
They went by subway,họ đã đi bằng tàu điện ngầm
I won't let anyone harm you,tôi sẽ không để ai làm hại bạn
I consider Tom a good friend,tôi coi tom là một người bạn tốt
It's been a busy two days.,đó là hai ngày bận rộn.
Do you go to school on foot?,bạn có đi học bằng chân không?
Tom isn't that naive.,Tom không ngây thơ đến mức đó.
Are you one of Tom's students?,bạn có phải là một trong những học sinh của tom không?
I find it incredibly tedious.,Tôi thấy nó vô cùng buồn tẻ.
I'm sure you can't do it,tôi chắc chắn bạn không thể làm điều đó
I must get my work done by the day after tomorrow,tôi phải hoàn thành công việc của mình vào ngày hôm sau
Is this where I should await your arrival?,Đây có phải là nơi tôi nên chờ bạn đến không?
I wish to speak to Tom in private,tôi muốn nói chuyện riêng với tom
We're not waiting around.,chúng tôi không chờ đợi xung quanh.
You just turned the radio on,bạn vừa bật radio
It was his first job,đó là công việc đầu tiên của anh ấy
Have you ever dozed in the classroom?,bạn đã bao giờ ngủ gật trong lớp học chưa?
Do you smoke cigars?,bạn có hút xì gà không?
You have good reason to be angry.,bạn có lý do chính đáng để tức giận.
Cleveland was not sure the boy was his son,cleescent không chắc cậu bé là con trai mình
I was hoping you'd find something,tôi đã hy vọng bạn tìm thấy một cái gì đó
"You can talk to Tom, right?","bạn có thể nói chuyện với tom, phải không?"
Tom became depressed.,Tom trở nên chán nản.
He was of advanced years.,Ông ấy đã ở tuổi cao.
I don't have the nerve to watch it.,Tôi không có thần kinh để xem nó.
Is it good?,Liệu nó có tốt không?
Tom needed us.,tom cần chúng tôi
He's very efficient.,Anh ấy rất hiệu quả.
You're kind of scary.,bạn thật đáng sợ
Have you thought of that?,bạn đã nghĩ về điều đó?
It's unlikely he will succeed.,Rất ít khả năng anh ấy sẽ thành công.
I have a wide circle of friends who communicate in Esperanto.,Tôi có một nhóm bạn rộng rãi giao tiếp bằng tiếng Esperanto.
He is an authority on the humanities,ông là người có thẩm quyền về nhân văn
Your city appeals to me.,Thành phố của bạn hấp dẫn tôi.
"My name is Taro, you can simply use that.",Bạn có thể gọi đơn giản là Taro.
I've only just carried it out.,Tôi chỉ vừa mới thực hiện nó.
Everyone is mortal.,Mọi người đều phải chết.
We will have little snow this winter,chúng ta sẽ có ít tuyết vào mùa đông này
I question the veracity of his statement.,Tôi nghi ngờ tính xác thực của lời tường thuật của anh ấy.
All of his friends thought that he was happy,tất cả bạn bè của anh ấy nghĩ rằng anh ấy hạnh phúc
I've always hated you.,tôi luôn ghét bạn
He took a shortcut through the forest,anh đi đường tắt xuyên rừng
When exactly did you make the purchase of this premises?,Chính xác thì bạn đã mua cơ sở này khi nào?
I won't talk about this topic anymore.,Tôi sẽ không nói về chủ đề này nữa.
Do you consider Tom to lack principles?,Bạn có cho rằng Tom thiếu nguyên tắc không?
To live without air is impossible.,sống mà không có không khí là không thể
This one's all yours,đây là tất cả của bạn
Have you been working out?,Bạn có đang làm việc bên ngoài phải không?
Tom is a physically delicate individual.,Tom là một cá nhân yếu ớt về thể chất.
She turned down our offer of help,cô ấy từ chối lời đề nghị giúp đỡ của chúng tôi
People on holiday browsed in the shops.,Những người đi nghỉ mát đã dạo xem trong các cửa hàng.
Every single person is distinctive.,Mỗi một người đều có nét riêng biệt.
Do you like Moscow?,bạn có thích moscow không?
I suggested that she go alone.,tôi đề nghị cô ấy đi một mình.
I had a special ticket,tôi đã có một vé đặc biệt
Should I concoct an excuse?,Tôi có nên bịa ra một cái cớ không?
My grandfather is very healthy,ông tôi rất khỏe
Not a sound was to be heard in the concert hall,không một âm thanh nào được nghe trong phòng hòa nhạc
That made me laugh.,điều đó làm tôi cười
Tom lacks proficiency in athletics.,Tom thiếu năng khiếu trong thể thao.
The medicine didn't do me any good,thuốc không làm tôi tốt chút nào
We have a problem because some of our accounts haven't been cleared.,Chúng ta có một vấn đề vì một số tài khoản của chúng ta chưa được thanh toán.
How dare you say such a thing to me!,Sao mày dám nói như vậy với tao!
I'm aware that every choice I make has a consequence.,Tôi biết rằng mọi lựa chọn tôi đưa ra đều có hậu quả.
Our train had already pulled out when we arrived at the station.,đoàn tàu của chúng tôi đã rút ra khi chúng tôi đến ga.
Next February marks five years since I began learning English.,Tháng Hai tới đánh dấu năm năm kể từ khi tôi bắt đầu học tiếng Anh.
You're the only person I can rely on in this kind of situation,bạn là người duy nhất tôi có thể dựa vào trong tình huống này
How many surgical procedures has Dr. Jackson conducted over the past month?,Bác sĩ Jackson đã tiến hành bao nhiêu thủ thuật phẫu thuật trong tháng vừa qua?
Put the suitcases carefully on the rack,đặt vali cẩn thận trên giá
Who were you just speaking to?,bạn vừa nói chuyện với ai
Tom doesn't know how to pronounce my name properly,tom không biết cách phát âm tên tôi đúng
You aren't obliged to work that intensely if you're tired.,Bạn không bắt buộc phải làm việc cường độ cao như vậy nếu bạn mệt.
The total came to ten dollars,tổng số lên đến mười đô la
Would you be able to send this package for me?,Bạn có thể gửi gói hàng này cho tôi được không?
Tom is recovering.,tom đang hồi phục.
Can you please just give Tom whatever he wants?,bạn có thể vui lòng chỉ cho tom bất cứ điều gì anh ấy muốn?
Parents are proud of their children when they do well in school,cha mẹ tự hào về con cái của họ khi họ học tốt ở trường
I don't like what we've become,tôi không thích những gì chúng ta đã trở thành
"He's very smart, and he's handsome too.","Anh ấy rất thông minh, và anh ấy cũng đẹp trai."
That's one of the reasons,đó là một trong những lý do
Tom has a list of people who helped,tom có một danh sách những người đã giúp đỡ
I didn't suspect anything,tôi không nghi ngờ gì cả
Tom kicked Mary in the shin.,tom đá mary trong ống chân.
Tom tried to put on a happy face.,tom cố gắng để đưa lên một khuôn mặt hạnh phúc.
It meant something to me.,nó có ý nghĩa với tôi
What were you staring at?,bạn đang nhìn gì vậy
I start my day with breakfast at seven.,Tôi bắt đầu ngày mới bằng bữa sáng lúc bảy giờ.
My mother cooks well.,mẹ tôi nấu ăn ngon
Tom started shooting,tom bắt đầu chụp
The precise details of what occurred are not fully known to us.,Những chi tiết chính xác về những gì đã xảy ra không hoàn toàn được chúng tôi biết rõ.
Shall we dine in each other's company?,Chúng ta dùng bữa cùng nhau nhé?
The lesson which we learned was never to trust anyone,bài học mà chúng tôi học được là không bao giờ tin bất cứ ai
He would sit for hours without saying a word,anh ấy sẽ ngồi hàng giờ mà không nói lời nào
I couldn't do that either.,tôi cũng không thể làm điều đó
What did you think it was?,Bạn nghĩ gì về nó?
Her boyfriend is Turkish,bạn trai của cô là người Thổ Nhĩ Kỳ
It is rumored that secret peace talks have already begun,có tin đồn rằng các cuộc đàm phán hòa bình bí mật đã bắt đầu
I think you and he wanna be alone,tôi nghĩ bạn và anh ấy muốn ở một mình
He begins to sketch no matter where he is,anh ấy bắt đầu phác thảo bất kể anh ấy ở đâu
What are you up to these days?,bạn định làm gì trong những ngày này
They wash their hands.,họ rửa tay.
It's unlikely that he will succeed.,Không chắc rằng anh ấy sẽ thành công.
I saw Tom jump into the pool.,tôi thấy tom nhảy xuống hồ bơi.
She put on dark glasses to protect her eyes from the sun.,Cô đeo kính đen để bảo vệ mắt khỏi ánh nắng mặt trời.
I bought two dozen pencils.,tôi đã mua hai chục cây bút chì.
Bill can run faster than Bob,hóa đơn có thể chạy nhanh hơn bob
Tom was seated next to Mary on a public seat.,Tom đã ngồi cạnh Mary trên một chiếc ghế công cộng.
He thanked me for the gift.,Anh cảm ơn tôi về món quà.
She bought a toy for her child.,cô ấy đã mua một món đồ chơi cho con mình
Tom remained perpetually unhappy.,Tom mãi mãi không vui.
She rushed home with the good news,cô ấy vội vã về nhà với tin vui
I'll be in my office from ten tomorrow,tôi sẽ ở trong văn phòng của tôi từ mười ngày mai
What's this object/situation?,Vật/tình huống này là gì?
The hotel where we stayed was very comfortable,khách sạn nơi chúng tôi ở rất thoải mái
Why don't you come along with us to the party?,Tại sao bạn không đi cùng chúng tôi đến bữa tiệc?
I can never make my son to eat any vegetables,tôi không bao giờ có thể làm cho con trai tôi ăn bất kỳ loại rau
He was accused of cowardice,anh ta bị buộc tội hèn nhát
You'll have to ask Tom,bạn sẽ phải hỏi tom
I heard you got caught stealing something.,tôi nghe nói bạn bị bắt gặp ăn cắp một cái gì đó.
I see no reason to continue.,tôi thấy không có lý do để tiếp tục.
He hung his jacket on a hook.,Anh treo áo khoác lên một cái móc.
Take the first turn to your right,rẽ đầu tiên bên phải của bạn
His techniques aren't scientifically sound.,Các kỹ thuật của ông ấy không đúng về mặt khoa học.
It seems that he believes what he said is right.,có vẻ như anh ấy tin những gì anh ấy nói là đúng
You have to struggle against that inherent trait.,Bạn phải đấu tranh chống lại đặc điểm bẩm sinh đó.
This turn of events shouldn't have surprised me.,Diễn biến này lẽ ra không nên làm tôi ngạc nhiên.
I am fond of music,tôi thích âm nhạc
I hear it's buried under all that snow,tôi nghe nói nó bị chôn vùi dưới tất cả tuyết
I haven't unpacked my clothes yet.,Tôi chưa cởi quần áo của tôi.
Tom was afraid to swim.,tom sợ bơi.
I'm busy with homework,tôi đang bận việc nhà
I didn't expect you to get here this early.,tôi không mong đợi bạn đến đây sớm.
I got caught in a traffic jam on the Autobahn,tôi bị kẹt xe ở Autobahn
I didn't see anybody following us,tôi không thấy ai theo dõi chúng tôi
I'm a very light sleeper.,Tôi là một người ngủ rất nhẹ.
She took me by surprise,cô ấy đã làm tôi ngạc nhiên
My parents met each other in the mountains.,Bố mẹ tôi gặp nhau trên núi.
Mary was asked by Tom to get him a ticket.,Mary được Tom yêu cầu mua vé cho anh ấy.
I'm finished here,tôi đã kết thúc ở đây
Your house is big.,ngôi nhà của bạn lớn
He plans to buy a new bicycle,anh ấy dự định mua một chiếc xe đạp mới
This hotel suite offers the sound of the waves.,Phòng suite khách sạn này mang đến âm thanh của sóng biển.
Saying such things to her was a harsh act on his part.,Việc anh ấy nói những điều như vậy với cô ấy là một hành động khắc nghiệt.
"Apparently, Tom doesn't care for Mary.",Rõ ràng là Tom không quan tâm đến Mary.
Let's hope you're wrong for once.,Hãy hy vọng bạn sai một lần.
I will try,tôi sẽ thử
You should mind your own affairs.,Bạn nên lo việc của mình.
Keep in mind that there are chores awaiting us.,Hãy nhớ rằng có những việc vặt đang chờ chúng ta.
The aftermath holds no importance to me.,Hậu quả không có ý nghĩa gì đối với tôi.
Tom might want to consider giving Mary the loan she asked for,tom có thể muốn xem xét cho mary khoản vay mà cô ấy yêu cầu
Use your dictionary to check the new terms.,Sử dụng từ điển của bạn để kiểm tra các thuật ngữ mới.
Tom has probably gone for a walk,Tom có lẽ đã đi dạo
I'll give that some consideration.,Tôi sẽ cân nhắc điều đó.
His notions are current and relevant.,Những ý tưởng của ông ấy rất hiện hành và phù hợp.
I go to a restaurant once in a blue moon.,Tôi đến một nhà hàng một lần trong một mặt trăng màu xanh.
Please give me a pillow and a blanket.,xin vui lòng cho tôi một cái gối và một cái chăn
The meeting broke up at seven,cuộc họp chia tay lúc bảy giờ
This accident resulted from the carelessness of the driver.,tai nạn này là do sự bất cẩn của người lái xe.
I began to understand the reason why he hated me.,tôi bắt đầu hiểu lý do tại sao anh ấy ghét tôi.
We have a party tomorrow evening,chúng ta có một bữa tiệc tối mai
I think I need a little more time.,tôi nghĩ rằng tôi cần thêm một chút thời gian
I understand our position.,Tôi hiểu vị trí của chúng ta.
I have just cleaned my room,tôi vừa mới dọn phòng
How much did you pay for that?,bạn đã trả bao nhiêu cho việc đó?
I understand you've purchased a new vehicle.,Tôi hiểu bạn đã mua một chiếc xe mới.
What're you two doing?,hai bạn đang làm gì vậy
I told Tom that I wouldn't be at his party,tôi nói với tom rằng tôi sẽ không đến bữa tiệc của anh ấy
Do you feel better?,Bạn có cảm thấy tốt hơn?
Tajima went to London by way of Paris.,tajima đã đến london bằng đường paris.
He drives a pickup truck,anh ấy lái một chiếc xe tải nhỏ
None of this matters,không có vấn đề này
That task has just been executed by me.,Nhiệm vụ đó vừa được tôi thực hiện.
The boy's aggression is making problems.,sự hung hăng của cậu bé đang gây ra vấn đề.
I didn't get a chance to introduce myself to her,tôi không có cơ hội giới thiệu bản thân với cô ấy
Are you inclined to dispute it?,Bạn có muốn tranh cãi về nó không?
I will get the machine running,tôi sẽ cho máy chạy
Bring Tom along,mang tom theo
I'm not easygoing.,Tôi không dễ dãi.
I wish to inspect everything thoroughly.,Tôi muốn kiểm tra mọi thứ kỹ lưỡng.
I missed my stop. How long does it take to reach the next stop?,tôi đã bỏ lỡ điểm dừng của tôi Mất bao lâu để đến điểm dừng tiếp theo?
"I'm not disturbing you, am I?",tôi không làm phiền bạn phải không
Tom knows better than to play with matches.,tom biết tốt hơn là chơi với các trận đấu.
He had an accident on his way home.,anh gặp tai nạn trên đường về nhà.
That's probably why.,đó có lẽ là lý do tại sao
Where did you get that sweater?,bạn lấy cái áo len đó ở đâu
Tom moved through the dimly-lit alley.,tom di chuyển qua con hẻm nhỏ.
I have literally just performed that task.,Tôi thực sự vừa mới thực hiện nhiệm vụ đó.
He's the fifth man in line,anh ấy là người đàn ông thứ năm trong hàng
I can't open this bottle.,Tôi không thể mở chai này.
I never thought I'd want to buy an iPad.,Tôi chưa bao giờ nghĩ rằng tôi muốn mua một chiếc ipad.
You're three hours late.,bạn trễ ba tiếng rồi
I made a list,tôi đã lập một danh sách
You are richer than I am because your pay is double my pay,bạn giàu hơn tôi vì lương của bạn gấp đôi lương của tôi
Tom looked around the room to see who was there.,Tom nhìn quanh phòng để xem ai đang ở đó.
This work is beyond me.,công việc này vượt quá tôi
Tom knows exactly how Mary feels.,tom biết chính xác cảm giác của mary.
Who is traveling by train?,Ai đang đi du lịch bằng tàu hỏa?
It didn't get that bad,nó đã không trở nên tồi tệ
Tom remained calm.,Tom vẫn bình tĩnh.
He's out of the office because he's in Osaka on business,Anh ấy ra khỏi văn phòng vì anh ấy ở osaka vì công việc
Is it true that you don't suspect Tom?,Có phải là bạn không nghi ngờ Tom không?
It's clear that Tom is plump.,Rõ ràng là Tom mập.
I wish upon you the same level of suffering we encountered.,Tôi cầu chúc bạn phải chịu đựng mức độ đau khổ tương tự như chúng tôi đã gặp phải.
I am sixteen years old.,tôi mười sáu tuổi.
Tom isn't breathing.,Tom không thở.
You should bear that in mind.,bạn nên ghi nhớ điều đó
He is younger than me by three years,anh ấy trẻ hơn tôi ba tuổi
Can you touch the bottom?,bạn có thể chạm vào đáy không?
The last house was Tom's residence,ngôi nhà cuối cùng là nơi ở của tom
I want to beat Tom,tôi muốn đánh bại tom
"If you became a designer, you could make better use of your talents.","nếu bạn trở thành một nhà thiết kế, bạn có thể sử dụng tài năng của mình tốt hơn."
Akiko has some friends in France.,akiko có một số người bạn ở Pháp.
I feel depressed,tôi cảm thấy chán nản
Don't worry. I'll be here the whole time.,đừng lo lắng tôi sẽ ở đây toàn bộ thời gian
I'll discover it on my own.,Tôi sẽ tự mình khám phá ra.
Tom has not moved to Boston to live there.,Tom chưa chuyển đến Boston để sống.
I warned you not to underestimate Tom.,Tôi đã cảnh báo bạn không được đánh giá thấp tom.
What's that again?,cái gì nữa
I can smell the ocean.,tôi có thể ngửi thấy đại dương.
What happens when an unstoppable force hits an unmovable object?,Điều gì xảy ra khi một lực không thể ngăn cản đánh vào một vật thể không thể di chuyển?
She is almost entirely silent.,Cô ấy gần như hoàn toàn im lặng.
The cat's fur stood on end.,lông của mèo đứng cuối.
What a heavy bag!,Thật là một cái túi nặng!
It kept raining all day long,trời cứ mưa suốt ngày
There are those who don't dress in pajamas.,Có những người không mặc đồ ngủ.
How much do you know about the process?,bạn biết bao nhiêu về quy trình?
It goes without saying.,Điều đó là hiển nhiên khỏi phải nói.
I want it to be over,tôi muốn nó kết thúc
"""Will you buy it for me?"" ""Buy what?""","""bạn sẽ mua nó cho tôi chứ?"" ""mua gì?"""
Allen is a poet.,allen là một nhà thơ.
I told them nothing.,tôi không nói gì với họ
Can you tell me how to do this?,bạn có thể cho tôi biết làm thế nào để làm điều này?
Count your change.,đếm sự thay đổi của bạn
It started raining just as I was leaving home,trời bắt đầu mưa khi tôi rời khỏi nhà
There was no money for rebuilding,không có tiền để xây dựng lại
The old men like to meet on the street corner just to shoot the bull,Những ông già thích gặp nhau ở góc phố chỉ để bắn con bò
I didn't know who was going to meet me at the airport,tôi không biết ai sẽ gặp tôi ở sân bay
My request is for you to briefly examine these documents.,Yêu cầu của tôi là bạn xem xét các tài liệu này một cách ngắn gọn.
We're going to the mall.,chúng ta sẽ đến trung tâm thương mại
Tom is not really in Boston now.,Tom bây giờ không thực sự ở boston.
What's the best way to learn French?,cách tốt nhất để học tiếng Pháp là gì?
Tom told me he didn't need my help.,Tom nói với tôi anh ấy không cần tôi giúp.
Our position is known to me.,Vị trí của chúng ta thì tôi biết.
"To tell the truth, I don't really care.","nói thật, tôi không quan tâm lắm."
I should've just stayed home and read a book,tôi nên ở nhà và đọc một cuốn sách
You have nothing to be afraid of.,bạn không có gì phải sợ
Anything is possible.,mọi thứ đều có thể.
Tom phoned to say he was on his way.,Tom gọi điện để nói rằng anh ấy đang trên đường.
She has no idea what I intend to do.,cô ấy không biết tôi định làm gì
"Mary's not pretty, but she isn't ugly, either","mary không xinh, nhưng cô ấy cũng không xấu"
The remaining girls felt envious.,Những cô gái còn lại cảm thấy ghen tị.
I made pancakes for breakfast,tôi làm bánh kếp cho bữa sáng
The person I need to thank is Tom.,Người mà tôi cần cảm ơn là Tom.
Jeans don't flatter my figure.,Quần jean không tôn dáng tôi.
Can you take this parcel to the post office for me?,Bạn có thể mang bưu kiện này ra bưu điện giúp tôi không?
I wasn't kidding,tôi đã không đùa
Tom managed to cut himself while trying to open a bag of peanuts with his pocketknife.,Tom đã tự cắt được mình trong khi cố gắng mở một túi đậu phộng bằng túi bỏ túi của mình.
Can I talk to you guys for a second?,tôi có thể nói chuyện với các bạn một chút không?
Tom couldn't understand why Mary was so angry.,Tom không thể hiểu tại sao mary rất tức giận.
Tom arrived much behind schedule.,Tom đã đến rất muộn so với lịch trình.
Tom was at the bus stop ten minutes before the bus arrived,Tom đã ở trạm xe buýt mười phút trước khi xe buýt đến
What's it good for?,nó tốt cho cái gì
English is a means of communication.,tiếng anh là một phương tiện giao tiếp
Tom kept staring at Mary.,Tom cứ nhìn chằm chằm vào mary.
Tom knew where he had put his keys.,Tom biết nơi anh đã đặt chìa khóa của mình.
I want to hold your hand.,tôi muốn nắm tay bạn.
Golf isn't my cup of tea.,golf không phải là tách trà của tôi.
I fell in love with him,Tôi đã yêu anh ấy
I know you want to make me happy,tôi biết bạn muốn làm cho tôi hạnh phúc
He's head over heels in love.,Anh ấy đã yêu say đắm.
The cows are eating grass,những con bò đang ăn cỏ
Stop worrying. That's my responsibility now.,Đừng lo lắng nữa. Đó là trách nhiệm của tôi bây giờ.
I fed my dog what I thought was good quality dog food.,Tôi cho chó ăn những gì tôi nghĩ là thức ăn cho chó chất lượng tốt.
I think Tom said his last name is Jackson,tôi nghĩ tom nói họ của anh ấy là jackson
Tom and Mary are about the same weight,tom và mary có cùng trọng lượng
I decided to study stenography,tôi quyết định học viết tốc ký
I think that it was probably last Friday.,Tôi nghĩ rằng nó có thể là thứ sáu tuần trước.
Why don't you try listening?,tại sao bạn không thử nghe?
How much does Tom pay you?,Tom trả cho bạn bao nhiêu?
I think Tom is relaxed,tôi nghĩ rằng tom là thư giãn
The true intrigue of most individuals is underestimated by others.,Sự hấp dẫn thực sự của hầu hết các cá nhân bị người khác đánh giá thấp.
Do you like pretzels?,bạn có thích bánh quy không?
I served as an apprentice under Tom.,Tôi đã làm người học việc dưới sự hướng dẫn của Tom.
Could you introduce yourself briefly?,Bạn có thể giới thiệu sơ qua về bản thân mình không?
Roosevelt went to church in the morning.,roosevelt đã đến nhà thờ vào buổi sáng.
Tom knows how to do that.,tom biết làm thế nào
Remember to put on your seatbelt.,Hãy nhớ thắt dây an toàn của bạn.
It was impossible for me to recognize him as we'd never met.,Tôi không thể nhận ra anh ấy vì chúng tôi chưa từng gặp nhau.
I wish my parents would let me do that.,tôi ước bố mẹ tôi sẽ cho tôi làm điều đó
Tom and Mary have always gotten along well.,tom và mary đã luôn hòa thuận với nhau
The children are already tired,bọn trẻ đã mệt rồi
We are going to make up for lost time by taking a short cut,chúng ta sẽ bù đắp thời gian đã mất bằng cách cắt ngắn
Take aim at the target.,nhắm vào mục tiêu
Tom didn't say anything about why he was late.,Tom không nói gì về lý do anh đến muộn.
We have enough water,chúng ta có đủ nước
No one seems interested in Tom's paintings anymore.,không ai có vẻ hứng thú với tranh của tom nữa.
I never leave home without it.,Tôi không bao giờ rời khỏi nhà mà không có nó.
Tom honked his horn.,Tom bấm còi.
Where are you bound?,bạn bị ràng buộc ở đâu
Tom could've won if he'd wanted to,Tom có thể thắng nếu anh ta muốn
My sister can't start the day without reading her horoscope,chị tôi không thể bắt đầu ngày mới mà không đọc lá số tử vi của mình
Mary spends hours in the bathroom,mary dành hàng giờ trong phòng tắm
Tom laughed politely.,tom cười lịch sự.
Could you grant a specific 5% concession if we purchase 50 product sets?,Bạn có thể cấp một ưu đãi cụ thể 5% nếu chúng tôi mua 50 bộ sản phẩm không?
What's the timing for that event?,Thời điểm cho sự kiện đó là khi nào?
You're starting to be less careful.,Bạn bắt đầu thiếu cẩn trọng rồi đấy.
I'll make the most of this opening.,Tôi sẽ tận dụng tối đa cơ hội này.
I don't think Tom hates you,tôi không nghĩ tom ghét bạn
"He went there, never to return.","Anh đến đó, không bao giờ quay lại."
What's your favorite screen saver?,trình bảo vệ màn hình yêu thích của bạn là gì?
Tom wasn't fired,tom không bị sa thải
He lives close by,anh ấy sống gần
That solved the problem.,Điều đó đã giải quyết được vấn đề.
Tom held the book in his hand,tom cầm cuốn sách trên tay
Tom seems so lonely.,Tom có vẻ rất cô đơn.
It isn't rational.,nó không hợp lý
They will probably handle this well,họ có thể sẽ xử lý việc này tốt
We don't have anything to do right now.,chúng tôi không có gì để làm ngay bây giờ.
Once I had the chance to visit Paris,một khi tôi đã có cơ hội đến thăm paris
Different people tell different versions of the incident.,những người khác nhau nói các phiên bản khác nhau của vụ việc.
I assume you still live in Boston.,Tôi giả sử bạn vẫn sống ở boston.
You can't stop someone from lying to you,bạn không thể ngăn ai đó nói dối bạn
Adding comments makes reading the code easier,thêm ý kiến giúp đọc mã dễ dàng hơn
Why is he so furious?,Tại sao anh ấy lại tức giận đến vậy?
Their assertion was that it would cause a civil strife.,Họ khẳng định rằng nó sẽ gây ra xung đột dân sự.
"Generally speaking, Tom is right","nói chung, tom nói đúng"
He delegated his authority to his competent assistant,ông ủy quyền cho trợ lý có thẩm quyền của mình
Time flies when you're having fun,thời gian trôi nhanh khi bạn vui vẻ
It's quite simple.,nó khá đơn giản
A kiss from me to you would be perfect right now.,Một nụ hôn của tôi dành cho bạn sẽ thật hoàn hảo ngay bây giờ.
We should get dinner jointly.,Chúng ta nên cùng nhau ăn tối.
I'm fond of the city you live in.,Tôi rất thích thành phố bạn đang sống.
We need to keep bacteria out of food,chúng ta cần tránh vi khuẩn
It's up to you now.,Điều đó tùy thuộc vào bạn bây giờ.
This is where you need to sign.,Đây là nơi bạn cần ký tên.
These books will make your work easier,những cuốn sách này sẽ làm cho công việc của bạn dễ dàng hơn
There are footprints of a cat on the table.,có dấu chân của một con mèo trên bàn.
Tom doesn't know the answer.,tom không biết câu trả lời.
I wanted to tell you that.,tôi muốn nói với bạn rằng
There's a time for everything.,Có một thời gian cho tất cả mọi thứ.
"Here, sit down","ở đây, ngồi xuống"
Tom was kidnapped,tom bị bắt cóc
Tom usually wears jeans,tom thường mặc quần jean
"The more we learn, the better we realize our ignorance.","chúng ta càng học nhiều, chúng ta càng nhận ra sự thiếu hiểu biết của mình."
This meeting room needs to be repainted.,phòng họp này cần được sơn lại.
I can't do anything like that.,tôi không thể làm bất cứ điều gì như thế
Tom lives in Boston now.,Tom sống ở boston bây giờ.
What's your reason for not going? I'm not in the mood.,Lý do bạn không đi là gì? Tôi không có tâm trạng.
People that want to do well in their jobs will dress for success.,những người muốn làm tốt công việc của họ sẽ ăn mặc để thành công.
Tom said he wanted to go swimming with us,Tom nói anh ấy muốn đi bơi với chúng tôi
You can have the modest sum of money that's currently in my possession.,Bạn có thể có số tiền khiêm tốn hiện đang có trong tay tôi.
I desire to reside in a town.,Tôi mong muốn cư trú ở một thị trấn.
The number of people who go abroad has been increasing.,số lượng người ra nước ngoài ngày càng tăng.
Please stand face to face,hãy đứng đối mặt
Pat stripped off his clothes and dived in,vỗ nhẹ cởi quần áo của anh ấy và lao vào
Why does Tom want us to do this?,Tại sao tom muốn chúng ta làm điều này?
Thank you very much for your present,cảm ơn bạn rất nhiều vì món quà của bạn
Envy consumed the other girls.,Sự đố kỵ bao trùm những cô gái khác.
The strong wind and rain ruined our stroll.,Gió mạnh và mưa đã làm hỏng chuyến đi dạo của chúng tôi.
The police are checking up on the bomb threats.,cảnh sát đang kiểm tra các mối đe dọa bom.
They have lived here for a long time.,họ đã sống ở đây trong một thời gian dài.
To which port is this ship bound?,Con tàu này đang đi đến cảng nào?
I wish I had gone with the others to the game yesterday,tôi ước tôi đã đi với những người khác đến trò chơi ngày hôm qua
Where's your bulletproof vest?,áo chống đạn của bạn đâu
His return is imminent.,Anh ấy sắp quay lại rồi.
I perceive Tom's situation.,Tôi nhận thức được tình hình của Tom.
My availability extends to tomorrow morning for those who might need me.,Tôi sẽ có mặt vào sáng mai cho những ai có thể cần tôi.
"Actually, it makes perfect sense.","thực sự, nó có ý nghĩa hoàn hảo"
Tom is a hot-blooded individual.,tom là một cá nhân máu nóng.
Death is a certainty for all of us.,Cái chết là điều chắc chắn đối với tất cả chúng ta.
I understand our position.,Tôi hiểu rõ vị trí của chúng ta.
Tom asked me for help when he was in trouble,Tom nhờ tôi giúp đỡ khi anh ấy gặp rắc rối
You're charming.,Bạn duyên dáng.
"He has no wife, no children and no friends.","Anh không có vợ, không có con và không có bạn bè."
Everyone is exhausted.,Mọi người đều kiệt sức.
Tom sipped some tea.,tom nhâm nhi một ít trà.
I don't know her and I don't think I want to,tôi không biết cô ấy và tôi không nghĩ rằng tôi muốn
I'm really looking forward to working with you.,Tôi thực sự mong được làm việc với bạn.
He's an absolute fool,anh ấy là một kẻ ngốc tuyệt đối
Nobody'll know.,không ai biết
My younger brother went to school,em trai tôi đi học
It was real,nó là thật
I'm familiar with the explanation for your remark.,Tôi quen thuộc với lời giải thích cho nhận xét của bạn.
Draw a circular shape on the ground.,Vẽ một hình tròn trên mặt đất.
Tom sat alone at the kitchen table,tom ngồi một mình ở bàn bếp
They are going to emigrate to America.,họ sẽ di cư sang Mỹ.
I'm not bothered by the results.,Tôi không bận tâm về kết quả.
Tom doesn't excel in athletic activities.,Tom không xuất sắc trong các hoạt động thể thao.
The train arrived late because of the snowstorm.,Tàu đến muộn vì bão tuyết.
Tom drives to school,tom lái xe đến trường
I saw a photo of Tom's girlfriend that he displayed to me.,Tôi đã xem một bức ảnh bạn gái của Tom mà anh ấy cho tôi xem.
Jeans don't flatter my figure.,Quần jean không làm tôn dáng tôi.
She always gets her own way,cô ấy luôn luôn có con đường của riêng mình
"The optimist looks into a mirror and becomes more optimistic, the pessimist more pessimistic.","Người lạc quan nhìn vào gương và trở nên lạc quan hơn, người bi quan càng bi quan hơn."
You've run out of time,bạn đã hết thời gian
James was caught in a shower,James bị bắt gặp khi đang tắm
She has experienced New York City on one occasion.,Cô ấy đã trải nghiệm Thành phố New York một lần.
It is rather difficult to assemble a watch.,việc lắp ráp một chiếc đồng hồ là khá khó khăn.
Tom won't fall for that easily.,Tom sẽ không dễ mắc bẫy đâu.
I'm not wearing any underwear,tôi không mặc đồ lót
Choose one from among these prizes,chọn một trong số những giải thưởng này
I can't deal with this right now.,Tôi không thể đối phó với điều này ngay bây giờ.
There's something I wish to converse about with you.,Có điều gì đó tôi muốn trò chuyện với bạn.
I really should have seen this coming.,Tôi thực sự nên đã lường trước điều này.
We were on the point of leaving.,Chúng tôi sắp sửa rời đi.
I glanced at my watch.,tôi liếc nhìn đồng hồ.
This is puzzling.,điều này thật khó hiểu
I haven't been home since July,tôi đã không về nhà kể từ tháng bảy
Playing cards is very interesting.,chơi bài rất thú vị.
Let's talk about that over drinks.,Hãy nói về điều đó qua đồ uống.
I own a computer,tôi sở hữu một máy tính
An apartment close to Tom's job is what he needs to find.,Một căn hộ gần nơi làm việc của Tom là thứ anh ấy cần tìm.
We have to go back in,chúng ta phải quay trở lại
She is smarter than he is,cô ấy thông minh hơn anh
Tom isn't creepy.,tom không đáng sợ.
You had better wait until the police come.,bạn nên chờ đợi cho đến khi cảnh sát đến.
You won't find any grass on the lunar surface.,Bạn sẽ không tìm thấy cỏ trên bề mặt mặt trăng.
They reached a consensus on all points.,Họ đã đạt được sự đồng thuận về mọi vấn đề.
I stopped playing baseball last season,tôi đã dừng chơi bóng chày mùa trước
She showed her album to me,cô ấy cho tôi xem album
Please introduce yourself briefly to us.,Xin hãy giới thiệu sơ lược về bản thân bạn cho chúng tôi.
I seem to remember the process of doing that.,Tôi dường như nhớ quá trình làm điều đó.
Tom arrived much later than expected.,Tom đến muộn hơn nhiều so với dự kiến.
Tom doesn't eat breakfast.,Tom không ăn sáng.
I just ignore Tom,tôi chỉ bỏ qua tom
This girl has very good judgment,cô gái này có óc phán đoán rất tốt
I need you to rapidly review these papers.,Tôi cần bạn nhanh chóng xem xét các giấy tờ này.
You only have half a minute left.,Bạn chỉ còn nửa phút nữa thôi.
I've been feeling rather swamped.,Tôi đã cảm thấy khá ngập đầu với công việc.
"While he was lost in thought, he heard his name called.","Trong khi anh lạc lối trong suy nghĩ, anh nghe thấy tên mình được gọi."
We should know the result by Thursday.,chúng ta nên biết kết quả vào thứ năm.
Are you falling for Tom?,bạn đang yêu tom phải không?
Someone told me you're driving a new car now.,Ai đó nói với tôi là bây giờ bạn đang lái một chiếc xe mới.
Tom told Mary that he couldn't live without her,Tom nói với mary rằng anh không thể sống thiếu cô ấy
It feels like I've known you forever.,cảm giác như tôi đã biết bạn mãi mãi.
I find the development of dinosaurs extremely fascinating.,Tôi thấy sự phát triển của khủng long cực kỳ hấp dẫn.
We're through here,chúng ta qua đây
Isn't it true that you wish for Tom to be a good person?,Không phải bạn ước Tom là một người tốt sao?
This is completely unlike the others.,Điều này hoàn toàn không giống những cái khác.
How did Tom ever talk you into this?,Làm thế nào mà tom từng nói với bạn về điều này?
I was greeted by her with a kind smile.,Tôi được cô ấy chào đón bằng một nụ cười tử tế.
It's essential for me to leave this place very early tomorrow.,Điều cần thiết là tôi phải rời khỏi nơi này rất sớm vào ngày mai.
He's quite fond of formal procedures.,Anh ấy khá yêu thích các thủ tục trang trọng.
It would be unfortunate if he were to fail.,Sẽ thật đáng tiếc nếu anh ấy thất bại.
I believe you're pushing yourself beyond what's necessary.,Tôi tin rằng bạn đang đẩy bản thân vượt quá mức cần thiết.
Do you want a second opinion? I can get another doctor to come here right away,Bạn có muốn một ý kiến thứ hai? tôi có thể nhờ một bác sĩ khác đến đây ngay lập tức
We heard her cry,chúng tôi nghe thấy cô ấy khóc
"""Have you ever been to New York?"" ""Yes, I've been there a couple of times.""","""bạn đã từng đến New York chưa?"" ""vâng, tôi đã ở đó một vài lần."""
Tom is an experienced sailor,tom là một thủy thủ giàu kinh nghiệm
She's busy.,cô ấy đang bận
We are free!,chúng tôi rảnh!
"If it had not been for his advice, she would not have flown to London.","nếu không phải vì lời khuyên của anh, cô sẽ không bay đến Luân Đôn."
He finds great pleasure in rituals.,Anh ấy tìm thấy niềm vui lớn trong các nghi lễ.
What's the number of days you're at school weekly?,Số ngày bạn đến trường hàng tuần là bao nhiêu?
The scandal nearly wrecked her career.,vụ bê bối suýt phá hỏng sự nghiệp của cô.
Tom found it hard to accept Mary's genuine affection for him.,Tom thấy khó chấp nhận tình cảm chân thật của Mary dành cho mình.
Don't neglect to carry an umbrella.,Đừng quên mang theo một chiếc ô.
We should play by the rules,chúng ta nên chơi theo luật
"Tom was supposed to be here, I thought.",Tôi đã nghĩ Tom lẽ ra phải ở đây.
There's no telling what'll happen.,không biết chuyện gì sẽ xảy ra
Thirty seconds are all you have.,Ba mươi giây là tất cả những gì bạn có.
It's been put to the test by us.,Chúng tôi đã đưa nó vào thử nghiệm.
He forgot where he put his jacket.,Anh ấy quên mất mình đã để áo khoác ở đâu.
I cherish my metropolis.,Tôi trân trọng thành phố lớn của mình.
He underscored the significance of the issue.,Ông ấy nhấn mạnh tầm quan trọng của vấn đề.
We couldn't stop it,chúng ta không thể ngăn chặn nó
Tom pulled out a picture of his girlfriend for me to look at.,Tom đã lấy ra một bức ảnh bạn gái của anh ấy để tôi xem.
My hobbies are fishing and watching television,sở thích của tôi là câu cá và xem tivi
I will listen,tôi sẽ lắng nghe
I didn't catch one single fish,tôi đã không bắt được một con cá
Tom said you were good at skiing.,Tom nói bạn rất giỏi trượt tuyết.
Is Tom in surgery?,Là tom trong phẫu thuật?
"No, my name is not Maria. My name is Teresa","không, tên tôi không phải là maria tôi tên là teresa"
I went through an operation in the summer of last year.,Tôi đã trải qua một cuộc phẫu thuật vào mùa hè năm ngoái.
I had no idea you could cook.,Tôi không hề biết bạn có thể nấu ăn.
It was done by me moments ago.,Nó đã được tôi thực hiện cách đây vài khoảnh khắc.
I think you're right not to let Tom go.,Tôi nghĩ bạn đúng khi không để tom đi.
There are a few things I need to ask about.,Có một vài điều tôi cần hỏi.
I'm not cut out for all this.,Tôi không cắt ra cho tất cả điều này.
There are a lot of new buildings here now.,có rất nhiều tòa nhà mới ở đây
The wooden chair costs sixty libras.,Chiếc ghế gỗ có giá sáu mươi libras.
Tom jumped off the roof.,tom nhảy ra khỏi mái nhà.
His quick temper will get him in trouble one day.,một ngày nóng nảy sẽ khiến anh gặp rắc rối.
How are we going to get there?,chúng ta sẽ đi tới đó như thế nào?
Stop yelling. My head hurts,đừng la hét. đầu tôi đau
I had no difficulty resolving the issue.,Tôi không gặp khó khăn gì khi giải quyết vấn đề đó.
That's Tom's car.,đó là xe của tom.
Have you ever had a problem similar to this?,Bạn đã bao giờ có một vấn đề tương tự như thế này?
I also requested some chips.,Tôi cũng đã yêu cầu một ít khoai tây chiên.
"You're in trouble again, aren't you?",bạn lại gặp rắc rối phải không?
The frost did a lot of damage to the crops.,sương giá đã làm thiệt hại rất nhiều cho mùa màng.
Honesty does not always pay. Such is the way of the world.,sự trung thực không phải lúc nào cũng trả tiền. đó là cách của thế giới
I'm holding a few donuts.,Tôi đang giữ vài cái bánh rán.
Can you please open this door for me?,bạn có thể vui lòng mở cánh cửa này cho tôi?
I ate nothing but bread and butter,tôi không ăn gì ngoài bánh mì và bơ
I attended the meeting yesterday,tôi đã tham dự cuộc họp ngày hôm qua
I couldn't get that song out of my mind,tôi không thể lấy bài hát đó ra khỏi tâm trí
It is not easy to distinguish good from evil.,không dễ để phân biệt thiện và ác.
It's starting to rain,trời bắt đầu mưa
They had heard that he was a very honest man,họ đã nghe nói rằng anh ta là một người rất trung thực
The new tunnel is twice as long as the old one,đường hầm mới dài gấp đôi đường hầm cũ
I'm dead set against the plan,tôi đã chết với kế hoạch
No need to fret; I won't disclose it to a soul.,Không cần lo lắng; tôi sẽ không tiết lộ điều đó với bất kỳ ai.
Tom has reached a considerable age.,Tom đã đạt đến một độ tuổi đáng kể.
Remain in your seats with your seat belts fastened,vẫn ngồi yên với dây an toàn của bạn
Tom's friendly manner deceived us,cách thân thiện của tom đã lừa dối chúng tôi
He wants to go to the United States.,anh ấy muốn đi đến các quốc gia thống nhất.
The knife punctured his lung,con dao đâm thủng phổi anh
He ate everything that was on his plate,anh ấy ăn mọi thứ trên đĩa
He made a journey to Paris.,anh ấy thực hiện một hành trình đến paris.
Do you consider Tom to be unethical?,Bạn có coi Tom là người vô đạo đức không?
That's an easy one,đó là một điều dễ dàng
I know the reason you said that,tôi biết lý do bạn nói vậy
I'm feeling much better,tôi cảm thấy tốt hơn nhiều
Come here at once,đến đây một lần
Tom certainly looks like he wants to start a fight.,Tom chắc chắn trông giống như anh ấy muốn bắt đầu một cuộc chiến.
So what's the big mystery?,Vậy bí ẩn lớn là gì?
We were made to stand in line,chúng tôi đã được thực hiện để đứng trong dòng
There was complete agreement among them.,Giữa họ có sự đồng ý hoàn toàn.
Which mode of transport do you prefer: train or bus?,Bạn thích phương tiện di chuyển nào hơn: tàu hỏa hay xe buýt?
Those apples I received from him were very tasty.,Mấy quả táo tôi nhận được từ anh ấy rất ngon.
Formalize your question on paper.,Hãy chính thức hóa câu hỏi của bạn trên giấy.
What's your weekly school attendance?,Mỗi tuần bạn đi học mấy ngày?
"Please send this parcel for me, will you?",Xin hãy gửi bưu kiện này giúp tôi nhé?
Who wants to go?,Ai muốn đi?
You must grasp certain concepts.,Bạn phải nắm bắt một số khái niệm nhất định.
She examined the house from various angles.,Cô ấy kiểm tra ngôi nhà từ nhiều góc độ khác nhau.
One is all it takes,một là tất cả những gì nó cần
I love pandas.,tôi yêu gấu trúc
She has caught up with you in every respect,cô ấy đã bắt kịp bạn trong mọi khía cạnh
Can we stop?,chúng ta có thể dừng lại không?
Refer to your dictionary for those new words.,Hãy tham khảo từ điển của bạn cho những từ mới đó.
You can use this ticket for up to two days after you buy it.,Bạn có thể sử dụng vé này trong tối đa hai ngày sau khi mua.
The bank needs a check for the exact amount,ngân hàng cần kiểm tra số tiền chính xác
Mary promised to do her schoolwork.,Mary đã hứa sẽ làm bài tập ở trường của cô ấy.
Exploring foreign lands is quite fascinating.,Khám phá các vùng đất nước ngoài khá hấp dẫn.
Tom lied to you.,tom nói dối bạn
He picked out the best book.,Anh chọn ra cuốn sách hay nhất.
I doubt that would appeal to you.,Tôi nghi ngờ điều đó sẽ hấp dẫn bạn.
I'm grateful for that,tôi biết ơn vì điều đó
They know about it,họ biết về nó
I've had a lot on my plate.,Tôi đã có rất nhiều việc phải làm.
"It may seem like just a little thing to you, but Tom is really worried about the whole thing.","nó có vẻ như chỉ là một điều nhỏ với bạn, nhưng tom thực sự lo lắng về tất cả mọi thứ."
Some parents complained about the nude pictures in their children's textbooks.,Một số phụ huynh phàn nàn về những bức ảnh khỏa thân trong sách giáo khoa của con họ.
He looked as if he had not eaten for days.,Anh ta trông như thể không ăn gì trong nhiều ngày.
She knew better than to believe him.,Cô biết rõ hơn là tin anh.
Following traditions and rites is something he truly appreciates.,Tuân theo các truyền thống và nghi thức là điều anh ấy thực sự trân trọng.
Would it be best if I waited for you right here?,Sẽ tốt nhất nếu tôi đợi bạn ngay tại đây chứ?
I can't remember everyone.,tôi không thể nhớ tất cả mọi người
I yelled at the peak of my voice.,Tôi đã hét lên hết cỡ.
Are you aware of its whereabouts?,Bạn có biết nó đang ở đâu không?
Who is to blame?,ai là người có lỗi
The music's volume was decreased by Tom.,Âm lượng nhạc đã được Tom giảm xuống.
"I am lost. Can you help me, please?",tôi bị lạc Bạn co thể giup tôi được không?
When was the last time you baked a cake?,Lần cuối bạn nướng bánh là khi nào?
Time is something I lack.,Thời gian là thứ tôi thiếu.
The house was full of colorful art objects.,Ngôi nhà đầy những đồ vật nghệ thuật đầy màu sắc.
I got a lift to school from Tom.,Tom đã đưa tôi đi học.
We threw them away,chúng tôi đã ném chúng đi
The policeman chased the robber,viên cảnh sát đuổi theo tên cướp
You are mistaken about that.,bạn đang nhầm về điều đó
I won't be here long,tôi sẽ không ở đây lâu
Is there a reason she couldn't make it?,Có lý do gì mà cô ấy không thể đến không?
Tom made an error in borrowing Mary's automobile.,Tom đã mắc lỗi khi mượn ô tô của Mary.
The exact details of what occurred are still vague to us.,Chi tiết chính xác về những gì đã xảy ra vẫn còn mơ hồ đối với chúng tôi.
I really liked talking to Tom,tôi rất thích nói chuyện với tom
I'm working on restoring my stability.,Tôi đang nỗ lực khôi phục sự ổn định của mình.
We cannot overstate the importance of our meeting with Tom.,Chúng ta không thể đánh giá thấp tầm quan trọng của cuộc gặp với Tom.
The wallet included that picture.,Chiếc ví đó có kèm theo bức ảnh.
The travelers explored the various retail outlets.,Những người đi du lịch đã khám phá các cửa hàng bán lẻ khác nhau.
The bottle Tom was holding had a purple label,Cái chai tom đang cầm có một nhãn màu tím
My decision was to join a tennis organization.,Quyết định của tôi là tham gia một tổ chức quần vợt.
You all might want to sit down,tất cả các bạn có thể muốn ngồi xuống
You can wear my scarf as long as you don't spill anything on it.,bạn có thể đeo khăn của tôi miễn là bạn không làm đổ bất cứ thứ gì lên nó.
Tom came back from Australia.,tom trở về từ Úc.
The photograph brought back memories of my childhood.,bức ảnh mang lại những kỷ niệm thời thơ ấu của tôi.
Tom doesn't want me to see what he's doing,Tom không muốn tôi xem anh ấy đang làm gì
It seems you're not hearing me out.,Có vẻ như bạn không lắng nghe tôi.
He isn't able to buy a car.,anh ta không thể mua một chiếc xe hơi.
A bench served as a seat for Tom and Mary.,Một chiếc ghế dài là chỗ ngồi cho Tom và Mary.
I remember my childhood well,tôi nhớ rất rõ tuổi thơ của tôi
Everybody started cheering,mọi người bắt đầu cổ vũ
Few people know how to do it.,ít người biết làm thế nào
I believe in miracles,tôi tin vào phép màu
Tom is not strong at all.,Tom hoàn toàn không mạnh mẽ.
Can't you do something about that?,bạn không thể làm gì đó về điều đó?
Don't ever give up,đừng bao giờ bỏ cuộc
Can you extend a special 5% discount to us for fifty product quantities?,Bạn có thể áp dụng mức chiết khấu đặc biệt 5% cho chúng tôi khi mua năm mươi số lượng sản phẩm không?
She was tempted to come with me.,cô ấy đã cố gắng đi cùng tôi
Is this automobile yours?,Chiếc ô tô này là của bạn à?
We split up.,chúng tôi chia tay.
Tell Tom to get away from me.,Nói Tom hãy tránh xa tôi ra.
I'm not interested in the tea ceremony or flower arranging.,Tôi không quan tâm đến trà đạo hay cắm hoa.
Tom didn't have time to watch the TV program he wanted to watch,Tom không có thời gian để xem chương trình truyền hình mà anh ấy muốn xem
Tom poured himself something to drink.,tom rót cho mình thứ gì đó để uống.
Could you explain why you're so displeased with him?,Bạn có thể giải thích tại sao bạn lại không hài lòng với anh ấy đến vậy không?
How did you know Tom would do that?,Làm thế nào bạn biết tom sẽ làm điều đó?
It occurred to me that he might have told a lie,Nó xảy ra với tôi rằng anh ta có thể đã nói dối
I do want to go with you.,tôi muốn đi với bạn
Do you really want to know what happened?,Bạn có thực sự muốn biết những gì đã xảy ra?
My hands are all I need to tear you limb from limb.,Tôi chỉ cần đôi tay để xé bạn ra từng mảnh.
Perhaps you could assist Tom?,Có lẽ bạn có thể giúp Tom?
Tom says he's really sorry,tom nói anh ấy thực sự xin lỗi
My desire is for that to be the reality.,Mong muốn của tôi là điều đó trở thành hiện thực.
My belief in it was unwavering.,Niềm tin của tôi vào nó không hề lay chuyển.
I buy stationery in bulk.,tôi mua văn phòng phẩm với số lượng lớn.
I desire to have this account formally ended.,Tôi mong muốn tài khoản này được chính thức chấm dứt.
Tom wasn't satisfied with the pay he was getting.,Tom không hài lòng với mức lương mà anh ta nhận được.
I couldn't find my keys.,tôi không thể tìm thấy chìa khóa của mình
"Don't tell the others, OK?","đừng nói với những người khác, được chứ?"
Mr. Johnson's room was a large one,Ông. phòng của John là một phòng lớn
Each human being is unique in their own way.,Mỗi con người đều độc đáo theo cách riêng của mình.
It would be wise to deal with your personal responsibilities.,Sẽ khôn ngoan nếu bạn giải quyết các trách nhiệm cá nhân của mình.
Tom is my neighbor.,tom là hàng xóm của tôi
Tom recognized it.,tom nhận ra nó.
It was beyond my expectations for you to arrive today.,Việc bạn đến hôm nay vượt quá mong đợi của tôi.
Tom waited for Mary to come back,tom đợi mary trở lại
I'm not a good liar,tôi không phải là một kẻ nói dối tốt
Who are you quarreling with?,bạn đang cãi nhau với ai
I regret to inform you that your application has been refused.,tôi rất tiếc phải thông báo cho bạn rằng ứng dụng của bạn đã bị từ chối.
She keeps track of all her expenditures.,Cô ấy theo dõi tất cả các khoản chi tiêu của mình.
I didn't expect them to come.,Tôi đã không mong họ sẽ đến.
Did he hit you?,anh ta có đánh bạn không
I finished it moments ago.,Tôi đã làm xong nó vài khoảnh khắc trước.
We came here to build a new town,chúng tôi đến đây để xây dựng một thị trấn mới
You should call your lawyer,bạn nên gọi luật sư của bạn
We ought to proceed with care.,Chúng ta nên tiến hành một cách cẩn thận.
Tom has given me some tips,tom đã cho tôi một số lời khuyên
It's been ages since he last wrote them.,Đã rất lâu rồi kể từ lần cuối anh ấy viết thư cho họ.
They quietly asked to be served,họ lặng lẽ yêu cầu được phục vụ
It's going to make things even more difficult.,Nó sẽ làm mọi thứ trở nên khó khăn hơn.
Tom was dishonest with you.,Tom đã không trung thực với bạn.
No other night in my life was as bad as that.,Không có đêm nào khác trong đời tôi tệ như đêm đó.
Tom's aura is palpable to me.,Hào quang của Tom có thể cảm nhận được đối với tôi.
Tom is with a client,tom là với một khách hàng
We wish to avoid causing any difficulties.,Chúng tôi muốn tránh gây ra bất kỳ khó khăn nào.
Let's switch sides,hãy đổi bên
You should also listen to the other side,bạn cũng nên lắng nghe phía bên kia
Tom borrowed three hundred dollars from me.,tom mượn ba trăm đô la từ tôi.
The lights were switched off by her.,Đèn đã được cô ấy tắt.
Tom mentioned his assumption that Mary continued to live with her folks.,Tom đã đề cập đến giả định của anh ấy rằng Mary tiếp tục sống với bố mẹ cô ấy.
He didn't say a word about it,anh ấy đã không nói một lời về nó
Kindly provide me with details concerning your project.,Vui lòng cung cấp cho tôi thông tin chi tiết về dự án của bạn.
I'll go talk to Tom right now.,Tôi sẽ đi nói chuyện với tom ngay bây giờ.
I don't anticipate that you would grasp this.,Tôi không mong đợi bạn sẽ hiểu được điều này.
Tom intends to make his way back to Boston.,Tom dự định trở về Boston.
It didn't occur to Tom that Mary was so exhausted.,Tom đã không nhận ra rằng Mary lại mệt mỏi đến thế.
I could easily dismantle you using just my hands.,Tôi có thể dễ dàng xé bạn ra chỉ bằng đôi tay.
The summer vacation is over.,kỳ nghỉ hè đã qua.
Tom told Mary he needed her help.,Tom nói với mary anh cần cô giúp đỡ.
Would you please step back?,bạn vui lòng lùi lại
You need to come quickly.,bạn cần phải đến nhanh
I believe there is a problem.,Tôi tin rằng có một vấn đề.
I didn't ask to be chosen,tôi đã không yêu cầu được chọn
Today is the anniversary of his death.,hôm nay là ngày giỗ của ông.
Artists are highly respected in France.,nghệ sĩ rất được tôn trọng ở Pháp.
Translate the passage word for word.,dịch từ thông qua cho từ.
You'll have to ask Tom about that. I don't know.,bạn sẽ phải hỏi tom về điều đó. tôi không biết.
Mary did it under duress from Tom.,Mary đã làm điều đó dưới sự ép buộc từ Tom.
The wind and rain adversely affected our walk.,Gió và mưa đã ảnh hưởng xấu đến chuyến đi bộ của chúng tôi.
Allow me to inspect it.,Hãy để tôi xem xét nó.
She can handle it.,cô ấy có thể xử lý nó.
We really enjoyed ourselves,Chúng tôi thực sự rất thích bản thân
"The British troops fought hard, but could not stop the Germans","quân đội Anh đã chiến đấu hết mình, nhưng không thể ngăn chặn được người Đức"
He concentrated on his studies,anh ấy tập trung vào việc học
She had the courage to say it,cô ấy đã can đảm nói điều đó
I didn't shed any tears.,Tôi đã không rơi một giọt nước mắt nào.
You don't have to do this alone,bạn không phải làm điều này một mình
My purpose in coming here was to inform you I won't be at the meeting this week.,Mục đích tôi đến đây là để thông báo với bạn rằng tôi sẽ không có mặt tại cuộc họp tuần này.
The stadium was packed with people.,Sân vận động chật kín người.
My purpose in coming here was to let you know I'll be absent from this week's session.,Mục đích tôi đến đây là để cho bạn biết tôi sẽ vắng mặt trong buổi họp tuần này.
Tom was my master; I was his trainee.,Tom là thầy của tôi; tôi là người học việc của anh ấy.
The teachers assembled their classes in the gymnasium,các giáo viên tập hợp các lớp học của họ trong nhà thi đấu
It's worth a fortune.,nó đáng giá cả gia tài
This is not funny,điều này không vui
You have met everyone here.,Bạn đã gặp tất cả mọi người ở đây.
Don't be afraid of seeing the doctor,đừng sợ gặp bác sĩ
We looked at our old yearbook pictures.,chúng tôi nhìn vào hình ảnh kỷ yếu cũ của chúng tôi.
I believe this is not worth thirty dollars.,Tôi tin rằng cái này không đáng giá ba mươi đô la.
Kindly inform Tom of all the details we wish him to learn.,Vui lòng thông báo cho Tom tất cả các chi tiết chúng tôi muốn anh ấy biết.
They are very kind to me.,họ rất tử tế với tôi
Tom was reading a letter written in French,tom đang đọc một lá thư viết bằng tiếng Pháp
Tom and Mary sat on a park bench and talked for hours.,Tom và mary ngồi trên ghế đá công viên và nói chuyện hàng giờ.
I want to go abroad someday.,Tôi muốn đi ra nước ngoài một ngày nào đó.
He is nothing but a minor composer,ông không là gì ngoài một nhà soạn nhạc nhỏ
You've got my help if you need it,bạn đã có sự giúp đỡ của tôi nếu bạn cần nó
Don't worry. We're not going to leave you.,đừng lo lắng chúng tôi sẽ không rời xa bạn
Is this how you want to live the rest of your life?,đây có phải là cách bạn muốn sống phần còn lại của cuộc đời?
Their patience for waiting ran out.,Sự kiên nhẫn của họ đối với việc chờ đợi đã cạn kiệt.
"I purchased this atlas for 2,000 yen.",Tôi đã mua tập bản đồ này với giá 2.000 yên.
They'll be married quickly.,Họ sẽ kết hôn nhanh chóng thôi.
The trees were full of birds,cây cối đầy chim
Do you remember your first kiss?,Cậu có nhớ nụ hôn đầu của cậu không?
He's not an idiot,anh ấy không phải là một thằng ngốc
The boss thinks I don't measure up to the job's requirements.,Ông chủ nghĩ rằng tôi không đáp ứng được yêu cầu của công việc.
It was less than fifty dollars.,nó chưa đến năm mươi đô la.
They stole my passport!,họ lấy trộm hộ chiếu của tôi!
She made a single visit to New York.,Cô ấy đã thực hiện một chuyến thăm duy nhất đến New York.
"I studied French a long time ago, but now all I remember is ""bonjour.""","tôi đã học tiếng Pháp từ lâu, nhưng bây giờ tất cả những gì tôi nhớ là ""bonjour."""
Are you planning on helping Tom?,bạn có kế hoạch giúp tom không?
I wish Tom had come to our party last night.,tôi ước tom đã đến bữa tiệc của chúng tôi đêm qua.
Is she at home?,cô ấy có ở nhà không?
A kiss from me to you would be fitting right now.,Một nụ hôn từ tôi dành cho bạn sẽ rất thích hợp ngay bây giờ.
"If that's true, then she's better than me",nếu đó là sự thật thì cô ấy tốt hơn tôi
He's always late for class.,anh ấy luôn đến lớp trễ.
He is hoping to entice her into doing what he wants,anh đang hy vọng lôi kéo cô làm những gì anh muốn
You can be sure that the money you give them will be put to good use.,bạn có thể chắc chắn rằng số tiền bạn cung cấp cho họ sẽ được sử dụng tốt.
I have a bad feeling about this,Tôi có một cảm giác xấu về việc này
I found it impossible to do the job in a day,tôi thấy không thể làm việc trong một ngày
Consider buying him some brand-new toys.,Hãy cân nhắc mua cho anh ấy vài món đồ chơi hoàn toàn mới.
"If I had had a little more money, I would have bought it","nếu tôi có thêm một ít tiền, tôi sẽ mua nó"
I brought you some ice cream,tôi đã mang cho bạn một ít kem
Tom was being questioned by the police in the next room,Tom đang bị cảnh sát thẩm vấn ở phòng bên cạnh
My intention is to deactivate the account.,Ý định của tôi là hủy kích hoạt tài khoản.
I'm trying to help Tom.,Tôi đang cố gắng giúp tom.
Tom handed Mary the keys.,Tom đưa mary chìa khóa.
I'm very busy this week.,tuần này tôi rất bận
Please make certain your seat belt is fastened,vui lòng đảm bảo dây an toàn của bạn được buộc chặt
I struggled to grasp the reality of what was happening.,Tôi đã rất khó khăn để nắm bắt thực tế những gì đang xảy ra.
Your requests will be fulfilled by me.,Những yêu cầu của bạn sẽ được tôi thực hiện.
Who's coming for supper?,Ai đến ăn tối?
There is a certain amount of truth in what he's saying.,có một sự thật nhất định trong những gì anh ấy nói.
I bought a box lunch at the station.,tôi đã mua một hộp ăn trưa tại nhà ga.
Tom is a huge baseball fan,tom là một fan hâm mộ bóng chày lớn
I suggest we inform Tom about what really happened.,Tôi đề nghị chúng ta nên thông báo cho Tom về những gì thực sự đã xảy ra.
Somebody killed Tom today,ai đó đã giết tom hôm nay
Tom used to be my number one friend back in my childhood.,Tom từng là người bạn số một của tôi trở lại thời thơ ấu.
My expectation was that Tom would be here.,Tôi đã kỳ vọng Tom sẽ có mặt tại đây.
Don't answer that phone,đừng trả lời điện thoại đó
We are leaving Japan tomorrow morning.,chúng ta sẽ rời Nhật Bản vào sáng mai
The vessel's sails were completely furled.,Các cánh buồm của con tàu đã được cuộn lại hoàn toàn.
Hurrying leads to mistakes being made.,vội vàng dẫn đến sai lầm đang được thực hiện.
The situation has been tough of late.,Tình hình gần đây đã trở nên khó khăn.
Tom has been dead for three years,tom đã chết được ba năm
He tends to shy away from anything that involves public speaking.,anh ấy có xu hướng né tránh mọi thứ liên quan đến việc nói trước công chúng.
He had the right idea,anh ấy đã có ý tưởng đúng
Tom and Mary reached the front door at the same time.,tom và mary đến cửa trước cùng một lúc.
I was going to tell you everything.,tôi sẽ nói với bạn mọi thứ.
I had a fender bender on my way to work.,tôi đã có một fender bender trên đường đi làm.
This sofa takes too much room.,ghế sofa này mất quá nhiều phòng.
I believe I'm running a temperature.,Tôi tin rằng mình đang bị sốt.
She arrived in Japan to pursue Japanese language studies.,Cô ấy đến Nhật Bản để theo đuổi việc học tiếng Nhật.
Tom didn't stop knocking loudly on the door.,Tom không ngừng gõ cửa ầm ĩ.
He's too smart to go there by himself.,Anh ấy đủ thông minh để không đi đến đó một mình.
I have no time for reading.,tôi không có thời gian để đọc
I shook hands with her,tôi bắt tay cô ấy
It's too difficult for me,nó quá khó đối với tôi
I almost forgot.,tôi gần như quên mất.
"Except for the weather, it was a great picnic","ngoại trừ thời tiết, đó là một chuyến dã ngoại tuyệt vời"
We'll go back to Boston together.,chúng ta sẽ quay trở lại boston cùng nhau.
I resolved to enroll in a tennis club.,Tôi đã quyết tâm đăng ký vào một câu lạc bộ quần vợt.
Tom is rather intoxicated at the moment.,Tom hiện tại khá say.
I'm sure Tom has told Mary what happened to John,Tôi chắc chắn tom đã nói với mary những gì đã xảy ra với john
His work on stage was highly successful.,Tác phẩm sân khấu của anh ấy đã rất thành công.
There is no cause for undue alarm,không có lý do cho báo động quá mức
Your time is up.,Thời gian của bạn đã hết.
The soda can was discarded by Tom into the waste bin.,Lon nước ngọt đã được Tom vứt vào thùng rác.
You were overconfident,bạn đã quá tự tin
She was a pioneer in this field.,cô ấy là người tiên phong trong lĩnh vực này.
"Ethnic minorities struggle against prejudice, poverty and so on","các dân tộc thiểu số đấu tranh chống lại định kiến, nghèo đói và như vậy"
It's clear Tom has no fondness for Mary.,Rõ ràng Tom không có thiện cảm với Mary.
He has acted wisely.,anh ấy đã hành động khôn ngoan.
We could talk now,chúng ta có thể nói chuyện bây giờ
A cry for help reached my ears.,Một tiếng kêu cứu đã vọng đến tai tôi.
Most people are considerably more intriguing than commonly perceived.,Hầu hết mọi người thú vị hơn đáng kể so với những gì thường được nhận thấy.
Could you tell me why you're here alone?,Bạn có thể cho tôi biết tại sao bạn lại ở đây một mình không?
They are on a tour of Kyoto's landmarks.,Họ đang trong chuyến tham quan các thắng cảnh của Kyoto.
A professional eye check-up is recommended for you.,Bạn nên đi khám mắt chuyên nghiệp.
Tom was incarcerated.,Tom đã bị tống giam.
The baby was sleeping in the cradle,em bé đang ngủ trong nôi
He arrived the day she left.,Anh đến vào ngày cô rời đi.
The doctor told Tom that he should try to get more sleep,Bác sĩ nói với tom rằng anh nên cố gắng ngủ nhiều hơn
I am currently receiving medical attention.,Hiện tại tôi đang được điều trị y tế.
The ice watered down the juice,nước đá chảy xuống
I haven't yet been told how much they are willing to pay,tôi chưa được cho biết họ sẵn sàng trả bao nhiêu
I've been in New York once.,Tôi đã từng ở new york một lần.
Fancy seeing a movie in my company?,Bạn có muốn đi xem phim cùng tôi không?
Is there any bank around that offers yen to dollar currency exchange?,Có ngân hàng nào quanh đây cung cấp dịch vụ đổi tiền yên sang đô la không?
Mother was busy getting ready for dinner,mẹ đang bận chuẩn bị cho bữa tối
I really enjoyed myself.,tôi thực sự rất thích bản thân mình.
I still have a lot of time for fun,tôi vẫn còn nhiều thời gian để vui chơi
Our departure was imminent.,Việc khởi hành của chúng tôi là sắp xảy ra.
Her sons have gone to Tokyo,Các con trai của bà đã đi đến Tokyo
I'm ironing my handkerchiefs,tôi đang ủi khăn tay của tôi
It's very likely to rain tomorrow.,trời rất có khả năng mưa vào ngày mai.
I have to get changed for work,tôi phải thay đổi công việc
Just do what you're advised.,Cứ làm theo lời khuyên của bạn.
I don't want to hear that word.,tôi không muốn nghe từ đó
Last night was enjoyable for me.,Tối qua tôi đã có một buổi tối thú vị.
Most car accidents happen because drivers aren't paying attention.,hầu hết các vụ tai nạn xe hơi xảy ra vì lái xe không chú ý.
Everything there is artificial.,Mọi thứ ở đó đều là nhân tạo.
The birth dates of Tom and Mary coincide.,Ngày sinh của Tom và Mary trùng nhau.
I feel like kissing you at this very moment.,Tôi cảm thấy muốn hôn bạn ngay lúc này.
The deceased are laid to rest by Muslims in burial sites.,Người chết được người Hồi giáo an táng tại các địa điểm chôn cất.
You're upsetting Tom.,bạn đang làm phiền tom
I'm requesting to have my account closed.,Tôi yêu cầu đóng tài khoản của mình.
I'm capable of ripping you to shreds without any weapons.,Tôi có khả năng xé bạn thành từng mảnh mà không cần vũ khí.
Tom will take the 2:30 train.,tom sẽ đi tàu 2:30.
Can I find a bank to exchange my yen for US dollars?,Tôi có thể tìm một ngân hàng để đổi tiền yên lấy đô la Mỹ không?
How would you feel about seeing a film with me?,Bạn sẽ cảm thấy thế nào nếu đi xem phim cùng tôi?
We love trees,chúng tôi yêu cây
She meticulously logs all her purchases.,Cô ấy ghi chép cẩn thận tất cả các giao dịch mua hàng của mình.
You look remarkably better than me.,Trông bạn đẹp hơn tôi một cách đáng kể.
At what point in time did you acquire this structure?,Bạn đã mua công trình này vào thời điểm nào?
I stuck around for a while to see if anyone else would come,tôi loay hoay một lúc để xem có ai đến không
How many more of you are there?,bạn còn bao nhiêu nữa
Have you finished reading the book I lent you the other day?,bạn đã đọc xong cuốn sách tôi cho bạn mượn ngày khác chưa?
I was hoping we could still be friends.,tôi đã hy vọng chúng ta vẫn có thể là bạn bè.
We ought to be more interested in environmental issues.,chúng ta nên quan tâm nhiều hơn đến các vấn đề môi trường.
Prepare to die,chuẩn bị để chết
Can you tell me which button to press?,bạn có thể cho tôi biết nút nào để nhấn?
Every morning she helps her mother to prepare breakfast in the kitchen,"Mỗi sáng, mẹ giúp mẹ chuẩn bị bữa sáng trong bếp."
Let's sing a happy song,hãy hát một bài hát vui vẻ
I'm not in the mood anymore.,Tôi không còn tâm trạng nữa.
It seems to me that revealing the truth to Tom is the right course of action.,"Đối với tôi, tiết lộ sự thật cho Tom là hành động đúng đắn."
I'll call you if I require your assistance,tôi sẽ gọi cho bạn nếu tôi cần sự giúp đỡ của bạn
My dog was very large.,Con chó của tôi rất to.
Peige is the person who will finish the work.,peige là người sẽ hoàn thành công việc.
We will have to postpone the game.,chúng tôi sẽ phải hoãn trò chơi
Isn't it true you're very clumsy?,Không phải bạn rất vụng về sao?
You're temperamental.,bạn là người nóng tính.
I could have been happy if Tom had stayed.,tôi có thể hạnh phúc nếu tom ở lại.
We can't guarantee that.,chúng tôi không thể đảm bảo điều đó.
I reckon you'd come to regret that.,Tôi cho rằng bạn sẽ phải hối hận về điều đó.
I'm not going to argue with you.,Tôi sẽ không tranh luận với bạn.
What do Japanese students usually eat for lunch?,Sinh viên Nhật thường ăn gì vào bữa trưa?
We look up to Tom as our leader,chúng tôi trông đợi tom là người lãnh đạo của chúng tôi
He taught me how to swim,anh ấy dạy tôi bơi
The apples he sent my way tasted wonderful.,Những quả táo anh ấy gửi cho tôi có vị tuyệt vời.
I didn't believe they would arrive.,Tôi không tin họ sẽ đến.
Can I sit with you?,tôi có thể ngồi với bạn chứ?
The hinges are really squeaky.  Could you oil them please?,bản lề rất khó chịu bạn có thể dầu họ xin vui lòng?
She tore a hole in her dress,cô ấy xé một lỗ trên váy
I can't help thinking what Tom would say if he saw me doing this.,Tôi không thể không nghĩ tom sẽ nói gì nếu anh ấy thấy tôi làm điều này.
Do one thing at a time.,làm một việc tại một thời điểm
Tom will be asked by me to bring you some sustenance.,Tom sẽ được tôi yêu cầu mang cho bạn một ít thức ăn.
I only perform tasks for which I receive payment.,Tôi chỉ thực hiện những công việc mà tôi được trả tiền.
No obstacle will deter them from reaching their political aims.,Không trở ngại nào sẽ ngăn cản họ đạt được mục tiêu chính trị của mình.
Can you stay for a bit?,bạn có thể ở lại một chút không?
What's all that about?,Tất cả những thứ đó là về cái gì?
Are you going away this summer?,bạn sẽ đi đâu hè này?
Boston is where Tom intends to go again.,Boston là nơi Tom dự định quay lại.
He used to try very hard to get straight As,anh ấy đã rất cố gắng để đi thẳng
How many guards were there?,Có bao nhiêu lính canh ở đó?
Their swimming speed is remarkably high.,Tốc độ bơi của chúng rất cao.
Could you elaborate on your project?,Bạn có thể nói rõ hơn về dự án của mình không?
Everything's ruined.,mọi thứ đều bị hủy hoại
That is the shop where I used to work.,đó là cửa hàng nơi tôi từng làm việc
He seems to be very fond of the student.,anh ấy có vẻ rất thích học sinh
Are you going back to the beach this afternoon?,chiều nay bạn có quay lại bãi biển không?
It got the job done.,Nó đã hoàn thành công việc.
The police officers arrested the burglar.,Các sĩ quan cảnh sát đã bắt giữ tên trộm.
I forgot about your impressive golf game.,Tôi đã quên mất về màn chơi golf ấn tượng của bạn.
She tried to get whatever she wanted.,cô đã cố gắng để có được bất cứ điều gì cô muốn.
Tom picked some berries and ate them.,tom chọn một số quả mọng và ăn chúng.
The man died a few hours ago,người đàn ông đã chết cách đây vài giờ
Our movement is not very swift.,Sự di chuyển của chúng tôi không mấy nhanh chóng.
Let's pray.,hãy cầu nguyện nào.
Tom won't eat anything I give him.,Tom sẽ không ăn bất cứ thứ gì tôi đưa cho anh ta.
Yes. That's right.,Đúng. đúng rồi.
Where exactly were you during the previous night?,Bạn chính xác đã ở đâu trong đêm hôm trước?
You are a patient woman,bạn là một người phụ nữ kiên nhẫn
What is the final stop for this boat?,Điểm dừng cuối cùng của con thuyền này là gì?
"When we are away from home, nothing gives us more pleasure than to receive a parcel from home","khi chúng tôi vắng nhà, không có gì mang lại cho chúng tôi nhiều niềm vui hơn là nhận được một bưu kiện từ nhà"
He was well past his youth.,Ông ấy đã qua thời tuổi trẻ từ lâu.
Could we have a conversation about something?,Chúng ta có thể nói chuyện về một điều gì đó được không?
We need another day to finish this job,chúng ta cần một ngày nữa để hoàn thành công việc này
Let's eat lunch outside,chúng ta hãy ăn trưa bên ngoài
"At about the same time, Tom was in his room studying","cùng lúc đó, tom đang ở trong phòng học"
He'll reappear promptly.,Anh ấy sẽ xuất hiện lại ngay.
He came home late last night.,Anh về nhà tối qua.
It didn't work out,nó không thành công
He made a substantial financial contribution.,Anh ấy đã đóng góp tài chính đáng kể.
You have no time remaining.,Bạn không còn thời gian.
He gave particular importance to the issue.,Ông ấy đã đặc biệt coi trọng vấn đề này.
Today's TV programming is uninteresting.,Chương trình TV hôm nay thật tẻ nhạt.
I spoke to the actress herself,tôi đã nói chuyện với chính nữ diễn viên
I anticipated Tom's arrival.,Tôi đã dự đoán Tom sẽ đến.
The increase in juvenile delinquency is a serious problem,sự gia tăng tội phạm vị thành niên là một vấn đề nghiêm trọng
We can't pull this off without Tom.,chúng ta không thể thực hiện điều này mà không có tom.
The boy was searching for the lost key.,Cậu bé đang tìm chìa khóa bị mất.
I never thought that would happen.,tôi không bao giờ nghĩ rằng điều đó sẽ xảy ra.
Would you like to debate this topic?,Bạn có muốn tranh luận về chủ đề này không?
The enemy carried out extensive bombing on the factory.,Kẻ thù đã thực hiện các cuộc ném bom quy mô lớn vào nhà máy.
Tom went missing,tom mất tích
We love this.,chúng tôi thích điều này
Is the chairman going to resign?,Chủ tịch sẽ từ chức?
I'm pretty sure I remember the procedure.,Tôi khá chắc chắn rằng tôi nhớ quy trình.
We're unrelated.,chúng tôi không liên quan.
She is far better today than yesterday,hôm nay cô ấy tốt hơn hôm qua
Can't you see I'm busy?,bạn không thấy tôi bận à
Bacteria are everywhere,vi khuẩn ở khắp mọi nơi
"Do you swim very fast, too?",bạn cũng bơi rất nhanh phải không?
Are you free for a moment?,Bạn có rảnh một chút không?
You don't have to sit with me.,bạn không cần phải ngồi với tôi.
You should try to break yourself of that habit.,Bạn nên cố gắng từ bỏ thói quen đó.
Who's the person Tom went to Boston to help?,Ai là người tom đến boston để giúp đỡ?
I'll ensure you receive what you need.,Tôi sẽ đảm bảo bạn nhận được những gì bạn cần.
She dwelled on the matter for a long time,cô ấy suy nghĩ về vấn đề này trong một thời gian dài
He was tired so he went to bed,anh mệt nên đi ngủ
Thank you very much for inviting me.,cảm ơn bạn rất nhiều vì đã mời tôi
She works in marketing,cô ấy làm công việc tiếp thị
We need to deal with the problem before it gets any worse,chúng ta cần phải giải quyết vấn đề trước khi nó trở nên tồi tệ hơn
I'm not expecting anyone,tôi không mong đợi ai
He intends to visit the farm on Sunday,anh dự định đến thăm trang trại vào chủ nhật
Tom doesn't know what Mary expects from him,Tom không biết mary mong đợi gì ở anh ta
Tom put the cork back into the wine bottle.,tom đặt nút chai trở lại vào chai rượu.
We'll start,chúng ta sẽ bắt đầu
Many of us possess more intrigue than society realizes.,Nhiều người trong chúng ta có nhiều điều hấp dẫn hơn xã hội nhận ra.
It rained for a week.,trời mưa suốt một tuần.
Does this dress make me look fat?,cái váy này có làm tôi trông mập không?
His ideas are up to date.,ý tưởng của ông được cập nhật.
We should tell the others as soon as possible,chúng ta nên nói với những người khác càng sớm càng tốt
I have carried this out previously.,Tôi đã thực hiện việc này trước đây.
My desire is to remain indoors and rest throughout the day.,Mong muốn của tôi là ở trong nhà và nghỉ ngơi suốt cả ngày.
He must find work,anh ấy phải tìm việc
Don't stop until I tell you,đừng dừng lại cho đến khi tôi nói với bạn
He eats too much,anh ấy ăn quá nhiều
He sent about 2.2 billion spam emails over a period of around one and a half years.,"ông đã gửi khoảng 2,2 tỷ email spam trong khoảng thời gian khoảng một năm rưỡi."
Our true interestingness is largely underestimated by the world.,Sự thú vị thực sự của chúng ta phần lớn bị thế giới đánh giá thấp.
She maintains a list of everything she purchases.,Cô ấy duy trì một danh sách mọi thứ cô ấy mua.
That photo was part of the wallet's contents.,Bức ảnh đó là một phần nội dung của chiếc ví.
"If you do come up with something, let me know","nếu bạn nghĩ ra cái gì đó, hãy cho tôi biết"
My apologies for the delay. It will not reoccur.,Tôi xin lỗi vì sự chậm trễ. Nó sẽ không tái diễn.
Keep your eyes shut.,Hãy giữ mắt bạn nhắm.
Tom cut through the parking lot,tom cắt qua bãi đậu xe
That knife doesn't belong to you.,Con dao đó không phải của bạn.
I possess the strength to tear you limb from limb without weapons.,Tôi có đủ sức mạnh để xé bạn ra từng mảnh mà không cần vũ khí.
What's your schedule like tomorrow?,lịch trình của bạn như thế nào vào ngày mai?
Tom is the only member of the baseball team that Mary knows,tom là thành viên duy nhất của đội bóng chày mà mary biết
I thought Tom would be valuable to you.,Tôi nghĩ tom sẽ có giá trị với bạn.
That's no big deal,đó không phải là vấn đề lớn
I have no place to sleep tonight,tối nay tôi không có chỗ ngủ
Tom has been giving me a hard time,tom đã cho tôi một thời gian khó khăn
I don't like the house he lives in,tôi không thích ngôi nhà anh ấy sống
The problem presented no challenge for me to resolve.,Vấn đề này không gây ra bất kỳ thách thức nào để tôi giải quyết.
The store was closed.,Cửa hàng đã đóng cửa.
They stored the vintage harp downstairs in the basement.,Họ đã cất cây đàn hạc cổ điển ở tầng dưới trong tầng hầm.
You won't have any trouble finding a place to live.,bạn sẽ không gặp khó khăn gì trong việc tìm nơi ở.
You can finish your essay now,bạn có thể hoàn thành bài luận của bạn bây giờ
It is a payday today,hôm nay là ngày trả lương
You and I have unfinished business.,bạn và tôi có việc chưa hoàn thành
The teacher and I sat face to face.,Cô giáo và tôi ngồi đối mặt.
I'm glad you're okay.,Tôi rất vui vì bạn ổn.
We didn't know you were there.,chúng tôi không biết bạn đã ở đó.
The unusual aspects of your personality might be seen as endearing or tiresome.,Những khía cạnh bất thường trong tính cách của bạn có thể được xem là đáng yêu hoặc mệt mỏi.
Tourists meandered from one shop to another.,Khách du lịch đi lang thang từ cửa hàng này sang cửa hàng khác.
Tom is obviously shaken.,Tom rõ ràng là bị lung lay.
I've been asked to help out.,Tôi đã được yêu cầu giúp đỡ.
She came close to drowning.,Cô đến gần chết đuối.
It's not our aim to make any disturbance.,Mục đích của chúng tôi không phải là gây ra bất kỳ sự xáo trộn nào.
I'm getting divorced,tôi sắp ly hôn
"Before long, she came into my room.","Không lâu sau, cô ấy vào phòng tôi."
Tom got into a fight with the people who were staring at him.,Tom đã đánh nhau với những người đang nhìn chằm chằm vào anh ta.
My little sister painted a picture of a snowman,em gái tôi vẽ một bức tranh về người tuyết
I haven't done anything wrong,tôi chưa làm gì sai
You don't witness that kind of thing very often.,Bạn không thường xuyên chứng kiến loại điều đó.
I'd be willing to help you for a couple of hours,Tôi sẽ sẵn sàng giúp bạn trong một vài giờ
My lack of prior acquaintance meant I couldn't identify him.,Việc tôi không quen biết anh ấy từ trước khiến tôi không thể nhận dạng anh ấy.
I believe we shouldn't delay.,Tôi tin rằng chúng ta không nên trì hoãn.
I expect you to be punctual.,tôi mong bạn đến đúng giờ
This song makes me happy,bài hát này làm tôi hạnh phúc
That is all I can tell you,đó là tất cả những gì tôi có thể nói với bạn
The children are going to the beach today,bọn trẻ đang đi biển hôm nay
Tom was probably pondering something,tom có lẽ đang cân nhắc điều gì đó
What've you done?,bạn đã làm gì
I want to kiss you immediately.,Tôi muốn hôn bạn ngay lập tức.
I spent the whole day playing with my kids,tôi đã dành cả ngày để chơi với những đứa trẻ của tôi
Why are we here?,tại sao chúng ta ở đây
I'm being fired because I've been late to work a lot.,Tôi bị sa thải vì tôi đã đi làm muộn rất nhiều.
Would you like me to call a taxi?,bạn có muốn tôi gọi taxi không
It was hot in the room,nó nóng trong phòng
Our meeting with Tom is paramount.,Cuộc gặp của chúng ta với Tom là tối quan trọng.
I'm not sure whether Tom heard it or not.,Tôi không chắc liệu tom có nghe thấy hay không.
I don't doubt that he's done it.,Tôi không nghi ngờ rằng anh ấy đã làm nó.
Students stand up when their teacher enters.,học sinh đứng dậy khi giáo viên của họ bước vào.
When was the last time you saw Tom ride a unicycle?,Lần cuối bạn nhìn thấy tom đi xe đạp là khi nào?
They went to the beach,họ đã đi đến bãi biển
Tom is in a lot of pain from his injuries.,Tom đang rất đau đớn vì những vết thương của mình.
"I had a couple of questions, but I didn't ask them.","tôi đã có một vài câu hỏi, nhưng tôi đã không hỏi họ."
He greeted his parents.,anh chào bố mẹ.
Tom reluctantly agreed to the proposal.,tom miễn cưỡng đồng ý với đề xuất.
He's now studying,anh ấy đang học
They'll be married in no time.,Họ sẽ cưới nhau trong chốc lát.
Tom told me he was thirty.,tom nói với tôi anh đã ba mươi.
Ellie loves that poet. She knows many of his poems by heart,ellie yêu nhà thơ đó. cô ấy biết rất nhiều bài thơ của anh ấy
I have a really good feeling about this.,tôi có một cảm giác thực sự tốt về điều này.
Tom comes from a good family.,tom đến từ một gia đình tốt.
Tom is being held hostage.,tom đang bị bắt làm con tin.
How did Tom manage to persuade you to do this?,Tom đã xoay sở thế nào để thuyết phục bạn làm điều này?
The baby ceased crying,em bé đã ngừng khóc
Wilson probably was correct about this.,wilson có lẽ đã đúng về điều này.
Have you gone through and opened each box?,Bạn đã kiểm tra và mở từng hộp chưa?
This is the major opportunity I've anticipated.,Đây là cơ hội lớn mà tôi đã mong đợi.
I like this overcoat. May I try it on?,tôi thích cái áo khoác này tôi có thể thử nó không?
Writing a popular novel allowed him to earn a significant amount of money.,Việc viết một cuốn tiểu thuyết ăn khách đã giúp ông kiếm được một khoản tiền lớn.
I was surprised at the discovery.,tôi đã rất ngạc nhiên khi phát hiện ra
It's my view that we shouldn't hold back.,Quan điểm của tôi là chúng ta không nên chần chừ.
"In my opinion, you're wrong","theo tôi, bạn đã sai"
We've got to figure this out,chúng ta phải tìm ra điều này
Have you told Tom where you want him to park his car?,bạn đã nói với tom nơi bạn muốn anh ấy đỗ xe chưa?
You could experience pain from it.,Bạn có thể trải qua cơn đau từ nó.
There was a lot to eat.,Có rất nhiều thứ để ăn.
Those who want to remain may do so.,những người muốn ở lại có thể làm như vậy.
"Obviously, there's to be some kind of mistake","rõ ràng, có một số sai lầm"
She is very afraid of the dark,cô ấy rất sợ bóng tối
Little did I dream that I would never see her again,Tôi đã mơ một chút rằng tôi sẽ không bao giờ gặp lại cô ấy
I wish to terminate this account.,Tôi muốn chấm dứt tài khoản này.
That's a bad day for me,đó là một ngày tồi tệ đối với tôi
She denied having taken part in the scheme.,cô phủ nhận đã tham gia chương trình này.
I'm thrilled to have met you by chance.,Tôi rất vui mừng khi vô tình gặp được bạn.
Tom feels like taking a walk.,Tom cảm thấy muốn đi bộ.
I'm afraid I have a prior engagement.,Tôi sợ rằng tôi đã đính hôn trước.
I don't even understand that,tôi thậm chí không hiểu điều đó
I can't tell how bad the damage is.,Tôi không thể nói mức độ thiệt hại là như thế nào.
You speak French very well. I wish I could speak it as well as you.,bạn nói tiếng Pháp rất tốt tôi ước tôi có thể nói nó tốt như bạn
Fred's foot struck a ball.,Chân của Fred đã chạm vào một quả bóng.
I abstain from both tobacco and alcohol.,Tôi kiêng cả thuốc lá và rượu.
How do you like your new job?,bạn thích công việc mới của bạn như thế nào
Tom isn't well today,hôm nay tom không tốt
Tom looks contrite.,tom có vẻ contrite.
Don't be a copycat,đừng là một kẻ bắt chước
He wanted to be woken up early by his wife,anh muốn được vợ đánh thức dậy sớm
I'd rather eat something simple.,Tôi thà ăn một cái gì đó đơn giản.
I said nothing about the matter.,tôi không nói gì về vấn đề này
Tom couldn't answer all of the questions.,Tom không thể trả lời tất cả các câu hỏi.
Your unique characteristics have the potential to make you appealing or monotonous.,Những đặc điểm độc đáo của bạn có tiềm năng khiến bạn trở nên hấp dẫn hoặc đơn điệu.
Tom looked like he wasn't happy with the way Mary was behaving.,Tom trông có vẻ không hài lòng với cách cư xử của mary.
She couldn't convince him to accept a personal check,cô không thể thuyết phục anh chấp nhận kiểm tra cá nhân
How about going to the movie?,Đi xem phim thì sao?
I'm giving you a second chance,tôi đang cho bạn cơ hội thứ hai
Tom is probably lying,tom có lẽ đang nói dối
He can speak Chinese a little,anh ấy có thể nói tiếng Trung Quốc một chút
What is one food that you could never give up?,một thực phẩm mà bạn không bao giờ có thể từ bỏ là gì?
You've never told us how you met Tom.,bạn chưa bao giờ nói với chúng tôi bạn đã gặp tom như thế nào.
You're not paying attention to my words.,Bạn không chú ý đến lời nói của tôi.
I'd like to strangle Tom.,Tôi muốn bóp cổ tom.
Mary's car shouldn't have been borrowed by Tom.,Xe của Mary đáng lẽ không nên bị Tom mượn.
I am familiar with performing this action.,Tôi quen thuộc với việc thực hiện hành động này.
That idea's not bad.,ý tưởng đó không tệ
Tom couldn't tell one twin from the other.,Tom không thể nói một cặp từ người kia.
Ken got on the wrong bus in error.,Ken đã lên nhầm xe buýt do lỗi.
Your city is quite pleasant to me.,Thành phố của bạn khá dễ chịu đối với tôi.
It gets worse,nó trở nên tồi tệ
Mary is lying to her father.,mary đang nói dối cha mình
The phone rang while I was taking a bath.,Điện thoại reo trong khi tôi đang tắm.
You'll be able to take many pictures with your new camera.,bạn sẽ có thể chụp nhiều ảnh bằng máy ảnh mới của mình.
"I put in an order for fries, too.",Tôi cũng đã đặt một suất khoai tây chiên.
He's a big boy,anh ấy là một cậu bé lớn
I want to figure this out,tôi muốn tìm hiểu điều này
Your presence today was quite unexpected for me.,Sự có mặt của bạn hôm nay khá bất ngờ đối với tôi.
Tom withdrew a substantial amount of money from his pocket.,Tom rút một khoản tiền đáng kể từ túi quần của mình.
I really need to go home and catch some zees,tôi thực sự cần phải về nhà và bắt một số zees
There was nothing further Tom wished to communicate.,Không còn điều gì khác Tom muốn truyền đạt.
Tom doesn't know where to go,tom không biết đi đâu
I even wrote a letter to Tom.,tôi thậm chí đã viết một lá thư cho tom.
He handled it with extreme caution.,Anh ấy đã xử lý nó với sự cẩn trọng tột độ.
Tom wasn't aware of Mary's extreme tiredness.,Tom không biết Mary mệt mỏi đến cực độ.
They believed he was honest.,họ tin anh là trung thực.
"I was going to tell you, but Tom told me not to.","tôi sẽ nói với bạn, nhưng tom nói với tôi là không."
Classes have ended for the festive Christmas season.,Các lớp học đã kết thúc cho mùa lễ Giáng sinh.
That's the truth.,đó là sự thật.
He lied to me. That is why I am angry with him,Anh nói dối tôi. đó là lý do tại sao tôi tức giận với anh ta
I had forgotten your impressive golf skills.,Tôi đã quên mất kỹ năng chơi golf ấn tượng của bạn.
Let's only talk about one problem at a time.,Chúng ta chỉ nói về một vấn đề tại một thời điểm.
How kind you are to come all the way to see me off!,làm thế nào bạn là tất cả các cách để tiễn tôi!
The idea of camping has never appealed to me.,ý tưởng cắm trại chưa bao giờ hấp dẫn tôi.
She wouldn't allow me to read the letter.,cô ấy sẽ không cho phép tôi đọc bức thư.
We're on speaking terms.,chúng tôi đang nói về các điều khoản.
You're not fooling anyone.,bạn không lừa ai cả.
I also gave him a little something as a Christmas present the other day,tôi cũng tặng anh ấy một món quà giáng sinh vào một ngày khác
I was able to visit several American homes,tôi đã có thể đến thăm một số ngôi nhà của người Mỹ
Do you wish to speak to me?,bạn có muốn nói chuyện với tôi không?
Please push the table over this way.,xin vui lòng đẩy bảng theo cách này.
Tom almost convinced me,tom gần như đã thuyết phục tôi
We had a very enjoyable visit.,Chúng tôi đã có một chuyến thăm rất thú vị.
Tom is a little embarrassed.,tom có chút xấu hổ.
I've been informed about your new automobile.,Tôi đã được thông báo về chiếc ô tô mới của bạn.
I was at the hospital with Tom when he died,tôi đã ở bệnh viện với tom khi anh ấy chết
Things are not the same in my life anymore.,Mọi thứ trong cuộc sống của tôi giờ đã không còn như trước.
The teacher called the roll.,giáo viên gọi là cuộn.
I told you to stay put.,tôi đã nói với bạn ở lại
The weather is beautiful today.,thời tiết hôm nay thật đẹp
Could you let Tom know I'm unsure how to perform the action he requested?,Bạn có thể cho Tom biết tôi không chắc cách thực hiện yêu cầu của anh ấy không?
I was satisfied with the steak dinner,tôi hài lòng với bữa tối bít tết
Kindly buckle up your seatbelt.,Vui lòng cài dây an toàn của quý vị.
What is the total number of surgeries Dr. Jackson has carried out this month?,Tổng số ca phẫu thuật mà Bác sĩ Jackson đã thực hiện trong tháng này là bao nhiêu?
Mortality is a universal fate for all of us.,Cái chết là số phận chung của tất cả chúng ta.
Tom is in a state of panic.,Tom đang trong trạng thái hoảng loạn.
The complication arises from the fact that some of our financial obligations are overdue.,Sự phức tạp phát sinh từ việc một số nghĩa vụ tài chính của chúng tôi đã quá hạn.
Tom tried to help Mary.,tom đã cố gắng để giúp mary.
Stay on this side of the yellow line,ở bên này của dòng màu vàng
Maybe you should tell Tom?,có lẽ bạn nên nói với tom?
Tom yanked the curtains closed,tom kéo rèm cửa đóng lại
It's terribly uninteresting.,Nó thật sự không thú vị chút nào.
The reporter criticized the politician,phóng viên chỉ trích chính trị gia
He has mutton chops.,anh ấy có sườn cừu.
Japan depends on imports for raw materials.,Nhật Bản phụ thuộc vào nhập khẩu nguyên liệu.
"The older you get, the less sleep you need.","bạn càng lớn tuổi, bạn càng cần ngủ ít hơn."
Tom bought a house in Boston,tom mua một ngôi nhà ở boston
I couldn't reach you because the phone wasn't working.,Tôi không thể liên lạc với bạn vì điện thoại không hoạt động.
Modern cats don't eat mice.,mèo hiện đại không ăn chuột.
I haven't revealed this information to a single soul.,Tôi chưa từng tiết lộ thông tin này cho bất kỳ ai.
Your necktie matches your suit.,cà vạt của bạn phù hợp với bộ đồ của bạn.
I don't intend to be disrespectful.,Tôi không có ý định bất kính.
French isn't my native language.,tiếng Pháp không phải là ngôn ngữ mẹ đẻ của tôi.
Our boat followed a school of fish,thuyền của chúng tôi theo một trường cá
He works all night and he sleeps all day.,Anh ấy làm việc cả đêm và anh ấy ngủ cả ngày.
I need you to send the remaining five pieces right now.,Tôi cần bạn gửi năm món còn lại ngay bây giờ.
His carelessness resulted in the accident,sự bất cẩn của anh ấy đã dẫn đến tai nạn
I will embrace the possibility.,Tôi sẽ đón nhận khả năng này.
There were no more than five passengers in the bus.,không có quá năm hành khách trên xe buýt.
Tom said he didn't enjoy watching baseball,Tom nói anh ấy không thích xem bóng chày
"Whether he agrees or not, we won't change our plans.","cho dù anh ta có đồng ý hay không, chúng tôi sẽ không thay đổi kế hoạch của chúng tôi."
You're not special.,bạn không đặc biệt
We were just talking about you,chúng tôi chỉ nói về bạn
This elevator will take you up to the tenth floor.,thang máy này sẽ đưa bạn lên tầng mười.
This coffee is quite strong,cà phê này khá mạnh
The letter returned.,Bức thư trở lại.
Tom was aiming his pistol at Mary when John shot him,Tom đang nhắm khẩu súng lục vào mary khi john bắn anh ta
Tom is a freak.,tom là một quái vật
She went back to England in the end.,cuối cùng cô ấy đã trở lại Anh.
She is very angry with her children,cô ấy rất tức giận với con của mình
You're great.,bạn tuyệt vời.
"To tell you the truth, I'm completely bored","nói thật với bạn, tôi hoàn toàn chán"
The production he staged was a triumph.,Vở diễn anh ấy dàn dựng đã là một chiến thắng.
I have money enough to buy it.,Tôi có đủ tiền để mua nó.
Why weren't you there?,tại sao bạn không ở đó
Learning never comes easily.,Học tập không bao giờ dễ dàng.
May I smoke?,tôi có thể hút thuốc không
What location is this ship sailing towards?,Con tàu này đang đi về phía địa điểm nào?
I'm taking you home,tôi đang đưa bạn về nhà
They crossed the Atlantic Ocean,họ băng qua đại dương
Her child had been seriously ill for a week before Dr. Kim arrived.,Con cô đã bị ốm nặng một tuần trước khi dr. kim đến.
Our bus is pulling up!,Xe buýt của chúng ta đang tới rồi!
You know every single person.,Bạn biết từng người một.
Our army attacked the enemy during the night.,quân ta tấn công địch trong đêm.
They said use of force should be used only as a last choice,họ nói rằng việc sử dụng vũ lực chỉ nên được sử dụng như một lựa chọn cuối cùng
Everyone quieted down the moment he spoke.,Mọi người đều im lặng ngay khi anh ấy nói.
I always watch the weather report before going out in the morning.,tôi luôn xem báo cáo thời tiết trước khi ra ngoài vào buổi sáng.
I don't feel good about it.,tôi không cảm thấy tốt về nó
Maybe Tom can explain what happened here,có lẽ tom có thể giải thích những gì đã xảy ra ở đây
I'm not guilty,Tôi không có tội
I'm friends with many Esperanto speakers.,Tôi có quan hệ bạn bè với nhiều người nói tiếng Esperanto.
There's no doubt Tom isn't fond of Mary.,"Không nghi ngờ gì nữa, Tom không thích Mary."
He started writing a new book two months ago and is still at it.,Anh ấy bắt đầu viết một cuốn sách mới cách đây hai tháng và vẫn đang tiếp tục.
I think it's time for me to say goodbye.,Tôi nghĩ rằng đã đến lúc tôi nói lời tạm biệt.
Tom has already begun,tom đã bắt đầu
Could you tell me your dad's name?,Bạn có thể cho tôi biết tên của bố bạn không?
It just seemed to be the right thing to do,nó dường như là điều đúng đắn để làm
The little cabin was bathed in moonlight.,cabin nhỏ được tắm trong ánh trăng.
"Tom, you look very sleepy.","tom, bạn trông rất buồn ngủ"
Tom is in deep trouble.,tom đang gặp rắc rối sâu sắc
You're the only person that can do this,bạn là người duy nhất có thể làm điều này
I'm just glad it's all over,tôi chỉ vui vì tất cả
She was admitted to Waseda University.,cô được nhận vào đại học waseda.
I don't want to see that happen,tôi không muốn thấy điều đó xảy ra
I'm not a good person,tôi không phải là người tốt
Tom didn't write back to Mary.,Tom đã không viết lại cho mary.
Your attentiveness is slipping.,Sự chú ý của bạn đang giảm sút.
Tom is a drunk.,Tom là một người say rượu.
Tom grew up speaking both English and French,Tom lớn lên nói cả tiếng Anh và tiếng Pháp
Tom knew he'd just made a serious mistake.,Tom biết mình vừa mắc một sai lầm nghiêm trọng.
It's perilous to jump off a truck that's still driving.,Thật nguy hiểm khi nhảy khỏi một chiếc xe tải vẫn đang chạy.
Are you enjoying the play?,bạn có thích chơi không?
Add a little more pepper.,thêm một chút hạt tiêu.
I had no chance to relax there.,tôi không có cơ hội để thư giãn ở đó.
Do you have some time to spare?,Bạn có chút thời gian rảnh không?
How far are we from the sea?,chúng ta cách biển bao xa
My awakening occurred while I was in the car.,Tôi tỉnh dậy khi đang ở trong xe.
Their swimming speed is remarkable.,Tốc độ bơi của chúng rất đáng nể.
Buy the dress you want.,mua chiếc váy bạn muốn
That's the desire of the manager.,Đó là điều mà sếp mong muốn.
The radio is on.,radio đang bật.
I made a list of things I needed to do.,tôi đã lập một danh sách những việc tôi cần làm.
He was completely absorbed in thought.,Anh ấy hoàn toàn chìm đắm trong suy nghĩ.
I don't fully believe the information in his report.,Tôi không hoàn toàn tin thông tin trong báo cáo của anh ấy.
What color are your wife's eyes?,Đôi mắt của vợ bạn màu gì?
Change was in the air.,thay đổi là trong không khí.
I shrieked with all my might.,Tôi đã hét lên với tất cả sức lực của mình.
Tom wants to know how much ice cream Mary ate,Tom muốn biết bao nhiêu kem mary đã ăn
He lives somewhere near that park.,Anh ấy sống ở đâu đó gần công viên đó.
It is about time we were leaving.,đó là khoảng thời gian chúng tôi đã rời đi.
Tom had a good time talking with Mary.,tom đã có một thời gian nói chuyện với mary.
"Mary and Tom were on a bench, sitting down.",Mary và Tom đang ngồi trên một chiếc ghế dài.
Moderate exercise is good for your health,tập thể dục vừa phải tốt cho sức khỏe của bạn
He often spoke of Mary whenever she wasn't there.,Anh ấy thường nói về Mary bất cứ khi nào cô ấy không có ở đó.
I think that's why Tom doesn't have any friends,tôi nghĩ đó là lý do tại sao tom không có bạn bè
I'd like to pose a couple of questions.,Tôi muốn đặt một vài câu hỏi.
Would you care for a taste?,bạn sẽ quan tâm cho một hương vị?
Can you identify that?,bạn có thể xác định điều đó?
So why don't you just give up?,vậy tại sao bạn không từ bỏ?
From whom did you acquire the skill to throw that curveball?,Bạn đã học được kỹ năng ném quả bóng cong đó từ ai?
I don't like it when you're so happy.,Tôi không thích nó khi bạn rất hạnh phúc.
What occurred to Tom could just as easily have occurred to me.,Điều đã xảy ra với Tom cũng có thể dễ dàng xảy ra với tôi.
Tom came back early.,tom về sớm
I am deeply fascinated by how dinosaurs evolved.,Tôi vô cùng say mê cách khủng long tiến hóa.
He's fallen deeply in love.,Anh ấy đã rơi vào lưới tình sâu đậm.
That's easier said than done.,điều đó nói dễ hơn là làm.
A free country places the greatest emphasis on the rights of its citizens.,Một quốc gia tự do đặt sự nhấn mạnh lớn nhất vào quyền của công dân mình.
He has a book.,anh ta có một cuốn sách.
He tried to stand up,anh ấy cố gắng đứng dậy
He lives frugally,anh ấy sống đạm bạc
I had the documents sent to Tom,tôi đã gửi tài liệu cho tom
We'll need to work with what's available to us.,Chúng ta sẽ cần làm việc với những gì có sẵn cho chúng ta.
"You're really serious about this, aren't you?","bạn thực sự nghiêm túc về điều này, phải không?"
It's hazardous to jump out of a truck on the move.,Việc nhảy ra khỏi xe tải đang di chuyển là nguy hiểm.
His mother is worried sick about him.,Mẹ anh lo lắng về anh.
Tom's big-headed,đầu to của tom
"If you do that kind of thing, it's not fair to her","nếu bạn làm điều đó, nó không công bằng với cô ấy"
I had a good sleep.,tôi đã có một giấc ngủ ngon
He is aware it's unwise to go there unaccompanied.,Anh ấy biết rằng việc đến đó một mình là không khôn ngoan.
I passed three weeks in Boston during the summer that just went by.,Tôi đã trải qua ba tuần ở Boston vào mùa hè vừa qua.
When was the last time you had a stomachache?,Lần cuối bạn bị đau bụng là khi nào?
Taking that risk is out of the question for us.,"Đối với chúng ta, việc mạo hiểm đó là không thể."
The rainy season begins towards the end of June,mùa mưa bắt đầu vào cuối tháng sáu
"You know what's happening, don't you?","bạn biết những gì đang xảy ra, phải không?"
You probably won't like it,bạn có thể sẽ không thích nó
Speaking in English is fun,nói tiếng anh rất vui
I've done everything possible to discourage people from doing that.,Tôi đã làm mọi thứ có thể để ngăn cản mọi người làm điều đó.
Philosophy is frequently perceived as complex.,Triết học thường được nhận thức là phức tạp.
He has received a commission as a naval officer.,ông đã nhận được một ủy ban như một sĩ quan hải quân.
I think maybe that's all you have to do,tôi nghĩ có lẽ đó là tất cả những gì bạn phải làm
Tom backed out of the garage.,tom lùi ra khỏi nhà để xe.
I can play Chopin,tôi có thể chơi chopin
Tom wanted me to get things started.,tom muốn tôi bắt đầu mọi thứ
You can see spacious homes lining this road.,Bạn có thể thấy những ngôi nhà rộng rãi dọc theo con đường này.
The baby needs his mother.,em bé cần mẹ.
Please send out the outstanding five units without delay.,Vui lòng gửi năm đơn vị còn lại mà không chậm trễ.
"Let's forget the whole thing, OK?","Hãy quên đi tất cả, được chứ?"
It takes about 15 minutes to get to my office,Mất khoảng 15 phút để đến văn phòng của tôi
I won't be emotionally affected by you.,Tôi sẽ không bị bạn ảnh hưởng về mặt cảm xúc.
Didn't you hear the doorbell?,bạn không nghe thấy tiếng chuông cửa à?
What should've happened?,chuyện gì đã xảy ra
I knew you'd come to save me,tôi biết bạn sẽ đến cứu tôi
Tom will be happy.,tom sẽ hạnh phúc
You might be wrong.,bạn có thể sai
I'm the individual with authentic knowledge of Tom.,Tôi là cá nhân có kiến thức chân thực về Tom.
I found the film interesting.,tôi thấy bộ phim thú vị
There was a sudden drop in the temperature last night.,nhiệt độ tối qua đột ngột giảm.
We shouldn't keep secrets from each other,chúng ta không nên giữ bí mật với nhau
Tom may have been right.,tom có thể đã đúng
Psycho-horror films dealing with the mysteries of human psychology are popular these days,Những bộ phim kinh dị tâm lý liên quan đến những bí ẩn của tâm lý con người đang phổ biến ngày nay
Please tell me where you will live.,xin vui lòng cho tôi biết nơi bạn sẽ sống.
I can't give up smoking.,Tôi không thể bỏ hút thuốc.
Her way of talking got on my nerves,cách nói chuyện của cô ấy làm tôi lo lắng
I'm heading to Boston for a visit.,Tôi sẽ đến Boston để thăm thú.
Jim must be hospitalized at once.,jim phải nhập viện ngay lập tức.
It seems that you don't want to do it.,có vẻ như bạn không muốn làm điều đó
Tom doesn't like Mary very much,tom không thích mary lắm
I was the one who taught my wife to handle a vehicle.,Tôi là người đã dạy vợ tôi cách điều khiển phương tiện.
Does this vehicle belong to you?,Chiếc xe này có phải của bạn không?
I asked Tom to make sure that he didn't show up late.,tôi hỏi tom để chắc chắn rằng anh ấy không xuất hiện muộn.
Tom wants to learn to swim.,tom muốn học bơi.
Do you have any suitcases that need to be checked in?,Bạn có vali nào cần được ký gửi không?
Motorcycles are great. They can easily get through even in heavy traffic.,xe máy rất tuyệt. họ có thể dễ dàng vượt qua ngay cả trong giao thông đông đúc.
"People often lie about what they did on the weekend, so their friends won't realize how boring they really are.","mọi người thường nói dối về những gì họ đã làm vào cuối tuần, vì vậy bạn bè của họ sẽ không nhận ra họ thực sự nhàm chán như thế nào."
Transparent windows are common in most cars.,Cửa sổ trong suốt là phổ biến ở hầu hết các xe ô tô.
I think it's strange that she was absent from school.,Tôi nghĩ thật lạ khi cô ấy nghỉ học.
The window admitted the sun's morning glow.,Cửa sổ đón ánh nắng ban mai của mặt trời.
He has no trouble climbing trees,anh ấy không gặp khó khăn khi trèo cây
I haven't decided yet whether I will attend the party.,Tôi chưa quyết định liệu tôi sẽ tham dự bữa tiệc.
Tom said Mary was a stewardess.,Tom nói mary là một tiếp viên.
Tom has lots of free time,tom có rất nhiều thời gian rảnh
I'm older than Tom.,Tôi lớn tuổi hơn tom.
It's urgent.,đó là khẩn cấp.
Professor Tanaka wants somebody to help him with his study.,giáo sư tanaka muốn ai đó giúp mình học.
Could you offer us a 5% exclusive price reduction if we purchase 50 product sets?,Bạn có thể giảm giá đặc biệt 5% cho chúng tôi nếu chúng tôi mua 50 bộ sản phẩm không?
It's essential for individuals to forge their own way in life.,Điều cần thiết là mỗi cá nhân phải tự tạo ra con đường riêng trong cuộc sống.
Wasn't it clear that I wanted the door to stay closed?,Không phải đã rõ ràng là tôi muốn cửa đóng lại sao?
Do you truly wish to entrust your life to her?,Bạn thực sự muốn giao phó cuộc đời mình cho cô ấy sao?
Tom lived in an interesting part of Boston.,tom sống trong một phần thú vị của boston.
You shouldn't be driving this fast.,bạn không nên lái xe nhanh thế này
I like the blue one. How much does it cost?,tôi thích cái màu xanh nó có giá bao nhiêu
Tom is leaving me,tom đang rời xa tôi
Tom is not particularly skilled in sports.,Tom không đặc biệt giỏi các môn thể thao.
It doesn't seem very far,nó không có vẻ rất xa
The airplane climbed sharply.,Máy bay leo dốc mạnh.
Could you tell me your whereabouts last night?,Bạn có thể cho tôi biết bạn ở đâu tối qua không?
Do you perceive Tom as someone who disregards moral principles?,Bạn có coi Tom là người coi thường các nguyên tắc đạo đức không?
"What's on your mind, Tom?",Bạn đang nghĩ gì vậy?
He proposed a reform in the educational system.,ông đề xuất một cải cách trong hệ thống giáo dục.
My sister got engaged.,chị tôi đã đính hôn.
She has married a nobody.,cô ấy đã kết hôn với một người
Isn't it true that you were at home yesterday?,Không phải bạn đã ở nhà vào hôm qua sao?
The robots never get sick or complain and they can work 24 hours a day.,các robot không bao giờ bị bệnh hoặc phàn nàn và chúng có thể làm việc 24 giờ một ngày.
I thought Tom would get here ahead of us,tôi nghĩ tom sẽ đến đây trước chúng ta
Auckland is a city in New Zealand.,aogi là một thành phố ở New Zealand.
"The right word may be effective, but no word was ever as effective as a rightly timed pause","từ đúng có thể có hiệu lực, nhưng không có từ nào hiệu quả bằng việc tạm dừng đúng thời gian"
Why won't Tom listen?,Tại sao tom không nghe?
What's the reason for your intense anger towards him?,Lý do gì khiến bạn giận dữ với anh ấy đến vậy?
The driver increased his speed,người lái xe tăng tốc
"If you wish, I'll ask","nếu bạn muốn, tôi sẽ hỏi"
I was being ironic,tôi đã bị mỉa mai
What is the harm in doing that?,tác hại của việc đó là gì?
Would it be better if I improvised an answer?,Sẽ tốt hơn nếu tôi ứng biến một câu trả lời chứ?
His jokes made us laugh,những trò đùa của anh ấy làm chúng tôi cười
We had to leave quickly.,chúng tôi phải rời đi nhanh chóng.
I really didn't want to bother you again.,tôi thực sự không muốn làm phiền bạn một lần nữa.
I'm proud of my son.,Tôi tự hào về con trai tôi.
I'd prefer if that were the situation.,Tôi thà rằng đó là tình huống.
My name was changed to Tom Jackson.,Tên của tôi đã được đổi thành Tom Jackson.
Thank you for helping me with on my essay.,cảm ơn bạn đã giúp tôi về bài luận của tôi
"If there are any cancellations, just call","nếu có bất kỳ sự hủy bỏ nào, chỉ cần gọi"
I just uncorked a bottle of wine,tôi chỉ mở một chai rượu
There was a heavy rain last night,có một trận mưa lớn đêm qua
I hope you don't hold it against me,tôi hy vọng bạn không giữ nó chống lại tôi
Some donuts are in my possession.,Vài cái bánh rán đang thuộc sở hữu của tôi.
Tom wants to become famous,tom muốn trở nên nổi tiếng
I don't want to go back home yet,tôi chưa muốn trở về nhà
Many of the students were tired,nhiều sinh viên đã mệt mỏi
The bus conductor told her to get off because she could not pay the fare.,người điều khiển xe buýt bảo cô xuống xe vì cô không thể trả tiền vé.
I would like to drink a coffee.,tôi muốn uống cà phê
Someone could be hurt.,ai đó có thể bị tổn thương.
Tom wants Mary to meet John,tom muốn mary gặp john
Let's share an evening meal.,Chúng ta hãy cùng dùng bữa tối.
I love the way you think.,Tôi thích cách bạn nghĩ.
You need to take a break,bạn cần nghỉ ngơi
It goes without saying that smoking is bad for your health.,Không cần phải nói rằng hút thuốc là có hại cho sức khỏe của bạn.
There's still a little milk left in this glass.,Vẫn còn một ít sữa trong ly này.
Older people are often afraid of trying new things.,người già thường sợ thử những điều mới.
I'm in search of some batteries.,Tôi đang tìm kiếm một vài viên pin.
You must leave everything,bạn phải để lại mọi thứ
Tom has bad breath,tom bị hôi miệng
I wasn't aware of your excellent cooking skills.,Tôi không hề biết về kỹ năng nấu ăn xuất sắc của bạn.
There is no accounting for tastes,Chẳng có mùi vị gì cả
He failed after all,Rốt cuộc anh ấy đã thất bại
Tom cut his hand with a rusty knife.,tom cắt tay anh ta bằng một con dao rỉ sét.
Can you point me to where it is?,Bạn có thể chỉ cho tôi biết nó ở đâu không?
Tom is happy when he is with Mary,Tom hạnh phúc khi ở bên mary
We expect a very cold winter this year.,chúng tôi mong đợi một mùa đông rất lạnh trong năm nay.
I'd like to hear about your endeavor.,Tôi muốn nghe về nỗ lực của bạn.
Tom got paint on his shirt while he was painting the fence.,Tom đã vẽ lên áo trong khi anh ta đang vẽ hàng rào.
Your golfing prowess had slipped my memory.,Khả năng chơi golf điêu luyện của bạn đã tuột khỏi trí nhớ của tôi.
He couldn't help but comment on how dirty your face was.,Anh ta không thể không bình luận về việc mặt bạn bẩn đến mức nào.
She ignored him pretty much all day.,Cô lờ anh đi cả ngày.
We should exercise caution.,Chúng ta nên cẩn trọng.
She has a very high-pitched voice.,cô ấy có một giọng nói rất cao
The old man got off the bus,ông lão xuống xe
Who will be the next pope?,Ai sẽ là giáo hoàng tiếp theo?
I don't think I can move.,Tôi không nghĩ rằng tôi có thể di chuyển.
Perhaps I should take an umbrella with me just in case.,có lẽ tôi nên mang theo một chiếc ô với tôi trong trường hợp này.
I ran into your mother in the library,tôi gặp mẹ của bạn trong thư viện
Tom was very persuasive,tom đã rất thuyết phục
The audience applauded the actress.,khán giả vỗ tay cho nữ diễn viên.
Tom is a resilient individual.,Tom là một cá nhân kiên cường.
Do you want me to take you to the doctor?,bạn có muốn tôi đưa bạn đến bác sĩ?
We're not home.,chúng tôi không ở nhà
Tom certainly has a lot to be happy about,tom chắc chắn có rất nhiều để được hạnh phúc về
I've been to Chuck's Bar and Grill and seen you playing music there.,Tôi đã đến quán Bar và Nướng của Chuck và thấy bạn chơi nhạc ở đó.
That shouldn't have happened.,Điều đó không nên xảy ra.
Are you experiencing aches in any other bodily regions?,Bạn có đang bị đau nhức ở bất kỳ vùng cơ thể nào khác không?
I hope we didn't keep you waiting too long.,tôi hy vọng chúng tôi đã không khiến bạn chờ đợi quá lâu.
Do you want another beer?,bạn có muốn uống bia nữa không
Maybe I should've told Tom.,có lẽ tôi nên nói với tom.
Even idiots can give good advice.,ngay cả những kẻ ngốc cũng có thể đưa ra lời khuyên tốt.
I never meant for any of this to happen,tôi không bao giờ có ý nghĩa cho bất kỳ điều này xảy ra
I'll make my comeback in a short period of months.,Tôi sẽ trở lại trong một khoảng thời gian ngắn vài tháng.
He's completely smitten.,Anh ấy hoàn toàn bị mê hoặc.
Tom understands the risks,tom hiểu những rủi ro
I would like to have breakfast,tôi muốn ăn sáng
I have my morning meal at 7 AM.,Tôi ăn bữa sáng vào lúc 7 giờ sáng.
He is writing to some friends of his.,anh ấy đang viết cho một vài người bạn của anh ấy
Your mother will probably object to your climbing the mountain.,mẹ của bạn có thể sẽ phản đối việc bạn leo núi.
You must be Tom and Mary.,bạn phải là tom và mary.
I'm not as busy as you might think.,Tôi không bận như bạn nghĩ.
I took a train and my destination was Kyoto.,Tôi đã đi tàu và điểm đến của tôi là Kyoto.
It is customary for Muslims to inter their deceased in graves.,Người Hồi giáo thường chôn cất người đã khuất của họ trong các ngôi mộ.
Tom will die.,tom sẽ chết
How's the party going?,bữa tiệc diễn ra thế nào
Fred made contact with a ball using his foot.,Fred đã tiếp xúc với một quả bóng bằng chân của mình.
My uncle lives in New York.,chú tôi sống ở new york.
I know you want to help Tom,tôi biết bạn muốn giúp tom
It seems that something is wrong with this car,có vẻ như có gì đó không ổn với chiếc xe này
Tom carried on with his packing.,Tom vẫn tiếp tục việc đóng gói của mình.
I built a house within a stone's throw of the forest,tôi đã xây một ngôi nhà trong một khu rừng ném đá
She asked us to leave her alone,cô ấy yêu cầu chúng tôi để cô ấy một mình
This dog saved that little girl's life,con chó này đã cứu mạng cô bé đó
The bad weather is responsible for the delay.,thời tiết xấu chịu trách nhiệm cho sự chậm trễ.
They're going to marry soon.,Họ sẽ kết hôn sớm thôi.
His chances of succeeding are slim.,Cơ hội thành công của anh ấy rất mong manh.
Who broke the window? Tell the truth,ai phá cửa sổ nói sự thật
Go over the choices again,đi qua các lựa chọn một lần nữa
I'm falling in love with you.,Tôi đang rơi vào tình yêu với bạn.
Tom was unable to hide his reaction,tom không thể che giấu phản ứng của mình
"The next time I tell you to do something, do it.","lần sau tôi bảo bạn làm gì đó, làm đi."
None of them are authentic.,Không có cái nào trong số chúng là hàng thật.
It makes no difference whether you agree or not.,nó không có sự khác biệt cho dù bạn có đồng ý hay không.
"Today, most people in the world condemn slavery.","ngày nay, hầu hết mọi người trên thế giới đều lên án chế độ nô lệ."
Could you tell me where you were last night?,Bạn có thể cho tôi biết tối qua bạn đã ở đâu không?
"""You look pale. Are you sick?"" ""Not exactly.""","""bạn trông nhợt nhạt. Bạn có bị bệnh không?"" ""không chính xác."""
Tom is not particularly skilled in sports.,Tom không đặc biệt giỏi thể thao.
My gratitude should really go to Tom.,Lời cảm ơn của tôi thực sự nên dành cho Tom.
He did not agree with it,anh ấy đã không đồng ý với nó
His return is imminent.,Anh ấy sắp trở lại.
I hope that's how it is.,Tôi hy vọng mọi chuyện là như vậy.
Yoko avoided answering my question.,yoko tránh trả lời câu hỏi của tôi.
Can you confirm that he was hired?,bạn có thể xác nhận rằng anh ta đã được thuê?
She would be content at this moment if she had chosen to marry you.,Cô ấy sẽ hài lòng vào lúc này nếu cô ấy đã chọn kết hôn với bạn.
The city is emerging as a popular hub for tourists.,Thành phố đang nổi lên như một trung tâm du lịch phổ biến.
I want to ask you about Tom,tôi muốn hỏi bạn về tom
I'm very tired. I don't feel like taking a walk now.,tôi vô cùng mệt mỏi. Tôi không cảm thấy muốn đi dạo bây giờ.
Tom was surprised to hear Mary had gotten married.,Tom rất ngạc nhiên khi biết mary đã kết hôn.
Every single one of them is counterfeit.,Mỗi một thứ trong số chúng đều là hàng giả.
This apple is sweet,quả táo này ngọt
Everything we possess is due to our tireless work.,Mọi thứ chúng tôi sở hữu đều là nhờ công sức làm việc không mệt mỏi của chúng tôi.
Are you pregnant?,cô mang thai à?
I need to confer with you about a certain topic.,Tôi cần trao đổi với bạn về một chủ đề nhất định.
They drank two bottles of wine.,họ uống hai chai rượu.
I spent all day studying French,tôi dành cả ngày để học tiếng Pháp
It surprises me how good a cook you are.,Tôi ngạc nhiên vì bạn nấu ăn giỏi đến thế.
I like movies a lot,tôi thích phim rất nhiều
He forgot it again.,Anh lại quên mất.
"If it were not for books, life would be boring.","Nếu không có sách, cuộc sống sẽ thật nhàm chán."
He is no friend of mine.,anh ấy không phải là bạn của tôi
I had no idea you cooked so wonderfully.,Tôi không hề biết bạn nấu ăn tuyệt vời đến thế.
There's an impression that his father is a barrister.,Có một ấn tượng rằng cha anh ấy là một luật sư.
"You told Tom to go to bed early, didn't you?",bạn bảo tom đi ngủ sớm phải không?
I really enjoyed the apples he provided.,Tôi thực sự rất thích những quả táo anh ấy đã cung cấp.
Don't blame yourself. It's my fault.,đừng tự trách mình. Đó là lỗi của tôi.
All are present,tất cả đều có mặt
I need to exchange yen for dollars; is there a bank for that?,Tôi cần đổi yên lấy đô la; có ngân hàng nào làm việc đó không?
Tom experienced a slight feeling of dizziness.,Tom cảm thấy hơi chóng mặt một chút.
You must learn to restrain yourself.,bạn phải học cách kiềm chế bản thân.
We'll sort this out tomorrow.,chúng ta sẽ sắp xếp thứ này vào ngày mai
The flower is available to you upon request.,Bông hoa có sẵn cho bạn khi yêu cầu.
My visit to Boston spanned three weeks during the previous summer.,Chuyến thăm Boston của tôi kéo dài ba tuần vào mùa hè năm ngoái.
"We had a good many anxious moments, but everything turned out all right in the end","chúng tôi đã có rất nhiều khoảnh khắc lo lắng, nhưng cuối cùng mọi thứ đều ổn"
Tom did nothing but lie in bed all day.,tom không làm gì ngoài nằm trên giường cả ngày.
Can you give me a cup of tea?,bạn có thể cho tôi một tách trà?
Mary had no choice but to do it because Tom insisted.,Mary không còn lựa chọn nào khác ngoài việc làm điều đó vì Tom đã ép.
All were present,tất cả đều có mặt
What was the date you bought this property?,Ngày bạn mua tài sản này là khi nào?
They are living it up in Honolulu.,họ đang sống trong honpered.
Tom could've and should've stayed longer,tom có thể đã và nên ở lại lâu hơn
"He has some grave defects, but I think he is a great scholar all the same.","anh ta có một số khiếm khuyết nghiêm trọng, nhưng tôi nghĩ rằng anh ta là một học giả tuyệt vời như nhau."
Ritualistic practices appeal greatly to him.,Các thực hành nghi lễ thu hút anh ấy rất nhiều.
I go to work by bus,tôi đi làm bằng xe buýt
That was my most terrible night ever.,Đó là đêm kinh khủng nhất của tôi.
Have you ever invited Tom to your parties?,Bạn đã bao giờ mời tom đến các bữa tiệc của bạn chưa?
Tom is getting worried,tom đang lo lắng
He needed to ensure his numerous family members were fed.,Anh ấy cần đảm bảo các thành viên đông đảo trong gia đình mình được ăn uống đầy đủ.
Tom understood Mary's grief.,Tom đã thấu hiểu nỗi đau của Mary.
My trustworthiness is not enough for Tom to reveal his secret.,Sự đáng tin cậy của tôi không đủ để Tom tiết lộ bí mật của anh ấy.
We are all destined to pass away.,Tất cả chúng ta đều định mệnh phải qua đời.
My family went to the zoo to see pandas last Sunday.,gia đình tôi đã đi đến sở thú để xem gấu trúc chủ nhật cuối cùng.
It's required to secure your seatbelt.,Yêu cầu thắt dây an toàn của bạn.
Everything we own is a result of our strenuous labor.,Mọi thứ chúng tôi có đều là kết quả của sự lao động vất vả của chúng tôi.
Batteries are what I'm currently seeking.,Pin là thứ tôi đang tìm kiếm hiện tại.
Won't you attempt to bring Tom to his senses?,Bạn sẽ không cố gắng làm Tom tỉnh ngộ sao?
It's not fake,Nó không phải giả
Kyoto was my furthest destination by train.,Kyoto là điểm đến xa nhất của tôi bằng tàu hỏa.
Tom made it back in time for dinner.,tom làm cho nó trở lại trong thời gian cho bữa ăn tối.
My uncle was standing there with his arms folded,chú tôi đang đứng đó khoanh tay
The visit we made turned out to be delightful.,Chuyến thăm của chúng tôi hóa ra thật đáng yêu.
For what reason is he so upset?,Vì lý do gì mà anh ấy lại khó chịu đến vậy?
We're smashed.,chúng tôi đang đập phá
We were passengers,chúng tôi là hành khách
What did you think of my speech?,Bạn nghĩ gì về bài phát biểu của tôi?
He sent me some extremely palatable apples.,Anh ấy đã gửi cho tôi một số quả táo cực kỳ ngon miệng.
The fruit he dispatched to me was scrumptious.,Mấy trái cây anh ấy gửi đến cho tôi rất ngon lành.
In what location is he employed?,Anh ấy được tuyển dụng ở địa điểm nào?
Instruct Tom to stop bothering me.,Bảo Tom đừng làm phiền tôi nữa.
"Hey everyone, please listen","chào mọi người, hãy lắng nghe"
"Take a seat, Tom","ngồi đi, tom"
Make sure to keep in mind his statement.,Hãy đảm bảo ghi nhớ lời anh ấy phát biểu.
Tom sympathized with Mary's suffering.,Tom đã thông cảm với nỗi đau khổ của Mary.
Do you recall your last jogging session?,Bạn có nhớ lần chạy bộ gần nhất của mình không?
The travelers ambled through the various shops.,Những người du hành đi dạo qua các cửa hàng khác nhau.
Each item is not genuine.,Mỗi món đồ đều không phải hàng thật.
"Look, if you still want to go, I won't stop you.","Hãy nhìn xem, nếu bạn vẫn muốn đi, tôi sẽ không ngăn bạn."
I'm feeling a little blue today.,Tôi cảm thấy một chút màu xanh ngày hôm nay.
I left my coat here last night,tôi đã để lại áo khoác của tôi ở đây đêm qua
Tom seldom wears a hat,Tom hiếm khi đội mũ
The ball was sent flying by Fred's kick.,Quả bóng đã được Fred đá bay đi.
There's a trend these days towards small families,ngày nay có xu hướng gia đình nhỏ
"I'll be the one helping Tom, not you.",Tôi sẽ là người giúp Tom chứ không phải bạn.
She's yet to discover the truth.,Cô ấy vẫn chưa khám phá ra sự thật.
This is your decision.,đây là quyết định của bạn
"As far as I know, he is a reliable person.","theo như tôi biết, anh ấy là một người đáng tin cậy."
Tom wasn't sure how he could help,Tom không chắc làm thế nào anh ta có thể giúp
Why doesn't he hug me anymore?,Tại sao anh ấy không ôm tôi nữa?
Stay out of my room.,tránh xa phòng tôi
You owe me a favor.,bạn nợ tôi một việc
I don't want to waste my time trying to do this again,tôi không muốn lãng phí thời gian để cố gắng làm điều này một lần nữa
Please will you close the door when you go out.,xin vui lòng bạn sẽ đóng cửa khi bạn đi ra ngoài.
There are no towels in room 15,không có khăn trong phòng 15
I like English best,tôi thích tiếng anh nhất
Spring is an enjoyable season.,mùa xuân là một mùa thú vị
There was never an instant of doubt in my mind.,Không có một khoảnh khắc nghi ngờ nào trong tâm trí tôi.
I'll have a quick glance.,Tôi sẽ xem qua một chút.
That red dress looks good on her.,cái váy đỏ đó trông đẹp đấy
It's done; I just finished.,Nó đã xong; tôi vừa làm xong.
We're going to play baseball tomorrow,chúng ta sẽ chơi bóng chày vào ngày mai
There's something I want to discuss with you.,có điều gì đó tôi muốn thảo luận với bạn.
I think Tom will like this game,tôi nghĩ tom sẽ thích trò chơi này
The river rose above the level of the dam,dòng sông dâng cao hơn mực nước
She's in the hospital now,cô ấy đang ở bệnh viện
Tom handed Mary a thick gray envelope.,Tom đưa cho mary một phong bì màu xám dày.
"You look much, much better than I do.",Trông bạn đẹp hơn tôi rất nhiều.
These shoes are too expensive.,những đôi giày này quá đắt
I walked the whole way to the station.,tôi đi bộ toàn bộ đến nhà ga.
I want Tom arrested for murder.,Tôi muốn tom bị bắt vì tội giết người.
I'd like to observe.,Tôi muốn quan sát.
Meetings are held every other week.,các cuộc họp được tổ chức mỗi tuần.
I don't want to see it,tôi không muốn nhìn thấy nó
The problem presented no challenge for me to overcome.,Vấn đề không gây ra bất kỳ thách thức nào để tôi vượt qua.
Focus on your own work and responsibilities.,Hãy tập trung vào công việc và trách nhiệm của riêng bạn.
I'd like to determine the value of this painting,tôi muốn xác định giá trị của bức tranh này
He contributed a large sum of money.,Anh ấy đã đóng góp một khoản tiền lớn.
"My father's factory turns out 30,000 cars each month.",Nhà máy của cha tôi sản xuất 30.000 xe mỗi tháng.
How did Tom convince you to do this?,Tom đã thuyết phục bạn làm điều này bằng cách nào?
Meeting Tom is of the utmost importance.,Việc gặp Tom là vô cùng quan trọng.
We wear uniforms at our school.,chúng tôi mặc đồng phục tại trường của chúng tôi.
Tom put on a Santa Claus costume.,Tom đã mặc trang phục ông già Noel.
Tom gave Mary a blank stare.,tom đưa cho mary một cái nhìn trống rỗng.
What's problematic is that a portion of our bills hasn't been settled yet.,Điều đáng lo ngại là một phần hóa đơn của chúng tôi vẫn chưa được giải quyết.
What you're doing is laughable.,Những gì bạn đang làm thật đáng cười.
Come here after you have washed your hands.,đến đây sau khi bạn đã rửa tay
Tom usually sits in the back pew,tom thường ngồi ở phía sau
Their names escaped me.,tên của họ thoát khỏi tôi.
Tom can keep going for a long time.,Tom có thể tiếp tục làm việc trong một thời gian dài.
Just do what I did when I met Mary. Tell her she's beautiful,chỉ làm những gì tôi đã làm khi tôi gặp mary. nói với cô ấy cô ấy đẹp
Tom lives on a farm in California.,tom sống trong một trang trại ở california.
"I don't suppose you know anything about Tom, do you?","Tôi không cho rằng bạn biết bất cứ điều gì về tom, phải không?"
Tom adjusted the music to a lower level.,Tom điều chỉnh nhạc xuống mức thấp hơn.
I expect to perform excellently on the exam.,Tôi mong đợi sẽ thể hiện xuất sắc trong kỳ thi.
My nose was very runny.,Mũi tôi rất chảy nước mũi.
Kenji is a tennis player.,kenji là một tay vợt.
This book is way more interesting than that one.,Cuốn sách này thú vị hơn cuốn sách đó.
Something was bothering Tom,có gì đó làm phiền tom
The problem remains unsolved,vấn đề vẫn chưa được giải quyết
You're the only person I know besides me who would prefer to live in a tent,"bạn là người duy nhất tôi biết ngoài tôi, người thích sống trong lều"
She inspected the surroundings of the house.,Cô ấy kiểm tra xung quanh ngôi nhà.
I want to examine everything.,Tôi muốn xem xét mọi thứ.
This year's weather is rather unusual.,thời tiết năm nay khá bất thường.
I wasn't hungry.,tôi đã không đói
Tom and Mary are in a relationship spanning a significant distance.,Tom và Mary đang trong một mối quan hệ trải dài một khoảng cách đáng kể.
The teacher got quite well again,giáo viên đã khá tốt trở lại
We'll have to talk this matter over in the near future.,chúng ta sẽ phải nói vấn đề này trong tương lai gần.
Could you dispatch the final five units immediately?,Bạn có thể gửi ngay năm đơn vị cuối cùng không?
He is twelve years old. He is tall for his age.,anh ấy mười hai tuổi. Anh ấy cao bằng tuổi anh ấy.
Detroit is famous for its car industry.,Detroit nổi tiếng với ngành công nghiệp xe hơi của nó.
People talk without having anything to say,mọi người nói mà không có gì để nói
You're too particular,bạn quá đặc biệt
Would you be in a position to give us a preferential 5% discount on 50 product packages?,Bạn có thể giảm giá ưu đãi 5% cho 50 gói sản phẩm của chúng tôi không?
I believe it's clear to both of us why I'm present.,Tôi tin rằng cả hai chúng ta đều rõ lý do tôi có mặt ở đây.
"Do you think Tom saw it, too?",bạn có nghĩ rằng tom cũng nhìn thấy nó không?
I tied my dog to the tree in the yard.,Tôi buộc con chó của tôi vào cây trong sân.
We're still waiting for an answer,chúng tôi vẫn đang chờ câu trả lời
The classroom had only a handful of students left.,Trong lớp học chỉ còn lại một số ít học sinh.
Can you give us a short overview of who you are?,Bạn có thể cho chúng tôi một cái nhìn tổng quan ngắn gọn về bạn là ai không?
I missed what you said,tôi nhớ những gì bạn nói
What's your favorite metaphor?,phép ẩn dụ yêu thích của bạn là gì?
Providing for his large family was his obligation.,Việc chu cấp cho gia đình lớn của anh ấy là nghĩa vụ của anh ấy.
Tom and Mary are honeymooning.,tom và mary đang hưởng tuần trăng mật
Tom got rid of his old car,tom đã thoát khỏi chiếc xe cũ của mình
I want you to keep up with me,tôi muốn bạn theo kịp tôi
Could you tell me when you purchased this edifice?,Bạn có thể cho tôi biết khi nào bạn đã mua tòa nhà này không?
Mary isn't very similar in appearance to her mom.,Mary không giống mẹ cô ấy lắm về ngoại hình.
Does any other area of your physique hurt?,Có vùng nào khác trên cơ thể bạn bị đau không?
I believe you would come to regret that decision.,Tôi tin rằng bạn sẽ hối hận về quyết định đó.
He knows he did something wrong,anh ấy biết mình đã làm gì đó sai
I said I wasn't serious.,tôi nói tôi không nghiêm túc
He told me the story of his life.,Anh kể cho tôi nghe câu chuyện về cuộc đời anh.
Are you certain about placing your fate under her control?,Bạn có chắc chắn về việc đặt số phận của mình dưới sự kiểm soát của cô ấy không?
Can I see your hands?,tôi có thể nhìn thấy bàn tay của bạn?
I told Tom it would be best if he didn't leave after dark.,Tôi đã nói với Tom rằng tốt nhất là anh ấy không nên ra ngoài sau khi trời tối.
Doctors suspect smoking has lot to do with cancer,bác sĩ nghi ngờ hút thuốc có liên quan đến ung thư
Tom has lost his job,tom đã mất việc
It is our collective fate to die.,Đó là số phận chung của chúng ta là phải chết.
Love is not enough,yêu thì chưa đủ
Put your eyes to rest.,Cho đôi mắt của bạn nghỉ ngơi.
He could not send his son to school.,ông không thể gửi con trai mình đến trường.
I've been dying to see him.,Tôi đã rất muốn nhìn thấy anh ấy.
Hold your positions.,giữ vị trí của bạn.
The bank was run by private citizens,ngân hàng được điều hành bởi công dân tư nhân
I need lots of time,tôi cần rất nhiều thời gian
It's wrong to tell lies,nói dối là sai
Tom is not a Boston resident at this point.,Tom chưa phải là cư dân Boston vào thời điểm này.
English is an international language.,tiếng Anh là một ngôn ngữ quốc tế.
Can you bring down my trunk from upstairs?,bạn có thể mang thân cây của tôi xuống từ trên lầu không?
I believed I instructed you to leave the door shut.,Tôi tin rằng tôi đã chỉ thị bạn để cửa đóng.
My father plays golf every Sunday.,Cha tôi chơi golf mỗi chủ nhật.
I'm perfectly fine,tôi hoàn toàn ổn
Tom is efficient.,tom là hiệu quả.
I'm not going to have this stupid argument with you anymore,Tôi sẽ không có tranh luận ngu ngốc này với bạn nữa
I think it's possible that he may come.,Tôi nghĩ rằng có thể anh ấy sẽ đến.
Get out and leave me alone!,ra ngoài và để tôi yên
We are all suspicious about him.,chúng tôi đều nghi ngờ về anh ấy
It was very hard,nó đã rất khó
The flower is yours if you wish to take it.,Bông hoa là của bạn nếu bạn muốn lấy nó.
Tom grew up in Australia,tom lớn lên ở Úc
Who'll start?,ai sẽ bắt đầu
Look at the traffic.,nhìn vào giao thông
I am thinking of going abroad next year.,tôi đang nghĩ đến việc ra nước ngoài vào năm tới
"Today, everything went awry from the start","hôm nay, mọi thứ trở nên tồi tệ ngay từ đầu"
A pipe was in his mouth as he sat.,Một chiếc tẩu ở trong miệng anh ấy khi anh ấy ngồi.
He arrived from Boston to this place.,Anh ấy đã đến từ Boston đến nơi này.
You should not depend on your parents.,bạn không nên phụ thuộc vào cha mẹ của bạn.
Do you see that house? That's my house.,bạn có thấy ngôi nhà đó không đó là nhà của tôi
Mortality awaits us all.,Cái chết chờ đợi tất cả chúng ta.
They'll tie the knot quite quickly.,Họ sẽ kết hôn khá nhanh thôi.
"Everybody, let's have a good year","mọi người, hãy có một năm tốt lành"
We should not resort to arms to settle international disputes.,chúng ta không nên dùng đến vũ khí để giải quyết tranh chấp quốc tế.
"Tom asked Mary where she lived, but she wouldn't tell him.","Tom hỏi mary nơi cô sống, nhưng cô sẽ không nói với anh ta."
I probably shouldn't have done that,tôi có lẽ không nên làm điều đó
My opinion is that we ought to disclose the truth to Tom.,"Theo tôi, chúng ta nên tiết lộ sự thật cho Tom."
You can't have any of this cake,bạn không thể có bất kỳ chiếc bánh này
I'm glad we hired you for this job,tôi rất vui vì chúng tôi đã thuê bạn cho công việc này
Don't give it another thought,đừng cho nó một suy nghĩ khác
I'm tired of playing games,tôi mệt mỏi khi chơi game
Why are they here?,tại sao họ ở đây?
Mary died during childbirth.,mary chết trong khi sinh con.
Tom certainly convinced me that I should lose some weight.,Tom chắc chắn đã thuyết phục tôi rằng tôi nên giảm cân.
She's well known as a singer.,Cô ấy nổi tiếng là một ca sĩ.
"This is hard for you, isn't it?",cái này khó với bạn phải không?
The cat went through a gap in the fence.,Con mèo đi qua một khoảng trống trong hàng rào.
I'm not satisfied with that company's service.,Tôi không hài lòng với dịch vụ của công ty đó.
I believe I recall the method for doing that.,Tôi tin là tôi nhớ cách làm điều đó.
Tom knows quite a lot about Mary.,tom biết khá nhiều về mary.
Prices have been consistent lately.,Giá cả đã ổn định trong thời gian gần đây.
I understand why you expressed that.,Tôi hiểu tại sao bạn lại bày tỏ điều đó.
A tall tree hid his house from our view.,một cây cao che giấu ngôi nhà của mình từ tầm nhìn của chúng tôi.
Your signature goes here.,Chữ ký của bạn đặt ở đây.
Please buy this for me.,vui lòng mua cái này cho tôi
I was hoping you could assist me.,Tôi đã hy vọng bạn có thể hỗ trợ tôi.
What was Tom doing there?,Tom đã làm gì ở đó?
Don't ask me what that is,đừng hỏi tôi đó là gì
Tom speaks Japanese better than the Japanese do,tom nói tiếng Nhật tốt hơn tiếng Nhật
Tom and Mary have been studying French together all afternoon.,tom và mary đã học tiếng Pháp cùng nhau suốt buổi chiều.
He was responsible for providing for his big family.,Anh ấy có trách nhiệm chu cấp cho gia đình đông người của mình.
What kind of food is eaten in Egypt?,Loại thức ăn nào được ăn ở Ai Cập?
Tom is quite portly.,Tom khá là bệ vệ.
"I am against the war, of course","tôi chống lại chiến tranh, tất nhiên"
The question is who will make the decision,Câu hỏi là ai sẽ đưa ra quyết định
"He works as a teacher, but actually he is a spy.","anh ta làm giáo viên, nhưng thực ra anh ta là một gián điệp."
Yesterday a pedestrian was run over by a truck at this pedestrian crossing.,hôm qua một người đi bộ đã bị một chiếc xe tải chạy qua ngã tư này.
He's been remiss in writing to them for a long duration.,Anh ấy đã lơ là việc viết thư cho họ trong một thời gian dài.
"Tickets are valid for just two days, including the day they are purchased on.","vé có giá trị chỉ trong hai ngày, bao gồm cả ngày họ được mua."
I'm fixing something.,Tôi đang sửa cái gì đó.
There are holes in the floor,có lỗ trên sàn nhà
He took over the business after her death,ông đã tiếp quản công việc kinh doanh sau cái chết của bà
Have a good day.,chúc bạn ngày mới tốt lành.
You should have asked her for help.,bạn nên nhờ cô ấy giúp đỡ.
Tom put something over his mouth.,Tom đặt thứ gì đó lên miệng.
Why would you want to go?,tại sao bạn muốn đi
I may have a solution,tôi có thể có một giải pháp
The milk was poured by her into a bowl.,Sữa đã được cô ấy đổ vào một cái bát.
Tom wouldn't be too surprised if Mary didn't like the puppy he gave her,Tom sẽ không quá ngạc nhiên nếu mary không thích chú chó con mà anh ấy tặng cô ấy
Don't be silly. You know I love you.,đừng ngớ ngẩn bạn biết tôi yêu bạn
Every single one of them is counterfeit.,Mỗi cái trong số chúng đều là hàng giả.
I request you to go right away.,Tôi yêu cầu bạn đi ngay lập tức.
You're wanted in the principal's office.,bạn muốn ở văn phòng hiệu trưởng.
He is busy correcting test papers.,anh đang bận sửa bài thi.
Tom wouldn't have lied.,Tom sẽ không nói dối.
How is your last name written?,họ của bạn được viết như thế nào?
I could have done it by myself.,tôi có thể tự làm điều đó
I'm sick and tired of being lonely.,Tôi phát ốm và mệt mỏi vì cô đơn.
Don't you drag me into this,bạn không kéo tôi vào đây
I like languages,tôi thích ngôn ngữ
Tom will be there tomorrow for sure.,Tom sẽ có mặt vào ngày mai cho chắc chắn.
I wonder what has become of the friend I used to go fishing with.,tôi tự hỏi những gì đã trở thành của người bạn tôi từng đi câu cá.
They're not happy.,họ không vui
It seems you're less careful lately.,Có vẻ bạn gần đây ít cẩn thận hơn.
Our house is quite pleasant.,Ngôi nhà của chúng tôi khá dễ chịu.
It wasn't mine.,nó không phải của tôi
A convict has escaped from prison,một kẻ bị kết án đã trốn thoát khỏi nhà tù
Where is the logic in that?,Lý luận đó ở đâu?
Tom asked Mary why she was so scared.,Tom hỏi mary tại sao cô ấy rất sợ.
She's not aware of the facts yet.,Cô ấy vẫn chưa nhận thức được sự thật.
Tom knows I want to leave as soon as possible,tom biết tôi muốn rời đi càng sớm càng tốt
He placed particular importance on the issue.,Ông ấy đặc biệt chú trọng vào vấn đề này.
I dislike her unfriendly attitude.,Tôi không thích thái độ không thân thiện của cô ấy.
I know Tom's widow.,tôi biết quả phụ của tom.
He hasn't sent them a letter for a considerable period.,Anh ấy đã không gửi thư cho họ trong một khoảng thời gian đáng kể.
The milk was transferred by her into a bowl.,Sữa đã được cô ấy chuyển vào một cái bát.
I don't engage in smoking or alcohol consumption.,Tôi không tham gia vào việc hút thuốc hay tiêu thụ đồ uống có cồn.
I appreciate your efforts to help me,tôi đánh giá cao những nỗ lực của bạn để giúp tôi
I was under the impression I'd asked you to close the door.,Tôi cứ tưởng tôi đã yêu cầu bạn đóng cửa.
We simply want to prevent any complications.,Chúng tôi chỉ muốn ngăn chặn bất kỳ biến chứng nào.
Are you saying Tom is dangerous?,bạn đang nói tom là nguy hiểm?
I think we can go on our way now.,Tôi nghĩ rằng chúng ta có thể đi trên con đường của chúng tôi bây giờ.
I'd like to listen to pop music.,Tôi muốn nghe nhạc pop.
Allow me to review the situation.,Hãy để tôi xem xét tình hình.
Tom was subpoenaed.,tom đã được trát hầu tòa.
Will you please lend me a stapler?,bạn vui lòng cho tôi mượn cái dập ghim chứ?
"If you wish to speak to Tom, you'll need to wait about three hours","nếu bạn muốn nói chuyện với tom, bạn sẽ cần đợi khoảng ba giờ"
Tom concealed his pistol under his coat.,tom giấu khẩu súng lục dưới áo khoác.
He has married his daughter to a young lawyer,ông đã kết hôn với con gái của mình với một luật sư trẻ
I think I've got the knack for doing that.,Tôi nghĩ tôi đã có bí quyết để làm điều đó.
What kind of food is consumed in Egypt?,Loại thực phẩm nào được tiêu thụ ở Ai Cập?
Are you a student of a private high school?,bạn là học sinh của một trường trung học tư thục?
I think it's time for me to study,tôi nghĩ rằng đã đến lúc tôi học
He's the one who touched me.,Anh ấy là người đã chạm vào tôi.
Americans pay both federal taxes and state taxes,người Mỹ trả cả thuế liên bang và thuế nhà nước
I prefer biking,tôi thích đi xe đạp
I think Tom is unintelligent,tôi nghĩ tom không thông minh
She laid her baby on the bed,cô đặt em bé lên giường
Could you give us a minute?,bạn có thể cho chúng tôi một phút được không?
Tom is being granted one more chance by me.,Tom đang được tôi ban cho thêm một cơ hội.
Are they coming at six or at seven?,họ đến lúc sáu hay bảy giờ?
Thanks for the hospitality,cảm ơn vì sự hiếu khách
I can't imagine it,tôi không thể tưởng tượng nó
The Soviet Union launched Sputnik I in 1957,Liên minh Xô Viết ra mắt Sputnik i vào năm 1957
I have other priorities.,tôi có những ưu tiên khác
The court condemned the man to death by lethal injection.,Tòa án kết án người đàn ông đến chết bằng cách tiêm thuốc độc.
They won't intervene,họ sẽ không can thiệp
Let's start over,Hãy làm lại từ đầu
The murderer was executed,kẻ giết người đã bị xử tử
Your words won't upset me.,Lời nói của bạn sẽ không làm tôi buồn đâu.
Tom is indeed quite portly.,Tom thực sự khá mũm mĩm.
Tom hid the gun under some socks in the drawer.,tom giấu khẩu súng dưới một số vớ trong ngăn kéo.
Joy was something Tom never knew.,Niềm vui là điều Tom chưa bao giờ biết đến.
Every single person is unique.,Mỗi người đều là độc nhất.
The job would be difficult.,công việc sẽ khó khăn
My employer considers me unqualified for the task.,Ông chủ của tôi cho rằng tôi không đủ tiêu chuẩn cho công việc.
This is shocking.,Điều này gây sốc.
I have a secret dream,tôi có một giấc mơ bí mật
"When she awoke, the family was there.","Khi cô tỉnh dậy, gia đình đã ở đó."
A group of students stood in the street.,Một nhóm sinh viên đứng ngoài đường.
I've made a lot of friends since I entered college.,Tôi đã có rất nhiều bạn từ khi tôi vào đại học.
"Oh, have a heart.","oh, có một trái tim"
You've put us in a pretty difficult situation.,Bạn đã đặt chúng ta vào một tình huống khá khó khăn.
Where were you when Tom needed help?,Bạn đã ở đâu khi tom cần giúp đỡ?
My performance on the test will be good.,Kết quả của tôi trong bài kiểm tra sẽ tốt.
We're methodical,chúng tôi có phương pháp
I know you don't know Tom,tôi biết bạn không biết tom
My father is going to retire soon.,Bố tôi sẽ nghỉ hưu sớm.
What are you going to do?,bạn định làm gì?
It's highly probable that Tom is enraged.,Rất có thể Tom đang tức giận.
"I have all these apples to carry, not to mention this bag of potatoes.","tôi có tất cả những quả táo này để mang theo, chưa kể đến túi khoai tây này."
I told everybody about what happened,tôi đã nói với mọi người về những gì đã xảy ra
Please come and see us sometime during the vacation,thỉnh thoảng hãy đến và gặp chúng tôi trong kỳ nghỉ
He began communicating with the canine.,Anh ấy bắt đầu giao tiếp với con chó.
"What's the name of that store again, please?",Xin vui lòng tên của cửa hàng đó là gì?
I wish you experience the same amount of pain we endured.,Tôi ước bạn phải chịu đựng số lượng đau khổ tương tự như chúng tôi đã chịu.
You should really go lend Tom a hand.,Bạn thực sự nên đi giúp Tom một tay.
Moses came down from the mountain bearing divine commandments,Moses từ trên núi mang điều răn
I was in the car at the moment I regained consciousness.,Tôi đã ở trong xe vào thời điểm tôi tỉnh lại.
I'm very impressed by your work.,Tôi rất ấn tượng với công việc của bạn.
Tom would not share his secret with me.,Tom sẽ không chia sẻ bí mật của anh ấy với tôi.
He doesn't get along with her father,anh ấy không hòa thuận với cha cô ấy
He couldn't take it any longer.,anh không thể chịu đựng được nữa.
That photograph was included when I got the wallet.,Bức ảnh đó đã được tặng kèm khi tôi mua chiếc ví.
My parents' generation went through the war.,Thế hệ của cha mẹ tôi đã trải qua chiến tranh.
I'm really devoted to my city.,Tôi thực sự gắn bó với thành phố của mình.
What's making you so cross with him?,Điều gì đang khiến bạn tức giận với anh ấy như vậy?
Everyone can see that.,Ai cũng có thể thấy điều đó.
Tom mentioned you'd show up here.,Tom đã đề cập rằng bạn sẽ xuất hiện ở đây.
This is no time for joking,đây không phải là lúc để nói đùa
"If you knew, you'd tell me, right?","nếu bạn biết, bạn sẽ nói với tôi, phải không?"
Tom eats brown rice more often than white rice,tom ăn gạo lức thường xuyên hơn gạo trắng
Numerous of my acquaintances communicate in Esperanto.,Nhiều người quen của tôi giao tiếp bằng tiếng Esperanto.
Convey to Tom that he should let me be.,Truyền đạt lại cho Tom rằng anh ấy nên để tôi yên.
Tom stopped in front of Mary's house and got out of his car.,Tom dừng lại trước nhà của mary và ra khỏi xe.
I assume we're both aware of the purpose of my visit.,Tôi cho rằng cả hai chúng ta đều biết mục đích chuyến thăm của tôi.
Keep Tom away from me,tránh xa tôi ra
Where should I throw away this empty cup?,Tôi nên vứt cái cốc rỗng này đi đâu?
What did he look up?,anh ấy đã nhìn lên cái gì
Tom said he wanted me to spend the summer in Boston with him.,Tom nói rằng anh ấy muốn tôi dành mùa hè ở boston với anh ấy.
I am good friends with Bill,tôi là bạn tốt với hóa đơn
Do you envy your neighbors?,bạn có ghen tị với hàng xóm của bạn?
He walked past the house.,Anh đi ngang qua nhà.
Tom asked for a receipt,tom yêu cầu nhận
I really enjoyed myself yesterday night.,Tối qua tôi thực sự rất vui.
I made fun of him,tôi đã chọc cười anh ấy
I wasn't organized,tôi đã không được tổ chức
"See you in the morning, Tom.","Hẹn gặp lại vào buổi sáng, tom."
Have you ever started this engine?,Bạn đã bao giờ khởi động động cơ này?
We are not in a discussion to reach an agreement here.,Chúng ta không ở đây để thảo luận nhằm đạt được thỏa thuận.
Tom drank a glass of milk,tom uống một ly sữa
Half of the students are absent,một nửa số học sinh vắng mặt
This is getting crazy,điều này đang trở nên điên rồ
I couldn't have done better myself.,tôi không thể làm tốt hơn bản thân mình
The final match was not so exciting,trận đấu cuối cùng không quá sôi động
He studied for ten years,anh ấy đã học mười năm
Her gaze swept through the house.,Ánh mắt cô ấy lướt qua khắp căn nhà.
What would you do if you failed?,Bạn sẽ làm gì nếu thất bại?
My bath was interrupted by the ringing phone.,Cuộc tắm của tôi bị gián đoạn bởi tiếng điện thoại reo.
What was Tom's trick to get you involved?,Mánh khóe của Tom là gì để lôi kéo bạn vào?
The old man looks sad.,ông già có vẻ buồn.
What I want is a word processor.,những gì tôi muốn là một trình xử lý văn bản.
Our demise is inevitable.,Sự diệt vong của chúng ta là không thể tránh khỏi.
The children gathered around where Tom was seated and watched him play his guitar,những đứa trẻ tụ tập quanh nơi tom ngồi và xem anh ấy chơi guitar
This letter's for me,lá thư này cho tôi
I didn't think Tom would want to see me again,tôi không nghĩ tom sẽ muốn gặp lại tôi
It was the most dreadful evening of my existence.,Đó là buổi tối kinh hoàng nhất trong cuộc đời tôi.
Many paintings hang in the shop.,nhiều bức tranh treo trong cửa hàng.
Don't speak unless you're spoken to,đừng nói trừ khi bạn nói chuyện với
They killed Tom as an example to the other prisoners.,họ đã giết tom như một ví dụ cho các tù nhân khác.
I can't simply give up,tôi không thể từ bỏ
Fancy seeing a movie with me?,Cùng tôi đi xem một bộ phim nhé?
Is it your firm decision to let her be responsible for your life?,Có phải bạn đã quyết định chắc chắn để cô ấy chịu trách nhiệm về cuộc đời mình không?
A man who smacks his wife around is contemptible,Một người đàn ông đánh vợ xung quanh là khinh miệt
Would you mind telling me how to do this?,bạn có phiền cho tôi biết làm thế nào để làm điều này?
Tom is trustworthy,tom đáng tin cậy
Wearing jeans doesn't suit me well.,Mặc quần jean không hợp với tôi.
She is presently facing peril.,Cô ấy hiện đang đối mặt với hiểm nguy.
There's no doubt that Tom poisoned Mary,không có nghi ngờ rằng tom độc mary
I know you think highly of Tom,tôi biết bạn nghĩ rất nhiều về tom
I feel that thirty dollars is an exorbitant amount for this.,Tôi cảm thấy ba mươi đô la là một số tiền cắt cổ cho cái này.
Tom doesn't mind being told what to do.,Tom không phiền khi được bảo phải làm gì.
Tom seemed really impressed with Mary's speech.,Tom dường như thực sự ấn tượng với bài phát biểu của mary.
His father calls him Tom,cha anh gọi anh là tom
Tom gets off work at five,tom nghỉ làm lúc năm giờ
"My purchase of this atlas amounted to 2,000 yen.",Việc mua tập bản đồ này của tôi lên tới 2.000 yên.
I've noticed a pattern,tôi đã nhận thấy một mô hình
Do you know when his plane is arriving?,Bạn có biết khi máy bay của anh ấy đến không?
He is destined to perish.,Anh ấy định mệnh phải chết.
Who are the passengers aboard the train?,Ai là hành khách trên chuyến tàu?
"Whether we win or lose, I won't have any hard feelings","dù chúng ta thắng hay thua, tôi sẽ không có cảm giác khó khăn"
What's Tom going to do?,tom sẽ làm gì
What did Tom say to get you to agree to this?,Tom đã nói gì để bạn đồng ý với điều này?
I know where we can get some help,tôi biết nơi chúng tôi có thể nhận được sự giúp đỡ
I'll call you up tomorrow morning.,Tôi sẽ gọi bạn dậy vào sáng mai.
I'm glad you liked it,Tôi vui vì bạn thích nó
They stared at her swimming suit in amazement.,họ nhìn chằm chằm vào bộ đồ bơi của cô trong sự kinh ngạc.
I doubt that Tom would ever do that kind of thing,tôi nghi ngờ rằng tom sẽ làm điều đó
From whom did you receive this?,Bạn nhận cái này từ ai?
Great geniuses have the shortest biographies,những thiên tài vĩ đại có tiểu sử ngắn nhất
Meet him face-to-face.,Gặp anh ấy mặt đối mặt.
The wounded soldiers were left in the field.,những người lính bị thương bị bỏ lại trên cánh đồng.
Tom's mind was wandering.,Tâm trí của Tom đang lang thang.
Would you like to visit the city?,Bạn có muốn đến thăm thành phố?
She couldn't convince him to buy her a new car,cô không thể thuyết phục anh mua cho cô một chiếc xe mới
I'm touched by your concern.,Tôi cảm động trước sự quan tâm của bạn.
I give my job a high level of commitment.,Tôi dành cho công việc của mình một mức độ cam kết cao.
It is often easier to make plans than to carry them out.,thường dễ thực hiện kế hoạch hơn là thực hiện chúng.
The factual information has not reached her yet.,Thông tin thực tế vẫn chưa đến với cô ấy.
I can't believe Tom bought that house,tôi không thể tin tom mua căn nhà đó
You spend too much time with her,bạn dành quá nhiều thời gian với cô ấy
A revolt broke out,một cuộc nổi dậy nổ ra
It's simple to get along with him.,Thật dễ dàng để hòa hợp với anh ấy.
I gave it to Tom,tôi đã đưa nó cho tom
Tom was involved in a traffic accident.,tom đã tham gia vào một vụ tai nạn giao thông.
Our ultimate fate is to perish.,Số phận cuối cùng của chúng ta là phải chết.
More and more tourists are flocking to this city.,Ngày càng nhiều khách du lịch đổ xô đến thành phố này.
That's a very personal question,đó là một câu hỏi rất cá nhân
It's time for you to go to sleep,đến giờ đi ngủ rồi
You don't own that particular knife.,Bạn không sở hữu con dao đó.
He remained calm even in the presence of danger.,Anh vẫn bình tĩnh ngay cả khi gặp nguy hiểm.
I can't be happy when Tom is so sad,tôi không thể vui khi tom buồn
Let's get coffee.,hãy lấy cà phê
They built the walls of the fortress without using cement at all.,họ đã xây dựng các bức tường của pháo đài mà không sử dụng xi măng.
I saw a movie for the first time in two years.,tôi đã xem một bộ phim lần đầu tiên sau hai năm.
Tom didn't know if he could do it or not,Tom không biết liệu anh ta có thể làm điều đó hay không
Tom deserves my thanks.,Tom xứng đáng nhận được lời cảm ơn của tôi.
He handled it with great delicacy.,Anh ấy đã xử lý nó với sự tinh tế lớn.
How long will you stay in Japan?,bạn sẽ ở Nhật bao lâu
I truly hope you suffer equally to us.,Tôi thực sự hy vọng bạn sẽ đau khổ ngang bằng với chúng tôi.
Can I get you a cocktail?,tôi có thể lấy cho bạn một ly cocktail không?
I'd better call Tom again,Tôi nên gọi cho tom một lần nữa
There was a lot of wind.,Có rất nhiều gió.
Tom can't run as fast as Mary,Tom không thể chạy nhanh như mary
I'm in the mood for food.,Tôi đang có tâm trạng muốn ăn.
I believe I recall the method for that.,Tôi tin rằng tôi nhớ phương pháp để làm điều đó.
What's the big attraction?,Điểm thu hút lớn là gì?
Tom told me that he was very busy.,tom nói với tôi rằng anh ấy rất bận
She let him drive on his own.,Cô để anh tự lái.
I don't know either boy,tôi cũng không biết
Dry your face with a towel.,lau khô mặt bằng khăn.
The dining area is rather busy,khu vực ăn uống khá bận rộn
That action will add more complexity to the issues.,Hành động đó sẽ làm tăng thêm sự phức tạp cho các vấn đề.
I'm of the mind that Tom should be told the truth.,Tôi có suy nghĩ rằng Tom nên được biết sự thật.
He has suffered through a long period of illness,anh ấy đã trải qua một thời gian dài bị bệnh
Tell us more.,Hãy cho chúng tôi biết thêm.
Tom shared his lunch with me,tom chia sẻ bữa trưa của anh ấy với tôi
Do you still have feelings for him?,bạn có còn tình cảm với anh ấy không?
He was hard to please,anh ấy rất khó để làm hài lòng
Santa Ana's army was destroyed.,quân đội của santa ana đã bị phá hủy.
He graduated from college at the age of 22,anh tốt nghiệp đại học năm 22 tuổi
We'll be there before you know it,chúng tôi sẽ ở đó trước khi bạn biết điều đó
She kept on dancing all through the party,cô ấy tiếp tục nhảy múa suốt bữa tiệc
Listening to your protests has become tiresome.,Nghe những lời phản đối của bạn đã trở nên mệt mỏi.
I'm at Tom's apartment,tôi đang ở căn hộ của tom
Is that from Tom?,có phải từ tom không?
Tom was happy working in the garden,tom rất vui khi làm việc trong vườn
The sun is up,Mặt trời lên rồi
I told him his services were no longer required.,tôi nói với anh ta rằng dịch vụ của anh ta không còn cần thiết nữa.
My son has a toothache,con trai tôi bị đau răng
Somebody has stolen my suitcase,ai đó đã đánh cắp vali của tôi
I have no intention of going to your wedding,tôi không có ý định đi dự đám cưới của bạn
An apology is due from you concerning your statements.,Bạn cần phải xin lỗi về những phát biểu của mình.
The difficulty lies in the fact that some payments for our bills are overdue.,Khó khăn nằm ở chỗ một số khoản thanh toán hóa đơn của chúng ta đã quá hạn.
The prediction was that it would bring about a civil war.,Dự đoán là điều đó sẽ dẫn đến một cuộc nội chiến.
Who did you kill?,bạn đã giết ai
We couldn't open the door because it was locked from the inside.,chúng tôi không thể mở cửa vì nó bị khóa từ bên trong.
Tom hasn't complained of any discomfort,Tom đã không phàn nàn về bất kỳ sự khó chịu
Would you mind sharing some information about yourself?,Bạn có phiền chia sẻ một vài thông tin về bản thân không?
I often play soccer after class.,Tôi thường chơi bóng đá sau giờ học.
She pretended that she was sick.,Cô giả vờ rằng mình bị bệnh.
A stone does not float,một hòn đá không nổi
Water contains hydrogen and oxygen.,nước chứa hydro và oxy.
Tom ought not to have taken Mary's car.,Tom đáng lẽ không nên lấy xe của Mary.
I was informed by Tom that you would be present.,Tom đã thông báo với tôi rằng bạn sẽ có mặt ở đây.
Feel free to hold me responsible if it offers you some relief.,Cứ tự nhiên đổ lỗi cho tôi nếu điều đó khiến bạn nhẹ nhõm hơn.
There will be no more chances for Tom after this one.,"Sau lần này, sẽ không còn cơ hội nào nữa cho Tom."
The telephone started ringing as I was in the bath.,Điện thoại bắt đầu reo khi tôi đang ở trong bồn tắm.
Tom wants to go hunting.,tom muốn đi săn.
I don't know where to buy imported cheese,tôi không biết mua phô mai nhập khẩu ở đâu
I want to have a meal.,Tôi muốn dùng bữa.
You were deceived by Tom.,Bạn đã bị Tom lừa dối.
Tom is drinking a beer,tom đang uống bia
We managed to remove the stain by washing the shirt.,Chúng tôi đã loại bỏ được vết bẩn bằng cách giặt chiếc áo.
My hope is that your suffering matches ours.,Hy vọng của tôi là sự đau khổ của bạn ngang bằng với của chúng tôi.
My father is going to kill me,bố tôi sẽ giết tôi
I allowed her to go to the party,tôi cho phép cô ấy đi dự tiệc
Life was not easy in Georgia,cuộc sống không dễ dàng ở georgia
I'd like to hang out with you tonight,tôi muốn đi chơi với bạn tối nay
The soprano received thunderous applause for her performance.,giọng nữ cao nhận được những tràng pháo tay như sấm cho màn trình diễn của cô.
Tom apparently isn't so sure of that.,Tom dường như không chắc chắn về điều đó.
I'm tired of dealing with this mess,tôi mệt mỏi vì phải đối phó với mớ hỗn độn này
Are there other locations on your body where you are sensing pain?,Có những vị trí nào khác trên cơ thể bạn mà bạn đang cảm thấy đau không?
It's important to remember your umbrella.,Điều quan trọng là phải nhớ mang ô của bạn.
Have you ever been to China?,bạn đã từng đến Trung Quốc chưa?
Did you manage to unbox everything?,Bạn đã mở được tất cả mọi thứ ra khỏi hộp chưa?
I can get you more.,tôi có thể giúp bạn nhiều hơn
He fixed my umbrella for me,anh ấy đã sửa ô cho tôi
I own this store,tôi sở hữu cửa hàng này
He will come if he has a mind to.,anh ấy sẽ đến nếu anh ấy có ý định.
Mary's my niece.,mary là cháu gái của tôi.
I still have a lot of questions I want to ask you about your relationship with Tom,tôi vẫn còn rất nhiều câu hỏi tôi muốn hỏi bạn về mối quan hệ của bạn với tom
The repercussions do not concern me.,Những hậu quả không liên quan đến tôi.
I've had enough of your dissatisfaction.,Tôi đã quá đủ với sự bất mãn của bạn.
I read this book again and again.,tôi đọc cuốn sách này nhiều lần.
"If he had trained himself harder at that time, he would be healthier now","nếu anh ấy đã rèn luyện bản thân chăm chỉ hơn vào thời điểm đó, anh ấy sẽ khỏe mạnh hơn bây giờ"
Her singing reached my ears from inside her bedroom.,Tiếng hát của cô ấy vọng đến tai tôi từ trong phòng ngủ.
Tom can't ever seem to make up his mind,Tom dường như không bao giờ quyết định
This doctor is a man of culture,bác sĩ này là một người đàn ông của văn hóa
I'll hand over my meager funds to you.,Tôi sẽ giao số tiền ít ỏi của mình cho bạn.
A bowl received the milk from her.,Một cái bát đã nhận sữa từ cô ấy.
They are willing to talk about the problem,họ sẵn sàng nói về vấn đề
A delightful smile accompanied her greeting to me.,Một nụ cười dễ chịu đi kèm lời chào của cô ấy dành cho tôi.
He couldn't bear the thought of leaving her.,anh không thể chịu đựng được ý nghĩ rời bỏ cô.
I'll show you that I am right.,Tôi sẽ cho bạn thấy rằng tôi đúng.
He enjoys engaging in established rites.,Anh ấy thích tham gia vào các nghi thức đã được thiết lập.
I had so little time that I had to eat lunch in a hurry.,tôi đã có rất ít thời gian mà tôi phải ăn trưa vội vàng.
What's wrong with this one?,Có chuyện gì với cái này vậy?
Please give me the newspaper when you've finished reading it,vui lòng đưa cho tôi tờ báo khi bạn đọc xong
You probably realize by now that Tom doesn't want you to stay.,Có lẽ bây giờ bạn đã nhận ra rằng Tom không muốn bạn ở lại.
Tom destroyed his marriage by lying to his wife,Tom phá hủy cuộc hôn nhân của mình bằng cách nói dối vợ
The disagreement was resolved amicably.,Bất đồng đã được giải quyết một cách thân thiện.
I'll go in,tôi sẽ đi vào
I changed trains at Tokyo Station,tôi đã đổi tàu ở ga tokyo
You look kind of down.,bạn nhìn xuống
They are all imitations.,Tất cả chúng đều là hàng nhái.
Has Tom ever told you why he doesn't like Mary?,Tom đã bao giờ nói với bạn tại sao anh ta không thích mary chưa?
The man answers the description.,Người đàn ông trả lời mô tả.
There are seven men and four women in my section,Có bảy người đàn ông và bốn người phụ nữ trong phần của tôi
What happened to your voice?,chuyện gì đã xảy ra với giọng nói của bạn vậy?
His father appears to be a legal professional.,Cha của anh ấy dường như là một chuyên gia pháp lý.
He opened his mouth wide,anh mở to miệng
This is Tom speaking. I'd like to speak to Mary,đây là tom nói. tôi muốn nói chuyện với mary
It's vital that we connect with Tom.,Điều cốt yếu là chúng ta phải liên lạc với Tom.
You said you didn't understand,bạn nói bạn không hiểu
Tom had to run an errand.,Tom đã phải chạy một việc vặt.
We've got the house surrounded,chúng tôi có ngôi nhà bao quanh
Jim was so tired that he lay down and slept.,jim mệt đến nỗi nằm xuống và ngủ.
Ken boarded the incorrect bus in error.,Ken đã lên nhầm xe buýt một cách sai lầm.
I don't like to drive.,tôi không thích lái xe
Tom was dishonest with you.,Tom đã không thành thật với bạn.
Where is he going to settle down?,Anh ấy định cư ở đâu?
I can see clearly now.,Bây giờ tôi có thể nhìn rõ rồi.
I'm not sure I'd be much help,tôi không chắc tôi sẽ giúp được nhiều
I'm sure they're wrong.,Tôi chắc chắn họ đã sai.
Is the report that Tom observed a killing accurate?,Tin đồn Tom chứng kiến một vụ giết người có chính xác không?
We have to tell them something.,chúng ta phải nói với họ điều gì đó
Tom made it clear that he didn't like Mary.,Tom nói rõ rằng anh ta không thích mary.
This is Lucia's pen.,đây là cây bút của lucia.
It would be best for you to express regret for your words.,Tốt nhất là bạn nên bày tỏ sự hối tiếc về những lời mình đã nói.
Tom doesn't want to work here.,Tom không muốn làm việc ở đây.
We made an attempt at that.,Chúng tôi đã cố gắng làm điều đó.
Tom's ugly.,Tom xấu xí.
"As soon as he saw the policeman, he ran away.","Ngay khi nhìn thấy cảnh sát, anh ta bỏ chạy."
Don't get excited.,đừng phấn khích
That's pretty funny.,điều đó thật buồn cười
I know you can do this,Tôi biết bạn có thể làm điều này
We ought to take the teacher's advice,chúng ta nên nghe theo lời khuyên của giáo viên
Tom is very disappointed.,Tom rất thất vọng.
Our school's principal is very old.,hiệu trưởng của trường chúng tôi rất cũ.
We haven't finished our work.,chúng tôi đã không hoàn thành công việc của chúng tôi.
I always study hard,tôi luôn học hành chăm chỉ
Can I ask who sent you here?,tôi có thể hỏi ai đã gửi bạn ở đây?
Give Tom what he asks for,cho tom những gì anh ấy yêu cầu
He was absorbed in deep thought.,anh mải mê suy nghĩ sâu sắc.
"For dessert, Tom ordered chocolate parfait with vanilla ice cream","cho món tráng miệng, tom gọi món sô cô la parfait với kem vani"
"How nice to see you again, Tom.","Rất vui được gặp lại bạn, tom."
They were having marriage problems,họ đã có vấn đề hôn nhân
Why don't you ask Tom yourself?,tại sao bạn không tự hỏi tom?
Tom completed his painting,tom hoàn thành bức tranh của mình
I was bored because I had seen the movie before,tôi đã chán vì tôi đã xem bộ phim trước đó
We wish to avoid generating any difficulties.,Chúng tôi muốn tránh tạo ra bất kỳ khó khăn nào.
An old man came tottering along.,Một ông già đi cùng.
I don't remember ever seeing Tom carrying a red bag.,tôi không nhớ đã từng thấy tom mang một cái túi màu đỏ.
We had a very good time at the dinner,chúng tôi đã có một thời gian rất tốt tại bữa ăn tối
Who do you know in Boston?,bạn biết ai trong boston?
I have a black dog and a white dog.,Tôi có một con chó đen và một con chó trắng.
How often do you go to school in a week?,Bạn đi học bao nhiêu lần trong một tuần?
I could fall in love with you.,tôi có thể yêu bạn
We've faced considerable difficulties in recent times.,Gần đây chúng ta đã gặp phải nhiều khó khăn đáng kể.
He walked out of the room.,Anh ấy đã bước ra khỏi phòng.
I need to talk to you about something.,Tôi cần nói chuyện với bạn về một điều gì đó.
Tom helped Mary move the dresser.,tom giúp mary di chuyển tủ quần áo.
I really dislike that film.,Tôi thực sự không thích bộ phim đó.
Would you be able to send this package for me?,Bạn có thể gửi gói hàng này giúp tôi không?
Make me ten copies.,làm cho tôi mười bản.
I trained under Tom.,Tôi đã học việc dưới sự hướng dẫn của Tom.
Leave me a bit of ice cream.,để lại cho tôi một chút kem.
Your stature is identical to my sister's.,Vóc dáng của bạn giống hệt chị tôi.
Tom is currently not working here.,Tom hiện không làm việc ở đây.
Do you know what these are?,Bạn có biết những thứ này là gì không?
Tom has trouble judging distances.,tom gặp khó khăn trong việc phán đoán khoảng cách.
I can read them all,tôi có thể đọc tất cả
"He is not coming, apparently.","Anh ấy không đến, rõ ràng."
Why did you stop then?,tại sao bạn lại dừng lại
Do you intend to come back?,Bạn có ý định quay lại không?
Let's have a serious talk about your future.,Hãy nói chuyện nghiêm túc về tương lai của bạn.
A bowl received the milk she poured.,Một cái bát đã nhận được sữa cô ấy đổ.
I was in Boston for three weeks during the previous summer.,Tôi đã ở Boston ba tuần trong mùa hè trước.
They're dangerous.,chúng nguy hiểm.
Mrs. North is very proud of her children.,Bà. Bắc rất tự hào về con mình.
I go hunting practically daily.,Hầu như ngày nào tôi cũng đi săn.
Do you know what time Tom usually goes to bed?,Bạn có biết tom thường đi ngủ lúc mấy giờ không?
Do you want to go together?,bạn có muốn đi cùng nhau không
The police are now checking on Tom's alibi.,Cảnh sát hiện đang kiểm tra bằng chứng ngoại phạm của tom.
I need to be out of here first thing tomorrow.,Tôi cần phải ra khỏi đây ngay từ sáng sớm mai.
Mary had no choice but to do it because Tom coerced her.,Mary không có lựa chọn nào khác ngoài làm theo vì Tom đã ép buộc cô ấy.
He was not satisfied with the final bill,anh ta không hài lòng với hóa đơn cuối cùng
I can hardly wait until summer,tôi khó có thể đợi đến mùa hè
I decided to buy a car.,tôi quyết định mua một chiếc xe hơi
"Since Mary gained weight over the winter, I think it's likely her swimsuit won't fit her anymore","Kể từ khi mary tăng cân trong mùa đông, tôi nghĩ có khả năng áo tắm của cô ấy sẽ không còn phù hợp với cô ấy nữa"
You never know for sure,bạn không bao giờ biết chắc chắn
My opinion is that we ought to be honest with Tom.,"Theo tôi, chúng ta nên thành thật với Tom."
It is very short,nó rất ngắn
The cathedral's clock just struck three,Đồng hồ của nhà thờ vừa chạm ba
Tom finally realized there was something wrong.,Tom cuối cùng nhận ra có điều gì đó không đúng.
The flowers smell good.,Những bông hoa thơm tho.
A blizzard is an example of extreme weather conditions.,một trận bão tuyết là một ví dụ về điều kiện thời tiết khắc nghiệt.
I couldn't remember their names.,tôi không thể nhớ tên của họ.
It began to snow heavily as I got off the train.,trời bắt đầu có tuyết rơi dày khi tôi xuống tàu.
We have minimal expectation that he will succeed.,Chúng tôi có rất ít kỳ vọng rằng anh ấy sẽ thành công.
Do you wish to debate this issue?,Bạn có muốn tranh cãi về vấn đề này không?
We're progressing favorably.,Chúng ta đang tiến triển thuận lợi.
They stopped talking as soon as I came into the room.,họ ngừng nói ngay khi tôi vào phòng.
The company gave him a gold watch in acknowledgement of his services.,công ty đã cho anh ta một chiếc đồng hồ vàng để thừa nhận dịch vụ của anh ta.
Tom has no comment at this time.,tom không có bình luận tại thời điểm này.
They are willing to learn English.,họ sẵn sàng học tiếng anh
She'll love him forever.,cô sẽ yêu anh mãi mãi.
Tom was perpetually unhappy.,Tom luôn luôn không vui.
I gave Tom advice to refrain from going out once it was dark.,Tôi đã khuyên Tom kiềm chế việc ra ngoài khi trời đã tối.
She didn't do it out of malice.,cô ấy đã không làm điều đó vì ác ý.
France was at war with Russia,Pháp đã có chiến tranh với Nga
At what point in time did you acquire this structure?,Vào thời điểm nào bạn đã mua lại công trình này?
I suggest you not say anything else.,Tôi đề nghị bạn không nói bất cứ điều gì khác.
Let them do their jobs.,hãy để họ làm công việc của họ
My father will come home at seven.,Bố tôi sẽ về nhà lúc bảy giờ.
There's nothing I want to say to you.,không có gì tôi muốn nói với bạn
I don't like it when you're so busy,tôi không thích nó khi bạn quá bận rộn
Tom doesn't enjoy family gatherings very much.,Tom không tận hưởng những buổi họp mặt gia đình rất nhiều.
Leaping from a moving truck is dangerous.,Nhảy ra khỏi một chiếc xe tải đang chạy rất nguy hiểm.
His French is improving little by little,Tiếng Pháp của anh ấy đang cải thiện từng chút một
He cried out for help in a loud voice,anh kêu lên để được giúp đỡ
This is the significant turning point I've wished for.,Đây là bước ngoặt quan trọng mà tôi đã ước ao.
I perform my duties with dedication.,Tôi thực hiện nhiệm vụ của mình một cách tận tâm.
It's terribly important.,nó cực kỳ quan trọng
I'd like to open a bank account.,Tôi muốn mở một tài khoản ngân hàng.
It's just my luggage.,nó chỉ là hành lý của tôi
Tom has written a very good paper on the production of rubber,Tom đã viết một bài báo rất hay về sản xuất cao su
Would you mind putting on your seatbelt?,Bạn có phiền thắt dây an toàn không?
Why aren't you attending? I'd rather not.,Tại sao bạn không tham gia? Tôi thà không.
He ate twice the amount that you ate.,Anh ấy đã ăn gấp đôi số tiền mà bạn đã ăn.
It's a quarter after six right now.,bây giờ là sáu giờ kém sáu giờ.
Tom let me see a snapshot of his romantic partner.,Tom cho tôi xem một bức ảnh chụp nhanh về người yêu của anh ấy.
The stars look dim because of the city lights,những ngôi sao trông mờ ảo vì ánh đèn thành phố
I have eaten at Chuck's Diner on several occasions,tôi đã ăn ở quán ăn của chuck nhiều lần
A dictionary is an excellent reference book,một cuốn từ điển là một cuốn sách tham khảo tuyệt vời
"Tom isn't here now, but Mary is.","Tom không ở đây bây giờ, nhưng mary là."
The clock has run down for you.,Đồng hồ đã hết giờ đối với bạn.
Convey to Tom that I want to be left undisturbed.,Truyền đạt cho Tom rằng tôi muốn được yên.
Jim successfully suppressed his rage and steered clear of an argument.,Jim đã thành công trong việc kìm nén cơn thịnh nộ và tránh xa một cuộc cãi vã.
How was the universe formed?,vũ trụ được hình thành như thế nào?
Do you miss me at all?,bạn có nhớ tôi không
It is going to rain very soon.,trời sẽ mưa rất sớm
Do you want to get married?,Bạn co muôn cươi không?
The courthouse is on Park Street.,tòa án là trên đường công viên.
I'll get Tom to arrange some sustenance for you.,Tôi sẽ nhờ Tom sắp xếp một chút đồ ăn cho bạn.
The book is very interesting.,Cuốn sách rất thú vị.
"I tried to change her mind, but I couldn't.","tôi đã cố gắng thay đổi suy nghĩ của cô ấy, nhưng tôi không thể."
What I really want is something hot to eat.,những gì tôi thực sự muốn là một cái gì đó nóng để ăn.
"As a matter of fact, his lecture was boring","như một vấn đề thực tế, bài giảng của ông thật nhàm chán"
I reached Kyoto via railway transport.,Tôi đã đến Kyoto bằng phương tiện vận tải đường sắt.
She couldn't study abroad for lack of money,cô ấy không thể đi du học vì thiếu tiền
Do you know how to fix this TV?,Bạn có biết làm thế nào để sửa tv này?
A large family includes Tom.,Một gia đình lớn có Tom.
Would you mind doing a speedy check of these documents?,Bạn có phiền kiểm tra nhanh các tài liệu này không?
Let me take a thorough look.,Hãy để tôi xem xét kỹ lưỡng.
Six youngsters belonged to the Evans family.,Sáu đứa trẻ thuộc về gia đình Evans.
They work hard,họ làm việc chăm chỉ
We would love to work with you.,chúng tôi rất thích làm việc với bạn.
Tom could be anywhere,tom có thể ở bất cứ đâu
I want you to watch this video,tôi muốn bạn xem video này
Please don't tell anybody,xin đừng nói với ai
Do you think you'll be getting more in soon?,Bạn có nghĩ rằng bạn sẽ sớm nhận được nhiều hơn?
Could you tell Tom to come to work an hour early tomorrow?,bạn có thể nói tom đến làm việc sớm một tiếng vào ngày mai không?
Why do you think so?,Tại sao bạn nghĩ vậy?
I'm curious how Tom got you to accept this.,Tôi tò mò không biết Tom đã khiến bạn chấp nhận điều này như thế nào.
I made every effort possible.,Tôi đã cố gắng hết sức có thể.
This is all a big misunderstanding.,đây là một sự hiểu lầm lớn
I wouldn't be privy to Tom's secret.,Tôi sẽ không được biết bí mật của Tom.
"He loves her, but she doesn't like him.","Anh yêu cô, nhưng cô không thích anh."
He was diagnosed by doctors as having a cold.,Anh ấy được các bác sĩ chẩn đoán là bị cảm lạnh.
That's the only appliance that I have.,đó là thiết bị duy nhất mà tôi có.
"I'd like to see it, please.","Tôi muốn nhìn thấy nó, xin vui lòng."
That photograph accompanied the billfold.,Bức ảnh đó đã đi cùng với chiếc ví da.
I found it impossible to accept the unfolding events.,Tôi thấy không thể chấp nhận những sự kiện đang diễn ra.
The president decreed the termination of slavery.,Tổng thống đã ra sắc lệnh chấm dứt chế độ nô lệ.
Japan is in eastern Asia,Nhật Bản là ở Đông Á
We might have rain before long.,Chúng ta có thể có mưa chẳng bao lâu nữa.
I think nothing is more important than friendship,tôi nghĩ không có gì quan trọng hơn tình bạn
Why don't you give it to Tom?,Tại sao bạn không đưa nó cho tom?
I like your painting,tôi thích bức tranh của bạn
I can't pay Tom today.,Tôi không thể trả tom hôm nay.
Her greeting to me was accompanied by a lovely smile.,Lời chào của cô ấy dành cho tôi đi kèm với một nụ cười đáng yêu.
I would like your picture,tôi muốn hình ảnh của bạn
Please don't forget to mail the letters.,xin đừng quên gửi thư.
Consult your dictionary for the unknown terms.,Tham khảo từ điển của bạn cho các thuật ngữ chưa biết.
Mary and Tom were seated together on a park bench.,Mary và Tom đã ngồi cạnh nhau trên một chiếc ghế công viên.
"If the plant is completed next year, a new production manager will have to be hired","Nếu nhà máy được hoàn thành vào năm tới, một giám đốc sản xuất mới sẽ phải được thuê"
It is bad manners to speak with your mouth full.,đó là cách cư xử tệ khi nói với miệng đầy.
We're having a sukiyaki party this Sunday,chúng ta sẽ có một bữa tiệc sukiyaki vào chủ nhật này
She fired a pistol at him.,Cô ấy đã bắn súng lục vào anh ta.
Tom asked about you,tom hỏi về bạn
"This is your chance, Tom","đây là cơ hội của bạn, tom"
What room in your house do you spend the most time in?,bạn ở phòng nào trong nhà nhiều nhất?
The sofa takes up too much room.,ghế sofa chiếm quá nhiều phòng.
Tom will try,tom sẽ cố gắng
Tom knows where the money is hidden.,tom biết tiền được giấu ở đâu.
Should I offer my assistance?,Tôi có nên hỗ trợ bạn không?
Who did Confucius teach?,Khổng Tử đã dạy ai?
What was your childhood home?,Nơi bạn lớn lên là ở đâu?
Tom had no intention on waiting until Mary got back,tom không có ý định chờ đợi cho đến khi mary trở lại
The office has been transferred up to the sixth floor.,văn phòng đã được chuyển lên tầng sáu.
"We can count on Tom to provide us with a loan of $3,000.",Chúng tôi có thể tin tưởng Tom sẽ cho chúng tôi vay 3.000 đô la.
That fact is undeniable.,Sự thật đó là không thể phủ nhận.
Tom's company went public.,công ty của tom đã được công khai.
A grand victory led our team's return home.,Một chiến thắng lớn đã dẫn đến việc đội của chúng tôi trở về nhà.
I enjoyed myself last evening.,Tối qua tôi đã rất vui.
Tom certainly is fat.,Tom chắc chắn là béo.
Tom's injuries are grave.,Vết thương của Tom rất nghiêm trọng.
Would you mind dropping by my office when you're free?,Bạn có phiền ghé qua văn phòng của tôi khi rảnh không?
The president's death caused great sorrow,cái chết của tổng thống gây ra nỗi buồn lớn
A typhoon prevented us from going on our trip to Okinawa,một cơn bão đã ngăn chúng tôi đi vào chuyến đi đến okinawa
My counsel to Tom was to avoid going out when it's dark.,Lời khuyên của tôi cho Tom là tránh ra ngoài khi trời tối.
The doctor warned me to stay away from booze,bác sĩ cảnh báo tôi tránh xa rượu
It was only to be expected; I should have realized.,Điều này là hoàn toàn có thể đoán trước được; lẽ ra tôi phải nhận ra.
Tom decided it was up to him to make the final decision,Tom quyết định tùy thuộc vào anh ta để đưa ra quyết định cuối cùng
People of all ages like this song.,mọi người ở mọi lứa tuổi đều thích bài hát này
I'm not sad.,Tôi không buôn.
He got out of the cab in haste.,Anh vội vã bước ra khỏi chiếc taxi.
Tom has returned from Boston,tom đã trở về từ boston
Don't leave the air-conditioner on,đừng để điều hòa
I want to find out how many people died in that accident,tôi muốn tìm hiểu có bao nhiêu người chết trong vụ tai nạn đó
You should ask Mary out,bạn nên hỏi mary
I'm not the one who should be doing this,tôi không phải là người nên làm việc này
I instructed my spouse in driving.,Tôi đã chỉ dạy vợ mình cách lái xe.
"Since he was honest, I hired him","kể từ khi anh ấy thành thật, tôi đã thuê anh ấy"
Please proceed with the account closure.,Xin hãy tiến hành đóng tài khoản.
We should write a formal letter to the director.,chúng ta nên viết một lá thư chính thức cho giám đốc.
Sydney is the largest city in Australia.,sydney là thành phố lớn nhất ở Úc.
Tom looked at the floor,tom nhìn sàn nhà
I told you not to talk to Tom.,tôi đã nói với bạn không nói chuyện với tom.
My luggage is limited to just this item.,Hành lý của tôi chỉ giới hạn ở món đồ này.
Help yourself to these cookies.,giúp mình với những cái bánh quy
I'd like to make an appointment with Dr. King.,Tôi muốn làm một cuộc hẹn với dr. nhà vua.
"Obviously, you don't understand.","rõ ràng, bạn không hiểu."
There's no doubt about it.,Không có gì phải nghi ngờ về điều đó.
"The old cottage had only one bed, so we all took turns sleeping in it.","ngôi nhà cũ chỉ có một cái giường, vì vậy tất cả chúng tôi thay phiên nhau ngủ trong đó."
How on earth did Tom convince you of this?,Làm thế quái nào mà Tom lại thuyết phục được bạn về việc này?
He taught me how to write,anh ấy dạy tôi viết
It was the doctors' opinion that he had caught a cold.,"Theo ý kiến của các bác sĩ, anh ấy đã bị cảm lạnh."
What were you like when you were fifteen?,Bạn thích gì khi bạn mười lăm tuổi?
It was necessary to take some measures.,Cần phải thực hiện một số biện pháp.
He is looked up to as their leader,anh ấy được coi là người lãnh đạo của họ
"In many cultures, men and women dress differently","trong nhiều nền văn hóa, đàn ông và phụ nữ ăn mặc khác nhau"
He came up with a terrific solution to the complex problem,ông đã đưa ra một giải pháp tuyệt vời cho vấn đề phức tạp
Now stay there.,bây giờ ở lại đó
Would a 5% customized discount be feasible for our purchase of 50 product collections?,Mức chiết khấu tùy chỉnh 5% có khả thi cho việc mua 50 bộ sản phẩm của chúng tôi không?
The child is unwell and has been hospitalized since the previous Sunday.,Đứa trẻ không khỏe và đã nhập viện từ Chủ nhật tuần trước.
He explained to me how to use the machine.,Anh giải thích cho tôi cách sử dụng máy.
Tom filled the empty glass with ice.,tom đổ đầy ly rỗng với đá.
His words to her were utterly merciless.,Lời nói của anh ấy với cô ấy hoàn toàn tàn nhẫn.
Would you mind quickly scanning through these files?,Bạn có phiền nhanh chóng quét qua các tập tin này không?
My concern is that I utterly failed.,Điều tôi lo lắng là tôi đã thất bại hoàn toàn.
Here comes our teacher.,giáo viên của chúng ta đến đây
It's impossible for me to dedicate that much time.,Tôi không thể dành nhiều thời gian đến vậy.
What's the cash limit on this card?,giới hạn tiền mặt trên thẻ này là gì?
I read the book.,tôi đọc sách.
She'll cry even when no one is looking.,cô ấy sẽ khóc ngay cả khi không ai nhìn.
I moved here yesterday,tôi đã chuyển đến đây ngày hôm qua
She managed to drive a car,cô ấy đã lái xe
They sought to wrench the lock open with a metal pole.,Họ đã tìm cách cạy khóa bằng một thanh kim loại.
I'm going to have Tom provide you with a bite to eat.,Tôi sẽ nhờ Tom cung cấp cho bạn một chút đồ ăn.
Can we do anything to help Tom?,chúng ta có thể làm gì để giúp tom không?
We are faced with new kinds of diseases,chúng ta đang phải đối mặt với những loại bệnh mới
There are many factories in this part of the city,có nhiều nhà máy ở khu vực này của thành phố
I ran without stopping until I reached the station.,Tôi đã chạy không ngừng nghỉ cho đến khi đến nhà ga.
I've completed a three-mile run.,Tôi đã chạy được quãng đường ba dặm.
"The sum of 2,000 yen was what I gave for this atlas.",Tổng cộng 2.000 yên là số tiền tôi đã trả cho tập bản đồ này.
He confessed to having taken the treasure.,Anh ấy đã thú nhận việc lấy trộm kho báu.
I finally got through the test,tôi cuối cùng đã vượt qua bài kiểm tra
Do you consider Tom to lack principles?,Bạn có nghĩ Tom thiếu nguyên tắc không?
Tom smiled at himself in the mirror,Tom mỉm cười với chính mình trong gương
Do you drive a manual or automatic?,bạn lái xe bằng tay hay tự động?
The leaves fell.,những chiếc lá rơi.
None of us is perfect.,Không ai trong chúng ta là hoàn hảo cả.
I am in possession of some fried dough confectionery.,Tôi đang sở hữu một ít bánh ngọt chiên.
Many of us are more captivating than the world gives us credit for.,Nhiều người trong chúng ta quyến rũ hơn những gì thế giới đánh giá cao.
Tom plans to buy a new motorcycle,tom có kế hoạch mua một chiếc xe máy mới
Do you want to buy an umbrella?,bạn có muốn mua một cái ô không?
She always gets up at six,cô ấy luôn thức dậy lúc sáu giờ
Everything that lives will die sometime.,đôi khi mọi thứ sẽ sống
"I don't know my address yet, I'm going to stay with my friend for a while","tôi chưa biết địa chỉ của mình, tôi sẽ ở lại với bạn tôi một lúc"
Jumping off a truck that's still driving is unsafe.,Nhảy khỏi một chiếc xe tải vẫn đang chạy là không an toàn.
She undertook the responsibility for the project,cô đảm nhận trách nhiệm cho dự án
How would my parents react if they learned about it?,Bố mẹ tôi sẽ phản ứng thế nào nếu họ biết chuyện đó?
The two men had much in common.,Hai người có nhiều điểm chung.
Putting it at stake is not an option.,Đặt nó vào tình thế rủi ro không phải là một lựa chọn.
He is afraid to fly in an airplane,anh ấy sợ bay trên máy bay
Tom swears too much,tom thề quá nhiều
I won't be bothering you anymore,tôi sẽ không làm phiền bạn nữa
You should confer with your attorney on this matter.,bạn nên trao đổi với luật sư về vấn đề này.
Do you want to talk about the matter?,Bạn có muốn nói về vấn đề này?
It was my dream.,đó là giấc mơ của tôi
I am in the care of a doctor at this time.,Lúc này tôi đang được một bác sĩ chăm sóc.
Let me think it over for a couple of days.,hãy để tôi nghĩ về nó trong một vài ngày
I'll get some for you right away.,Tôi sẽ lấy một ít cho bạn ngay lập tức.
Oranges are sweeter than lemons.,cam ngọt hơn chanh.
I've never heard him complaining about his meals.,Tôi chưa bao giờ nghe anh ta phàn nàn về bữa ăn của mình.
A burglar broke into the house.,Một tên trộm đột nhập vào nhà.
My breakfast time is seven sharp.,Thời gian ăn sáng của tôi là đúng bảy giờ.
Night is when most people sleep,đêm là lúc hầu hết mọi người ngủ
I'm going to send my mother some flowers.,Tôi sẽ gửi cho mẹ tôi một vài bông hoa.
Tom balled his hands into fists,tom nắm tay thành nắm đấm
I washed the dishes after supper.,Tôi rửa chén sau bữa ăn tối.
My objective is to locate batteries.,Mục tiêu của tôi là tìm pin.
"Tom doesn't want to be a doctor, although he's very good in science","Tom không muốn trở thành bác sĩ, mặc dù anh ấy rất giỏi về khoa học"
I found Tom's diary,tôi tìm thấy nhật ký của tom
I didn't steal it,tôi đã không ăn cắp nó
I have a table,tôi có một cái bàn
I'm glad that you came,tôi rất vui vì bạn đã đến
Tom would like to go on a promenade.,Tom muốn đi bộ hóng mát.
I was a first year student last year,tôi là sinh viên năm thứ nhất năm ngoái
My emotions are not vulnerable to you.,Cảm xúc của tôi không dễ bị bạn tổn thương.
There is a rock in my shoe.,Có một tảng đá trong giày của tôi.
It was a lie.,đó là một lời nói dối
Tom made a bookcase,tom làm một tủ sách
I dropped in just to mention that I'll be absent from this week's session.,Tôi ghé qua chỉ để nói rằng tôi sẽ vắng mặt trong buổi họp tuần này.
It's evident to me that Tom is suffering.,Rõ ràng là Tom đang đau khổ.
Some individuals choose not to wear nightwear.,Một số cá nhân chọn không mặc đồ ngủ.
I don't need to be here right now.,Tôi không cần phải ở đây ngay bây giờ.
Tom has been uncooperative.,tom đã không hợp tác.
Would you like anything to drink?,bạn có muốn uống gì không
Eat what you want.,ăn những gì bạn muốn
My advice to Tom was to stay in after sunset.,Lời khuyên của tôi dành cho Tom là nên ở nhà sau khi mặt trời lặn.
There is less time than I thought,có ít thời gian hơn tôi nghĩ
My parents worry about my health,bố mẹ tôi lo lắng cho sức khỏe của tôi
I need everything on this list,tôi cần mọi thứ trong danh sách này
Tom definitely should have gotten the death sentence,Tom chắc chắn đã nhận bản án tử hình
He will come provided that he is well enough,anh ấy sẽ đến với điều kiện là anh ấy đủ khỏe
I can feel it in my gut,tôi có thể cảm thấy nó trong ruột của tôi
What prevented Tom from informing his spouse?,Điều gì đã khiến Tom không báo cho vợ mình biết?
It's a French-made machine.,Đây là một chiếc máy được sản xuất tại Pháp.
This is the only thing that was left.,đây là thứ duy nhất còn lại
It was disgraceful,thật là ô nhục
It's no use pretending that you can't speak French.,không có ích gì khi giả vờ rằng bạn không thể nói tiếng Pháp.
You always have a plan,bạn luôn có kế hoạch
Tom has something in his right hand,tom có một cái gì đó trong tay phải của mình
When was the last time you made Mary cry?,Lần cuối bạn khóc mary là khi nào?
What is the rate per day?,tỷ lệ mỗi ngày là gì?
You did not need to come so early.,bạn không cần phải đến sớm như vậy.
Could you quiet down? I'm attempting to nap.,Bạn có thể yên lặng không? Tôi đang cố gắng ngủ trưa.
There's only one possible explanation,chỉ có một lời giải thích khả dĩ
This is by far the best novel that has been published this year,đây là cuốn tiểu thuyết hay nhất đã được xuất bản năm nay
I imagined you might be available to help out.,Tôi hình dung bạn có thể rảnh để giúp đỡ.
He withheld comment regarding the situation.,Anh ấy đã từ chối bình luận về tình hình.
I buried it,tôi đã chôn nó
Nancy didn't mind living abroad by herself.,Nancy không ngại sống ở nước ngoài một mình.
Is there any truth to the claim that Tom saw someone get murdered?,Có thật sự có bằng chứng cho lời khai rằng Tom đã thấy ai đó bị sát hại không?
The path to knowledge is never simple.,Con đường đến với kiến thức không bao giờ đơn giản.
He doesn't show his true feelings.,anh ấy không thể hiện cảm xúc thật của mình.
This has been fun,điều này thật thú vị
What is Tom's age?,Tuổi của Tom là bao nhiêu?
"""Everybody is invited."" ""Even Tom?""","""mọi người đều được mời."" ""thậm chí tom?"""
We're facing an issue because a portion of our bills hasn't been settled.,Chúng tôi đang gặp vấn đề vì một phần hóa đơn của chúng tôi chưa được thanh toán.
It was foolish of her to accompany him on a date.,Thật ngớ ngẩn khi cô ấy đi hẹn hò với anh ta.
We really thank you for your patronage.,chúng tôi thực sự cảm ơn bạn đã bảo trợ của bạn.
He will come back soon.,Anh sẽ quay lại sớm.
How long has George studied Portuguese?,George đã học tiếng Bồ Đào Nha bao lâu rồi?
I don't drink a lot,tôi không uống nhiều
The exact details of what occurred remain uncertain for us.,Chi tiết chính xác về những gì đã xảy ra vẫn còn không chắc chắn đối với chúng tôi.
I'm trying to locate some power cells.,Tôi đang cố gắng tìm một vài cục pin.
Why don't you sing?,tại sao bạn không hát
"We know that if we have this problem, then everybody else has this problem, too.","chúng tôi biết rằng nếu chúng tôi có vấn đề này, thì những người khác cũng có vấn đề này."
Tom has no alternative.,tom không có sự thay thế.
I'll call on you at your office tomorrow.,Tôi sẽ gọi cho bạn tại văn phòng của bạn vào ngày mai.
What should you do if you find a big spider on your bed?,Bạn nên làm gì nếu bạn tìm thấy một con nhện lớn trên giường của bạn?
A big earthquake occurred in Tokyo,một trận động đất lớn xảy ra ở Tokyo
You can eat any mushroom once.,bạn có thể ăn bất kỳ loại nấm nào một lần.
This week has been terribly busy for both of us.,tuần này đã rất bận rộn cho cả hai chúng tôi.
Tom failed to pass the final exam.,tom không vượt qua kỳ thi cuối cùng
I didn't think you could keep it a secret,tôi không nghĩ bạn có thể giữ bí mật
I received a letter written in English,tôi đã nhận được một lá thư viết bằng tiếng Anh
I'll look after our guests.,Tôi sẽ chăm sóc khách của chúng tôi.
Can you help Tom understand what's logical?,Bạn có thể giúp Tom hiểu điều gì là hợp lý không?
I try not to dwell on the past.,tôi cố gắng không để quá khứ.
They will go to any lengths to attain their political objectives.,Họ sẽ làm mọi cách để đạt được mục tiêu chính trị của mình.
She held on for me to respond.,Cô ấy kiên nhẫn chờ tôi trả lời.
Would you mind sewing these buttons on for me?,Bạn có phiền khâu những chiếc nút này vào giúp tôi không?
There are a number of shops selling foreign books and periodicals,có một số cửa hàng bán sách nước ngoài và định kỳ
I'm volunteering my help to you at this moment.,Tôi đang tình nguyện giúp bạn ngay lúc này.
You look busy,bạn trông có vẻ bận rộn
She can speak three foreign languages,cô ấy có thể nói ba ngoại ngữ
Congress refused to act.,Đại hội từ chối hành động.
Come on in and make yourself at home,hãy vào và làm cho mình ở nhà
What would you have said?,bạn sẽ nói gì
It looks like you were wrong,có vẻ như bạn đã sai
Maybe you didn't hear me.,có lẽ bạn đã không nghe tôi.
They gave me what I wanted.,họ đã cho tôi những gì tôi muốn.
What was that loud crash in the kitchen?,sự cố lớn trong nhà bếp là gì?
What is your idea?,ý tưởng của bạn là gì?
The state of affairs is steadily declining.,Tình hình đang suy giảm đều đặn.
Tom always does things the same old way,tom luôn làm mọi thứ theo cách cũ
The Evans family had a total of six offspring.,Gia đình Evans có tổng cộng sáu người con.
Don't you have work today?,hôm nay bạn không có việc à
No one can hear us.,không ai có thể nghe thấy chúng tôi
I'm not so sure about that.,Tôi không chắc về điều đó.
Tom isn't that naive.,Tom không ngây thơ đến thế.
He picked up the book.,Anh nhặt quyển sách lên.
We're getting nowhere with those problems.,chúng ta không đi đến đâu với những vấn đề đó
You don't need to be afraid of making mistakes.,bạn không cần phải sợ phạm sai lầm.
My father helped me with my homework,cha tôi đã giúp tôi làm bài tập về nhà
Her questions indicate that she understands the subject very well,câu hỏi của cô cho thấy cô hiểu rất rõ chủ đề
That has been accomplished by me on three occasions.,Điều đó đã được tôi hoàn thành ba lần rồi.
The President called on everyone to save energy,Tổng thống kêu gọi mọi người tiết kiệm năng lượng
Would you describe Tom as unscrupulous?,Bạn có mô tả Tom là người vô liêm sỉ không?
Is there any danger of radiation?,Có nguy hiểm về phóng xạ không?
He was very unkind to say those things to her.,Anh ấy thật vô tâm khi nói những điều đó với cô ấy.
A fire broke out on the second floor of the building.,một đám cháy bùng phát trên tầng hai của tòa nhà.
It looks like Tom is happy.,Có vẻ như Tom đang vui.
Tom ate breakfast by himself.,tom ăn sáng một mình.
He doesn't seem to be a very intelligent boy,anh ấy không có vẻ là một cậu bé rất thông minh
It's not necessary to exert yourself so much when you're weary.,Không cần thiết phải cố gắng nhiều như vậy khi bạn mệt mỏi.
We never would have allowed Tom to do that,chúng tôi không bao giờ cho phép tom làm điều đó
I'm glad it's all over,tôi rất vui vì tất cả
Tom was gone,tom đã biến mất
He went abroad soon after his father,ông ra nước ngoài ngay sau khi cha
"We don't want this to get damaged, do we?","chúng ta không muốn điều này bị hư hại, phải không?"
Tom is expecting a response.,Tom đang mong đợi một phản hồi.
I know where Tom's office is,tôi biết văn phòng của tom ở đâu
The treaty gave the United States a canal zone,Hiệp ước đã cho các quốc gia thống nhất một khu vực kênh
I don't intend to do what Tom told me to do,tôi không có ý định làm những gì tom bảo tôi làm
She never told me.,cô ấy không bao giờ nói với tôi
Do you want me to await your arrival at this spot?,Bạn có muốn tôi đợi bạn đến ở chỗ này không?
I was just showering,tôi vừa mới tắm xong
Don't hit me.,đừng đánh tôi.
"If you cannot make full remittance, please get in touch with me by October 28, 1998.","nếu bạn không thể thực hiện chuyển tiền đầy đủ, vui lòng liên hệ với tôi trước ngày 28 tháng 10 năm 1998."
He whispered something in her ear.,Anh thì thầm điều gì đó vào tai cô.
I want to know what happened to the pistol Tom gave you.,tôi muốn biết chuyện gì đã xảy ra với khẩu súng lục tom đưa cho bạn.
We started talking,chúng tôi bắt đầu nói chuyện
I'm going to shave.,tôi sẽ cạo râu
Rubén is the father of three children,rubén là cha của ba đứa trẻ
I've done exactly what I promised to do,tôi đã làm đúng những gì tôi đã hứa
We must warn them,chúng ta phải cảnh báo họ
"Jim's coming to the party, too",jim cũng đến dự tiệc
Robots are used to manufacture cars.,robot được sử dụng để sản xuất ô tô.
I think you deserve this.,Tôi nghĩ rằng bạn xứng đáng với điều này.
Tom had dreams of becoming a famous tennis player,tom có ước mơ trở thành một tay vợt nổi tiếng
I approach my work with earnestness.,Tôi tiếp cận công việc của mình một cách nghiêm túc.
I grasp what Tom is saying/feeling.,Tôi nắm bắt được điều Tom đang nói/cảm nhận.
My losses are complete.,Tôi đã mất tất cả rồi.
You owe me.,bạn nợ tôi.
Other girls harbored feelings of jealousy.,Những cô gái khác mang trong lòng cảm giác ghen tuông.
Tom has seniority.,tom có thâm niên.
Tom doesn't remember me,tom không nhớ tôi
Why is everyone staring at me?,tại sao mọi người lại nhìn chằm chằm vào tôi
A good specimen might weigh up to a kilo,một mẫu vật tốt có thể nặng tới một kg
Either day is OK,ngày nào cũng được
I sense Tom is here.,Tôi cảm thấy Tom đang ở đây.
Mr. Smith is sure to come on Sunday,Ông. smith chắc chắn sẽ đến vào chủ nhật
Our names were scribbled down by him in a hurry.,Tên của chúng tôi đã được anh ấy nguệch ngoạc viết xuống một cách vội vã.
We've searched high and low for this book,chúng tôi đã tìm kiếm cao và thấp cho cuốn sách này
What's the purpose of Tom's presence there?,Mục đích Tom có mặt ở đó là gì?
The man walked round the corner.,Người đàn ông đi vòng quanh góc.
Tom is furious,tom là tức giận
Maybe they're hungry.,có lẽ họ đang đói
You're very skeptical.,bạn đang rất hoài nghi.
Why do you blame me for what happened?,tại sao bạn lại đổ lỗi cho tôi vì những gì đã xảy ra
It is no good arguing with you,không có gì để tranh cãi với bạn
He went crazy,anh ấy đã phát điên
"Of us all, Tom was by far the best swimmer","Trong tất cả chúng ta, tom là người bơi giỏi nhất"
We have been here for three days.,chúng tôi đã ở đây được ba ngày.
I can't imagine you understanding this.,Tôi không thể tưởng tượng bạn sẽ hiểu điều này.
Do you know where your kids are right now?,Bạn có biết con bạn đang ở đâu không?
Don't you want to know why I did that?,bạn không muốn biết tại sao tôi làm vậy sao?
This is a pretty amazing place.,đây là một nơi khá tuyệt vời
Your presence here today was a surprise to me.,Sự có mặt của bạn ở đây hôm nay là một bất ngờ đối với tôi.
The publishing house is making money.,Nhà xuất bản đó đang kiếm tiền.
I intended to have visited Rome last year.,tôi dự định đã đến thăm rome năm ngoái.
Things weren't meant to turn out like this.,Mọi việc không định diễn ra như thế này.
Why don't you go ask Tom?,tại sao bạn không đi hỏi tom
Why are you so cheerful?,tại sao bạn rất vui vẻ
Her aim in life is to become a movie star.,Mục tiêu của cô trong cuộc sống là trở thành một ngôi sao điện ảnh.
Poison can kill you.,chất độc có thể giết chết bạn.
I can't do this all by myself.,tôi không thể làm điều này một mình.
I remember one poem in particular.,tôi nhớ một bài thơ nói riêng
The majority of automobiles are equipped with transparent windows.,Hầu hết các ô tô đều được trang bị cửa sổ trong suốt.
I'm guessing you've previously encountered this.,Tôi đoán bạn đã từng gặp điều này trước đây.
Tom is known for his weakness.,Tom nổi tiếng vì sự yếu đuối của mình.
He came to London to study English,anh đến london để học tiếng anh
I have something I'd like to go over with you.,Tôi có điều gì đó muốn trao đổi với bạn.
Mary likes romantic comedies.,mary thích những bộ phim hài lãng mạn.
My mood is extremely bad.,Tâm trạng của tôi cực kỳ tồi tệ.
The beaches of Huelva are very pretty,những bãi biển của huelva rất đẹp
Remember to bring an umbrella.,Hãy nhớ mang theo một chiếc ô.
The Giants lost the game by 20 points.,Gã khổng lồ thua trận với 20 điểm.
I believe you've answered all my questions,tôi tin rằng bạn đã trả lời tất cả các câu hỏi của tôi
Tom's clueless,Tom không biết gì
I share a bedroom with my sister.,tôi chia sẻ một phòng ngủ với em gái của tôi.
You have only to sign your name here.,bạn chỉ cần ký tên của bạn ở đây.
Can you recommend a good place for me to stay in Boston?,bạn có thể giới thiệu một nơi tốt để tôi ở lại boston không?
Father asked me to open the door.,cha yêu cầu tôi mở cửa.
They were prohibited from leaving the hotel.,họ bị cấm rời khỏi khách sạn.
Are you going to come back?,Bạn có định quay lại không?
We'd secure victory in this game if he pitched well.,Chúng tôi sẽ giành chiến thắng trong trò chơi này nếu anh ấy ném bóng tốt.
My circle includes many friends proficient in Esperanto.,Vòng bạn bè của tôi có nhiều người thành thạo tiếng Esperanto.
Could I trouble you for a light?,Tôi có thể làm phiền bạn châm lửa giúp không?
You have beautiful eyes.,bạn có đôi mắt đẹp.
I think I may have a picture of Tom I can show you.,tôi nghĩ rằng tôi có thể có một hình ảnh của tom tôi có thể cho bạn thấy.
Jealousy affected the other girls.,Sự ghen tị đã ảnh hưởng đến những cô gái khác.
Many sailors can't swim.,nhiều thủy thủ không biết bơi.
Could you tell me where he's employed?,Bạn có thể cho tôi biết anh ấy làm việc ở đâu không?
Don't put all your eggs in one basket,đừng bỏ tất cả trứng vào một giỏ
"He was about to fall asleep, when he heard his name called.","Anh sắp ngủ thiếp đi, khi nghe tên anh gọi."
The papers were mixed together in a big box,các giấy tờ được trộn với nhau trong một hộp lớn
I'm very fond of my hometown.,Tôi rất yêu thích quê hương của mình.
I was too sick to stand,tôi đã quá ốm để đứng
What sort of dishes are common in Egypt?,Những món ăn nào phổ biến ở Ai Cập?
Tom apologized to the families of the victims for the explosion at the factory,Tom xin lỗi gia đình các nạn nhân vì vụ nổ tại nhà máy
The gloves that were situated under the chair were retrieved by me.,Đôi găng tay nằm dưới ghế đã được tôi lấy lại.
What is the cause of the fire?,nguyên nhân của vụ cháy là gì?
What's your favorite funny quote?,câu nói hài hước yêu thích của bạn là gì?
What doesn't Tom want us to see?,những gì không tom muốn chúng ta nhìn thấy?
She advised him to come by 2:30.,Cô khuyên anh nên đến lúc 2:30.
I plan to come back in a matter of months.,Tôi dự định quay lại trong vòng vài tháng.
Meet him face-to-face.,Gặp anh ấy trực tiếp.
Don't ever think that.,đừng bao giờ nghĩ vậy
Tom never told me what to do,tom không bao giờ nói tôi phải làm gì
The telephone being defective prevented me from calling you.,Điện thoại bị lỗi đã ngăn cản tôi gọi cho bạn.
What I'm saying isn't registering with you.,Những gì tôi đang nói không đi vào tai bạn.
I've been very busy,Tôi đã rất bận rộn
It came as a surprise to see you here today.,Thật bất ngờ khi thấy bạn ở đây hôm nay.
More and more people are choosing this city for their travels.,Ngày càng có nhiều người chọn thành phố này cho chuyến đi của họ.
It comes to mind how to accomplish that.,Tôi nhớ ra cách để thực hiện điều đó.
Eggs for Tom are eaten without any salt or pepper.,Trứng cho Tom được ăn mà không có bất kỳ muối hoặc hạt tiêu nào.
I'm committed.,Tôi cam kết.
My brother has never been beaten at tennis,anh tôi chưa bao giờ bị đánh tại tennis
Clear windows are standard in most vehicles.,Kính trong là tiêu chuẩn ở hầu hết các phương tiện.
I have some friends to help,tôi có vài người bạn để giúp đỡ
My native language is French,ngôn ngữ mẹ đẻ của tôi là tiếng Pháp
He is a quick-witted man,anh ấy là một người đàn ông nhanh trí
John Rutledge disagreed strongly,john rutledge không đồng ý mạnh mẽ
Explain your project to me.,Hãy giải thích dự án của bạn cho tôi.
The fact that Mary had already acquired bread was unknown to Tom.,Việc Mary đã mua bánh mì là điều Tom không hay biết.
I told Tom that I wouldn't help him.,tôi nói với tom rằng tôi sẽ không giúp anh ta.
Have you heard from Tom yet?,bạn đã nghe từ tom chưa?
"Tom asked Mary some questions, but she didn't answer any of them","tom hỏi mary một số câu hỏi, nhưng cô ấy không trả lời bất kỳ câu hỏi nào"
Tom lived to be 97.,Tom sống đến 97 tuổi.
I bought a suit with two pairs of pants,tôi đã mua một bộ đồ với hai cặp quần
Professor White published his first book last year,giáo sư trắng xuất bản cuốn sách đầu tiên của ông năm ngoái
"You don't really trust us, do you?","bạn không thực sự tin tưởng chúng tôi, phải không?"
Instruct Tom not to interfere with me.,Hướng dẫn Tom không can thiệp vào việc của tôi.
It's not as if just anybody can write a literary gem.,không phải là bất cứ ai cũng có thể viết một viên ngọc văn học.
My return time is scheduled for 6:30.,Tôi dự kiến sẽ trở về vào lúc 6 giờ 30 phút.
They respect authority,họ tôn trọng chính quyền
"Since you're here, you can help me.","Vì bạn đang ở đây, bạn có thể giúp tôi."
When did Tom tell you?,Tom đã nói với bạn khi nào?
"Right now, we've got bigger problems.","ngay bây giờ, chúng tôi đã có vấn đề lớn hơn."
I heard you switched majors,tôi nghe nói bạn đã chuyển ngành
Can you perform this with greater speed?,Bạn có thể thực hiện việc này với tốc độ nhanh hơn không?
What a pleasure to see you unexpectedly!,Thật vui khi tình cờ gặp bạn!
He hasn't corresponded with them by letter for ages.,Anh ấy đã không liên lạc bằng thư với họ trong nhiều năm rồi.
People recognize him as an exceptional poet.,Mọi người công nhận ông ấy là một thi sĩ đặc biệt.
Could you show me how to start this machine?,bạn có thể chỉ cho tôi cách khởi động máy này không?
The faucet in the bathroom's out of order,vòi nước trong phòng tắm bị hỏng
They branded him as a liar.,họ coi anh là kẻ dối trá.
Could you please keep the noise down? I'm attempting to rest.,Bạn có thể vui lòng giữ yên lặng không? Tôi đang cố gắng nghỉ ngơi.
May I take a bath?,tôi có thể tắm không
You'll get a very reasonable price from me.,Bạn sẽ nhận được một mức giá rất hợp lý từ tôi.
Tom has three brothers in Boston.,tom có ba anh em ở boston.
I'm not sure where to go.,Tôi không chắc chắn nơi để đi.
What's the remuneration you're getting for this?,Khoản thù lao bạn nhận được cho việc này là bao nhiêu?
We could use some new ideas.,chúng ta có thể sử dụng một số ý tưởng mới.
A politician must always be able to account for money he receives.,một chính trị gia phải luôn có khả năng hạch toán số tiền anh ta nhận được.
Your success depends upon whether you work hard or not,thành công của bạn phụ thuộc vào việc bạn có làm việc chăm chỉ hay không
Our goal is not to stir up any issues.,Mục tiêu của chúng tôi không phải là gây ra bất kỳ vấn đề nào.
Bring your eyelids together.,Khép mí mắt của bạn lại.
The boy did nothing but cry all day long.,Cậu bé không làm gì ngoài khóc suốt ngày.
I don't joke around when it comes to my work.,Tôi không đùa giỡn khi nói đến công việc của mình.
You possess ten times my level of attractiveness.,Bạn có sức hấp dẫn gấp mười lần tôi.
Tom struggled to free himself,tom đấu tranh để tự giải thoát
The teacher wrote French words on the blackboard.,giáo viên viết từ tiếng Pháp trên bảng đen.
Are you saying that you don't remember?,bạn đang nói rằng bạn không nhớ?
I bumped into Tony yesterday evening on my way back.,Tôi tình cờ gặp Tony tối qua trên đường về.
It will further muddle the situation.,Nó sẽ làm tình hình trở nên rối rắm hơn nữa.
Tom wasn't kidding.,Tom không đùa đâu.
Who is confused?,ai đang bối rối
He understands it's not a good idea to visit that place alone.,Anh ấy hiểu rằng đến đó một mình không phải là ý hay.
This isn't my first time doing it.,Đây không phải là lần đầu tiên tôi làm việc này.
I didn't notice her going out of the room,tôi không để ý cô ấy ra khỏi phòng
Do you want to know how I did it?,Bạn có muốn biết làm thế nào tôi làm điều đó?
It was hilarious,đó là vui nhộn
You're so dirty.,bạn thật bẩn
The prince made it known all over the land that he would marry the poor girl,hoàng tử làm cho mọi người biết rằng anh sẽ cưới cô gái nghèo
How do you feel about your decision?,bạn cảm thấy thế nào về quyết định của mình?
I said stay here.,tôi nói ở lại đây
Tom wouldn't confide his secret in me.,Tom sẽ không tâm sự bí mật của anh ấy với tôi.
They must have found out about what happened,họ hẳn đã phát hiện ra chuyện gì đã xảy ra
The letter was written by hand,lá thư được viết bằng tay
I told Tom I thought it was a good idea.,tôi nói với tom tôi nghĩ rằng đó là một ý tưởng tốt.
Don't work too hard!,đừng làm việc quá sức
He has a reputation for being an outstanding poet.,Ông ấy nổi tiếng là một nhà thơ xuất sắc.
I wouldn't mind stopping for a while now,tôi sẽ không dừng lại một lúc
I had no idea you'd be coming in today.,Tôi không hề biết bạn sẽ đến hôm nay.
"Unfortunately, I missed all the fun.","Thật không may, tôi đã bỏ lỡ tất cả các niềm vui."
Jack collects stamps,jack thu thập tem
Mary's profound weariness went unnoticed by Tom.,Sự mệt mỏi sâu sắc của Mary đã không được Tom chú ý.
"While I understand what you say, I can't agree with you.","Trong khi tôi hiểu những gì bạn nói, tôi không thể đồng ý với bạn."
I didn't know you had a brother,tôi không biết bạn có một người anh em
Tom often skips school,tom thường bỏ học
I wish I could have stayed longer.,tôi ước tôi có thể ở lại lâu hơn
I expect you to treat Tom with respect,tôi mong bạn đối xử với tom một cách tôn trọng
Could someone fluent in English please identify themselves?,Có ai thông thạo tiếng Anh xin vui lòng cho biết không?
Our rent is four times as much as it was ten years ago,tiền thuê nhà của chúng tôi gấp bốn lần so với mười năm trước
"Look, it's my problem","hãy nhìn xem, đó là vấn đề của tôi"
Are you going to tell Tom about what you did?,bạn sẽ nói với tom về những gì bạn đã làm?
There are around three thousand mosques in Istanbul,có khoảng ba ngàn nhà thờ Hồi giáo ở istanbul
You have something on your face.,bạn có một cái gì đó trên khuôn mặt của bạn.
He made the most of his chance to learn.,anh ấy đã tận dụng tối đa cơ hội của mình để học hỏi.
Tom doesn't want the same thing to happen here,Tom không muốn điều tương tự xảy ra ở đây
Tom'll live,ngày mai sẽ sống
I wish to discontinue my account services.,Tôi muốn ngừng sử dụng dịch vụ tài khoản của mình.
She bought a handkerchief for ten dollars,cô ấy đã mua một chiếc khăn tay với giá mười đô la
It already has taken me hours.,tôi đã mất hàng giờ rồi.
Give the book to whomever wants it,đưa cuốn sách cho bất cứ ai muốn nó
We work from nine to five,chúng tôi làm việc từ chín đến năm
I wish I didn't have to do all those things I don't want to do.,tôi ước tôi không phải làm tất cả những điều tôi không muốn làm.
This place isn't capacious enough for two.,Nơi này không đủ rộng lớn cho hai người.
"Could I speak with you, please?",tôi có thể nói chuyện với bạn được không?
There's no more time left for you.,Bạn không còn thời gian nữa.
She told me an interesting story,cô ấy kể cho tôi một câu chuyện thú vị
Tom deserves more,tom xứng đáng hơn
We will lump together all expenses.,chúng tôi sẽ gộp lại tất cả các chi phí.
This kind of work is very dangerous.,loại công việc này rất nguy hiểm.
We can handle that.,chúng ta có thể xử lý việc đó
It's my view that Tom deserves to know the truth.,Quan điểm của tôi là Tom xứng đáng được biết sự thật.
I wonder why nobody told me.,tôi tự hỏi tại sao không ai nói với tôi
Tom asked for my opinion.,tom hỏi ý kiến của tôi.
The government has taken measures to promote domestic industry,Chính phủ đã có biện pháp thúc đẩy công nghiệp trong nước
Tom had the right idea.,tom đã có ý tưởng đúng.
Tom really won over Mary's mom and dad.,Tom thực sự đã chiếm được cảm tình của bố mẹ Mary.
I've got nothing to do,tôi chẳng có việc gì để làm cả
Tom began climbing the ladder.,tom bắt đầu leo lên thang.
He protected it meticulously.,Anh ấy đã bảo vệ nó một cách tỉ mỉ.
It rarely snows here in the winter.,nó hiếm khi tuyết ở đây vào mùa đông.
Don't you think it's weird?,bạn không nghĩ nó lạ sao?
I used to work in the same restaurant as Tom,tôi đã từng làm việc trong cùng một nhà hàng như tom
Will you please put that in simpler words?,bạn sẽ vui lòng đặt nó trong những từ đơn giản hơn?
"""Do you have any siblings?"" ""No, I'm an only child.""","""Bạn có anh chị em ruột không?"" ""không, tôi là con một."""
Jimmy insisted that I take him to the zoo,jimmy khăng khăng rằng tôi đưa anh ta đến sở thú
Inform Tom of everything we desire him to understand.,Hãy thông báo cho Tom mọi điều chúng tôi mong muốn anh ấy hiểu.
I am good at languages,tôi giỏi ngôn ngữ
He killed himself by taking poison.,anh ta tự sát bằng cách uống thuốc độc.
It's certain that Tom is mad.,Chắc chắn là Tom đang tức điên.
Why do you harbor such resentment against him?,Tại sao bạn lại nuôi giữ sự oán giận lớn đến vậy đối với anh ấy?
I found the solution to the problem to be quite simple.,Tôi thấy giải pháp cho vấn đề này khá đơn giản.
Tom was surprised how well Mary could speak French,tom rất ngạc nhiên khi mary có thể nói tiếng Pháp tốt như thế nào
I came as soon as I could,tôi đến sớm nhất có thể
Don't you read the tabloids?,bạn không đọc báo lá cải à?
Why were you talking to Tom?,tại sao bạn lại nói chuyện với tom
He has engaged in religious activity since then,ông đã tham gia vào hoạt động tôn giáo kể từ đó
He's a very heavy drinker.,Anh ấy là một người uống rất nhiều.
Tom is as busy as we've ever seen him.,tom bận rộn như chúng ta từng thấy
I guess that's OK,tôi đoán là ổn
What's the reason for your solitary presence?,Lý do cho sự hiện diện đơn độc của bạn là gì?
I barely escaped getting caught.,tôi hầu như không thoát khỏi bị bắt.
Will you be back soon?,Bạn sẽ trở lại sớm chứ?
He is one of my neighbors.,anh ấy là một trong những người hàng xóm của tôi
The hotel room allows you to hear the sea.,Phòng khách sạn cho phép bạn nghe thấy tiếng biển.
He is my classmate,Anh ấy là bạn cùng lớp của tôi
I just thought that you wouldn't want to go.,Tôi chỉ nghĩ rằng bạn sẽ không muốn đi.
It's been hot and humid,trời nóng và ẩm
"If you count the baby, then there are four of us.","nếu bạn đếm đứa bé, thì có bốn người chúng tôi."
Have you ever scolded your daughter?,bạn đã bao giờ la mắng con gái của bạn?
What would she have said?,cô ấy sẽ nói gì
Is Tom in a coma?,Tom đang hôn mê?
Please help yourself to these cakes.,Xin hãy giúp mình những chiếc bánh này.
I had a room with a beautiful view of the mountains.,tôi đã có một căn phòng với một cái nhìn tuyệt đẹp của những ngọn núi.
When did the acquisition of this building take place for you?,Việc mua lại tòa nhà này diễn ra khi nào đối với bạn?
What activity is Tom performing there?,Tom đang thực hiện hoạt động gì ở đó?
"He sent his old clothes home for his brothers, and sent his family money, too","anh ấy đã gửi quần áo cũ về nhà cho anh em của mình, và cũng gửi tiền cho gia đình"
I wish Tom had been here today,tôi ước tom đã ở đây hôm nay
We play basketball together.,chúng tôi chơi bóng rổ cùng nhau
Tom was significantly behind schedule.,Tom đã trễ lịch trình đáng kể.
My understanding was that I'd already told you to keep the door bolted.,Tôi hiểu rằng tôi đã nói với bạn hãy khóa cửa lại rồi.
What's your favorite thing about the Christmas season?,điều yêu thích của bạn về mùa Giáng sinh là gì?
"Tom was obsessed by the belief that, one by one, everyone around him was being abducted and replaced by aliens","Tom bị ám ảnh bởi niềm tin rằng, từng người một, mọi người xung quanh anh ta đều bị bắt cóc và thay thế bởi người ngoài hành tinh"
His father appears to be an attorney.,Cha của anh ấy dường như là một luật sư.
We should be able to complete the work in five days.,chúng tôi sẽ có thể hoàn thành công việc trong năm ngày.
I'll have a look.,Tôi sẽ xem qua.
Maybe I can give you one,có lẽ tôi có thể cho bạn một
I don't want to look younger.,tôi không muốn trông trẻ hơn
My head doesn't ache anymore,đầu tôi không còn đau nữa
I don't want to have you involved in the trouble.,Tôi không muốn có bạn liên quan đến rắc rối.
I assume you don't think Tom is the culprit?,Tôi cho rằng bạn không nghĩ Tom là thủ phạm?
The sky has brightened,bầu trời đã sáng
I'm privy to the rationale behind your statement.,Tôi biết lý do đằng sau lời nói của bạn.
Tom's mouth was hidden by his hand.,Miệng của Tom bị tay anh ấy che khuất.
Follow the commands given to you.,Hãy làm theo những lệnh đã được giao cho bạn.
I have a package for Tom.,tôi có một gói cho tom.
"Hey Tom, can I talk to you?","này tom, tôi có thể nói chuyện với bạn không?"
Children exhibit a low tolerance for the frustrations of learning,trẻ em thể hiện sự khoan dung thấp đối với sự thất vọng của việc học
May I trouble you for a light?,Tôi có thể làm phiền bạn cho tôi mượn lửa được không?
Did you hear what happened at school last Monday?,bạn có nghe thấy những gì đã xảy ra ở trường vào thứ hai tuần trước không?
Tom doesn't get along with his sisters.,Tom không hòa thuận với các chị gái của mình.
Tom shared his chocolate bar with his friend.,tom chia sẻ thanh sô cô la của mình với bạn của mình.
Has it happened to you?,Điều đó có xảy ra với bạn không?
I was just thinking about what you told me yesterday,tôi chỉ nghĩ về những gì bạn nói với tôi ngày hôm qua
I only saw Tom once. That was in Boston,tôi chỉ thấy tom một lần. đó là ở boston
What sort of food is popular among people in Egypt?,Loại thức ăn nào phổ biến với người dân Ai Cập?
I'm still not used to living in Boston,Tôi vẫn chưa quen sống ở boston
I'm currently engaged in English studies.,Tôi hiện đang bận rộn với việc học tiếng Anh.
She is buying a toy for her child.,cô ấy đang mua một món đồ chơi cho con
Tom forgives you.,tom tha thứ cho bạn
You need to figure out what you're doing wrong.,bạn cần tìm ra những gì bạn đang làm sai.
Tom and I have a plan,tom và tôi có một kế hoạch
Mary is Tom's younger sister,mary là em gái của tom
Don't let slip that we've got duties.,Đừng quên rằng chúng ta có những nhiệm vụ cần làm.
She cleaned her room before her guests arrived,cô ấy dọn phòng trước khi khách đến
Please secure these buttons with a needle and thread.,Vui lòng cố định các nút này bằng kim và chỉ.
A mere repetition of other people's research cannot be called true scientific research,một sự lặp lại chỉ nghiên cứu của người khác không thể được gọi là nghiên cứu khoa học thực sự
I wonder if she'll accept a belated birthday present,tôi tự hỏi nếu cô ấy sẽ chấp nhận một món quà sinh nhật muộn
She called him on the phone.,Cô gọi anh qua điện thoại.
I was late for the appointment,tôi đã trễ hẹn
Should I invent an excuse?,Tôi có nên bịa ra một lý do không?
Could I speak with you briefly?,Tôi có thể nói chuyện với bạn một lát không?
I have to talk with her about the new plan.,tôi phải nói chuyện với cô ấy về kế hoạch mới.
I don't need to be here anymore,tôi không cần phải ở đây nữa
Find the meanings of the new vocabulary in your dictionary.,Tìm nghĩa của các từ vựng mới trong từ điển của bạn.
Tom begged Mary for forgiveness,tom cầu xin mary tha thứ
They were worried.,họ đã lo lắng.
His success was nothing short of a miracle.,thành công của anh ấy không có gì là kỳ diệu.
Tom's stuff is everywhere,đồ của tom ở khắp mọi nơi
The Evans family comprised six children.,Gia đình Evans bao gồm sáu người con.
Tom walked toward the entrance.,tom đi về phía lối vào.
Drive carefully,lái xe cẩn thận
"If we're going to do this, let's do it right.","Nếu chúng ta sẽ làm điều này, hãy làm điều đó đúng."
I can help you if you let me,tôi có thể giúp bạn nếu bạn để tôi
Tom didn't know how old Mary was.,Tom không biết mary bao nhiêu tuổi.
It's really windy,trời rất gió
You have never said hello to me in all the years I've known you,bạn chưa bao giờ nói xin chào với tôi trong tất cả những năm tôi biết bạn
It's a cinch to learn to swim,học bơi là một cái cinch
Gas expenses are steadily increasing.,Chi phí xăng dầu đang tăng đều đặn.
I named the kitten Tama.,tôi đặt tên cho mèo con
We must prevent this type of incident from recurring,chúng ta phải ngăn chặn sự cố này tái diễn
I had no choice,tôi không có sự lựa chọn
You should always try to do your best,bạn nên luôn cố gắng làm hết sức
I'll go if the weather's good.,Tôi sẽ đi nếu thời tiết tốt.
It appears that rain is imminent.,Có vẻ như mưa sắp đến rồi.
Tom kept crying all night,tom khóc suốt đêm
He has two pencils. One is long and the other one is short.,Anh ấy có hai cây bút chì. một cái thì dài và cái kia thì ngắn
Learning is never an easy journey.,Học tập không bao giờ là một hành trình dễ dàng.
Tom suggested ways we could save money.,tom đề xuất những cách chúng ta có thể tiết kiệm tiền.
Shyness doesn't seem to be one of your problems.,sự nhút nhát dường như không phải là một trong những vấn đề của bạn.
Washing the shirt caused the stain to go away.,Việc giặt chiếc áo đã làm vết bẩn biến mất.
You ought to focus on your own matters.,Bạn nên tập trung vào việc của riêng mình.
I need more money,tôi cần nhiều tiền hơn
It is too dark to play outside,trời quá tối để chơi bên ngoài
Tom works in a supermarket.,tom làm việc trong một siêu thị.
We're not afraid of any difficulties,chúng tôi không sợ bất kỳ khó khăn
I was completely certain of it.,Tôi hoàn toàn chắc chắn về điều đó.
Tom didn't get a chance to thank Mary for all her help,Tom đã không có cơ hội để cảm ơn mary vì tất cả sự giúp đỡ của cô ấy
How many flights to New York do you offer a week?,Có bao nhiêu chuyến bay đến new york bạn cung cấp một tuần?
He has a habit of drinking vast quantities of alcohol.,Anh ấy có thói quen uống rất nhiều rượu.
Lower your eyelids.,Hạ mí mắt xuống.
Your dog always barks at me,con chó của bạn luôn sủa tôi
I need some expert advice.,Tôi cần một số lời khuyên chuyên gia.
Tom thought I knew Mary.,Tom nghĩ tôi biết mary.
Do you think Tom is unlucky?,Bạn có nghĩ rằng tom là không may mắn?
My feeling is that you'd live to regret it.,Cảm giác của tôi là bạn sẽ phải sống trong hối tiếc.
Tom and Mary rapidly grew to be the closest of friends.,Tom và Mary nhanh chóng trở thành những người bạn thân thiết nhất.
Excellent work! Your folks must be so proud.,Làm xuất sắc lắm! Bố mẹ bạn hẳn rất tự hào.
Make sure you grab an umbrella.,Hãy đảm bảo bạn cầm theo một chiếc ô.
How about going to help Tom?,Bạn nghĩ sao về việc đi giúp Tom?
Could you state your father's full name?,Bạn có thể cho biết tên đầy đủ của bố bạn không?
Their patience for waiting had run out.,Sự kiên nhẫn chờ đợi của họ đã cạn kiệt.
Mary's baby was three weeks premature,mary của em bé được ba tuần tuổi
Tom is the best student in our class,tom là học sinh giỏi nhất lớp
Tom said that he was feeling tired,Tom nói rằng anh ấy cảm thấy mệt mỏi.
Tom can hear Mary very well.,tom có thể nghe mary rất tốt.
I will read a book.,Tôi sẽ đọc một cuốn sách.
What name does your father go by?,Bố bạn được gọi bằng tên gì?
She just laughed the matter off,cô ấy chỉ cười thôi
She is now eighty-one years old,cô ấy bây giờ đã tám mươi mốt tuổi
You are strong,bạn rất mạnh
Tom knocked on the door again,tom lại gõ cửa
I would advise you strongly to quit doing that.,Tôi sẽ khuyên bạn mạnh mẽ để bỏ làm điều đó.
Why didn't Tom tell Mary the truth?,Tại sao tom không nói với mary sự thật?
The house that Tom built is really nice,ngôi nhà mà tom xây dựng rất đẹp
Isn't Tom cute?,Tom không dễ thương sao?
Tom looks scared and worried.,Tom trông sợ hãi và lo lắng.
I was just wondering if you have been able to find a place to live.,tôi chỉ tự hỏi nếu bạn đã có thể tìm một nơi để sống.
The kid showed me where her mom was.,Đứa bé chỉ cho tôi mẹ của nó ở đâu.
I suggest we don't wait.,Tôi đề nghị chúng ta đừng chờ nữa.
"Come to my office when you're available, please.",Vui lòng đến văn phòng của tôi khi bạn có thể.
She understood that her weakest point academically was math.,Cô ấy hiểu rằng điểm yếu nhất về mặt học thuật của mình là toán.
I've got to take my library books back before January 25th,tôi phải lấy lại thư viện sách của mình trước ngày 25 tháng 1
Would you like me to fetch you a drink from the bar?,Bạn có muốn tôi lấy cho bạn đồ uống từ quầy bar không?
They asked his brother to help them with their homework,họ nhờ anh trai giúp họ làm bài tập về nhà
Summers are very hot in Kyoto.,mùa hè rất nóng ở kyoto.
Have you ever seen a UFO?,bạn có bao giờ thấy vật thể bay không xác định chưa?
This baggage is all I'm carrying.,Tất cả những gì tôi mang theo là hành lý này.
Do you know what this means?,bạn có biết nó có nghĩa là gì không?
I'm at a loss to explain Tom's absence,tôi không thể giải thích sự vắng mặt của tom
Tom was going to tell Mary anyway,Tom sẽ nói với mary
Did Tom see what happened?,Tom đã thấy những gì đã xảy ra?
Bob helped me.,bob đã giúp tôi.
Let me tell you everything I know.,hãy để tôi nói cho bạn mọi thứ tôi biết
Arrive early to secure a good spot.,Đến sớm để có được một vị trí tốt.
This is Tom's ultimate chance from me.,Đây là cơ hội cuối cùng của Tom từ tôi.
This clock seems to be malfunctioning,đồng hồ này dường như bị trục trặc
Tom congratulated Mary for her driving test.,tom chúc mừng mary cho bài kiểm tra lái xe của cô.
The following day he was found dead in the bedroom,ngày hôm sau anh ta được tìm thấy đã chết trong phòng ngủ
I was jealous,tôi đã ghen tị
We've been unable to determine the cause.,chúng tôi không thể xác định nguyên nhân.
I'm on holiday.,tôi đang trong kỳ nghỉ.
Tom gets bored quickly.,tom nhanh chán
Never in his life had he encountered such a dilemma,chưa bao giờ trong đời anh gặp phải một tình huống khó xử như vậy
I will get you a bike for your birthday,tôi sẽ tặng bạn một chiếc xe đạp cho ngày sinh nhật của bạn
I can perceive Tom's proximity.,Tôi có thể nhận thấy sự gần gũi của Tom.
I'm sure you'll figure out how to do it,tôi chắc chắn bạn sẽ tìm ra cách để làm điều đó
Tom is much fatter than Mary,tom béo hơn nhiều so với mary
There's a chance Tom will want to grab a bite post-workout.,Có khả năng Tom sẽ muốn ăn một chút gì đó sau buổi tập.
He is patiently expecting a solution.,Anh ấy đang kiên nhẫn chờ đợi một giải pháp.
There's price stability at the moment.,Hiện tại đang có sự ổn định về giá.
Coal is actively burning in the stove.,Than đang cháy tích cực trong bếp.
"As soon as I get to London, I'll drop you a line.","Ngay sau khi tôi đến Luân Đôn, tôi sẽ thả bạn xuống."
I cautioned Tom against venturing out once night fell.,Tôi đã cảnh báo Tom không nên ra ngoài khi màn đêm buông xuống.
Tom is offensive.,tom là xúc phạm.
We must control our passions.,chúng ta phải kiểm soát đam mê của mình
Bombs rained down on the factory from the enemy.,Bom đã dội xuống nhà máy từ phía kẻ thù.
I'd rather she sat next to me.,Tôi muốn cô ấy ngồi cạnh tôi.
He was heartless to utter such remarks to her.,Anh ta thật tàn nhẫn khi thốt ra những lời nhận xét như vậy với cô ấy.
I am almost 180 centimeters tall,tôi cao gần 180 cm
There's a snag.,có một chút khó khăn.
The truth hasn't been revealed to her yet.,Sự thật vẫn chưa được tiết lộ cho cô ấy.
Tom showed up way past the expected time.,Tom đã xuất hiện muộn hơn nhiều so với thời gian dự kiến.
Tom and Mary are on duty.,tom và mary đang làm nhiệm vụ
Tom told me to do it.,tom bảo tôi làm đi
I studied hard so that I could pass the examination.,tôi học chăm chỉ để có thể vượt qua kỳ thi.
I've decided to be more positive and give it all I've got,tôi đã quyết định tích cực hơn và cho đi tất cả những gì tôi có
Manuela's dresses are very elegant.,váy của manuela rất thanh lịch.
The bus is arriving!,Xe buýt đang đến rồi!
Your height is the same as my sister's.,Chiều cao của bạn giống như của chị gái tôi.
Your behavior is laughable.,Hành vi của bạn thật đáng cười.
Tom doesn't know Mary is in Boston,Tom không biết mary đang ở boston
My clock is two minutes fast,đồng hồ của tôi nhanh hai phút
What was your location on the last evening?,Vị trí của bạn vào tối hôm qua là ở đâu?
I haven't heard that joke in ages.,Tôi chưa từng nghe câu nói đùa đó từ lâu.
I need to leave.,Tôi cần phải rời đi.
I want to learn how to ski,tôi muốn học cách trượt tuyết
"When I was about to leave my house, I got a telephone call from her.","Khi tôi chuẩn bị rời khỏi nhà, tôi nhận được một cuộc gọi từ cô ấy."
Did Tom really say that to you?,Tom thực sự đã nói điều đó với bạn?
Tom gladly agreed,tom vui vẻ đồng ý
"Get up, now!",thức dậy ngay!
"Although we don't have much money, I want to buy this painting.","Mặc dù chúng tôi không có nhiều tiền, tôi muốn mua bức tranh này."
I ought to have anticipated this outcome.,Lẽ ra tôi phải dự đoán được kết quả này.
Please send the other five items without delay.,Vui lòng gửi năm món hàng còn lại không chậm trễ.
This aroused her suspicion,điều này làm dấy lên sự nghi ngờ của cô
Some of us here are not students.,Một số người trong chúng tôi ở đây không phải là sinh viên.
I've never given a speech before.,Tôi chưa bao giờ đưa ra một bài phát biểu trước đây.
It's an hour's walk to the station,đó là một giờ đi bộ đến nhà ga
It's been bought and paid for.,nó đã được mua và trả tiền.
I guess they speak French.,Tôi đoán họ nói tiếng Pháp.
All your questions will be answered.,tất cả các câu hỏi của bạn sẽ được trả lời.
Is money important for me?,tiền có quan trọng với tôi không?
What's your favorite protest song?,bài hát phản đối yêu thích của bạn là gì?
Jack is bound to succeed this time,jack chắc chắn sẽ thành công lần này
It's obvious Tom doesn't like Mary anymore.,Rõ ràng tom không thích mary nữa.
Your friend left town,bạn của bạn rời thị trấn
Tom wasn't happy with how the painters painted his office,Tom không hài lòng với cách các họa sĩ vẽ văn phòng của mình
They decided to exclude him from their circle,họ quyết định loại anh ta ra khỏi vòng tròn của họ
It's too dangerous for us.,Điều đó quá nguy hiểm đối với chúng ta.
Stay and watch,ở lại và xem
The ideas he presents are very fresh.,Những ý tưởng ông ấy trình bày rất mới mẻ.
Don't vilify me!,đừng phỉ báng tôi!
My affection for you surpasses my feelings for her.,Tình cảm của tôi dành cho bạn vượt trội hơn tình cảm dành cho cô ấy.
We'll eat lunch after we get home,chúng ta sẽ ăn trưa sau khi về nhà
Now the mountain is hidden by the clouds,bây giờ ngọn núi bị che khuất bởi những đám mây
Let's look into the matter.,Hãy nhìn vào vấn đề.
There used to be a store right here,đã từng có một cửa hàng ngay tại đây
I can't get by on such a small income.,Tôi không thể có được thu nhập nhỏ như vậy.
I think Mary is the most beautiful woman I've ever seen.,tôi nghĩ mary là người phụ nữ đẹp nhất tôi từng thấy.
I'd like a single from the 24th for two nights,Tôi muốn một đĩa đơn từ ngày 24 trong hai đêm
Everyone knew he would not be back,mọi người đều biết anh sẽ không trở lại
Tom can help you out,tom có thể giúp bạn ra ngoài
Every person is unique.,Mỗi người đều là độc nhất.
"If you can't afford travel insurance, then you can't afford to travel.","nếu bạn không đủ khả năng bảo hiểm du lịch, thì bạn không đủ khả năng để đi du lịch."
Tom is sitting beneath the tree,tom đang ngồi dưới gốc cây
Mom and Dad are very nervous,mẹ và bố rất lo lắng
I'd like you to be my partner.,Tôi muốn bạn là đối tác của tôi.
He asked me if I was happy,anh ấy hỏi tôi có vui không
The food didn't taste very good,thức ăn không ngon
A woman whose husband is dead is called a widow.,một người phụ nữ có chồng chết được gọi là góa phụ.
He acts as if he were a king.,Anh ta hành động như thể anh ta là một vị vua.
I watch the BBC.,Tôi xem bbc.
It wasn't the first time they had done it,đó không phải là lần đầu tiên họ làm điều đó
Stir the paint with a stick,khuấy sơn bằng que
I had the weirdest dream last night.,tôi đã có một giấc mơ kỳ lạ đêm qua.
Now this is more like it.,bây giờ nó giống như nó hơn
Tom ignored Mary's advice,tom bỏ qua lời khuyên của mary
Do you have anything for a headache?,bạn có gì đau đầu không?
Adherents of Islam inter their deceased in burial sites.,Những người theo đạo Hồi chôn cất người đã khuất tại các khu mộ.
The fire was put out at the cost of a fireman's life,ngọn lửa được dập tắt bằng cái giá của cuộc sống của một người lính cứu hỏa
Her reason for coming to Japan was to learn Japanese.,Lý do cô ấy đến Nhật Bản là để học tiếng Nhật.
You were wrong after all.,bạn đã sai sau tất cả
Can you direct me to where it is?,Bạn có thể chỉ tôi nơi nó ở không?
Communications have been cut off for two hours because of a thunderstorm,thông tin liên lạc đã bị cắt trong hai giờ vì giông bão
It's a pity for you to have to stay indoors in this weather,Thật đáng tiếc cho bạn khi phải ở trong nhà trong thời tiết này
He knows how to fight.,Anh ấy biết cách chiến đấu.
It is abnormal to eat so much.,Thật là bất thường khi ăn quá nhiều.
Frederic Chopin wrote his first composition when he was seven years old.,frederic chopin đã viết tác phẩm đầu tiên của mình khi ông bảy tuổi.
He dances gracefully.,Anh ấy nhảy một cách duyên dáng.
I have to buy a new scanner,tôi phải mua một máy quét mới
I need you to show me what you have in your bag.,tôi cần bạn chỉ cho tôi những gì bạn có trong túi của bạn.
I knew I should've stayed at home,tôi biết tôi nên ở nhà
You're so cute together.,bạn thật dễ thương với nhau
I don't think being poor is anything to be ashamed of.,Tôi không nghĩ nghèo là điều đáng xấu hổ.
Do you think I'd be here if I didn't have to be?,bạn có nghĩ tôi sẽ ở đây nếu tôi không phải ở đó không?
Fries were part of my order as well.,Khoai tây chiên cũng là một phần trong đơn hàng của tôi.
He aimed at the bird,anh ta nhắm vào con chim
They are extremely swift swimmers.,Chúng là những vận động viên bơi lội cực kỳ nhanh nhẹn.
Let us sing a song.,chúng ta hãy hát một bài hát
I'll get that for you,tôi sẽ lấy nó cho bạn
I have no choice but to follow those orders.,tôi không có lựa chọn nào khác ngoài việc tuân theo những mệnh lệnh đó.
You told me not to lie,bạn nói tôi đừng nói dối
Find Tom and tell him to come here right away,tìm tom và bảo anh ta đến đây ngay
We'll need to manage with our current resources.,Chúng ta sẽ cần xoay sở với các nguồn lực hiện có.
"Excuse me, but would you please open the window?","xin lỗi, nhưng bạn vui lòng mở cửa sổ chứ?"
Can I talk to you briefly?,Tôi có thể nói chuyện với bạn một chút không?
I wonder if Tom ever cries.,Tôi tự hỏi nếu tom bao giờ khóc.
It hasn't been done before.,nó đã không được thực hiện trước đây.
I require clarification on a few points.,Tôi cần làm rõ một số điểm.
You may go home early today if you like,bạn có thể về nhà sớm hôm nay nếu bạn thích
We put in great effort to achieve our current standing.,Chúng tôi đã nỗ lực rất nhiều để đạt được vị thế hiện tại của mình.
Which dog is yours?,con chó nào là của bạn
What's your favorite way to stay cool in the summer?,Cách yêu thích của bạn để giữ mát trong mùa hè?
He didn't sleep at all last night.,Anh ấy không ngủ chút nào đêm qua.
Tom and Mary continued to look at each other,tom và mary tiếp tục nhìn nhau
Where's my timecard?,timecard của tôi đâu
They are absolutely relentless in pursuing their political ambitions.,Họ hoàn toàn không ngừng nghỉ trong việc theo đuổi tham vọng chính trị của mình.
There is a new survey,có một khảo sát mới
The reason for your utterance is known to me.,Lý do cho lời nói của bạn là do tôi biết.
I have a couple of inquiries to make.,Tôi có một vài câu hỏi cần hỏi.
Would you like to catch a film with me?,Bạn có muốn đi xem phim với tôi không?
How long do you plan on staying here?,bạn dự định ở đây bao lâu
Tom didn't tell Mary the whole truth.,Tom đã không nói với mary toàn bộ sự thật.
The basement was where the aged harp was stored.,Tầng hầm là nơi cây đàn hạc cũ được cất giữ.
I recall you mentioning your cello was in the automobile.,Tôi nhớ bạn đã đề cập rằng đàn cello của bạn ở trong ô tô.
How did you learn to deliver such a curveball?,Làm thế nào bạn học được cách ném một quả curveball như vậy?
Tom isn't picky,tom không kén chọn
Come and sit by me.,đến và ngồi bên tôi
We swam until it got dark,chúng tôi bơi cho đến khi trời tối
"The price I paid for this map book was 2,000 yen.",Giá tôi đã trả cho cuốn sách bản đồ này là 2.000 yên.
This project will involve 50 trained staff members.,dự án này sẽ có sự tham gia của 50 nhân viên được đào tạo.
Hunting is an activity I do almost daily.,Săn bắn là một hoạt động tôi làm gần như hàng ngày.
We are searching for a place to stay.,chúng tôi đang tìm kiếm một nơi để ở.
Tell me what you did to Tom,nói cho tôi biết bạn đã làm gì với tom
"In spite of the fact that he was tired, he continued working","mặc dù thực tế là anh ta mệt mỏi, anh ta tiếp tục làm việc"
You arrived at precisely the right time.,Bạn đã đến đúng vào thời điểm thích hợp.
It turns out you're quite a good cook!,Hóa ra bạn là một đầu bếp khá giỏi!
What a stupid thing to say at a time like this!,Thật là một điều ngu ngốc để nói tại một thời điểm như thế này!
"It's a very good newspaper, isn't it?","Đó là một tờ báo rất tốt, phải không?"
Have you seen Tom's phone?,bạn đã thấy điện thoại của tom chưa?
"You alone can do it, but you can't do it alone","bạn một mình có thể làm điều đó, nhưng bạn không thể làm một mình"
"You made Tom do it, didn't you?",bạn đã làm tom phải không?
Tom speaks Japanese fluently.,Tom nói tiếng Nhật trôi chảy.
The beach isn't far from here.,bãi biển không xa đây.
Their task is to work out the expense involved.,Nhiệm vụ của họ là tìm ra chi phí liên quan.
Tom doesn't really listen when Mary is talking to him,Tom không thực sự lắng nghe khi mary đang nói chuyện với anh ấy
Cupid's arrow has hit him.,Mũi tên của thần tình yêu đã bắn trúng anh ấy.
A ball was kicked by Fred.,Một quả bóng đã được Fred đá.
Has that secretarial position been filled?,vị trí thư ký đó đã được lấp đầy chưa?
Tom doesn't have a microwave oven.,Tom không có lò vi sóng.
Is the rat alive or dead?,con chuột còn sống hay đã chết?
What's this doing here?,cái này làm gì ở đây
Is it really that hard to speak English?,nói tiếng anh có khó không
Do you have any idea who might want to do that?,Bạn có biết ai muốn làm điều đó không?
He talks as if he knew everything,anh ấy nói như thể anh ấy biết tất cả mọi thứ
This really isn't a good time.,đây thực sự không phải là thời điểm tốt
He was afraid about what was going to happen.,anh sợ những gì sắp xảy ra.
I guess you've got yourself a problem.,Tôi đoán bạn đã có một vấn đề.
The room was darkened as she turned off the lamps.,Căn phòng tối đi khi cô ấy tắt đèn.
She is interested in learning new ideas,cô ấy thích học hỏi những ý tưởng mới
Tom must be nearly thirty.,tom phải gần ba mươi.
The baby cried itself to sleep,em bé đã khóc
We'll try to stop by sometime tomorrow morning.,đôi khi chúng ta sẽ cố gắng dừng lại vào sáng mai.
How many procedures has Dr. Jackson carried out over the past month?,Bác sĩ Jackson đã tiến hành bao nhiêu thủ thuật trong tháng vừa qua?
She learned her part very quickly.,cô ấy đã học được phần của mình rất nhanh.
The red dress suited her.,Chiếc váy đỏ phù hợp với cô.
How many years has Tom lived in Boston?,Tom đã sống ở boston bao nhiêu năm rồi?
Tom was one of my students.,tom là một trong những học sinh của tôi
She's in the bathroom.,Cô ấy đang ở trong phòng tắm.
Does it have to be tonight?,nó có phải là tối nay không?
Tom's heart suddenly began to beat faster,Tim tom đột nhiên đập nhanh hơn.
Tom appears to be strong and healthy.,tom có vẻ mạnh mẽ và khỏe mạnh
The strong wind and rain ruined our stroll.,Gió mạnh và mưa đã phá hỏng buổi đi dạo của chúng tôi.
Tom gave Mary John's phone number,tom đã cho số điện thoại của mary john
I suppose you won't be able to understand.,Tôi cho rằng bạn sẽ không thể hiểu được.
"If we don't trust each other, we won't be able to live together","nếu chúng ta không tin tưởng lẫn nhau, chúng ta sẽ không thể sống cùng nhau"
I can't believe you're considering doing that,tôi không thể tin rằng bạn đang xem xét làm điều đó
My life is different now.,cuộc sống của tôi bây giờ đã khác
My top friend when I was a child was Tom.,Người bạn thân nhất của tôi khi còn nhỏ là Tom.
Can you give me a more in-depth account?,Bạn có thể cho tôi một bản tường thuật sâu hơn không?
He took charge of the family business after his father died.,ông phụ trách công việc kinh doanh của gia đình sau khi cha mất.
I thought you said your name was Tom,tôi nghĩ bạn nói tên của bạn là tom
Did you get around to opening each of the boxes?,Bạn đã mở từng hộp một chưa?
It's my first time.,đây là lần đầu tiên của tôi.
It's advisable to have your vision checked.,Bạn nên đi kiểm tra thị lực.
This is totally unacceptable.,Điều này là hoàn toàn không thể chấp nhận.
I refrain from smoking and drinking alcohol.,Tôi kiêng hút thuốc và uống rượu.
All the workers ate a quick lunch at their desks.,tất cả các công nhân đã ăn một bữa trưa nhanh chóng tại bàn của họ.
"Quiet down, please",làm ơn im lặng
Your appearance is vastly superior to mine.,Vẻ ngoài của bạn vượt trội hơn hẳn so với của tôi.
That is a ship.,đó là một con tàu
Tom and Mary are drunk,tom và mary đang say
"Due to unforeseen circumstances, our trip to the mountains this weekend will be cancelled","do những tình huống không lường trước được, chuyến đi lên núi vào cuối tuần này sẽ bị hủy"
It was just a guess,nó chỉ là một phỏng đoán
What Tom did was awful,những gì tom đã làm là khủng khiếp
The cost for gas is continually escalating.,Chi phí xăng đang liên tục leo thang.
I can't stand all this noise.,tôi không thể chịu đựng được tiếng ồn này
I work hard and play hard,Tôi làm việc chăm chỉ và chơi hết mình
Tom is very protective of his daughter,tom rất bảo vệ con gái
Tom was charged with murder,tom bị buộc tội giết người
How many players are there?,có bao nhiêu người chơi
I had never seen her,tôi chưa bao giờ nhìn thấy cô ấy
He's been engaged in writing a new book for two months straight.,Anh ấy đã miệt mài viết một cuốn sách mới trong hai tháng liên tục.
You have to stay,bạn phải ở lại
The physician wasn't certain of the ailment's nature.,Vị bác sĩ không chắc chắn về bản chất của bệnh tình.
"I've got the same feeling, Tom.","Tôi cũng có cảm giác tương tự, tom."
He's deeply infatuated.,Anh ấy đã say mê sâu sắc.
Do you usually eat more than five slices of pizza a month?,bạn có thường ăn nhiều hơn năm lát pizza mỗi tháng không?
He took a detour to avoid the heavy traffic,anh đi đường vòng để tránh giao thông đông đúc
They stopped quarreling when I came in.,họ ngừng cãi nhau khi tôi bước vào.
I'd appreciate it if you could briefly examine these materials.,Tôi sẽ rất cảm kích nếu bạn có thể xem xét ngắn gọn các tài liệu này.
Tom is old enough to drive,tom đủ tuổi lái xe
The police arrested the burglar,cảnh sát bắt giữ tên trộm
He said he would cut taxes,ông nói sẽ cắt giảm thuế
We're done discussing this matter.,Chúng ta sẽ ngừng thảo luận về vấn đề này.
Tom sought aid for filing his tax returns.,Tom tìm kiếm sự giúp đỡ để nộp tờ khai thuế của mình.
They don't pay you enough.,họ không trả đủ cho bạn
I was in London last month.,tôi đã ở Luân Đôn tháng trước.
Tom isn't particularly athletic.,Tom không đặc biệt giỏi thể thao.
We were moments away from leaving.,Chúng tôi chỉ còn vài khoảnh khắc nữa là sẽ rời đi.
Here he is!,anh ta đây rồi!
She set the tray down on the table,cô đặt khay xuống bàn
What were their activities on the previous day?,Hoạt động của họ vào ngày hôm trước là gì?
"Once upon a time, there lived a stingy old man in the village","Ngày xửa ngày xưa, có một ông già keo kiệt trong làng"
"Now that I have enough money, I can get that camera.","Bây giờ tôi có đủ tiền, tôi có thể lấy chiếc máy ảnh đó."
There was plenty of blood,có nhiều máu
Let's check one more time.,Hãy kiểm tra thêm một lần nữa.
It's only a theory.,nó chỉ là một lý thuyết.
Tom doesn't like mathematics.,tom không thích toán học.
There's plenty to talk about,có rất nhiều điều để nói
They tapped the terrorists' phone lines.,họ gõ nhẹ vào đường dây điện thoại của bọn khủng bố.
Tom is very overweight.,tom rất thừa cân
They took down all of the sails.,Họ đã hạ tất cả các cánh buồm.
You're out of Tom's earshot.,Bạn đang ở ngoài tầm nghe của Tom.
Would you like to hear my new song?,bạn có muốn nghe bài hát mới của tôi không?
She potentially teaches us.,Cô ấy có thể là người dạy chúng tôi.
Don't make me answer that question,đừng bắt tôi trả lời câu hỏi đó
I asked Tom for some advice,tôi hỏi tom một vài lời khuyên
I don't want you to change.,tôi không muốn bạn thay đổi
We'll have to be content with what's available to us.,Chúng ta sẽ phải hài lòng với những gì có sẵn cho mình.
I have spots coming out all over my face,tôi có những đốm nổi trên mặt
Did you break something?,bạn đã phá vỡ một cái gì đó?
You could have been happy.,bạn có thể đã được hạnh phúc.
Tom definitely needs to spend more time studying.,Tom chắc chắn cần phải dành nhiều thời gian hơn cho việc học.
You said I'd get better.,bạn nói tôi sẽ khá hơn
We were astonished to hear what had happened.,chúng tôi đã rất ngạc nhiên khi nghe những gì đã xảy ra.
It seems you're in high spirits.,Có vẻ như bạn đang rất phấn khởi.
It doesn't take long to get to his house.,Không mất nhiều thời gian để đến nhà anh ấy.
I love butterflies.,tôi yêu những con bướm
She asked me what I expected.,Cô ấy hỏi tôi những gì tôi mong đợi.
Ken laid aside some money each week,ken dành một số tiền mỗi tuần
Death awaits him.,Cái chết đang chờ đợi anh ấy.
I'm sure I can help,tôi chắc chắn tôi có thể giúp
This is quite a pickle you've put us in.,Đây đúng là một tình huống khó xử mà bạn đã đặt chúng tôi vào.
It's brand new.,Đó là thương hiệu mới.
The parents could not help scolding their little child.,cha mẹ không thể không trách mắng đứa con nhỏ của họ.
Last century they would have just thrown someone like Tom into a lunatic asylum.,thế kỷ trước họ sẽ ném một người như tom vào nhà thương điên.
This year's fashions are completely different to last year's.,thời trang năm nay hoàn toàn khác với năm ngoái.
Tom is barely conscious,tom hầu như không có ý thức
Talk to him directly.,Nói chuyện trực tiếp với anh ấy.
"Without water, the soldiers would have died.","không có nước, những người lính sẽ chết"
Tom sat with some of his teammates on the bench,Tom ngồi với một số đồng đội của mình trên băng ghế dự bị
The only time my son talks to me is when he needs some money.,lần duy nhất con trai tôi nói chuyện với tôi là khi nó cần một ít tiền.
Tom compelled Mary to carry it out.,Tom đã buộc Mary phải thực hiện điều đó.
"I tried to make myself understood, but in vain.","tôi đã cố gắng để làm cho bản thân mình hiểu, nhưng vô ích."
May you suffer equally to our past experience.,Mong bạn đau khổ ngang bằng với trải nghiệm trong quá khứ của chúng tôi.
It would be good if you got him some new toys.,Sẽ tốt nếu bạn mua cho anh ấy vài món đồ chơi mới.
Tom is currently feeling the effects of alcohol considerably.,Tom hiện đang cảm thấy ảnh hưởng của rượu đáng kể.
I assume it's impossible to know exactly when that'll happen.,tôi cho rằng không thể biết chính xác khi nào điều đó sẽ xảy ra.
Why did you leave like that?,tại sao bạn lại rời đi như vậy
Could you please repeat it slowly?,bạn có thể vui lòng lặp lại từ từ không?
I'm getting kicked out of school,tôi đang bị đuổi khỏi trường
The man you saw yesterday was my uncle.,người đàn ông bạn thấy hôm qua là chú tôi.
Use the highest heat settings only when you're ironing fabrics made of natural fibers like cotton or linen,chỉ sử dụng cài đặt nhiệt cao nhất khi bạn ủi các loại vải làm từ sợi tự nhiên như cotton hoặc lanh
He provided a great deal of funds.,Anh ấy đã cung cấp một lượng lớn tiền.
"It doesn't matter whether I'm sleeping or awake, I'm always thinking about you","không quan trọng tôi đang ngủ hay thức, tôi luôn nghĩ về bạn"
I had a good time yesterday evening.,Tôi đã có một khoảng thời gian vui vẻ tối qua.
Let me find out,hãy để tôi tìm hiểu
I've decided to go to the theater,tôi đã quyết định đi đến nhà hát
Tom let me know this place would be loud.,Tom đã cho tôi biết nơi này sẽ ồn ào.
You should try to break that pattern of behavior.,Bạn nên cố gắng phá vỡ kiểu hành vi đó.
Are you in a band?,bạn có ở trong một ban nhạc không?
They made an effort to jimmy the lock with a steel bar.,Họ đã nỗ lực cạy khóa bằng một thanh thép.
We've run out of tea,chúng ta đã hết trà
It's okay to ease up on your work if you're feeling exhausted.,Sẽ ổn thôi nếu bạn giảm bớt công việc khi cảm thấy kiệt sức.
The factory was heavily bombed by the adversary.,Nhà máy bị đối phương ném bom dữ dội.
Tom cut an article out of the newspaper,tom cắt một bài báo ra khỏi tờ báo
Go get some tools,đi lấy một số công cụ
You must not touch the paintings.,bạn không được chạm vào tranh.
May I come see you this afternoon?,tôi có thể đến gặp bạn chiều nay không?
You do look a little better today.,hôm nay bạn trông ổn hơn một chút
I am very sad today,tôi rất buồn vào hôm nay
That's the theory,đó là lý thuyết
Tom is taking a nap.,Tom đang ngủ trưa.
What does this have to do with us?,cái này có liên quan gì đến chúng ta
I anticipated their absence.,Tôi đã dự đoán họ sẽ vắng mặt.
I haven't had a chance to see the movie yet.,tôi chưa có cơ hội xem phim.
This is a matter of the utmost gravity.,đây là một vấn đề của trọng lực tối đa.
Kindly recall his words.,Xin hãy nhớ lại lời anh ấy nói.
Mary received a signal from Tom to move forward.,Mary nhận được tín hiệu từ Tom để tiến lên.
Tom weighed his options for a moment,Tom cân nhắc lựa chọn của mình một lát
Tom compelled Mary to perform the action.,Tom đã ép Mary thực hiện hành động đó.
He was out of breath,anh ấy đã hụt hơi
Instruct Tom to stop bothering me.,Hãy bảo Tom đừng làm phiền tôi nữa.
You're starting to be less careful.,Bạn đang bắt đầu trở nên ít cẩn thận hơn.
I'm working on restoring my sense of balance.,Tôi đang nỗ lực để phục hồi khả năng giữ thăng bằng.
Where do you stand regarding the war?,Bạn đứng về phía nào trong cuộc chiến?
A telescope is what Tom is looking for.,Một chiếc kính thiên văn là thứ Tom đang tìm kiếm.
Her greeting to me was accompanied by a lovely grin.,Lời chào của cô ấy dành cho tôi đi kèm với một nụ cười đáng yêu.
Tom and Mary are now discussing the problem.,Tom và mary hiện đang thảo luận về vấn đề này.
Tom knew what he did was wrong.,Tom biết những gì anh ấy đã làm là sai.
"I'm sorry, but there's nothing I can do.","tôi xin lỗi, nhưng tôi không thể làm gì"
The apple descended to the earth's surface.,Quả táo đã hạ xuống bề mặt trái đất.
"The loss amounted to $2,000,000",khoản lỗ lên tới 2.000.000 đô la
He was angry with his wife,anh ấy giận vợ
"She was only frightened, not injured.","Cô chỉ sợ hãi, không bị thương."
Everybody's suspicious,mọi người đều nghi ngờ
Don't run around the house,đừng chạy quanh nhà
These supplies became extremely valuable.,những vật tư này trở nên vô cùng quý giá.
Do you play soccer?,Bạn có chơi bóng đá không?
"You should be there, too",bạn cũng nên ở đó
This and that are two different stories.,Đây và đó là hai câu chuyện khác nhau.
Tom did a good job organizing the workers.,tom đã làm một công việc tốt tổ chức các công nhân.
I must devise a scheme.,Tôi phải vạch ra một kế hoạch.
Tom thinks it possible for Mary to get a job with that company,Tom nghĩ rằng mary có thể có một công việc với công ty đó
May I suggest something?,tôi có thể đề nghị một cái gì đó?
My father has lived in Nagoya for more than fifteen years,cha tôi đã sống ở nagoya hơn mười lăm năm
You must be mentally exhausted.,bạn phải kiệt sức về tinh thần
We're really hungry,chúng tôi rất đói
This looks like a nice watering hole.,nó trông giống như một lỗ tưới nước đẹp
Tom told me I had done a pretty good job.,Tom nói với tôi rằng tôi đã làm một công việc khá tốt.
Tom lost his French textbook.,tom mất sách giáo khoa tiếng Pháp của mình.
What kind of theatrical performance is this?,Đây là loại hình biểu diễn sân khấu nào?
What's your remuneration for this task?,Khoản thù lao của bạn cho nhiệm vụ này là bao nhiêu?
My hope is that your suffering will match ours.,Hy vọng của tôi là sự đau khổ của bạn sẽ tương xứng với của chúng tôi.
"You do a lot of your work at home, don't you?",bạn làm rất nhiều việc ở nhà phải không?
Some people seem to have forgotten what it was like before the war.,một số người dường như đã quên nó như thế nào trước chiến tranh.
He received some food from her.,Anh ấy đã nhận được một ít thức ăn từ cô ấy.
Tom didn't remember where he'd put his passport.,Tom không nhớ anh đã để hộ chiếu ở đâu.
Don't let him open the door,đừng để anh ấy mở cửa
Tom always lacked happiness.,Tom luôn thiếu hạnh phúc.
Tom's drinking has caused a lot of problems in his marriage.,Uống rượu của tom đã gây ra rất nhiều vấn đề trong cuộc hôn nhân của anh ấy.
The floor is dirty.,Sàn nhà bẩn.
I remember that man's name very well.,tôi nhớ tên của người đàn ông đó rất tốt
He's nuttier than a fruitcake,anh ấy còn hơn cả một chiếc bánh trái cây
We misjudged Tom.,chúng tôi đánh giá sai tom.
Ensure your seatbelt is fastened.,Đảm bảo dây an toàn của bạn đã được thắt chặt.
Tom is tolerant.,tom là khoan dung.
I'll be very busy next month,tôi sẽ rất bận rộn vào tháng tới
Is eating more than eight oranges a day bad for you?,Ăn nhiều hơn tám quả cam mỗi ngày có hại cho bạn không?
He would not take this chance.,anh sẽ không nắm lấy cơ hội này.
Hold your questions for now. Simply pay attention to my words.,Hãy giữ câu hỏi lại bây giờ. Chỉ cần chú ý lắng nghe lời tôi nói.
The two books are equivalent in value,hai cuốn sách tương đương về giá trị
She never wears green,cô ấy không bao giờ mặc màu xanh lá cây
He has the advantage of a good education.,anh ta có lợi thế của một nền giáo dục tốt.
Provide Tom with everything he asks for.,Cung cấp cho Tom mọi thứ anh ấy yêu cầu.
How come you didn't come to the party?,Sao bạn không đến dự tiệc?
This is harassment,đây là sự quấy rối
How do you feel about the issue?,bạn cảm thấy thế nào về vấn đề này?
Tom sat at the bar drinking by himself,Tom ngồi ở quán rượu uống một mình
"Not only can't I tell Tom, I can't even tell you.","Không chỉ tôi không thể nói với tom, tôi thậm chí không thể nói với bạn."
I am looking forward to the summer vacation.,tôi đang mong chờ kỳ nghỉ hè
He drinks a lot but always seems sober.,Anh uống rất nhiều nhưng luôn có vẻ tỉnh táo.
I wasn't anticipating your arrival today.,Tôi không dự đoán sự xuất hiện của bạn hôm nay.
I enlisted in the Air Force,tôi nhập ngũ
I want to consume some food.,Tôi muốn ăn một ít thức ăn.
Tom seems tired,tom có vẻ mệt mỏi
You got that photo when you bought the wallet.,Bạn có bức ảnh đó khi mua chiếc ví.
What's this we're seeing?,Chúng ta đang thấy gì đây?
Continue your search.,Hãy tiếp tục tìm kiếm của bạn.
My routine involves hunting nearly every single day.,Tôi gần như săn bắn mỗi ngày theo thói quen.
Can we talk to you a second?,chúng ta có thể nói chuyện với bạn một giây không?
Do we have a choice?,chúng ta có một sự lựa chọn?
Have you seen this man?,Bạn đã thấy người đàn ông này?
Tom received a prison sentence.,Tom đã nhận một bản án tù.
Tom took a butcher knife out of the drawer,tom lấy một con dao bán thịt ra khỏi ngăn kéo
I have been his greatest fan all my life.,tôi đã là người hâm mộ lớn nhất của anh ấy suốt cuộc đời.
Tom is Mary's long-time boyfriend,tom là bạn trai lâu năm của mary
I failed to identify him because we had never met.,Tôi đã không nhận ra anh ấy vì chúng tôi chưa từng gặp nhau.
He made a clean break with them,anh ấy đã làm sạch với họ
We're sunk.,chúng ta đang chìm đắm.
Go and interact with him directly.,Hãy đến và tương tác trực tiếp với anh ấy.
Could you bring me some water?,bạn có thể mang cho tôi một ít nước không?
Tom likes to talk about himself,tom thích nói về bản thân
Tom put the skis on top of the car.,tom đặt ván trượt lên trên xe.
You'll find a number of bags right here.,Bạn sẽ tìm thấy một số túi ngay tại đây.
It would be simple for me to shred you with my unassisted hands.,Sẽ rất dễ dàng để tôi xé nát bạn bằng tay không.
I didn't get the meaning.,tôi không hiểu ý nghĩa
Does Tom know?,Tom có biết không?
We need to remember to send Tom a birthday card,chúng ta cần nhớ gửi cho Tom một tấm thiệp sinh nhật
It's difficult to find one's way around in a strange city.,thật khó để tìm đường đi trong một thành phố xa lạ.
It looks hopeless.,nó trông vô vọng
I thought the police were looking for Tom,tôi nghĩ cảnh sát đang tìm tom
Keep your prized possessions in a secure place.,Giữ những tài sản quý giá của bạn ở nơi an toàn.
Tom told me to speak more slowly.,tom bảo tôi nói chậm hơn
He achieved his desired goal.,anh ấy đã đạt được mục tiêu mong muốn của mình.
The sightseers ambled from one shop to another.,Những người tham quan đi bộ chậm rãi từ cửa hàng này sang cửa hàng khác.
Don't forget about our responsibilities.,Đừng quên về những trách nhiệm của chúng ta.
Did Spot join them?,Spot có tham gia cùng họ không?
I've never seen them so busy,tôi chưa bao giờ thấy họ bận rộn như vậy
Another thing to consider is the payment,một điều khác cần xem xét là thanh toán
See you again,hẹn gặp lại
A small number of students remained in the room.,Một số ít học sinh còn lại trong phòng.
Can you please reduce the volume of the music?,bạn có thể vui lòng giảm âm lượng của âm nhạc không?
"""Why are you mad at me?"" ""I'm not mad at you!""","""tại sao bạn giận tôi?"" ""tôi không giận bạn!"""
What kind of dreams do you have?,bạn có những giấc mơ nào
It's not too far from here,nó không quá xa đây
Mary was Tom's first girlfriend.,mary là bạn gái đầu tiên của tom.
I've no friend to talk to about my problems.,Tôi không có bạn để nói về vấn đề của mình.
He made a significant monetary gift.,Anh ấy đã thực hiện một món quà tiền tệ đáng kể.
Tom treated Mary badly,tom đối xử tệ với mary
We can't fit another bed in this room.,Chúng ta không thể đặt thêm một chiếc giường vào phòng này.
I couldn't quite hear you,tôi không thể nghe thấy bạn
He moved the table aside,anh ấy chuyển cái bàn sang một bên
Tom has excellent Japanese speaking skills.,Tom có kỹ năng nói tiếng Nhật xuất sắc.
I demand an explanation for this mistake.,tôi yêu cầu một lời giải thích cho sai lầm này.
You need to see a doctor.,Bạn cần phải đi khám bác sĩ.
The others will arrive in a few minutes,những người khác sẽ đến trong vài phút
Tom asked a long string of questions,tom hỏi một chuỗi câu hỏi dài
My desire is for Tom to find joy.,Mong muốn của tôi là Tom tìm thấy niềm vui.
Tom doesn't often wear a suit.,Tom không thường xuyên mặc một bộ đồ.
That wouldn't really be a problem for me.,đó sẽ không thực sự là một vấn đề đối với tôi.
My opinion is that you need support.,Ý kiến của tôi là bạn cần được hỗ trợ.
This has got to stop.,Điều này phải chấm dứt.
An iron pry bar was their tool of choice for breaking open the lock.,Một thanh sắt nạy là công cụ họ chọn để phá khóa.
What do you guys want?,Các anh muốn gì?
I often listen to soothing music in order to relax.,tôi thường nghe nhạc êm dịu để thư giãn.
Don't spend more than you earn,không chi tiêu nhiều hơn bạn kiếm được
That never happens.,điều đó không bao giờ xảy ra
It would be appropriate for you to express regret for your words.,Sẽ là thích hợp nếu bạn bày tỏ sự hối tiếc về những lời mình đã nói.
Tom is worried about what might have happened to Mary,tom lo lắng về những gì có thể xảy ra với mary
He's love struck,anh ấy yêu
You've really gotten us into quite a predicament.,Bạn thực sự đã đẩy chúng tôi vào một tình thế khó khăn.
Don't you hope Tom turns out good?,Bạn không hy vọng Tom trở nên tốt sao?
I couldn't get online,tôi không thể lên mạng
What did Tom write?,Tom đã viết gì?
"Her family, as a matter of fact, knew nothing about her friends.","Gia đình cô, như một vấn đề thực tế, không biết gì về bạn bè của cô."
The same thing happened three years ago in Boston,điều tương tự đã xảy ra ba năm trước ở boston
He's an upright person.,Anh ấy là một người ngay thẳng.
You should have seen that movie last night.,bạn nên xem bộ phim đó tối qua
You are banned from entering this place.,bạn bị cấm vào nơi này
No one in our class is a more skilled artist than Tom.,Không ai trong lớp chúng ta là nghệ sĩ tài năng hơn Tom.
It happens to everyone,nó xảy ra với tất cả mọi người
We're being watched.,chúng tôi đang được theo dõi.
Tom put pressure on Mary to accomplish it.,Tom gây áp lực để Mary hoàn thành nó.
My hope is that your suffering matches ours.,Tôi hy vọng rằng nỗi đau khổ của bạn sẽ giống như của chúng tôi.
Tom will never forget all the time Mary spent with him.,tom sẽ không bao giờ quên tất cả thời gian mary dành cho anh ta.
She hummed a song,cô ấy ngân nga một bài hát
Tom is a geek,tom là một người đam mê
I suspect you'd find yourself regretting that action.,Tôi nghi ngờ bạn sẽ thấy mình hối tiếc về hành động đó.
"Forget about it, OK?",quên nó đi
That requires some thought on my part.,Điều đó đòi hỏi tôi phải suy nghĩ.
Jack got his friend a present.,Jack đã mua cho bạn mình một món quà.
The treasure's theft was something he admitted to.,Việc trộm kho báu là điều anh ấy đã thừa nhận.
Tom refrained from discussing the topic.,Tom đã kiềm chế không thảo luận về chủ đề này.
There is a white dove on the roof.,Có một con bồ câu trắng trên mái nhà.
"I know him by name, but not by sight.","Tôi biết anh ta bằng tên, nhưng không phải bằng mắt."
Our approach is correct.,Cách tiếp cận của chúng ta là đúng đắn.
The baby cried all night,em bé khóc suốt đêm
Consider getting your eyesight tested.,Hãy cân nhắc việc kiểm tra thị lực của bạn.
Please translate this text from Japanese to French,xin vui lòng dịch văn bản này từ tiếng Nhật sang tiếng Pháp
John is my best friend.,John là người bạn tốt nhất của tôi.
A bird is singing in the tree,một con chim đang hót trên cây
"Her library has 3,500 books and includes many first editions",thư viện của cô có 3.500 cuốn sách và bao gồm nhiều phiên bản đầu tiên
Go put on something more conservative.,đi vào một cái gì đó bảo thủ hơn.
Is this a good time to chat?,Đây có phải là thời điểm tốt để trò chuyện không?
I wish not to engage in any employment.,Tôi không muốn tham gia vào bất kỳ công việc nào.
Where is the nearest bank?,Ngân hàng gần nhất ở đâu?
My impression is that you're striving too intensely.,Ấn tượng của tôi là bạn đang cố gắng quá mức.
I was in disbelief over the current situation.,Tôi không thể tin được tình hình hiện tại.
Please inform Tom that I'm unable to complete the task he assigned me.,Xin hãy báo cho Tom biết rằng tôi không thể hoàn thành nhiệm vụ anh ấy giao cho tôi.
Do it when you have time.,làm điều đó khi bạn có thời gian
What's the source of your great displeasure with him?,Nguồn cơn sự không hài lòng lớn của bạn đối với anh ấy là gì?
He was exceedingly careful with it.,Anh ấy đã cực kỳ cẩn thận với nó.
I want to come back here.,tôi muốn quay lại đây
Would you know the place where I can discover it?,Bạn có biết nơi tôi có thể khám phá ra nó không?
None of Tom's classmates liked him.,không ai trong số các bạn cùng lớp của tom thích anh ta.
Let me drive your new Toyota.,Hãy để tôi lái toyota mới của bạn.
"Tom is honest and expects other people to be honest, too",tom là trung thực và mong người khác cũng trung thực
Is there a banking institution where I can convert yen to dollars?,Có ngân hàng nào tôi có thể đổi yên sang đô la không?
I think perhaps Tom can help Mary,tôi nghĩ có lẽ tom có thể giúp mary
None of the girls is a student.,không có cô gái nào là học sinh
"Secure yourself with the seatbelt, please.",Vui lòng thắt dây an toàn để bảo vệ bản thân.
His drama was extremely popular.,Vở kịch của anh ấy cực kỳ nổi tiếng.
Tom saw that movie last summer,Tom đã xem bộ phim đó vào mùa hè năm ngoái
They can swim with great rapidity.,Chúng có thể bơi với tốc độ rất nhanh.
I went fishing with my brother in the river,tôi đã đi câu cá với anh trai trên sông
Tom got some more bad news,tom có thêm một số tin xấu
I went to bed a little earlier than usual.,tôi đi ngủ sớm hơn bình thường một chút.
My efforts to aid were futile.,Mọi nỗ lực giúp đỡ của tôi đều vô ích.
I know where he comes from.,tôi biết anh ấy đến từ đâu
Rain is likely to fall shortly.,Trời có thể mưa trong chốc lát.
I'm really looking forward to a peaceful night's sleep now that Tom is no longer a worry.,Tôi thực sự mong chờ một giấc ngủ đêm yên bình khi Tom không còn là mối lo lắng nữa.
What's the fee for your work on this?,Phí của bạn cho công việc này là bao nhiêu?
What do you think happened to Tom?,Bạn nghĩ gì đã xảy ra với tom?
I feel chilled to the bone today,tôi cảm thấy ớn lạnh đến tận xương
Do you want these tickets?,bạn có muốn những vé này không?
There's no comparison; you're far more handsome/beautiful than me.,Không thể so sánh được; bạn đẹp trai/xinh đẹp hơn tôi rất nhiều.
He paid a quick visit to the bookshop.,Anh ấy ghé thăm nhanh cửa hàng sách.
I know what we should do.,tôi biết những gì chúng ta nên làm.
It occurred to me that you might lend your support.,Tôi chợt nghĩ rằng bạn có thể ủng hộ.
You will be paid according to your ability.,bạn sẽ được trả tiền theo khả năng của bạn.
The circumstances did not allow me to go abroad.,hoàn cảnh không cho phép tôi ra nước ngoài.
Tom treats his employees generously,tom đối xử với nhân viên của mình một cách hào phóng
It achieved the desired outcome.,Nó đã đạt được kết quả mong muốn.
Who did you meet?,bạn đã gặp ai?
This room is very cold.,căn phòng này rất lạnh.
The ongoing events were simply incredible to me.,Những sự kiện đang diễn ra thật không thể tin được đối với tôi.
The eatery is situated on the opposite side of the road from the hotel.,Quán ăn nằm ở phía đối diện đường so với khách sạn.
I have nothing to do now,bây giờ tôi không có gì để làm
No need to fret; I'll handle it.,Không cần phải lo lắng; tôi sẽ xử lý việc đó.
The museum isn't open on Sundays,bảo tàng không mở cửa vào chủ nhật
This road is dangerous.,con đường này nguy hiểm
It's your problem now,bây giờ là vấn đề của bạn
Give Tom a kiss.,cho tom một nụ hôn.
Most Americans approved of what Coolidge did.,Hầu hết người Mỹ đã chấp thuận những gì cool lạnh đã làm.
They are taking in the views of Kyoto.,Họ đang ngắm cảnh Kyoto.
I've got nothing to hide.,Tôi không có gì để che giấu.
Project your voice clearly so listeners can hear you.,Hãy nói rõ ràng và đủ lớn để người nghe có thể nghe thấy bạn.
One of the suitcases is completely empty.,một trong những chiếc vali hoàn toàn trống rỗng
It looks like you took care of the problem,có vẻ như bạn đã giải quyết vấn đề
Most individuals among us are far more intriguing than commonly believed.,Hầu hết các cá nhân trong chúng ta thú vị hơn nhiều so với những gì người ta thường tin.
Bob found various kinds of nuts.,bob tìm thấy các loại hạt.
From whom did you learn that curveball throw?,Bạn đã học cách ném quả bóng xoáy đó từ ai?
I had to get away from Tom.,tôi phải tránh xa tom.
I approach my work with earnestness.,Tôi làm việc một cách nghiêm túc.
How did it come about?,Nó đã xảy ra như thế nào?
He's ready to go,anh ấy đã sẵn sàng để đi
Where can we buy it?,chúng ta có thể mua nó ở đâu?
You were kind to help me.,bạn đã tử tế để giúp tôi
I hope this isn't a mistake.,tôi hy vọng đây không phải là một sai lầm.
Tom had a good job.,tom đã có một công việc tốt.
Ken boarded the incorrect bus unintentionally.,Ken đã lên nhầm xe buýt một cách vô ý.
Tony took off his shirt and cleaned the piano with it.,Tony cởi áo ra và lau sạch cây đàn piano với nó.
It was careless of her to leave the door unlocked when she went out,Cô ấy đã bất cẩn khi mở khóa cửa khi ra ngoài
Are you positive about handing over control of your life to her?,Bạn có chắc chắn về việc giao quyền kiểm soát cuộc đời mình cho cô ấy không?
That will further muddle the situation.,Điều đó sẽ làm tình hình rối ren hơn nữa.
You must wonder who I am,bạn phải tự hỏi tôi là ai
You make life worth living.,bạn làm cho cuộc sống đáng sống.
We went to Boston by plane,chúng tôi đã đến boston bằng máy bay
He gave me a blank stare.,Anh nhìn tôi chằm chằm.
I'm attempting to recover my stability.,Tôi đang cố gắng lấy lại sự ổn định.
They met on a blind date,họ gặp nhau vào một ngày mù
The snow was several meters deep.,tuyết sâu vài mét.
Hold on to the rail while going down these stairs.,giữ chặt đường ray trong khi đi xuống cầu thang
He read the letter with tears running down his cheeks,Anh đọc bức thư mà nước mắt chảy dài trên má
We tried to keep it a secret.,chúng tôi đã cố gắng giữ bí mật.
Who wants more bacon?,Ai muốn thêm thịt xông khói?
I let Tom borrow my baseball glove,tôi cho tom mượn găng tay bóng chày của tôi
Half a loaf is better than none.,một nửa ổ bánh mì là tốt hơn không có.
Tom said he wouldn't stay here with me,Tom nói anh ấy sẽ không ở đây với tôi
They will be safe with him.,họ sẽ an toàn với anh ta.
I'll never learn.,tôi sẽ không bao giờ học
Mary was given the job by Tom.,Mary được Tom giao cho công việc đó.
What do you think of this plan?,Bạn nghĩ gì về kế hoạch này?
I hope Tom remembers us,tôi hy vọng tom nhớ chúng tôi
I am very glad school is over.,tôi rất vui vì trường học đã kết thúc
I'll get Tom to stay with you,tôi sẽ nhận tom ở lại với bạn
I looked around and noticed that mine was the only car on the road.,Tôi nhìn xung quanh và nhận thấy rằng tôi là chiếc xe duy nhất trên đường.
I expect to perform excellently on the exam.,Tôi mong sẽ thể hiện xuất sắc trong bài kiểm tra.
Everyone possesses something special.,Mọi người đều sở hữu một điều gì đó đặc biệt.
A large bird landed on the window sill.,Một con chim lớn đáp xuống bệ cửa sổ.
Tom flung the drink can into the refuse.,Tom đã ném lon nước uống vào thùng rác thải.
It is said that treasure is buried in this area,người ta nói rằng kho báu được chôn trong khu vực này
How preposterous you are!,Bạn thật nực cười làm sao!
"Tom is one of the more than 3,000 inmates on death row",tom là một trong số hơn 3.000 tù nhân bị kết án tử hình
I'm so happy to meet you,tôi rất vui được gặp bạn
The hawk caught a rat,chim ưng bắt được một con chuột
They discussed the economics of the project,họ đã thảo luận về tính kinh tế của dự án
Ask me anything you want,Hỏi tôi bất cứ thứ gì bạn muốn
We're having a three-day weekend this week.,chúng ta sẽ có một ngày cuối tuần ba ngày trong tuần này.
It's my understanding you already know Tom doesn't want you around.,Theo tôi hiểu thì bạn đã biết Tom không muốn bạn ở gần đây.
That was it,Điều đó là vậy đó
His face never betrays any feelings.,Khuôn mặt anh ấy không bao giờ để lộ bất kỳ cảm xúc nào.
Tom loves being outdoors.,tom thích ở ngoài trời.
May I ask for your father's given name?,Tôi có thể hỏi tên của cha bạn không?
You aren't yourself,bạn không phải là chính mình
Tom and Mary had to go to band rehearsal,Tom và mary đã phải đi đến buổi tập của ban nhạc
I've told you a zillion times not to do that.,Tôi đã nói với bạn một trăm lần không làm điều đó.
It seems likely to rain at any moment.,Có vẻ như trời có khả năng mưa bất cứ lúc nào.
"No matter how hard you try, the result will be the same","cho dù bạn cố gắng thế nào, kết quả sẽ vẫn như vậy"
You're not the only one here who wants to go home early.,bạn không phải là người duy nhất ở đây muốn về nhà sớm.
I hope I haven't offended you,tôi hy vọng tôi đã không xúc phạm bạn
The morning light streamed through the window.,Ánh sáng ban mai tràn qua cửa sổ.
The situation will become more intricate because of that.,Tình hình sẽ trở nên phức tạp hơn vì điều đó.
I yelled with all my might.,Tôi đã hét lên với tất cả sức lực của mình.
Don't blame Tom for this.,đừng đổ lỗi cho tom vì điều này
What is the final port of call for this ship?,Điểm dừng chân cuối cùng của con tàu này là gì?
I am aware of your motivation for saying so.,Tôi biết động cơ của bạn khi nói như vậy.
Tom yelled,tom hét lên
The doctor informed his patient of the name of his disease,bác sĩ thông báo cho bệnh nhân biết tên bệnh
He has a very accommodating personality.,Anh ấy có tính cách rất dễ thích nghi/dễ chiều.
We should look into the problem,chúng ta nên xem xét vấn đề
Jim had the capacity to rein in his fury and avert a fight.,Jim có khả năng kiềm chế cơn thịnh nộ và ngăn chặn một cuộc chiến.
"Tom doesn't only teach the guitar, he often gives concerts.","Tom không chỉ dạy guitar, anh ấy thường tổ chức các buổi hòa nhạc."
A piece of fruit landed on the ground.,Một miếng trái cây đã rơi xuống đất.
I'm not feeling well at all.,Tôi không cảm thấy khỏe chút nào.
The room is spacious and light.,Căn phòng rộng rãi và nhiều ánh sáng.
Does Tom go to the same school as you?,Tom có học cùng trường với bạn không?
We were next-door neighbors.,chúng tôi là hàng xóm của nhau
He did it not for me but for himself,anh ấy đã làm nó không phải cho tôi mà cho chính tôi
We aren't making much speed.,Chúng tôi không tăng tốc nhiều.
I understand you've acquired a new vehicle.,Tôi được biết bạn đã mua một chiếc xe mới.
I am used to living alone,tôi quen sống một mình
My destination is the village tomorrow.,Điểm đến của tôi là ngôi làng vào ngày mai.
There's a light switch right inside the door.,Có một công tắc đèn ngay bên trong cánh cửa.
Tom rode his horse through the woods,Tom cưỡi ngựa qua rừng
I don't think Tom knows how to run the business,tôi không nghĩ tom biết cách điều hành doanh nghiệp
I suggest you and Tom don't talk about Mary.,tôi đề nghị bạn và tom đừng nói về mary.
This information has never been disclosed by me to another soul.,Thông tin này chưa bao giờ được tôi tiết lộ cho một ai khác.
Would you mind shipping this parcel for me?,Bạn có phiền gửi bưu kiện này giúp tôi không?
He fixed the net,anh ấy đã sửa lưới
My mother can't ride a bicycle.,mẹ tôi không thể đi xe đạp.
Why aren't you laughing?,tại sao bạn không cười
Why would anyone do such a thing?,Tại sao mọi người sẽ làm một điều như vậy?
He didn't tell me what the matter was,anh ấy đã không cho tôi biết vấn đề là gì
I know who painted this picture.,tôi biết ai đã vẽ bức tranh này
What exactly did Tom tell you?,Chính xác thì tom đã nói gì với bạn?
I want to inspect these items.,Tôi muốn kiểm tra những món đồ này.
We must make every effort to do away with all discrimination.,chúng ta phải cố gắng hết sức để loại bỏ mọi sự phân biệt đối xử.
Tom doesn't trust Mary,tom không tin mary
Things have kept me quite engaged.,Mọi việc đã khiến tôi khá bận.
I wish the subway wasn't so crowded every morning,tôi ước tàu điện ngầm không quá đông đúc mỗi sáng
I wasn't anticipating you'd show up today.,Tôi không dự đoán bạn sẽ xuất hiện hôm nay.
How come she hung up on you?,Làm thế nào mà cô ấy cúp máy bạn?
I study psychology.,Tôi học tâm lý học.
Tom experienced a slight dizziness.,Tom cảm thấy hơi chóng mặt.
He was meticulously careful with it.,Anh ấy đã rất tỉ mỉ cẩn thận với nó.
Tom arrived last,tom đến lần cuối
Is there anything specific you'd like to eat?,Bạn có muốn ăn món gì cụ thể không?
Tom should've known better.,Tom nên biết nhiều hơn.
The chances that that happens are minimal,cơ hội xảy ra là tối thiểu
What's the reason you're not going? I just don't wish to.,Lý do bạn không đi là gì? Tôi chỉ không muốn.
I yearn for Tom's well-being and joy.,Tôi khao khát Tom được khỏe mạnh và vui vẻ.
Our outing was adversely affected by the windy and rainy conditions.,Chuyến đi chơi của chúng tôi bị ảnh hưởng xấu bởi điều kiện gió và mưa.
America was at war in 1864,Mỹ đã có chiến tranh vào năm 1864
I never told you to lie,tôi chưa bao giờ nói bạn nói dối
You're starting to be less careful.,Bạn đang bắt đầu kém cẩn thận hơn.
Paul's sitting in front of Jack,paul đang ngồi trước jack
That event Tom went through could easily have happened to me too.,Sự kiện Tom đã trải qua hoàn toàn có thể xảy ra với tôi nữa.
Tom only seems to be busy in the morning.,Tom chỉ có vẻ bận rộn vào buổi sáng.
She received a visit from someone yesterday.,Cô ấy đã được ai đó ghé thăm vào hôm qua.
I believe you've been looking for me.,tôi tin rằng bạn đã tìm kiếm tôi.
Rituals are something he truly loves.,Anh ấy thực sự yêu thích các nghi thức.
Tom is unable to hear you.,Tom không có khả năng nghe bạn.
Could you tell me its location?,Bạn có thể cho tôi biết vị trí của nó không?
Tom eats at least three bowls of rice every day,tom ăn ít nhất ba bát cơm mỗi ngày
You no longer have any time remaining.,Bạn không còn chút thời gian nào nữa.
Tom refused to make a statement about the issue.,Tom từ chối đưa ra tuyên bố về vấn đề này.
He had his sister help him paint the wall of his room,anh có chị gái giúp anh sơn tường phòng anh.
Tom is capable of making it through tough times.,Tom có khả năng vượt qua những giai đoạn khó khăn.
Do it carefully. I don't like botched jobs,làm nó thật cẩn thận. tôi không thích những công việc khó khăn
I'm skeptical about the veracity of his report.,Tôi hoài nghi về tính xác thực của báo cáo của anh ấy.
Which is the most populated continent in the world?,lục địa đông dân nhất thế giới là gì?
She went out,cô ấy đã đi ra ngoài
Ken took the wrong bus unintentionally.,Ken đã đi nhầm xe buýt một cách vô ý.
Get to work,bắt đầu làm
Only time will tell,chỉ có thời gian mới trả lời
Tom and I ran into each other at the club last weekend.,Tom và tôi đã tình cờ gặp nhau ở câu lạc bộ vào cuối tuần trước.
I'd be crazy to do that,tôi sẽ điên lên để làm điều đó
I know who you voted for,tôi biết bạn đã bình chọn cho ai
How's my wife doing?,Vợ tôi làm sao?
Success for him seems highly improbable.,Việc anh ấy thành công dường như rất khó xảy ra.
Tom was there before anyone else,tom đã ở đó trước bất cứ ai khác
Last Friday I ate dinner with my girlfriend in a restaurant,Thứ sáu tuần trước tôi đã ăn tối với bạn gái trong một nhà hàng
We'll see what we can figure out,chúng ta sẽ thấy những gì chúng ta có thể tìm ra
What did Tom decide?,Tom đã quyết định điều gì?
I think you'd be interested in this,tôi nghĩ rằng bạn sẽ quan tâm đến điều này
Why didn't you stop Tom?,Tại sao bạn không dừng tom?
Tom drank three glasses of wine.,tom uống ba ly rượu.
I wish Tom would stay,tôi ước tom sẽ ở lại
He wanted it to be a surprise.,anh muốn nó là một bất ngờ
Tom didn't call Mary.,Tom đã không gọi mary.
I no longer want that,tôi không còn muốn điều đó
I haven't forgotten how to drive.,Tôi đã không quên cách lái xe.
What's your favorite song to sing with young children?,Bài hát yêu thích của bạn để hát với trẻ nhỏ là gì?
His health gradually changed for the better after he went to live in the countryside,Sức khỏe của anh ấy dần thay đổi tốt hơn sau khi anh ấy sống ở nông thôn.
Tom informed me of your arrival here.,Tom đã thông báo cho tôi về sự có mặt của bạn ở đây.
Have there been any changes?,có sự thay đổi nào không?
Tom turned off the lights.,tom tắt đèn.
"Get up early, or you'll be late","dậy sớm, hoặc bạn sẽ bị trễ"
Be sure to look us up when you're in town.,hãy chắc chắn để tìm kiếm chúng tôi khi bạn đang ở trong thị trấn.
He has enough sense to avoid going there on his own.,Anh ấy đủ tỉnh táo để tránh đến đó một mình.
"According to the radio, it will rain tomorrow.","Theo đài phát thanh, ngày mai trời sẽ mưa."
That teaching room lacks sufficient space.,Phòng học đó không đủ không gian.
That film is absolutely dreadful to me.,Bộ phim đó hoàn toàn kinh khủng đối với tôi.
Is that our problem?,đó có phải là vấn đề của chúng ta không?
I considered you as a potential source of aid.,Tôi coi bạn là một nguồn hỗ trợ tiềm năng.
I wanted to kill Tom,tôi muốn giết tom
Tom is going to the concert with Mary,tom đang đi đến buổi hòa nhạc với mary
"Man, don't say that!","Người đàn ông, đừng nói vậy!"
I'm concerned for Tom's safety.,Tôi lo lắng cho sự an toàn của tom.
Tom was glad to see Mary and John getting along so well,Tom rất vui khi thấy mary và john rất hợp nhau
This message comes from your captain.,Đây là thông báo từ đội trưởng của quý vị.
We'll do our best.,chúng tôi sẽ làm tốt nhất của chúng tôi.
Tom poured milk into the blender.,tom đổ sữa vào máy xay.
We might have some rain shortly.,Chúng ta có thể có một chút mưa ngay.
We have a right to live wherever we want to.,chúng ta có quyền sống bất cứ nơi nào chúng ta muốn.
The man I was talking to is my English teacher.,người đàn ông tôi đang nói chuyện là giáo viên tiếng Anh của tôi.
I want some popcorn.,tôi muốn một ít bỏng ngô
It was all a trick,tất cả là một mánh khóe
He avenged his father's death,ông báo thù cho cái chết của cha mình
I don't know how to use this compass.,tôi không biết sử dụng la bàn này.
The way dinosaurs evolved is of great interest to me.,Cách khủng long tiến hóa là điều tôi rất quan tâm.
What a predicament you've landed us in!,Bạn đã đẩy chúng ta vào một tình thế khó khăn làm sao!
We need plants in order to live.,chúng ta cần thực vật để sống.
That night was the most dreadful I've ever experienced.,Đêm đó là đêm kinh hoàng nhất mà tôi từng trải qua.
The room lacks sufficient space for an additional bed.,Căn phòng không đủ chỗ để kê thêm một chiếc giường.
Were there any glasses on the table?,Có cái ly nào trên bàn không?
How far is it from here to Ueno?,từ đây đến ueno bao xa?
Go and ask Tom,đi và hỏi tom
You have no obligation to help,bạn không có nghĩa vụ phải giúp đỡ
My reply was what she was patiently waiting for.,Câu trả lời của tôi là điều cô ấy đang kiên nhẫn chờ đợi.
He made a frank admission.,anh ấy đã nhập học thẳng thắn.
You've got the advantage.,bạn đã có lợi thế.
Mortality is a shared fate for all.,Cái chết là số phận chung của tất cả.
Is this an express?,Đây có phải là một thể hiện?
My role was that of Tom's assistant in training.,Vai trò của tôi là trợ lý đang được đào tạo của Tom.
Is your return scheduled?,Bạn có lịch trở lại không?
They lowered all the canvas.,Họ đã hạ tất cả buồm.
Tokyo has a larger population than any other city in Japan.,tokyo có dân số đông hơn bất kỳ thành phố nào khác ở Nhật Bản.
The telephone rang just as I was having a wash.,Điện thoại reo đúng lúc tôi đang tắm rửa.
I wondered when I'd see you again.,Tôi tự hỏi khi tôi sẽ gặp lại bạn.
I think telling lies is wrong,tôi nghĩ nói dối là sai
I don't want Tom to be disappointed.,tôi không muốn tom thất vọng.
Tom didn't tell the truth,tom đã không nói sự thật
Are things satisfactory at this location?,Mọi việc có ổn thỏa tại địa điểm này không?
We've been facing some hard times recently.,Gần đây chúng ta đã phải đối mặt với một số thời điểm khó khăn.
I don't like to walk.,tôi không thích đi bộ
It's true any way you look at it.,đó là sự thật bất cứ cách nào bạn nhìn vào nó.
I love sports,tôi yêu thể thao
The bag is empty,cái túi rỗng
He came near being hit by a car,anh ta đến gần bị xe đâm
I left my phone in the car,tôi để điện thoại trong xe
Is this vehicle yours?,Phương tiện này có phải của bạn không?
I imagine you'd eventually wish you hadn't done that.,Tôi hình dung cuối cùng bạn sẽ ước mình đã không làm điều đó.
Don't touch that book,đừng chạm vào cuốn sách đó
Replace it.,thay thế nó.
A friend of mine has a father who works as a teacher.,Một người bạn của tôi có bố làm nghề giáo viên.
A big thank you.,Một lời cảm ơn lớn.
Tom gave his word that he wouldn't harm Mary.,Tom đã hứa rằng anh ấy sẽ không làm hại Mary.
Was Spot included in the group that went?,Spot có được bao gồm trong nhóm đã đi không?
I'm of the opinion that you need help.,Tôi có quan điểm rằng bạn cần giúp đỡ.
How many books does he have?,anh ấy có bao nhiêu quyển sách
I want to be able to speak Cantonese,tôi muốn có thể nói tiếng canton
The police never presented his case in court.,Cảnh sát chưa bao giờ đưa vụ án của anh ta ra tòa.
You can't find grass anywhere on the moon.,Bạn không thể tìm thấy cỏ ở bất cứ đâu trên mặt trăng.
He caught them stealing apples,ông bắt chúng ăn cắp táo
I think Tom might be hungry.,Tôi nghĩ rằng tom có thể đói.
When are you planning to tell Tom?,khi nào bạn định nói với tom
Are you here to help me?,bạn có ở đây để giúp tôi không?
I'll tell Tom to fetch you something for a meal.,Tôi sẽ bảo Tom đi lấy gì đó cho bạn ăn.
He abandoned himself to grief.,Anh từ bỏ chính mình để đau buồn.
Please describe your project to me.,Xin hãy mô tả dự án của bạn cho tôi.
Her stupidity led her to go out with him.,Sự ngu ngốc của cô ấy đã khiến cô ấy đi chơi với anh ta.
Tom is the only one Mary will talk to,tom là người duy nhất sẽ nói chuyện với
I struggled to comprehend the events taking place.,Tôi gặp khó khăn trong việc hiểu những sự kiện đang diễn ra.
The police dog found trace amounts of cocaine in his luggage.,Con chó cảnh sát tìm thấy một lượng cocaine trong hành lý.
This bar is much busier later in the evening,quán bar này bận rộn hơn nhiều vào buổi tối
Mrs. Jones counts sheep every night to go to sleep.,Bà. jones đếm cừu mỗi đêm để đi ngủ.
Tom is highly agitated and distressed.,Tom đang rất kích động và đau khổ.
The majority of us have a greater depth of interest than society perceives.,Phần lớn chúng ta có chiều sâu thú vị hơn so với những gì xã hội cảm nhận.
She consistently has a lot to do during the week.,Cô ấy luôn có nhiều việc phải làm trong tuần.
It's hazardous to jump from a vehicle traveling at speed.,Việc nhảy ra khỏi một phương tiện đang chạy nhanh là nguy hiểm.
That's the whole problem,đó là toàn bộ vấn đề
When was it purchased?,nó được mua khi nào
How cruel of him to speak to her in that manner.,Anh ấy thật tàn nhẫn khi nói chuyện với cô ấy theo cách đó.
When was the last time you had your hair cut?,Lần cuối bạn cắt tóc là khi nào?
Tom keeps his secret from me because he doesn't trust me.,Tom giữ bí mật của mình khỏi tôi vì anh ấy không tin tưởng tôi.
He has a very vivid imagination,anh ấy có một trí tưởng tượng rất sống động
I suggest we proceed without waiting.,Tôi đề nghị chúng ta nên tiếp tục mà không chờ đợi.
What's your favorite pastime?,trò tiêu khiển yêu thích của bạn là gì?
Don't feel compelled to work as hard when you're tired.,Đừng cảm thấy bị bắt buộc phải làm việc vất vả như vậy khi bạn mệt mỏi.
The man left the restaurant without paying.,Người đàn ông rời khỏi nhà hàng mà không trả tiền.
Please lower the flag.,làm ơn hạ cờ
Mr. Smith left Japan this morning,Ông. smith rời Nhật Bản sáng nay
Our pace is not very quick.,Tốc độ của chúng tôi không nhanh lắm.
Why are you singing?,tại sao bạn hát
Tell me where Tom took Mary,cho tôi biết tom đã đưa mary ở đâu
You stay right there,bạn ở ngay đó
The fog closed in,sương mù đóng lại
It's done; I just finished.,Nó đã xong; tôi vừa kết thúc.
She prefers beer to wine.,Cô ấy thích bia hơn rượu.
I'll do anything but that job,tôi sẽ làm bất cứ điều gì ngoài công việc đó
The teacher speaks quietly,giáo viên nói khẽ
I know exactly when that happened,tôi biết chính xác khi điều đó xảy ra
Whose is it?,nó là của ai
A hungry man is an angry man.,Một người đàn ông đói là một người đàn ông tức giận.
Something's happening on Park Street,một cái gì đó đang xảy ra trên đường công viên
Maintain the search effort.,Hãy duy trì nỗ lực tìm kiếm.
Tom took a swig from the flask.,tom lấy một thanh kiếm từ bình.
You're far more attractive than I am.,Bạn cuốn hút hơn tôi rất nhiều.
It seems to me that thirty dollars is an unreasonable price for this.,"Đối với tôi, ba mươi đô la là một cái giá không hợp lý cho cái này."
My aunt is older than my mother.,dì tôi lớn tuổi hơn mẹ tôi
Israel is a very small country.,israel là một quốc gia rất nhỏ.
My brother prefers windsurfing,anh tôi thích lướt ván
Please tell us what to do next.,xin vui lòng cho chúng tôi biết phải làm gì tiếp theo.
The ball was sent flying by Fred's kick.,Quả bóng bay đi nhờ cú đá của Fred.
Would you mind being quiet? I'm trying to get some shut-eye.,Bạn có phiền giữ im lặng không? Tôi đang cố gắng ngủ.
Tom is my boyfriend.,tom là bạn trai của tôi
Tom had a terrible childhood,tom có một tuổi thơ khủng khiếp
I'm allergic to cats.,Tôi bị dị ứng với mèo.
"Sorry, I mistook you for someone else.","xin lỗi, tôi nhầm bạn với người khác"
There is absolutely no way that I would go on a trip alone,hoàn toàn không có cách nào để tôi đi một mình
He has made remarkable progress in English,anh ấy đã đạt được tiến bộ đáng kể trong tiếng Anh
I really hate job hunting.,Tôi thực sự ghét săn việc.
Why are you all sad?,tại sao bạn buồn
I took a bus so I wouldn't be late for my appointment,tôi đã đi xe buýt vì vậy tôi sẽ không trễ hẹn
Tom doesn't have to do it.,Tom không phải làm điều đó.
I was taken in by the salesman,tôi đã được nhân viên bán hàng đưa vào
We visited Nikko the next day.,chúng tôi đã đến thăm nikko vào ngày hôm sau.
I plan to travel to Boston.,Tôi dự định sẽ đi du lịch đến Boston.
The door to Tom's room was closed,cánh cửa phòng tom đã đóng
This is a map,đây là một cái bản đồ
Tom complained about the accommodations.,tom phàn nàn về chỗ ở.
What foods are popular among people in Egypt?,Những món ăn nào phổ biến với người dân Ai Cập?
He's up there waiting for you,anh ấy đang đợi bạn
I take my first meal of the day at seven.,Tôi ăn bữa đầu tiên trong ngày vào lúc bảy giờ.
We live in the neighborhood of the school.,chúng tôi sống trong khu phố của trường
He went to America last year to brush up his English,anh ấy đã đến Mỹ năm ngoái để cải thiện tiếng Anh của mình
Tom is undoubtedly feeling upset.,Tom chắc chắn đang cảm thấy khó chịu.
It might be painful.,Nó có thể gây đau đớn.
What's the total number of surgeries Dr. Jackson has conducted this month?,Tổng số ca phẫu thuật mà Bác sĩ Jackson đã thực hiện trong tháng này là bao nhiêu?
Tom thinks he's in love.,Tom nghĩ rằng anh ấy đang yêu.
Did Spot go along as well?,Spot cũng đi cùng sao?
I will find a way to repay you.,tôi sẽ tìm cách trả ơn bạn
I will eat supper at seven.,tôi sẽ ăn bữa tối lúc bảy giờ
Let me tell you a funny story,hãy để tôi kể cho bạn một câu chuyện vui
Have you already tried not thinking of anything?,bạn đã cố gắng không nghĩ gì chưa?
You need to go,bạn cần phải đi
I thanked him from the bottom of my heart.,tôi cảm ơn anh từ tận đáy lòng.
Mr. Wall put off going to the dentist's.,Ông. tường tắt đi đến nha sĩ.
I still think it's funny,tôi vẫn nghĩ nó thật buồn cười
We were on the verge of departing.,Chúng tôi sắp sửa khởi hành.
This CD is my son's.,cd này là của con trai tôi.
I said a very foolish thing.,tôi đã nói một điều rất ngu ngốc
The window was his means of departure.,Cửa sổ là phương tiện để anh ấy rời đi.
They're weird,họ thật kỳ lạ
The apple came down to the earth's surface.,Quả táo rơi xuống bề mặt trái đất.
We are often much more complex and engaging than the world gives us credit for.,Chúng ta thường phức tạp và lôi cuốn hơn nhiều so với những gì thế giới công nhận.
Happiness eluded Tom throughout his life.,Hạnh phúc đã lảng tránh Tom suốt cuộc đời anh ấy.
Let's get a picture of the whole team.,Hãy lấy một bức tranh của cả đội.
He's a man of importance.,Anh ấy là một người đàn ông quan trọng.
That tour already has a waiting list,tour đó đã có sẵn danh sách chờ
I'm not really sure why,tôi không chắc tại sao
I'm genuinely pleased our paths crossed.,Tôi thực sự hài lòng khi chúng ta đã gặp nhau.
Your constant complaining has exhausted me.,Việc bạn liên tục phàn nàn đã làm tôi kiệt sức.
Do you have enough money to buy one?,Bạn có đủ tiền để mua một cái không?
He treated it with maximum caution.,Anh ấy đã đối xử với nó với sự thận trọng tối đa.
Physicians initially believed he was suffering from a common cold.,Các bác sĩ ban đầu cho rằng anh ấy bị cảm lạnh thông thường.
How long will they stay?,họ sẽ ở lại bao lâu
Can we take photos at this spot?,Chúng ta có thể chụp ảnh ở chỗ này không?
Tom stopped screaming,tom ngừng la hét
I've been longing for this great chance.,Tôi đã khao khát cơ hội tuyệt vời này.
I traveled to Kyoto via rail.,Tôi đã đi đến Kyoto bằng đường sắt.
The police are questioning Tom,cảnh sát đang thẩm vấn tom
I think we still have plenty of time,tôi nghĩ chúng ta vẫn còn nhiều thời gian
This kind of blouse is beginning to look a bit old-fashioned.,loại áo này bắt đầu trông hơi lỗi thời.
Allow me to cast my eyes on it.,Hãy cho phép tôi nhìn vào nó.
You've got to get out of there right now.,bạn phải ra khỏi đó ngay bây giờ.
My watch loses three minutes a day,đồng hồ của tôi mất ba phút mỗi ngày
Project your voice for everyone to hear.,Phát ra giọng nói của bạn để mọi người cùng nghe.
I believe you would come to rue that decision.,Tôi tin rằng bạn sẽ hối hận về quyết định đó.
It's going from bad to worse.,Mọi chuyện đang ngày càng tệ hại hơn.
I rode my bicycle a lot today.,hôm nay tôi đạp xe rất nhiều
I believe it's my duty to protect these children,tôi tin rằng nhiệm vụ của tôi là bảo vệ những đứa trẻ này
Take a nap.,đánh một giấc.
What did Tom say to persuade you to do this?,Tom đã nói gì để thuyết phục bạn làm điều này?
It's too dangerous for us to proceed.,Quá nguy hiểm để chúng ta tiếp tục.
"Because of the typhoon, my parents ended their trip one day early.","Vì cơn bão, bố mẹ tôi đã kết thúc chuyến đi sớm một ngày."
I'm trying to work out this problem,tôi đang cố gắng giải quyết vấn đề này
Could I see that?,Tôi có thể xem cái đó không?
The child is unwell and has been hospitalized since Sunday of last week.,Đứa bé không khỏe và đã nhập viện từ Chủ nhật tuần trước.
He believes in Santa Clause,ông tin vào điều khoản santa
"It's my responsibility, isn't it?","Đó là trách nhiệm của tôi, phải không?"
There's a chance she's our educator.,Có khả năng cô ấy là nhà giáo dục của chúng ta.
I'm too tired to think,tôi quá mệt mỏi để suy nghĩ
All the students clapped their hands.,tất cả học sinh vỗ tay.
I knew that.,tôi biết rằng.
What shoes do you like?,bạn thích đôi giày nào
He pressed his face against the shop window,anh áp mặt vào cửa sổ cửa hàng
"He came back not because he was homesick, but because he was running short of money","Anh ta quay lại không phải vì nhớ nhà, mà vì anh ta đang thiếu tiền"
Am I safe here?,tôi có an toàn ở đây không?
I'm kind of full,tôi là người đầy đủ
We can do a lot more than that,chúng ta có thể làm nhiều hơn thế
We had a lot more fun in Boston than we thought we would,chúng tôi đã có nhiều niềm vui ở boston hơn chúng tôi nghĩ chúng tôi sẽ
"For the peasant, fruits are more important than flowers.","Đối với nông dân, trái cây quan trọng hơn hoa."
"Could you give us a minute, please?",bạn có thể cho chúng tôi một phút được không?
I will not be able to pick up Shigemi at the kindergarten,tôi sẽ không thể nhận shigemi ở trường mẫu giáo
Vegemite is awesome,vegemite là tuyệt vời
"She doesn't like being alone, but I prefer it like that.","cô ấy không thích ở một mình, nhưng tôi thích nó như thế."
You don't just find money lying around.,Tiền không phải cứ thế mà có sẵn.
Who do you suspect stole your wallet?,bạn nghi ngờ ai đã lấy trộm ví của bạn?
This is quite an unusual sight.,Đây là một cảnh tượng khá lạ thường.
He is such a lazy fellow.,Anh ấy là một kẻ lười biếng như vậy.
All governments will have to cooperate in this matter,tất cả các chính phủ sẽ phải hợp tác trong vấn đề này
Tom was nice to me.,tom rất tốt với tôi
"When I heard that song, it reminded me of my childhood","Khi tôi nghe bài hát đó, nó làm tôi nhớ về thời thơ ấu của mình"
She was accused of lying,cô bị buộc tội nói dối
His speaking style is similar to his father's.,Cách nói chuyện của anh ấy giống cha mình.
By what means did Tom get you to agree to this?,Tom đã dùng cách nào để khiến bạn đồng ý với điều này?
Her weekdays are constantly full.,Các ngày trong tuần của cô ấy luôn kín lịch.
Tom keeps a diary.,tom giữ một cuốn nhật ký.
"Can you weigh this, please?",bạn có thể cân cái này không?
They're jealous.,họ ghen tị
Do you have any plans for Saturday?,bạn có kế hoạch gì cho thứ bảy không?
Raise your voice so you can be heard.,Nâng giọng lên để người khác có thể nghe thấy bạn.
How tall is your youngest brother?,em út của bạn cao bao nhiêu
Visit him face-to-face.,Hãy đến gặp anh ấy trực tiếp.
When was the last time you visited Australia?,Lần cuối bạn đến Úc là khi nào?
Tom belongs to an extensive household.,Tom thuộc về một gia đình đông người.
Tom remained engaged in packing.,Tom vẫn bận rộn với việc đóng gói.
I had to walk home,tôi phải đi bộ về nhà
The hotel is located deep in the mountains.,Khách sạn nằm sâu trong núi.
This will never happen again,điều này sẽ không bao giờ xảy ra nữa
We must make a decision on this right away,chúng ta phải đưa ra quyết định về điều này ngay lập tức
We're making appropriate progress.,Chúng ta đang đạt được tiến bộ phù hợp.
He didn't seem to understand what you were saying,anh ấy dường như không hiểu bạn đang nói gì
He consistently takes me by surprise.,Anh ấy luôn làm tôi bất ngờ.
What are the pros and cons of hitchhiking?,những ưu và nhược điểm của quá giang xe là gì?
The deficit reached two million dollars.,Khoản thâm hụt lên tới hai triệu đô la.
Tom's aura is palpable to me.,Tôi có thể cảm nhận được hào quang của Tom.
Where did you buy all this?,bạn đã mua tất cả những thứ này ở đâu?
Would you mind watching my things while I go for a swim?,bạn có phiền khi xem những thứ của tôi trong khi tôi đi bơi không?
It is very important to obey the traffic rules.,nó là rất quan trọng để tuân thủ các quy tắc giao thông.
We met by chance the other day.,chúng tôi gặp nhau tình cờ ngày khác.
All has been lost for me.,Mọi thứ đã mất hết đối với tôi.
You're a mean old man,bạn là một ông già
Can you recommend to me a place to stay in London?,bạn có thể giới thiệu cho tôi một nơi để ở lại Luân Đôn không?
Tom is very good at doing things with his hands.,tom rất giỏi làm mọi việc với đôi tay của mình.
There's a chance of rain coming soon.,Có khả năng trời sẽ mưa sớm.
I'm more interested in spoken English,tôi thích nói tiếng anh hơn
I still have to get rid of this carpet.,tôi vẫn phải thoát khỏi tấm thảm này
I've never been so embarrassed in all my life.,Tôi chưa bao giờ xấu hổ trong suốt cuộc đời.
Mary's prior bread purchase was unknown to Tom.,Việc Mary đã mua bánh mì trước đó thì Tom không biết.
He is familiar with the subject,anh ấy quen thuộc với chủ đề này
She told him that she was happy,cô ấy nói với anh ấy rằng cô ấy hạnh phúc
My recommendation to Tom was to stay indoors when it gets dark.,Lời khuyên của tôi dành cho Tom là nên ở trong nhà khi trời tối.
Tom performs poorly in athletic activities.,Tom thể hiện kém trong các hoạt động thể thao.
He was finally forced to resign,cuối cùng anh ta đã bị buộc phải từ chức
I heard it.,tôi đã nghe điều đó.
"Tom reached in his pocket, pulled out some matches, struck one, and then lit the campfire.","Tom thò tay vào túi, rút ra một số que diêm, đánh một cái, rồi đốt lửa trại."
I've heard that carrots are good for your eyes.,Tôi đã nghe nói rằng cà rốt là tốt cho mắt của bạn.
He sat reading a weekly magazine.,anh ngồi đọc tạp chí hàng tuần.
I know why Tom is here.,tôi biết tại sao tom ở đây
This disc is the property of my son.,Chiếc đĩa này là tài sản của con trai tôi.
May I use your phone?,tôi có thể sử dụng điện thoại của bạn?
You're going to require a portable light.,Bạn sẽ cần một thiết bị chiếu sáng cầm tay.
I'll ask Tom tomorrow.,Tôi sẽ hỏi tom vào ngày mai.
The meeting will be held next week at the earliest,cuộc họp sẽ được tổ chức vào tuần tới sớm nhất
We're unambitious,chúng tôi không quan tâm
Tom came to see you yesterday.,Tom đã đến gặp bạn ngày hôm qua.
They're a bunch of windbags.,chúng là một loạt các túi gió.
I am very dedicated to my profession.,Tôi rất tận tâm với nghề nghiệp của mình.
Do I look like a guy who wants to get married?,Trông tôi có giống một chàng trai muốn kết hôn không?
It was raining hard in New York.,trời mưa rất to ở new york.
She was anxious for help,cô ấy đã lo lắng để được giúp đỡ
There are a few things I'd like to ask.,Có một vài điều tôi muốn hỏi.
Tom misrepresented the truth to you.,Tom đã xuyên tạc sự thật với bạn.
Tom was feeling a little lightheaded.,Tom cảm thấy hơi choáng váng một chút.
I honestly have no idea,tôi thực sự không có ý tưởng
I'd like to see that contract.,Tôi muốn xem hợp đồng đó.
Remember that we have tasks to do.,Hãy nhớ rằng chúng ta có những việc cần làm.
Tom doesn't know Mary's telephone number.,tom không biết số điện thoại của mary.
It would be wonderful to kiss you immediately.,Thật tuyệt vời nếu được hôn bạn ngay lập khắc.
Tom switched off the bedside lamp.,Tom đã tắt chiếc đèn ngủ cạnh giường.
He buried his head in his hands.,Anh vùi đầu vào tay anh.
She might be the one who teaches us.,Cô ấy có thể là người dạy chúng ta.
I gave my sister a doll,tôi đã cho em gái tôi một con búp bê
Have you changed your mind?,bạn đã thay đổi suy nghĩ của bạn?
I mowed Tom's lawn,tôi cắt cỏ tom
Tom can't survive alone,tom không thể sống một mình
I am capable of ripping you to shreds using only my hands.,Tôi có khả năng xé bạn thành từng mảnh chỉ bằng tay không.
They are currently touring Kyoto's attractions.,Họ hiện đang tham quan các điểm du lịch của Kyoto.
I didn't realize what time it was,tôi đã không nhận ra mấy giờ rồi
Is he satisfied with his daily life?,anh ấy có hài lòng với cuộc sống hàng ngày không?
Don't you want to tell me anything?,bạn không muốn nói với tôi bất cứ điều gì?
Who told you to sit here?,ai bảo bạn ngồi đây?
The girl hugged her doll.,Cô gái ôm con búp bê của mình.
The visitors roamed through the shops.,Du khách lang thang qua các cửa hàng.
There aren't any shortcuts to genuine learning.,Không có bất kỳ lối tắt nào để học hỏi thực sự.
I shouldn't have come here,tôi không nên đến đây
Where did you spend your youth?,Bạn đã trải qua tuổi trẻ của mình ở đâu?
I came near to being run over by the truck,tôi đến gần để bị xe tải chạy qua
He is in the prime of life.,Anh ấy đang ở trong cuộc đời.
Tom woke up in the middle of the night,Tom thức dậy vào giữa đêm
My order included fries as well.,Đơn hàng của tôi cũng bao gồm khoai tây chiên.
We put in significant effort to earn what we own.,Chúng tôi đã bỏ ra rất nhiều công sức để kiếm được những gì mình sở hữu.
I wish to stay put and slumber for the entire day.,Tôi ước mình có thể ở yên và ngủ suốt cả ngày.
Here is your bill,đây là hóa đơn của bạn
She took up his offer,cô ấy nhận lời đề nghị của anh ấy
"I tried to talk Tom out of it, but he wouldn't listen.","tôi đã cố gắng nói chuyện về nó, nhưng anh ấy không nghe."
How much are the grapes?,nho bao nhiêu tiền
Depart ahead of time so you can get a desirable seat.,Khởi hành sớm để bạn có thể có một chỗ ngồi ưng ý.
I've never seen a rainbow,tôi chưa bao giờ thấy cầu vồng
That publishing firm is profitable.,Công ty xuất bản đó đang có lợi nhuận.
"I'm sorry, I can't stay long","tôi xin lỗi, tôi không thể ở lại lâu"
I can't blame you for being angry,tôi không thể trách bạn đã tức giận
Both Tom and Mary can swim quite well,cả tom và mary đều có thể bơi khá tốt
One can't survive without money,người ta không thể tồn tại mà không có tiền
Tom brought Mary a gift.,tom mang mary một món quà.
It cost less than fifteen dollars,nó có giá dưới mười lăm đô la
Can you put up with the noise?,bạn có thể chịu đựng tiếng ồn không?
I think I got everything,tôi nghĩ rằng tôi đã có tất cả
How much more does it cost to return the rental car to another location?,Mất bao nhiêu tiền để trả xe cho thuê đến một địa điểm khác?
He cannot have done such a thing.,anh ta không thể làm một việc như vậy
I had no visitors today,hôm nay tôi không có khách
You should keep in touch with Mr. Smith.,bạn nên giữ liên lạc với ông. thợ rèn.
I have a migraine.,Tôi bị chứng đau nửa đầu.
Would you like meat or fish?,Bạn muốn thịt hay cá?
I might as well do it now,tôi cũng có thể làm điều đó ngay bây giờ
I say what I think,tôi nói những gì tôi nghĩ
I need to find some batteries.,Tôi cần tìm vài viên pin.
Suppose my parents uncover this secret?,Giả sử bố mẹ tôi khám phá ra bí mật này thì sao?
I really enjoyed myself last night.,Tối qua tôi thực sự đã rất vui.
Thank you for coming in.,cảm ơn bạn đã đến
Our intention was to leave right then.,Ý định của chúng tôi là rời đi ngay lúc đó.
He is a handsome man.,anh ấy là một người đàn ông đẹp trai.
We're all out of booze,tất cả chúng ta đã hết say
This only happens about once a year.,Điều này chỉ xảy ra khoảng một lần một năm.
Unpleasant dreams are a common occurrence for me.,Những giấc mơ khó chịu là điều thường xuyên xảy ra với tôi.
Tom always wears his seatbelt,Tom luôn luôn thắt dây an toàn
How is it with you?,nó thế nào với bạn
"In 1955, the cancer returned and she died in 1956 at the age of 42.","Năm 1955, căn bệnh ung thư quay trở lại và bà qua đời năm 1956 ở tuổi 42."
I was really drunk last night.,tôi đã thực sự say tối qua.
I found the apples he delivered to be very tasty.,Tôi thấy những quả táo anh ấy giao rất ngon.
Tom took a picture of the flowers.,tom chụp ảnh những bông hoa.
I was at risk of experiencing the same fate as Tom.,Tôi có nguy cơ gặp phải số phận tương tự như Tom.
Why have you been asking me these questions?,Tại sao bạn lại hỏi tôi những câu hỏi này?
Tom turned on the light switch.,tom bật công tắc đèn.
"I came to you for advice, nothing more","tôi đã đến với bạn để được tư vấn, không có gì hơn"
Do you support or oppose the conflict?,Bạn ủng hộ hay phản đối cuộc xung đột?
Tom looked a little annoyed.,Tom có vẻ hơi khó chịu.
Please submit your query in written form.,Vui lòng gửi câu hỏi của bạn dưới dạng văn bản.
I foresee you regretting that.,Tôi đoán trước bạn sẽ hối hận về điều đó.
"The odds are against me, so I think I'll quit now.","tỷ lệ cược chống lại tôi, vì vậy tôi nghĩ rằng tôi sẽ bỏ ngay bây giờ."
There is a little time before the train departs,có một ít thời gian trước khi tàu khởi hành
Tom and Mary shared a seat on a bench.,Tom và Mary đã ngồi chung một chiếc ghế dài.
It was lucky that you left when you did,thật may mắn khi bạn rời đi khi bạn đã làm
You could always hand off some of the work to the junior staff.,bạn luôn có thể giao một số công việc cho nhân viên cơ sở.
You're not audible to Tom.,Bạn không thể nghe được đối với Tom.
Would you mind if I smoke?,bạn có phiền nếu tôi hút thuốc không?
My goal is to recover my stability.,Mục tiêu của tôi là khôi phục lại sự ổn định của mình.
He occupied the chair.,Anh ấy đã chiếm chỗ trên ghế.
She has three times as many dictionaries as you do.,cô ấy có số từ điển nhiều gấp ba lần bạn.
I like the Brazilian climate,tôi thích khí hậu Brazil
I just can't help worrying about you.,tôi không thể không lo lắng về bạn
I consume food within the classroom.,Tôi dùng bữa bên trong phòng học.
"If my folks get wind of this, then what?",Nếu bố mẹ tôi biết chuyện này thì sao?
The gasoline tank was underneath,bình xăng nằm bên dưới
He warned me of the danger.,ông cảnh báo tôi về sự nguy hiểm.
You are the reason I'm here.,bạn là lý do tôi ở đây
I didn't know Tom was going to Boston with Mary.,tôi không biết tom sẽ đến boston với mary.
The package was wrapped in thick paper,gói được bọc trong giấy dày
I'm looking for a present for my mother,tôi đang tìm một món quà cho mẹ tôi
What is your favorite song on this album?,Bài hát yêu thích của bạn trong album này là gì?
Are they paying you well enough?,họ trả tiền cho bạn đủ tốt chưa?
You could run.,bạn có thể chạy
What type of job are you looking for?,Bạn đang tìm kiếm loại hình công việc gì?
This coffee shop is cozy,quán cà phê này ấm cúng
How comical you are.,Bạn thật hài hước.
I saw Tom's daughter last week.,tôi đã thấy con gái của tom tuần trước.
Tom speaks Japanese fluently.,Tom nói tiếng Nhật một cách trôi chảy.
Everyone makes mistakes sometimes,đôi khi ai cũng mắc lỗi
It took Tom a few weeks to get used to working in his new office,Phải mất vài tuần để làm quen với văn phòng mới của anh ấy.
"I am a teacher, not a student.","Tôi là một giáo viên, không phải là một học sinh."
I'm getting farsighted as I get older.,Tôi đang bị viễn thị khi tôi già đi.
I go to bed at eleven.,tôi đi ngủ lúc mười một giờ
What's this zoo's name?,tên sở thú này là gì?
Our movement isn't particularly swift.,Chuyển động của chúng tôi không đặc biệt nhanh.
I'd like to speak to the lady of the household.,Tôi muốn nói chuyện với người phụ nữ của gia đình.
This can lead to unpleasant consequences,điều này có thể dẫn đến hậu quả khó chịu
You must be aware by now that Tom isn't keen on your presence.,Chắc hẳn bạn đã biết bây giờ Tom không thiết tha sự hiện diện của bạn.
There's hardly any hope for his accomplishment.,Hầu như không có hy vọng nào cho thành tựu của anh ấy.
Kyoto is a place I've visited twice.,Kyoto là nơi tôi đã ghé thăm hai lần.
What hotel are you staying in?,bạn đang ở khách sạn nào
I never thought it'd be this hard to get Tom to accept the job,tôi chưa bao giờ nghĩ rằng thật khó để bắt tom chấp nhận công việc
I'm sure that our team will win.,Tôi chắc chắn rằng đội của chúng tôi sẽ giành chiến thắng.
I'm mad at myself for following Tom's stupid advice,Tôi giận bản thân vì làm theo lời khuyên ngu ngốc của tom
The wind and rain made our walk unpleasant.,Gió và mưa khiến chuyến đi bộ của chúng tôi không mấy dễ chịu.
That had not occurred to him before.,điều đó đã không xảy ra với anh ta trước đây.
Do you remember where you left your umbrella?,bạn có nhớ nơi bạn để chiếc ô của bạn?
I'll have to consider it.,Tôi sẽ phải cân nhắc nó.
Did you buy a new car?,bạn đã mua một chiếc xe mới?
She has put her house up for sale,cô ấy đã rao bán nhà
It was straightforward for me to find a solution to the problem.,Việc tìm ra giải pháp cho vấn đề đó thật dễ dàng đối với tôi.
I must remind you about your promise.,tôi phải nhắc bạn về lời hứa của bạn
Tom consumes eggs unseasoned.,Tom ăn trứng không nêm gia vị.
I can't get along with that man any more,tôi không thể hòa hợp với người đàn ông đó nữa
You didn't tell me this was yours.,bạn đã không nói với tôi đây là của bạn.
An iron rod was used in an attempt to jimmy the lock open.,Một thanh sắt đã được dùng để cố gắng cạy khóa.
I'm so glad I bumped into you.,Tôi rất vui vì đã tình cờ gặp bạn.
Anyone needing me can find me here when morning arrives.,Bất cứ ai cần tôi có thể tìm thấy tôi ở đây khi trời sáng.
What's that thing?,cái gì thế
Do you wish to contend over this?,Bạn có muốn tranh cãi về điều này không?
Call the police!,gọi cảnh sát!
His camera was what Tom was looking for in his surroundings.,Máy ảnh là thứ Tom đang tìm kiếm trong môi trường xung quanh.
Tom asked me to look after you,tom yêu cầu tôi chăm sóc bạn
I'll get Tom to find you a bite to eat.,Tôi sẽ nhờ Tom tìm cho bạn một chút đồ ăn.
That's the best price you'll get around here.,đó là mức giá tốt nhất bạn sẽ nhận được ở đây.
I thought you'd be in Boston by now.,Tôi nghĩ bây giờ bạn đang ở boston.
The students applauded,các sinh viên vỗ tay
I'm going to need at least five minutes.,Tôi sẽ cần ít nhất năm phút.
This city is emerging as a prominent tourist spot.,Thành phố này đang nổi lên như một địa điểm du lịch nổi bật.
The police chose not to try him.,Cảnh sát đã chọn không xét xử anh ta.
I've heard everything,tôi đã nghe tất cả mọi thứ
Please copy this page.,xin vui lòng sao chép trang này.
Tom has been helping out around the house.,tom đã được giúp đỡ xung quanh nhà.
We're doing all we can.,chúng tôi đang làm tất cả những gì có thể.
Tom had no more words he wished to utter.,Tom không còn lời nào muốn nói nữa.
I can't agree with them on this matter.,Tôi không thể đồng ý với họ về vấn đề này.
He called his mother up from the airport,anh gọi mẹ anh từ sân bay lên
Tom keeps his important papers in a brown leather case,tom giữ giấy tờ quan trọng của mình trong một bao da nâu
Tell me about your job.,hãy kể cho tôi về công việc của bạn.
My son owns this CD.,Con trai tôi sở hữu chiếc đĩa CD này.
What's the cause of his intense anger?,Điều gì là nguyên nhân khiến anh ấy giận dữ đến vậy?
Tom would tell me.,Tom sẽ nói với tôi.
It doesn't matter when you come,nó không quan trọng khi bạn đến
"I used to smoke a lot, but I have given up smoking now.","Tôi đã từng hút thuốc rất nhiều, nhưng giờ tôi đã bỏ hút thuốc."
A new book has been his focus for the last sixty days.,Một cuốn sách mới đã là trọng tâm của anh ấy trong sáu mươi ngày qua.
That won't help,điều đó sẽ không giúp
Tom has a theory,tom có một lý thuyết
I don't appear attractive when wearing jeans.,Tôi trông không hấp dẫn khi mặc quần jean.
Come anytime you like,đến bất cứ lúc nào bạn thích
That's something I've accomplished three times previously.,Đó là điều tôi đã hoàn thành ba lần trước đây.
I went to the bank to take out money.,tôi đã đến ngân hàng để lấy tiền.
I forgave you a long time ago,tôi đã tha thứ cho bạn từ lâu
I know something Tom doesn't know,tôi biết vài thứ mà tom không biết
He came to understand that he could no longer work.,anh ta hiểu rằng anh ta không thể làm việc được nữa.
Every single one of them is counterfeit.,Mỗi một thứ trong số đó đều là hàng giả.
Tom carried Mary in his arms.,tom mang mary trong vòng tay của mình.
I'm aware that you failed.,Tôi biết rằng bạn đã thất bại.
A collection of bags is present with us.,Một bộ sưu tập túi có mặt cùng chúng tôi.
What were you saying?,Bạn đang nói gì vậy?
We're looking forward to our vacation,chúng tôi đang mong chờ kỳ nghỉ của chúng tôi
I love Laurie's hair,tôi yêu mái tóc của laurie
I'll tell you the truth now,tôi sẽ nói với bạn sự thật bây giờ
I have a question for Tom,tôi có một câu hỏi cho tom
I like mountains better than seas,tôi thích núi hơn biển
You can always trust him; he's honest.,Bạn luôn có thể tin tưởng anh ấy; anh ấy trung thực.
Her behavior isn't normal for a young girl.,hành vi của cô ấy không bình thường đối với một cô gái trẻ.
He rose from his chair to welcome me,anh ấy đứng dậy khỏi ghế để chào đón tôi
He gave generously to charity.,Anh ấy đã hào phóng quyên góp cho từ thiện.
I haven't had a chance yet,tôi chưa có cơ hội
Tom thanked Mary for her advice.,tom cảm ơn mary cho lời khuyên của mình.
"He likes the music. I like it, too.",Anh ấy thích âm nhạc. tôi thích nó quá.
You're better off without her,bạn tốt hơn nếu không có cô ấy
Would you mind sharing some personal information?,Bạn có phiền chia sẻ một vài thông tin cá nhân không?
I'm here because I want to be.,Tôi ở đây vì tôi muốn.
You shouldn't go to school,bạn không nên đi học
"It may sound strange, but it is true.","Nghe có vẻ lạ, nhưng đó là sự thật."
I believe you could use some help.,Tôi tin rằng bạn có thể cần giúp đỡ.
You are just saying that.,bạn chỉ đang nói vậy thôi
Tom finally talked Mary into selling him her old violin.,Tom cuối cùng đã nói chuyện với mary để bán cho anh ấy cây vĩ cầm cũ.
His thoughts consumed Tom.,Suy nghĩ của anh ấy đã chiếm hết tâm trí Tom.
Your culinary abilities are a surprise to me.,Khả năng nấu nướng của bạn là một điều bất ngờ đối với tôi.
What happened to your eye?,những gì đã xảy ra với mắt của bạn?
There is a church near my house,có một nhà thờ gần nhà tôi
Tom is sensitive,tom rất nhạy cảm
Women don't drive as well as men.,phụ nữ không lái xe tốt như đàn ông.
The coffeepot is boiling,cà phê đang sôi
Tom removed his goggles.,tom tháo kính ra.
There're more than 100 people in the room.,Có hơn 100 người trong phòng.
Individual human rights are supreme in any free country.,Quyền con người cá nhân là tối cao ở bất kỳ quốc gia tự do nào.
She kept him waiting half an hour.,Cô cứ đợi anh nửa tiếng.
The only one who enjoys a crowded subway car is a pickpocket.,người duy nhất thích một chiếc xe điện ngầm đông đúc là một kẻ móc túi.
He concealed his mouth.,Anh ấy che miệng mình lại.
Tom opened his mouth,tom mở miệng
The USSR will only use air strikes in the country as a last resort,ussr sẽ chỉ sử dụng các cuộc không kích ở nước này như là phương sách cuối cùng
I'll be the one doing all the speaking.,Tôi sẽ là người nói chuyện.
I need it yesterday,tôi cần nó ngày hôm qua
The man ran away,người đàn ông bỏ chạy
Tom stuffed the money into his pocket.,tom nhét tiền vào túi.
Tom is swamped with work.,tom bị ngập trong công việc.
He is painting a picture,anh ấy đang vẽ một bức tranh
A significant amount of flour and oil was acquired by him.,Một lượng đáng kể bột và dầu đã được anh ấy mua.
We have to watch out.,Chúng ta phải để ý.
A good pair of glasses will help you to read,một cặp kính tốt sẽ giúp bạn đọc
We must adapt and use only what is available.,Chúng ta phải thích nghi và chỉ sử dụng những gì có sẵn.
They found it very pleasant.,Họ thấy nó rất thú vị.
I'm only doing it because I'm forced to.,Tôi chỉ làm điều đó bởi vì tôi bị ép buộc.
Mary and Tom have identical birth dates.,Mary và Tom có ngày sinh giống hệt nhau.
The new president wants to build up the army.,Tổng thống mới muốn xây dựng quân đội.
Ask Tom to not disturb me.,Yêu cầu Tom đừng quấy rầy tôi.
It was quite fantastic.,nó thật tuyệt vời
I'll make my comeback within months.,Tôi sẽ trở lại trong vòng vài tháng.
This diver's watch is a little too expensive,đồng hồ của thợ lặn này là một chút quá đắt
A lot of soldiers died here,rất nhiều binh lính đã chết ở đây
Professor Jones retires next year.,giáo sư jones nghỉ hưu vào năm tới.
Let me have Tom grab you a bite.,Để tôi nhờ Tom lấy cho bạn một chút gì đó để ăn.
Make sure you don't leave without an umbrella.,Đảm bảo bạn đừng rời đi mà không có ô.
Being knowledgeable about Japanese culture is a good thing,am hiểu về văn hóa Nhật Bản là một điều tốt
We were obliged to obey the rule,chúng tôi có nghĩa vụ phải tuân theo quy tắc
I stood aside to let them pass.,tôi đứng sang một bên để cho họ đi qua.
Tom didn't know anything about what was happening,tom không biết gì về những gì đang xảy ra
"To tell the truth, I don't really like her.","nói thật, tôi không thích cô ấy lắm."
Take care of yourself. Don't get sick.,chăm sóc bản thân. đừng để bị bệnh
Tom's birthday is March 25th,sinh nhật của tom là ngày 25 tháng 3
Are you going to help us?,bạn sẽ giúp chúng tôi chứ?
I was your age once.,tôi đã bằng tuổi bạn một lần
"We sang, danced and chatted after dinner.","chúng tôi hát, nhảy và trò chuyện sau bữa tối."
"Even if it rains, the game will be played","ngay cả khi trời mưa, trò chơi sẽ được chơi"
Are you done with that?,bạn làm xong chưa
I'm not materialistic,tôi không duy vật
Tom has a longing to return to Boston.,Tom khao khát được quay lại Boston.
A fat white cat sat on a wall and watched the two of them with sleepy eyes,một con mèo trắng mập mạp ngồi trên tường và nhìn hai người họ với đôi mắt ngái ngủ
What's stopping you from going? My lack of desire.,Điều gì ngăn cản bạn đi? Tôi không có mong muốn.
None of these games are interesting.,Không có trò chơi nào trong số này thú vị.
They named their daughter Helen,họ đặt tên cho con gái là helen
Tom was cremated.,tom đã được hỏa táng.
Do you really believe that?,Bạn có thực sự tin rằng?
Are we expecting you to return?,Chúng tôi có nên mong đợi bạn quay lại không?
It was an accident when Tom knocked over his glass.,Đó là một tai nạn khi Tom làm đổ ly của mình.
This is how I made the machine,đây là cách tôi tạo ra máy
I translated the poem the best I could,tôi đã dịch bài thơ hay nhất có thể
My dream is to travel in a space shuttle.,Ước mơ của tôi là đi du lịch trong một tàu con thoi.
Tom refused to make any statements regarding the issue.,Tom từ chối đưa ra bất kỳ tuyên bố nào về vấn đề này.
I wonder what Tom was trying to find out,tôi tự hỏi những gì tom đã cố gắng tìm hiểu
Can I borrow your phone?,tôi có thể mượn điện thoại của bạn không?
Don't bother to call me,đừng bận tâm gọi cho tôi
The girl went into the forest to look for mushrooms.,Cô gái đi vào rừng tìm nấm.
Why don't you have any money?,tại sao bạn không có tiền
The floor gave way,sàn nhường đường
Please forgive my lateness. I promise it won't recur.,Xin hãy tha thứ cho sự chậm trễ của tôi. Tôi hứa nó sẽ không tái diễn.
Your hat is silly,mũ của bạn thật ngớ ngẩn
Tom was hesitant,Tom đã do dự
Find the unfamiliar words in your dictionary.,Tìm các từ không quen thuộc trong từ điển của bạn.
A crowd gathered to see the fire,Một đám đông tụ tập để xem lửa
"""Look."" she said.","""nhìn."" cô ấy nói."
There is a bookstore in front of the department store.,Có một hiệu sách trước cửa hàng bách hóa.
I just bought some cardboard.,tôi vừa mua vài tấm bìa cứng
It frosted last night,nó bị đóng băng tối qua
Many view philosophy as a difficult subject.,Nhiều người xem triết học là một môn học khó.
"Seen at a distance, the two look alike.","Nhìn từ xa, hai người trông giống nhau."
Tom walked down the dark hallway,tom bước xuống hành lang tối
We leave tomorrow afternoon,chúng ta rời đi vào chiều mai
Can you provide a more comprehensive explanation?,Bạn có thể cung cấp một lời giải thích toàn diện hơn không?
He has gone to Hawaii on vacation,anh ấy đã đi hawaii vào kỳ nghỉ
No one but Tom handed in the report.,không ai ngoài tom đưa tay vào báo cáo.
He resembles his father very closely,ông rất giống cha mình
You handled that deftly.,bạn xử lý một cách khéo léo.
It is funny that the mailman hasn't come yet,thật là buồn cười khi người đưa thư chưa đến
Tom wanted Mary to clean her room.,Tom muốn mary dọn phòng.
The bar is busy,quán bar bận
Tom was breathing deeply,tom đang thở sâu
We have to figure out where Tom hid his money.,chúng ta phải tìm ra nơi tom giấu tiền của mình.
Jeans don't flatter me.,Quần jean không tôn dáng tôi.
My meeting with her took place on a specific day during winter.,Cuộc gặp gỡ của tôi với cô ấy diễn ra vào một ngày cụ thể trong mùa đông.
Tom has been in Boston for three years,tom đã ở boston được ba năm
Most of my possessions had to be disposed of.,Hầu hết đồ đạc của tôi đã phải được bỏ đi.
Tom told me he thought he was going to die in prison.,Tom nói với tôi rằng anh ta nghĩ mình sẽ chết trong tù.
Tom is anticipating a solution.,Tom đang mong đợi một giải pháp.
Should I bring something to read?,tôi có nên mang gì để đọc không?
Do you have enough blankets?,bạn có đủ chăn không?
She was unconscious of her mistake.,cô đã bất tỉnh về sai lầm của mình.
What is her husband like?,Chồng cô ấy như thế nào?
We're not expecting your help.,chúng tôi không mong đợi sự giúp đỡ của bạn.
He went skiing in Hokkaido,anh ấy đã đi trượt tuyết ở hokkaido
I wish to examine the items.,Tôi muốn kiểm tra các món đồ.
She cannot be over thirty,cô ấy không thể hơn ba mươi
The pilot described the scene in detail,Phi công đã mô tả chi tiết hiện trường
It was Tom's opinion that Mary remained with her mother and father.,"Theo ý kiến của Tom, Mary vẫn ở với bố mẹ mình."
Mt. Aso is an active volcano.,mt. Aso là một ngọn núi lửa đang hoạt động.
I had nothing to do with that incident.,tôi không có gì để làm với sự cố đó.
He eats a lot,Anh ấy ăn nhiều
I've seen him frequently.,Tôi đã thấy anh ấy thường xuyên.
Tom left Mary a note.,tom trái mary một ghi chú.
"They're not drunk, but they've been drinking.","Họ không say, nhưng họ đã uống."
Tom might feel like eating something once his workout is done.,Tom có thể cảm thấy muốn ăn gì đó một khi anh ấy tập xong.
No actions are required of me right now.,Hiện tại tôi không cần thực hiện hành động nào.
"I don't want to go by plane, if I can help it","tôi không muốn đi bằng máy bay, nếu tôi có thể giúp nó"
I didn't want that to happen.,tôi không muốn điều đó xảy ra
At no point did I question it.,Tôi chưa bao giờ nghi ngờ điều đó.
Have you finished it?,bạn đã hoàn thành nó?
Tom was in the pool swimming laps.,tom đã ở trong hồ bơi vòng.
Tom is not strong at all.,Tom hoàn toàn không khỏe mạnh.
You can use this ticket for two days starting from the day you bought it.,Bạn có thể sử dụng vé này trong hai ngày kể từ ngày mua.
Her beauty will fade in time,vẻ đẹp của cô ấy sẽ mất dần theo thời gian
She managed to get by the crowd in the park,cô quản lý để có được bởi đám đông trong công viên
I brought you some water,tôi mang cho bạn một ít nước
"Tom wanted me to come over for breakfast, so I did.","Tom muốn tôi đến ăn sáng, vì vậy tôi đã làm."
She wouldn't harm a fly.,cô ấy sẽ không làm hại một con ruồi.
Reading that book necessitates a broad range of words.,Đọc cuốn sách đó đòi hỏi một lượng từ vựng rộng.
How come you're not going? Simply because I don't feel like it.,Sao bạn không đi? Đơn giản vì tôi không thích.
An ice storm is coming in.,một cơn bão băng đang ập đến.
All the boys thought Carol was a boring person,tất cả các chàng trai nghĩ rằng carol là một người nhàm chán
It's been ages since his last letter to them.,Đã rất lâu rồi kể từ lá thư cuối cùng của anh ấy gửi cho họ.
He is no better than a thief,anh ta không tốt hơn một tên trộm
Tom disappeared into the fog.,tom biến mất trong sương mù.
I should've done it by myself,tôi nên tự làm một mình
I don't think Tom will be back.,tôi không nghĩ tom sẽ trở lại.
What do you see yourself doing over the next ten years?,Bạn thấy mình làm gì trong mười năm tới?
Your whereabouts last night?,Tối qua bạn đã ở đâu?
Are you full of energy?,Bạn có tràn đầy năng lượng không?
Tom is a faith healer.,tom là một người chữa lành đức tin.
I was in Australia with Tom,tôi đã ở Úc với tom
I find Tom to be quite brilliant.,Tôi thấy Tom khá xuất sắc.
I'd like to talk to the head of security.,Tôi muốn nói chuyện với người đứng đầu an ninh.
"I did so, not because I wanted to, but because I had to","tôi đã làm như vậy, không phải vì tôi muốn, mà vì tôi phải"
He suggested we should start at once,ông đề nghị chúng ta nên bắt đầu ngay lập tức
"It's your choice, Tom.","đó là sự lựa chọn của bạn, tom."
I cherish my urban home.,Tôi trân trọng mái nhà đô thị của mình.
Tom is not entirely sober at this point.,Tom lúc này không hoàn toàn tỉnh táo.
I was being serious,tôi đã nghiêm túc
The boy was admitted to the school.,Cậu bé được nhận vào trường.
Tom has had a bit too much to drink.,Tom đã uống hơi nhiều.
I adjusted the telescope to my vision.,tôi điều chỉnh kính thiên văn theo tầm nhìn của tôi.
Would you please bring up another pillow?,bạn vui lòng mang lên một cái gối khác?
I assume you're aware Tom doesn't wish for your presence.,Tôi cho rằng bạn biết Tom không mong muốn sự có mặt của bạn.
I've made a lot of stupid decisions in my life.,Tôi đã có rất nhiều quyết định ngu ngốc trong đời.
Wasn't that just phenomenal?,Điều đó chẳng phải là phi thường sao?
He emptied his glass of beer and then asked for another round.,Anh ấy uống cạn ly bia và sau đó gọi thêm một ly khác.
The world is a dangerous place,Thế giới là một nơi nguy hiểm
Tom's incompetent.,Tom không đủ năng lực.
Is it necessary for me to answer this letter?,Có cần thiết cho tôi để trả lời thư này?
Tom is a much better liar than you,tom là một kẻ nói dối tốt hơn nhiều so với bạn
Tom isn't in there,tom không ở đó
It was Tom's understanding that Mary had not yet moved out of her parents' home.,Tom hiểu rằng Mary vẫn chưa chuyển ra khỏi nhà bố mẹ cô ấy.
This carpet has a pleasant feel.,Tấm thảm này cho cảm giác dễ chịu.
She needs assistance.,cô ấy cần sự giúp đỡ
It seems I've caught a fever.,Có vẻ như tôi đã bị sốt.
Tom was feeling somewhat light-headed.,Tom cảm thấy hơi choáng váng.
He's spent two months writing a new publication.,Anh ấy đã dành hai tháng để viết một ấn phẩm mới.
Tom asked Mary for a loan.,tom hỏi mary cho vay.
"It's fine to set up a web page, just be sure you don't infringe anybody's copyright","Thiết lập một trang web là tốt, chỉ cần chắc chắn rằng bạn không vi phạm bản quyền của bất kỳ ai"
I think the process of doing that is familiar to me.,Tôi nghĩ quy trình làm điều đó quen thuộc với tôi.
Is it permissible for me to borrow these books?,Tôi mượn những cuốn sách này có được phép không?
Tom looks intrigued.,Tom có vẻ tò mò.
Who gains by the victim's death?,Ai kiếm được bằng cái chết của nạn nhân?
I don't drink champagne.,Tôi không uống rượu sâm banh.
They worship every Sunday.,họ tôn thờ mỗi chủ nhật.
"I know the tune, but I don't know the words","tôi biết giai điệu, nhưng tôi không biết lời"
It was quite dark when I got home,trời khá tối khi tôi về nhà
I was quite upset at the sudden change in the plan,tôi đã khá buồn trước sự thay đổi đột ngột trong kế hoạch
None of us are cowards.,không ai trong chúng ta là những kẻ hèn nhát.
"Tom is very sleepy, because he didn't sleep well last night","Tom rất buồn ngủ, vì đêm qua anh ấy không ngủ ngon"
I have a million questions.,tôi có một triệu câu hỏi
Relax. I've got it covered.,Thư giãn đi. Tôi đã lo liệu xong rồi.
Tom had no one to help him,Tom không có ai giúp anh ta
Would you happen to know where I can get hold of it?,Bạn có biết tôi có thể lấy nó ở đâu không?
The Galapagos Islands giant tortoise known as Lonesome George is dead.,Những con rùa khổng lồ galapagos được gọi là george cô đơn đã chết.
You had just turned on the radio.,bạn vừa bật radio.
Winter in this area was extremely cold.,mùa đông ở vùng này cực kỳ lạnh.
Tom got his wish.,Tom có ước muốn của mình.
I confess I'm afraid to go by myself.,Tôi thú nhận rằng tôi sợ đi một mình.
I can't feel anything.,tôi không cảm thấy gì cả
I think you are the one who broke it.,Tôi nghĩ bạn là người đã phá vỡ nó.
You said you didn't want that.,bạn nói rằng bạn không muốn điều đó.
Are you asking us to give you back the money?,bạn đang yêu cầu chúng tôi trả lại tiền cho bạn?
It's getting darker.,trời càng tối.
You look stupid.,bạn trông thật ngu ngốc
Tom had his key dangling around his neck on a chain,Tom có chìa khóa lủng lẳng quanh cổ trên một sợi xích
I enjoyed myself yesterday evening.,Tối qua tôi đã rất vui.
The storm became even more violent.,cơn bão càng trở nên dữ dội hơn.
I am very tall,tôi rất cao
That man is my mother's or father's sibling.,Người đàn ông đó là anh chị em ruột của mẹ hoặc bố tôi.
I can't hear you well,tôi không thể nghe rõ bạn
Tom had to take a detour.,Tom đã phải đi đường vòng.
This town is really dead at night,thị trấn này thực sự đã chết vào ban đêm
He's a very weak individual.,Anh ấy là một cá nhân rất yếu đuối.
Does the end justify the means?,cuối cùng biện minh cho phương tiện?
Where is his place of employment?,Nơi làm việc của anh ấy ở đâu?
I can tell you're in a positive disposition.,Tôi có thể nói bạn đang có một tâm trạng tích cực.
He made a brief stop at the book store.,Anh ấy đã dừng chân một lát ở cửa hàng sách.
I was the one who gave that to Tom.,tôi là người đã đưa nó cho tom.
I stopped laughing.,tôi ngừng cười
Tom was afraid that Mary might change her mind,Tom sợ rằng mary có thể thay đổi suy nghĩ của mình
Tom doesn't know anything about Mary at all.,Tom không biết gì về mary cả.
Tom is in a state of extreme agitation.,Tom đang trong tình trạng cực kỳ kích động.
How in the world did you do such a thing?,Làm thế nào trên thế giới bạn đã làm một điều như vậy?
I can't get used to Tom,tôi không thể quen với tom
Her father never let her go to town with her friends.,Cha cô không bao giờ để cô đi thị trấn với bạn bè.
What happens if my parents discover it?,Chuyện gì sẽ xảy ra nếu bố mẹ tôi phát hiện ra?
The act was concluded by me mere moments ago.,Hành động đó vừa được tôi hoàn thành cách đây vài khoảnh khắc.
Do you know Mr. Brown?,bạn có biết ông nâu?
Tom lived in Boston for three years when he was a kid,Tom sống ở boston được ba năm khi anh còn nhỏ
His approach lacks scientific basis.,Cách tiếp cận của ông ấy không có cơ sở khoa học.
Tom continued to pack his belongings.,Tom tiếp tục đóng gói đồ đạc của mình.
I can hardly wait till I see you.,tôi khó có thể đợi đến khi tôi gặp bạn
Tom drove to the supermarket,tom lái xe đến siêu thị
There is only one book on the desk,chỉ có một cuốn sách trên bàn
I haven't got a clue as to why he quit so suddenly,tôi không biết tại sao anh ấy lại bỏ cuộc đột ngột như vậy
"The next time you do that, you're fired.","lần tiếp theo bạn làm điều đó, bạn bị sa thải."
"Tom offered Mary a drink of water, but she refused","tom mời mary uống nước, nhưng cô từ chối"
Tom has a closet full of trophies that he won at competitions.,tom có một tủ đầy những danh hiệu mà anh đã giành được tại các cuộc thi.
John makes fun of his dog.,john làm cho niềm vui của con chó của mình.
Place your expensive belongings inside the secure box.,Đặt đồ đạc đắt tiền của bạn vào trong hộp an toàn.
Isn't he a little young?,Anh ấy không còn trẻ sao?
We don't want to lose you,chúng tôi không muốn mất bạn
Have they done that?,họ đã làm điều đó?
I don't really care one way or another,tôi không thực sự quan tâm cách này hay cách khác
Tom doesn't have any cash on hand.,Tom không có tiền trong tay.
His way of thinking is very current.,Cách suy nghĩ của ông ấy rất thời thượng.
It is very difficult to persuade people to change their life style.,rất khó để thuyết phục mọi người thay đổi lối sống của họ.
Someone planted a bomb under your car.,ai đó đã đặt một quả bom dưới xe của bạn.
This adds to the expense.,điều này làm tăng thêm chi phí
Your captain is now speaking.,Đội trưởng của quý vị đang nói đây.
The train took me all the way to Kyoto.,Chuyến tàu đã đưa tôi đi hết quãng đường đến Kyoto.
Tom opened the door and turned on the light,tom mở cửa và bật đèn
The urban area is becoming well-known as a significant place for visitors.,Khu đô thị đang trở nên nổi tiếng như một địa điểm quan trọng cho du khách.
Drinks are on me.,đồ uống là trên tôi
We usually expect that trains will arrive on time.,chúng tôi thường mong đợi rằng các chuyến tàu sẽ đến đúng giờ.
Tom said something to Mary that I didn't hear.,Tom nói điều gì đó với mary mà tôi không nghe thấy.
Let's go to Shinjuku tomorrow morning,sáng mai hãy đến shinjuku
Let me speak to Tom first,hãy để tôi nói chuyện với tom trước
"He cannot walk, let alone run","anh ta không thể đi, để một mình chạy"
The publishing house is making a profit.,Nhà xuất bản đó đang làm ăn có lời.
You've certainly created a difficult situation for us.,Chắc chắn bạn đã tạo ra một tình huống khó khăn cho chúng tôi.
It turned out to be quite unpleasant.,Nó hóa ra khá khó chịu.
He snored loudly while he slept,anh ta ngáy to trong khi ngủ
I'm capable of ripping you to shreds without any weapons.,Tôi có thể xé bạn ra thành từng mảnh mà không cần bất kỳ vũ khí nào.
Tom finished the race,tom kết thúc cuộc đua
We opposed his plan to build a new road,chúng tôi phản đối kế hoạch của anh ấy để xây dựng một con đường mới
I touched the bottom of the pool.,Tôi chạm vào đáy hồ bơi.
"What Tom said made you smile, didn't it?","những gì tom nói làm bạn cười, phải không?"
I just let Tom think we did that even though we didn't really do it,tôi chỉ để tom nghĩ rằng chúng tôi đã làm điều đó mặc dù chúng tôi không thực sự làm điều đó
I am in no mood for joking.,tôi không có tâm trạng để nói đùa
There is strength in numbers,Có sức mạnh về số lượng
We are used to eating plain food.,chúng ta đã quen ăn thức ăn đơn giản.
He wore a robe over his pajamas,anh ta mặc một chiếc áo choàng qua bộ đồ ngủ
There aren't any clouds today,hôm nay không có mây
I'm afraid I'm not who you think I am.,Tôi sợ tôi không phải là bạn nghĩ tôi là ai.
"At the party, one of his political opponents humiliated him in the presence of many guests","tại bữa tiệc, một trong những đối thủ chính trị của ông đã làm bẽ mặt ông trước sự chứng kiến của nhiều vị khách"
I believe Tom is acquainted with Mary,tôi tin rằng tom đã quen với mary
I don't want Tom giving Mary advice,tôi không muốn tom cho mary lời khuyên
I finished it moments ago.,Tôi vừa mới làm xong nó cách đây ít phút.
It stands out as the most awful night of my life.,Đó nổi bật là đêm khủng khiếp nhất trong đời tôi.
Mary's parents found Tom to be quite remarkable.,Cha mẹ của Mary thấy Tom khá đáng chú ý.
I did try to warn you.,tôi đã cố gắng để cảnh báo bạn.
I gave the bag back to Ken,tôi đã trả lại túi cho ken
Tom consumes eggs unseasoned.,Tom ăn trứng không gia vị.
I met my friend in the library last night.,tôi đã gặp người bạn của tôi trong thư viện tối qua.
He was willing to work for others,anh ấy sẵn sàng làm việc cho người khác
I have one sister.,tôi có một em gái.
"By the year 2020, the population of our city will have doubled.","đến năm 2020, dân số thành phố của chúng ta sẽ tăng gấp đôi."
Don't leave your umbrella behind.,Đừng để quên ô của bạn.
There's no one in the room,không có ai trong phòng
"Compared to you, I'm only a beginner at this game.","so với bạn, tôi chỉ là người mới chơi trò chơi này."
If only I could drive a car.,Giá như tôi có thể lái xe.
Are you positive about committing your life into her care?,Bạn có chắc chắn về việc giao phát cuộc đời mình cho cô ấy chăm sóc không?
It took John about two weeks to get over his illness.,john mất khoảng hai tuần để vượt qua bệnh tật.
Have you finished your preparations for the trip?,bạn đã chuẩn bị xong cho chuyến đi chưa?
"Though Jim works very hard, his job does not pay very much.","Mặc dù jim làm việc rất chăm chỉ, công việc của anh ấy không trả nhiều tiền."
"As a child, I liked baseball better than football","khi còn nhỏ, tôi thích bóng chày hơn bóng đá"
Tom was afraid he might do something he'd regret.,Tom sợ anh ta có thể làm điều gì đó mà anh ta hối hận.
I don't want to stay,tôi không muốn ở lại
Is my appearance handsome?,Vẻ ngoài của tôi có đẹp trai không?
She has legally divorced her husband.,Cô đã ly hôn hợp pháp với chồng.
"When he came to, he was tied to a chair in the basement.","Khi anh ta đến, anh ta bị trói vào một cái ghế dưới tầng hầm."
The tide is rising fast,thủy triều đang lên nhanh
My shout was at its maximum volume.,Tiếng hét của tôi ở mức âm lượng tối đa.
I will come by all means.,tôi sẽ đến bằng mọi cách
I don't usually sweat like this,tôi thường không đổ mồ hôi như thế này
Who is riding the railway carriage?,Ai đang đi trên toa tàu?
He is the man you met the other day,anh ấy là người đàn ông bạn gặp hôm nọ
I hope you enjoy your stay with us,tôi hy vọng bạn thích ở lại với chúng tôi
Could you please keep it down? I'm attempting to rest.,Bạn có thể giữ yên lặng không? Tôi đang cố gắng nghỉ ngơi.
The misfortune Tom encountered could have been mine.,Nỗi bất hạnh mà Tom gặp phải có thể đã là của tôi.
John also was an excellent athlete.,John cũng là một vận động viên xuất sắc.
Tom has shown great fortitude in overcoming difficulties.,Tom đã thể hiện sự kiên cường phi thường trong việc vượt qua khó khăn.
Are you sure you want to leave now?,bạn có chắc chắn muốn rời đi bây giờ?
I guess I lost track of the time,tôi đoán tôi đã mất dấu thời gian
They claim this medicine is safe,họ tuyên bố thuốc này là an toàn
It is not easy to speak English.,nói tiếng anh không dễ
His teeth are yellow from smoking too much,Răng của anh ấy màu vàng do hút thuốc quá nhiều
We should talk.,chúng ta nên nói chuyện.
Where did you find the key?,bạn đã tìm thấy chìa khóa ở đâu?
What did you feel?,bạn đã cảm thấy gì
Tom was there for Mary in her pain.,Tom đã ở bên Mary trong nỗi đau của cô ấy.
I want to know what's out there.,tôi muốn biết những gì ngoài đó.
"We're your friends, Tom","chúng ta là bạn của bạn, tom"
She is currently in a state of jeopardy.,Cô ấy hiện đang trong tình trạng nguy hiểm.
I haven't told a single person about this.,Tôi chưa nói với một ai về điều này.
Tom isn't the kind of person I want dating my daughter,Tom không phải là kiểu người tôi muốn hẹn hò với con gái tôi
We regret that you have to leave.,chúng tôi rất tiếc rằng bạn phải rời đi.
I caught sight of Namie Amuro,tôi bắt gặp namie amuro
I'm a new student,toi la hoc sinh moi
Mary is sitting at the desk.,mary đang ngồi ở bàn làm việc
They asked a lot of questions about my past experience,họ đã hỏi rất nhiều câu hỏi về kinh nghiệm trong quá khứ của tôi
My impulse is to kiss you immediately.,Tôi có cảm giác muốn hôn bạn ngay lập tức.
This hat suits me nicely,chiếc mũ này rất hợp với tôi
"Since this is important, I'd like you to attend to it yourself.","vì điều này rất quan trọng, tôi muốn bạn tham dự nó."
What sort of food would you prefer?,Bạn muốn loại đồ ăn nào?
Tom didn't answer,tom không trả lời
Tom and the rest of the group suddenly started laughing aloud.,Tom và những người còn lại trong nhóm đột nhiên bật cười lớn.
Tom is very likely upset.,Tom rất có thể đang khó chịu.
Do you believe in love at first sight?,Bạn có tin vào tình yêu từ cái nhìn đầu tiên?
It is customary for Muslims to place their dead in graves.,Theo phong tục của người Hồi giáo là đặt người chết vào mộ.
I'm extremely happy we met by chance.,Tôi vô cùng hạnh phúc khi chúng ta gặp nhau tình cờ.
It occurred to him that he should start at once,Nó xảy ra với anh ta rằng anh ta nên bắt đầu ngay lập tức
Why are you so suspicious?,tại sao bạn lại nghi ngờ
I doubt that's what really happened.,Tôi nghi ngờ đó là những gì thực sự đã xảy ra.
I wonder what's on her mind,tôi tự hỏi những gì trong tâm trí của cô ấy
We'll meet Tom later.,chúng ta sẽ gặp tom sau.
The majority of vehicles feature transparent windows.,Đa số các phương tiện đều có cửa kính trong suốt.
What's on the agenda?,những gì trong chương trình nghị sự?
Tom told me he usually eats breakfast at seven.,Tom nói với tôi anh ấy thường ăn sáng lúc bảy giờ.
Tom walked over to the door and opened it,tom bước tới cửa và mở nó ra
Tom is not a rational guy.,tom không phải là một chàng trai lý trí.
I stole this from Tom,tôi đã đánh cắp cái này từ tom
We have made friends with Tom,chúng tôi đã kết bạn với tom
Tom is a member of the NRA,tom là một thành viên của nra
Mary is a brave girl.,mary là một cô gái dũng cảm.
It lacks any excitement.,Nó chẳng có chút thú vị nào cả.
Who taught you how to deliver that particular curveball?,Ai đã dạy bạn cách ném quả bóng cong đặc biệt đó?
You have to listen.,Bạn phải lắng nghe.
So why didn't you tell the truth before?,vậy tại sao bạn không nói sự thật trước đây?
Did Spot make it there too?,Spot cũng đến đó sao?
Tom will lose,tom sẽ thua
That's what I'm suggesting,đó là những gì tôi đang đề xuất
Tom is still up.,tom vẫn còn
"I can see you're busy, so I'll get right to the point.","Tôi có thể thấy bạn đang bận rộn, vì vậy tôi sẽ đi thẳng vào vấn đề."
Tom and Mary finally decided to get married,Tom và mary cuối cùng đã quyết định kết hôn
Please introduce yourself briefly.,Vui lòng tự giới thiệu ngắn gọn.
He is in a more favorable position now than he was ten years prior.,Anh ấy đang ở một vị trí thuận lợi hơn bây giờ so với mười năm trước.
Our walking experience was marred by the weather.,Trải nghiệm đi bộ của chúng tôi đã bị thời tiết làm hỏng.
Are you coming to my party?,bạn đang đến bữa tiệc của tôi?
Have you known her since 1990?,bạn biết cô ấy từ năm 1990?
What's wrong with your eyes?,mắt bạn bị sao thế
I can't keep up with you if you walk so fast.,Tôi không thể theo kịp bạn nếu bạn đi quá nhanh.
I find the development of dinosaurs extremely fascinating.,Tôi thấy sự phát triển của khủng long vô cùng hấp dẫn.
Tom hasn't heard from Mary since last June.,Tom đã không nghe từ mary kể từ tháng sáu năm ngoái.
There are plenty of guests in the room,có rất nhiều khách trong phòng
He had to think for himself,anh ấy đã phải tự suy nghĩ
Tom is doing all right.,tom đang làm tốt
"Tom was afraid that Mary might poke her eye out, so he told her to be careful","Tom sợ rằng mary có thể thò mắt ra, nên anh bảo cô cẩn thận."
The man lay motionless,người đàn ông nằm bất động
The fish is in clear water.,Cá ở trong nước.
Why do you harbor such resentment for him?,Tại sao bạn lại giữ mối oán giận lớn như vậy đối với anh ấy?
I perceive that Tom is experiencing discomfort.,Tôi nhận thấy Tom đang trải qua sự khó chịu.
There's nothing interesting on television today.,Hôm nay không có gì thú vị trên TV cả.
I have a deadline,tôi có thời hạn
Ill health has kept that child in the hospital since Sunday of the previous week.,Sức khỏe yếu đã khiến đứa trẻ đó phải nằm viện kể từ Chủ nhật tuần trước.
We'll find a way out of here.,chúng ta sẽ tìm cách thoát khỏi đây
He stopped in many towns and cities to make speeches,ông dừng lại ở nhiều thị trấn và thành phố để phát biểu
How much more money is it going to cost to finish building our house?,Sẽ tốn thêm bao nhiêu tiền để hoàn thành việc xây dựng ngôi nhà của chúng ta?
Let's not waste what little time we have.,chúng ta đừng lãng phí những gì chúng ta có ít thời gian
Our current possessions are the fruit of our hard work.,Tài sản hiện tại của chúng tôi là thành quả của sự làm việc chăm chỉ.
How come she didn't attend?,Tại sao cô ấy lại không tham dự?
The motor overheats.,động cơ quá nóng.
Tom's greatest desire is to depart.,Mong muốn lớn nhất của Tom là rời đi.
Your arrival today was unexpected.,Việc bạn đến hôm nay là không ngờ tới.
He put his thoughts on paper,anh ấy đặt suy nghĩ của mình lên giấy
The man left the restaurant without paying his bill.,Người đàn ông rời khỏi nhà hàng mà không trả hóa đơn của mình.
I pursue game nearly all the time.,Tôi săn thú gần như mọi lúc.
I'll be only too glad to go with you.,Tôi sẽ chỉ rất vui khi đi với bạn.
He alerted me that it would be noisy.,Anh ấy đã báo cho tôi biết rằng sẽ rất ồn ào.
I love it when that happens,Tôi yêu nó khi điều đó xảy ra
I'll stand by you no matter what others may say.,Tôi sẽ luôn bên cạnh bạn cho dù người khác có thể nói gì.
When was the last time you found money on the street?,Lần cuối bạn tìm thấy tiền trên đường phố là khi nào?
Most of the Amazon jungle is still wild.,hầu hết các khu rừng amazon vẫn còn hoang dã.
All sorts of people came to the exhibition,tất cả các loại người đã đến triển lãm
I can sense Tom is here.,Tôi có thể cảm nhận Tom đang ở đây.
Here comes a bus. We might as well take it.,đây là một chiếc xe buýt chúng tôi cũng có thể lấy nó
The rumor is true to some extent.,tin đồn là đúng ở một mức độ nào đó.
"Exhausted from a day's work, he went to bed much earlier than usual","Kiệt sức sau một ngày làm việc, anh đi ngủ sớm hơn bình thường"
My English learning journey will span five years by next February.,Hành trình học tiếng Anh của tôi sẽ kéo dài năm năm vào tháng Hai tới.
All of us like her,tất cả chúng ta đều thích cô ấy
We are to meet at seven.,chúng ta sẽ gặp nhau lúc bảy giờ
I think Tom is a pretty remarkable person.,Tôi nghĩ rằng tom là một người khá đáng chú ý.
They are out in the garden,họ đang ở ngoài vườn
Other peoples' expectations affect how we behave.,những kỳ vọng của người khác ảnh hưởng đến cách chúng ta cư xử.
Are you here alone?,bạn ở đây một mình à?
This path we're on is correct.,Con đường chúng ta đang đi là đúng.
Please give these documents a quick glance.,Vui lòng xem qua nhanh các tài liệu này.
This is something I've kept from everyone.,Đây là điều tôi đã giữ kín với mọi người.
Make sure you don't forget our household tasks.,Hãy chắc chắn rằng bạn không quên các công việc nhà của chúng ta.
Tom Jackson is one of the best detectives in Boston.,tom jackson là một trong những thám tử giỏi nhất trong boston.
The meeting was put off until next Friday,cuộc họp đã kết thúc vào thứ sáu tới
I couldn't give Tom what he needed.,tôi không thể cho tom những gì anh ấy cần.
Tom made some tea for Mary,tom pha trà cho mary
The cost of goods is consistent nowadays.,Giá cả hàng hóa ổn định ngày nay.
This marks the third time I've done that.,Đây là lần thứ ba tôi làm điều đó.
I told you this was going to be boring,tôi nói với bạn điều này sẽ nhàm chán
I wish you experience the same amount of pain we endured.,Tôi ước bạn phải chịu đựng nhiều đau đớn như chúng tôi đã trải qua.
I meet her demands.,tôi đáp ứng nhu cầu của cô ấy
Tom turned off the light.,tom tắt đèn.
I'll be in Boston again in October.,Tôi sẽ có mặt ở Boston một lần nữa vào tháng Mười.
Tom has a strong ability to endure.,Tom là người có khả năng chịu đựng tốt.
I'm going to open the wine.,Tôi sẽ mở rượu.
Kindly refrain from making noise. I'm trying to nap.,Vui lòng không gây ồn ào. Tôi đang cố chợp mắt.
"""We were invited to their wedding."" ""Is that so? Well, what are you going to get them?","""chúng tôi đã được mời đến đám cưới của họ."" ""Có phải vậy không? tốt, bạn sẽ lấy gì cho họ?"
They mocked the newcomer.,Họ đã chế giễu người mới đến.
He studied the way birds fly.,ông nghiên cứu cách chim bay.
Let's avoid further delays beyond what's occurred.,Chúng ta hãy tránh những sự chậm trễ hơn nữa ngoài những gì đã xảy ra.
Each individual has unique qualities.,Mỗi cá nhân đều có những phẩm chất riêng.
That's what I told Tom.,đó là những gì tôi nói với tom
I enjoyed myself last night.,Tối qua tôi đã rất vui.
She extinguished the illumination.,Cô ấy dập tắt ánh sáng.
Please put your signature here.,Xin vui lòng ký tên của bạn vào đây.
I've never been to such a nice party,tôi chưa bao giờ đến một bữa tiệc tuyệt vời như vậy
The drunken man couldn't walk straight.,Người đàn ông say rượu không thể đi thẳng.
Keep your hands off my bicycle.,giữ tay ra khỏi xe đạp của tôi
My apologies for being late. This will not be repeated.,Tôi xin lỗi vì đã đến muộn. Điều này sẽ không tái diễn.
The girl has a scarf around her neck.,Cô gái có một chiếc khăn quanh cổ.
There is no telling what will happen tomorrow,không có chuyện gì sẽ xảy ra vào ngày mai
This news upsets Tom.,Tin này làm Tom buồn.
I thought you knew Tom.,Tôi nghĩ bạn biết tom.
The teacher blamed her for the mistake,cô giáo đổ lỗi cho cô vì lỗi lầm
Let's talk about work,hãy nói về công việc
There is no excuse for his delay.,không có lý do cho sự chậm trễ của mình.
In what area does he perform his job?,Anh ấy làm công việc của mình ở khu vực nào?
Six youngsters belonged to the Evans family.,Gia đình Evans có sáu người trẻ tuổi.
"Come on, guys. This is not funny anymore",cố lên các bạn điều này không còn buồn cười nữa
"The anti-smoking law is just, in my opinion","Theo tôi, luật chống hút thuốc là"
I perceive that Tom is hurting.,Tôi nhận thấy rằng Tom đang bị đau.
My idea was for us to attempt it.,Ý của tôi là chúng ta nên thử nó.
The public controversy almost ruined her professional path.,Vụ tai tiếng đó suýt nữa đã hủy hoại con đường sự nghiệp của cô ấy.
You must be kind to old people,bạn phải tử tế với người già
What name does your dad go by?,Bố bạn tên gì?
My grandmother went peacefully in the night,bà tôi đã đi bình yên trong đêm
She has gone over to the other side.,cô ấy đã đi qua phía bên kia.
She celebrated her fifteenth birthday yesterday,cô ấy đã tổ chức sinh nhật lần thứ mười lăm của mình ngày hôm qua
Tom ate the apple that Mary had left on the dining room table.,tom ăn quả táo mà mary đã để lại trên bàn ăn.
You have one hour.,bạn có một giờ
Pardon me one second,tha thứ cho tôi một giây
You must miss Tom a lot,bạn phải nhớ tom rất nhiều
What's the cause of his great displeasure?,Nguyên nhân của sự không hài lòng lớn của anh ấy là gì?
"This atlas cost me 2,000 yen.",Tập bản đồ này đã khiến tôi mất 2.000 yên.
We're hammered.,chúng tôi đang đập
What would happen if my folks discovered this?,Chuyện gì sẽ xảy ra nếu bố mẹ tôi biết được điều này?
The incident Tom faced was something I could have faced too.,Sự việc Tom đối mặt cũng là điều tôi có thể đã đối mặt.
What a blessing it is that they did not come,thật là một phước lành khi họ không đến
The publishing company is operating at a profit.,Công ty xuất bản đang hoạt động có lãi.
I said come alone,tôi nói đến một mình
Visitors browsed the shops idly.,Du khách xem xét các cửa hàng một cách nhàn rỗi.
Both Tom and Mary aren't very good at cooking.,cả tom và mary đều không giỏi nấu ăn.
Tom wishes to avoid causing Mary any pain.,Tom muốn tránh gây ra bất kỳ nỗi đau nào cho Mary.
Tom forgot to send Mary a Christmas card,tom quên gửi mary một tấm thiệp giáng sinh
Tom playfully pretended to punch Mary in the jaw,Tom tinh nghịch giả vờ đấm mary vào hàm
I've made up my mind,tôi đã quyết định
She happened to have the day off,cô ấy đã có một ngày nghỉ
Tom paints best in oil.,sơn tom tốt nhất trong dầu.
"""Do you like cake?"" ""Yes, I do.""","""bạn có thích bánh không?"" ""Vâng tôi đồng ý."""
Has that been done before?,điều đó đã được thực hiện trước đây?
Tom is putting his pens into the pencil case,Tom đang đặt bút vào hộp bút chì
I'm worried I performed exceptionally poorly.,Tôi lo rằng mình đã làm rất tệ.
Please go into more depth about it.,Xin vui lòng đi sâu hơn vào vấn đề đó.
Things are no longer the same for me.,Mọi thứ không còn như trước đối với tôi nữa.
If you had left home a little earlier you would have been in time,"nếu bạn rời khỏi nhà sớm hơn một chút, bạn sẽ có mặt kịp thời"
The work has already begun,công việc đã bắt đầu
Sign here.,ký vào đây.
Whoever wins the race will receive the prize,ai thắng cuộc đua sẽ nhận được giải thưởng
The cause behind your statement is known to me.,Tôi biết nguyên nhân đằng sau lời nói của bạn.
He has just come back,anh ấy vừa trở lại
"Long ago, the Greeks would frequently hold great athletic events","từ lâu, người đi biển thường xuyên tổ chức các sự kiện thể thao lớn"
Where did I put my keys?,tôi đã để chìa khóa ở đâu?
You're depressed,bạn bị trầm cảm
I'll give you the article I wrote on that matter,tôi sẽ cung cấp cho bạn bài viết tôi đã viết về vấn đề đó
You don't have to tell me twice,bạn không cần phải nói với tôi hai lần
She was wearing a white T-shirt,cô ấy mặc áo phông trắng
I have more than one thing I'm good at.,tôi có nhiều hơn một điều tôi giỏi
Give me an overview of your current work.,Hãy cho tôi một cái nhìn tổng quan về công việc hiện tại của bạn.
Tea was introduced from China,trà được giới thiệu từ Trung Quốc
Tom was killed with an icepick,tom đã bị giết bằng một cái băng
He's going to join our club.,Anh ấy sẽ tham gia câu lạc bộ của chúng tôi.
"Each person paid $7,000",mỗi người trả 7.000 đô la
Expect rain to start pretty soon.,Hãy mong đợi trời sẽ mưa khá sớm.
My office faces Fifth Avenue.,văn phòng của tôi phải đối mặt với đại lộ thứ năm.
I am still waiting to be told what happened.,tôi vẫn đang chờ đợi để được nói những gì đã xảy ra.
I want you to send this report to Tom.,tôi muốn bạn gửi báo cáo này cho tom.
I wonder why Tom isn't here yet,tôi tự hỏi tại sao tom chưa ở đây
The old woman climbed the stairs with difficulty.,Bà lão leo lên cầu thang một cách khó khăn.
Only a small number of students stayed in the classroom.,Chỉ một số ít học sinh ở lại trong lớp học.
I apologize for being late. This will not happen again.,Tôi xin lỗi vì đã đến muộn. Điều này sẽ không xảy ra nữa.
I want to talk to Tom about Mary,tôi muốn nói chuyện với tom về mary
She should know better at her age,cô ấy nên biết rõ hơn ở tuổi của mình
Did you phone him?,bạn đã gọi cho anh ấy?
He worked all day yesterday.,anh ấy làm việc cả ngày hôm qua
Don't you think I want to believe you?,bạn không nghĩ tôi muốn tin bạn sao?
He avoided a conflict by restraining his anger.,Anh ấy đã tránh được một cuộc xung đột bằng cách kiềm chế cơn giận của mình.
Tom played the part of Hamlet,tom chơi một phần của ấp
You can't both be telling the truth.,cả hai bạn không thể nói sự thật.
He is British.,anh ấy là người Anh.
Why are you so busy today?,sao hôm nay bạn bận thế
The speaker requested that the audience remain silent.,người nói yêu cầu khán giả giữ im lặng.
Tom doesn't remember where he set down his jacket.,Tom không nhớ mình đã đặt áo khoác ở đâu.
What a mess you've landed us in.,Đúng là một mớ hỗn độn mà bạn đã đẩy chúng tôi vào.
Tom looks like he might be interested,tom có vẻ như anh ta có thể quan tâm
He stated that he hadn't met her.,Anh ấy nói rằng anh ấy chưa gặp cô ấy.
He worked hard to make up for his lack of experience,anh ấy làm việc chăm chỉ để bù đắp cho sự thiếu kinh nghiệm của mình
It's just a matter of time before Tom gets into trouble again,chỉ là vấn đề thời gian trước khi tom gặp rắc rối một lần nữa
My wish is for that to be the reality.,Điều tôi ước là đó là sự thật.
Everyone will perish.,Mọi người sẽ diệt vong.
We'll get you another balloon.,chúng tôi sẽ giúp bạn có một quả bóng khác.
I empathize with Tom.,Tôi đồng cảm với Tom.
You need to overcome that inclination of yours.,Bạn cần phải vượt qua khuynh hướng đó của mình.
Danger now threatens her.,Nguy hiểm hiện đang đe dọa cô ấy.
We will all face death.,Tất cả chúng ta sẽ đối mặt với cái chết.
Our plane was flying over the Pacific Ocean.,máy bay của chúng tôi đã bay qua đại dương Thái Bình Dương.
I can't pinpoint the problem.,tôi không thể xác định chính xác vấn đề.
My discussion on this issue ends here.,Cuộc thảo luận của tôi về vấn đề này kết thúc tại đây.
They are now either in Kyoto or in Osaka,bây giờ họ đang ở kyoto hoặc osaka
I'm engaged in English studies.,Tôi đang bận rộn với việc học tiếng Anh.
Tom and I don't talk much anymore,tom và tôi không nói chuyện nhiều nữa
It was simple for me to figure out the solution.,"Đối với tôi, việc tìm ra giải pháp thật dễ dàng."
"If he had worked harder, he might be a rich man now.","nếu anh ấy làm việc chăm chỉ hơn, bây giờ anh ấy có thể là một người đàn ông giàu có."
The finish on her car is impressive.,Lớp hoàn thiện trên xe của cô ấy rất ấn tượng.
I'd like to hear about your plan.,Tôi muốn nghe về kế hoạch của bạn.
Tom said he'd never leave his wife.,Tom nói anh sẽ không bao giờ bỏ vợ.
They lived in harmony with each other,họ sống hòa thuận với nhau
The book doesn't seem to have been widely read.,Cuốn sách dường như không được nhiều người đọc.
Do you know how they knew?,Bạn có biết làm thế nào họ biết?
My understanding of Tom is profound.,Sự hiểu biết của tôi về Tom là sâu sắc.
These shoes are made in Italy.,Những đôi giày này được làm ở Ý.
We made an attempt at it.,Chúng tôi đã cố gắng làm điều đó.
A single apple descended to the floor.,Một quả táo duy nhất rơi xuống sàn.
This is all I can do,đây là tất cả những gì tôi có thể làm
The flower is available to you upon request.,Bông hoa có sẵn cho bạn theo yêu cầu.
Tom told me that he was thirsty.,Tom nói với tôi rằng anh ta khát nước.
I don't know which child is yours.,tôi không biết đứa trẻ nào là của bạn
Nancy seems tired.,nancy có vẻ mệt mỏi.
I almost got hit by a car today.,Tôi gần như đã bị một chiếc xe hơi ngày hôm nay.
My cousin Teddy majored in French in college and studied in Paris for one year,Anh em họ của tôi học chuyên ngành tiếng Pháp ở trường đại học và học tại paris trong một năm
Tom had nothing further to add.,Tom không có gì khác để bổ sung.
It's imperative that I leave this place early tomorrow morning.,Điều bắt buộc là tôi phải rời khỏi nơi này vào sáng sớm mai.
He ordered three dinners.,Anh gọi ba bữa tối.
Tom belongs to a big family.,Tom thuộc về một gia đình lớn.
How often do you look at yourself in a mirror?,bạn có thường xuyên nhìn mình trong gương không?
I assume we're on the same page regarding my presence.,Tôi cho rằng chúng ta đều hiểu rõ về sự hiện diện của tôi ở đây.
Don't worry. Everything's going to be all right,đừng lo lắng mọi thứ sẽ ổn thôi
Tom has had a fair bit to drink.,Tom đã uống khá nhiều rồi.
Tom's journey brought him here from Boston.,Chuyến đi của Tom đã đưa anh ấy đến đây từ Boston.
Tom understood Mary's heartache.,Tom đã hiểu được nỗi lòng đau khổ của Mary.
Tom told his son not to speak with his mouth full,Tom bảo con trai không được nói với miệng đầy
"""Are you tired?"" ""No, not at all.""","""bạn có mệt không?"" ""không hoàn toàn không."""
There are a lot of tools in the box,có rất nhiều công cụ trong hộp
I found his latest novel interesting,tôi thấy cuốn tiểu thuyết mới nhất của anh ấy rất thú vị
Tom mentioned you'd show up here.,Tom đã nói bạn sẽ xuất hiện ở đây.
It often snows here,nó thường có tuyết ở đây
He hid his toys under the bed.,Anh giấu đồ chơi dưới gầm giường.
He was shot by her using a handgun.,Anh ta đã bị cô ấy bắn bằng một khẩu súng ngắn.
Mary's bread purchase was unknown to Tom.,Việc Mary đã mua bánh mì là điều Tom không biết.
Tom felt Mary's sorrow too.,Tom cũng cảm nhận được nỗi buồn của Mary.
Could you teach me how to play the piano?,bạn có thể dạy tôi chơi piano không?
Tom is happier than I've ever seen him,Tom hạnh phúc hơn tôi từng thấy anh ấy
Are you seeing anybody?,bạn có thấy ai không
I did not notice how she was dressed.,tôi không để ý cách cô ấy mặc quần áo.
Their financial problems began in the second half of the year,vấn đề tài chính của họ bắt đầu vào nửa cuối năm
I'm impervious to your emotional attacks.,Tôi không bị ảnh hưởng bởi những đòn tấn công cảm xúc của bạn.
What's going to happen when they find out what we did?,Điều gì sẽ xảy ra khi họ tìm ra những gì chúng ta đã làm?
All the English teachers at my son's school are native speakers.,tất cả các giáo viên tiếng Anh ở trường của con trai tôi đều là người bản ngữ.
"Tom didn't like it, but he bought it anyway.","Tom không thích nó, nhưng dù sao thì anh cũng đã mua nó."
They have weapons,họ có vũ khí
It isn't safe for us to remain in this area,chúng tôi vẫn không an toàn trong khu vực này
I didn't realize you knew Tom.,tôi không nhận ra bạn biết tom.
I know what prompted you to say that.,Tôi biết điều gì đã thúc đẩy bạn nói điều đó.
He has seldom had a meal with his family.,anh hiếm khi dùng bữa với gia đình.
Tom is someone who perseveres through challenges.,Tom là người kiên cường vượt qua thử thách.
I'd like you to apologize to Tom,tôi muốn bạn xin lỗi tom
You can expect me back in a few months.,Bạn có thể mong đợi tôi trở lại trong vài tháng.
It's impossible to see all the sights in Rome in one day,Không thể nhìn thấy tất cả các điểm tham quan ở Rome trong một ngày
Tom and Mary are an ideal match.,Tom và Mary là một cặp đôi lý tưởng.
I keep thirteen cats.,Tôi giữ mười ba con mèo.
Whoever comes will be welcomed,ai đến sẽ được chào đón
It won't be long until they are wed.,Sẽ không lâu nữa cho đến khi họ kết hôn.
I went out for a walk to get some fresh air.,tôi ra ngoài đi dạo để có được không khí trong lành.
Tom took his coat off the hanger and put it on.,Tom lấy áo khoác ra khỏi móc áo và mặc vào.
What do Egyptians typically consume?,Người Ai Cập thường ăn gì?
Everyone quieted down when he spoke.,Mọi người trở nên yên lặng khi anh ấy nói.
Adherence to tradition and ceremony is something he enjoys.,Anh ấy thích tuân thủ truyền thống và nghi lễ.
I trust Ken.,tôi tin tưởng ken.
I had high hopes for Tom.,tôi đã hy vọng cao cho tom.
He understands physics.,anh ấy hiểu vật lý.
Joy was a stranger to Tom.,Niềm vui là điều xa lạ đối với Tom.
Practice is the best way to improve your English,thực hành là cách tốt nhất để cải thiện tiếng anh của bạn
Allan left us.,allan rời bỏ chúng tôi.
Tom and Mary were dancing together,tom và mary đã nhảy cùng nhau
"I not only gave him some advice, I also gave him a bicycle.","tôi không chỉ cho anh ta một lời khuyên, tôi còn cho anh ta một chiếc xe đạp."
Where did you spend yesterday evening?,Tối hôm qua bạn đã ở đâu?
Tom was worn out,tom đã mòn
You've seen that.,bạn đã thấy điều đó.
Could you tell me what you saw?,bạn có thể cho tôi biết những gì bạn đã thấy?
Do you want to take over?,bạn có muốn tiếp quản?
She was the first girl to win that contest,cô ấy là cô gái đầu tiên giành chiến thắng trong cuộc thi đó
They both giggled.,cả hai cười khúc khích.
The elevator was where Tom was walking.,Thang máy là nơi Tom đang đi đến.
Early light from the sun entered through the window.,Ánh sáng sớm từ mặt trời xuyên qua cửa sổ.
"Tom was injured in an accident, so he couldn't walk very well.","Tom bị thương trong một tai nạn, vì vậy anh không thể đi lại tốt."
Each person must discover their unique journey.,Mỗi người phải tự khám phá hành trình riêng của mình.
Didn't Tom want to talk to us?,Tom không muốn nói chuyện với chúng tôi à?
Why don't you go and have a look?,tại sao bạn không đi và có một cái nhìn?
I want to see it for myself,tôi muốn nhìn thấy nó cho chính mình
I hear he was set free after doing five years in prison.,tôi nghe nói anh ta được thả tự do sau năm năm tù.
It sounds like you're quite happy.,Nghe có vẻ bạn khá vui.
Would it be possible to offer us a 5% special reduction on 50 product sets?,Có thể giảm giá đặc biệt 5% cho chúng tôi khi mua 50 bộ sản phẩm không?
"Sarah, could you close the blinds?","sarah, bạn có thể đóng rèm?"
Things have kept me rather engaged.,Mọi thứ đã khiến tôi khá bận rộn.
I thought Tom would show up.,Tôi đã nghĩ Tom sẽ đến.
Muslims practice burying their dead in designated graves.,Người Hồi giáo thực hành chôn cất người chết của họ trong các ngôi mộ được chỉ định.
This equipment originated from French production.,Thiết bị này có nguồn gốc từ sản xuất của Pháp.
The entire set of sails was removed.,Toàn bộ cánh buồm đã được gỡ xuống.
What has angered him to such an extent?,Điều gì đã khiến anh ấy tức giận đến mức độ đó?
"Tom can't remember all his passwords, so he keeps them in a list disguised as phone numbers","Tom không thể nhớ tất cả mật khẩu của mình, vì vậy anh ta giữ chúng trong một danh sách được ngụy trang dưới dạng số điện thoại"
Did Tom say he was worried?,Tom có nói anh ấy lo lắng không?
"At the end of every day, his back was tired and his legs hurt.","vào cuối mỗi ngày, lưng anh mệt mỏi và chân anh đau."
The habit of smoking is very difficult to get rid of,thói quen hút thuốc rất khó bỏ
It is forbidden for you to touch that switch,Cấm bạn chạm vào công tắc đó
The house was observed by her from various angles.,Ngôi nhà được cô ấy quan sát từ nhiều góc độ khác nhau.
I'm in a terrible state.,Tôi đang trong một tình trạng tồi tệ.
I ordered a veggie burger,tôi đã gọi một chiếc burger chay
Find the definitions of the new vocabulary in your dictionary.,Tìm định nghĩa của các từ vựng mới trong từ điển của bạn.
My house is your house,nhà tôi là ngôi nhà của bạn
"Hey guys, I think I found something.","này các bạn, tôi nghĩ rằng tôi đã tìm thấy một cái gì đó"
I ran downstairs.,Tôi chạy xuống cầu thang.
Time to return to our duties.,Đã đến lúc quay lại với nhiệm vụ của chúng ta.
I really enjoyed myself last night.,Tối qua tôi đã rất vui.
That's exactly what Tom was talking about,đó chính xác là những gì tom đang nói
Make sure to arrive early for a good seat.,Hãy chắc chắn đến sớm để có chỗ ngồi tốt.
Tom feels like going on a leisurely walk.,Tom cảm thấy muốn đi bộ thong thả.
Please give me a break,"Xin vui lòng, cho tôi nghỉ ngơi"
I'm afraid I'm coming down with a cold,tôi sợ rằng tôi đang bị cảm lạnh
I've been thinking about Tom.,Tôi đã suy nghĩ về tom.
I think I know where Tom went,tôi nghĩ tôi biết tom đã đi đâu
Why don't you try to convince Tom to be sensible?,Tại sao bạn không thử thuyết phục Tom hành xử hợp lý?
I've found the answer,tôi đã tìm thấy câu trả lời
My son is the owner of this CD.,Con trai tôi là chủ nhân của chiếc CD này.
Be sure to take an umbrella with you.,Hãy chắc chắn mang theo ô bên mình.
I didn't notice Tom had gone.,tôi đã không nhận thấy tom đã đi.
You're so handsome.,bạn thật đẹp trai.
Tom told me he thought I was wasting my time.,Tom nói với tôi rằng anh ấy nghĩ rằng tôi đang lãng phí thời gian.
You won't find any grass on the lunar surface.,Bạn sẽ không tìm thấy bất kỳ loại cỏ nào trên bề mặt mặt trăng.
Who's the company's president?,ai là chủ tịch của công ty?
Lock the dog in the kitchen,nhốt con chó trong bếp
I finally found out what was wrong with my TV,tôi cuối cùng đã tìm ra những gì đã xảy ra với tv của tôi
Give me your weapon,đưa tôi vũ khí của bạn
Did I give you the tickets?,tôi đã cho bạn vé?
How many classes do you have on Saturdays?,bạn có bao nhiêu lớp vào thứ bảy
Does anyone here speak Japanese?,có ai ở đây nói tiếng Nhật không?
That movie stinks!,bộ phim đó hôi thối!
I cannot help admiring his courage.,tôi không thể giúp ngưỡng mộ lòng can đảm của anh ấy.
What else do you have in your pocket?,bạn có gì khác trong túi của bạn?
It is highly regrettable that your request was considered to be unacceptable.,rất đáng tiếc rằng yêu cầu của bạn đã được coi là không thể chấp nhận.
Someday your dream will come true,một ngày nào đó giấc mơ của bạn sẽ thành hiện thực
What's your hometown?,Quê hương của bạn ở đâu?
Is it okay if I wait for you right here?,Có ổn không nếu tôi đợi bạn ngay tại đây?
Keep the engine running. I'll be right back.,giữ cho động cơ chạy. tôi sẽ trở lại ngay.
It sounds strange to me,nghe có vẻ lạ
His horse ran in the Derby,ngựa của anh ấy chạy trong trận derby
The chair was where he sat.,Chiếc ghế là nơi anh ấy ngồi.
Oil is extracted from olives,dầu được chiết xuất từ ô liu
"This isn't an unappealing proposition, is it?","Đây không phải là một đề xuất hấp dẫn, phải không?"
"If I should be late getting home, please don't wait up for me","nếu tôi nên về muộn, xin đừng đợi tôi"
You have an e-mail message in your inbox,bạn có một tin nhắn e-mail trong hộp thư đến của bạn
She was crying last night,cô ấy đã khóc đêm qua
I requested french fries as well.,Tôi cũng đã yêu cầu khoai tây chiên.
Peter didn't intend to break the vase.,Peter không có ý định phá vỡ chiếc bình.
I was equally susceptible to what befell Tom.,Tôi cũng dễ bị tổn thương như Tom trước sự việc đó.
All Tom wants is to get away from here.,Tất cả những gì Tom muốn là rời khỏi đây.
Take your dog away.,đưa con chó của bạn đi.
Oil and water won't blend with each other.,dầu và nước sẽ không hòa trộn với nhau.
It cost $300 to get the car fixed.,Nó có giá 300 đô la để có được chiếc xe cố định.
Your voice isn't reaching Tom.,Giọng của bạn không đến được tai Tom.
Half of the melons were eaten.,một nửa số dưa đã được ăn
There's no doubt Tom doesn't care for Mary.,Không nghi ngờ gì Tom không quan tâm đến Mary.
His father appears to be an attorney.,Cha của anh ấy có vẻ là một luật sư.
I told you that I wasn't interested.,tôi nói với bạn rằng tôi không quan tâm.
How many times a month do you go to the mall?,bao nhiêu lần một tháng bạn đi đến trung tâm mua sắm?
How many brothers do you have?,bạn có bao nhiêu anh em?
He speaks English very well.,anh ta nói tiếng Anh rất tốt.
Please remember to write to her.,hãy nhớ viết thư cho cô ấy
The government put the question to the people in a referendum.,Chính phủ đặt câu hỏi cho người dân trong một cuộc trưng cầu dân ý.
I have knowledge of where Tom concealed the key.,Tôi có thông tin về nơi Tom đã cất giấu chìa khóa.
She doesn't live near the office.,cô ấy không sống gần văn phòng.
I can work anywhere I want,tôi có thể làm việc ở bất cứ đâu tôi muốn
"Put this jacket on, and you'll be much warmer","mặc chiếc áo khoác này vào, và bạn sẽ ấm hơn nhiều"
I'd like to apply for a job.,Tôi muốn xin việc.
She patiently expected my feedback.,Cô ấy kiên nhẫn chờ đợi phản hồi của tôi.
I will see to it that everything is ready in time,tôi sẽ thấy rằng mọi thứ đã sẵn sàng trong thời gian
Tom couldn't go anywhere without his dog.,Tom không thể đi bất cứ nơi nào mà không có con chó của mình.
I would've taken care of Tom,tôi sẽ chăm sóc tom
It looks like his father practices law.,Có vẻ như cha anh ấy hành nghề luật sư.
To which location is this ship bound?,Con tàu này đang đi đến địa điểm nào?
He did not walk into the gym,anh ấy không bước vào phòng tập thể dục
Precipitation is likely to begin shortly.,Mưa có thể sẽ bắt đầu trong thời gian ngắn.
He's a very approachable individual.,Anh ấy là một người rất dễ gần.
He is hard to please.,anh ấy rất khó để làm hài lòng
Didn't Tom say something about that?,Tom không nói gì về điều đó sao?
"Freddy's been working the graveyard shift the past month, so he hasn't been able to see any of his friends who work normal hours.","freddy đã làm việc dịch chuyển nghĩa trang trong tháng qua, vì vậy anh ta đã không thể nhìn thấy bất kỳ người bạn nào làm việc bình thường."
How much compensation are you getting for performing this?,Bạn đang nhận được bao nhiêu tiền bồi thường để thực hiện việc này?
They'll tie the knot quite soon.,Họ sẽ kết hôn khá sớm.
If only that were true.,Giá như điều đó là sự thật.
I just need one more chance,tôi chỉ cần một cơ hội nữa
Tom deserves my thanks.,Tom xứng đáng nhận lời cảm ơn của tôi.
Tom seemed surprised,tom có vẻ ngạc nhiên
He blackmailed me.,Anh tống tiền tôi.
Those who live in glass houses should not throw stones.,những người sống trong nhà kính không nên ném đá.
I'm not the same fool I was fifteen years ago.,Tôi không phải là kẻ ngốc như tôi mười lăm năm trước.
It happened to someone I know,nó đã xảy ra với một người mà tôi biết
Tom's embarrassed.,Tom bối rối.
Tom doesn't excel much in athletic activities.,Tom không giỏi lắm trong các hoạt động thể thao.
Tom divorced Mary after the children graduated from college.,Tom ly dị mary sau khi con tốt nghiệp đại học.
"I am not going, because, among other reasons, I don't have money.","Tôi sẽ không đi, bởi vì, trong số những lý do khác, tôi không có tiền."
"If you have the time, could you help?","nếu bạn có thời gian, bạn có thể giúp gì không?"
I'm happy to hear that your injuries aren't serious.,Tôi rất vui khi biết rằng chấn thương của bạn không nghiêm trọng.
A hedge between keeps friendship green.,hàng rào ở giữa giúp tình bạn trở nên tươi tốt hơn.
The friend who I thought would pass the exam failed it,người bạn mà tôi nghĩ sẽ vượt qua kỳ thi đã thất bại
Tom has considerable staying power.,Tom có khả năng duy trì đáng kể.
What a pleasure it is to have met you unexpectedly.,Thật là một niềm vui khi được gặp bạn một cách bất ngờ.
It's important for us to be careful.,Điều quan trọng là chúng ta phải cẩn thận.
Tom likes hot curry.,tom thích cà ri nóng.
She is anxious to go abroad.,cô ấy lo lắng đi ra nước ngoài
Tom stared into Mary's eyes and kissed her,Tom nhìn chằm chằm vào mắt của mary và hôn cô ấy
Tom won't believe us.,Tom sẽ không tin chúng tôi.
I'd like to terminate this account.,Tôi muốn chấm dứt tài khoản này.
We can rely on his judgement,chúng ta có thể dựa vào phán đoán của anh ấy
I will come to your country some day.,Tôi sẽ đến đất nước của bạn một ngày nào đó.
Visitors roamed through the shops.,Du khách dạo quanh các cửa hiệu.
"Strange as it may sound, this is true","Nghe có vẻ lạ, đây là sự thật."
I believe Tom is very intelligent.,Tôi tin Tom rất thông minh.
He does speak well.,Anh ấy nói tốt.
The incident Tom faced might have happened to me too.,Sự việc mà Tom gặp phải cũng có thể đã xảy ra với tôi.
I offered to lend money to her,tôi đề nghị cho cô ấy mượn tiền
He tried to talk to her time and time again,anh cố nói chuyện với cô hết lần này đến lần khác
The market opens at 9:00 a.m,chợ mở cửa lúc 9:00 sáng
That's not how it happened.,đó không phải là cách nó đã xảy ra
I need to hear it,Tôi cần phải nghe nó
He married an actress,anh ấy kết hôn với một nữ diễn viên
Have you gone crazy?,bạn đã phát điên
She saved money for a rainy day.,Cô tiết kiệm tiền cho một ngày mưa.
I made Tom very angry.,tôi đã làm tom rất tức giận.
I haven't seen any of his pictures,tôi chưa thấy bức ảnh nào của anh ấy
Soft music is often conducive to sleep,nhạc nhẹ thường có lợi cho giấc ngủ
There's a fire in the stove from the coal.,Có lửa trong bếp từ than.
My feeling is that we ought not to wait.,Cảm giác của tôi là chúng ta không nên chờ.
His best-selling novel earned him a vast sum of money.,Cuốn tiểu thuyết bán chạy nhất của ông ấy đã mang lại cho ông ấy một khoản tiền khổng lồ.
Did you come home early just to eat then go out again?,bạn về nhà sớm chỉ để ăn sau đó đi ra ngoài?
"To put it bluntly, he's mistaken.","nói thẳng ra, anh nhầm rồi."
I refuse to delve into this subject any deeper.,Tôi từ chối đi sâu hơn vào chủ đề này.
The deceased among Muslims are interred in burial plots.,Người đã khuất trong cộng đồng Hồi giáo được an táng trong các khu mộ.
Someone cleaned my room while I was gone.,ai đó dọn phòng tôi khi tôi đi vắng.
Refer to your dictionary for any words you don't know.,Tham khảo từ điển của bạn cho bất kỳ từ nào bạn không biết.
The remaining girls were full of envy.,Những cô gái còn lại tràn đầy sự đố kỵ.
You must have been surprised to meet your teacher in such a place.,bạn phải ngạc nhiên khi gặp giáo viên của bạn ở một nơi như vậy.
He served as a United States senator.,ông phục vụ như một thượng nghị sĩ bang thống nhất.
Make sure you have reserved a room at the hotel,đảm bảo bạn đã đặt phòng tại khách sạn
I am sending a copy of my letter to you.,tôi đang gửi một bản sao thư của tôi cho bạn
Tom called to say he couldn't attend the meeting.,Tom gọi để nói rằng anh ấy không thể tham dự cuộc họp.
"Tom and his friends walked down the street, singing a song.","Tom và những người bạn của anh ấy bước xuống phố, hát một bài hát."
We struggled to achieve our present state.,Chúng tôi đã vất vả để đạt được trạng thái hiện tại.
"It came to a grand total of 150,000 euros",nó đã lên tới tổng cộng 150.000 euro
Where were you raised?,Bạn đã được nuôi dưỡng ở đâu?
Tom is home from college.,tom là từ trường đại học
What place did you call home during your formative years?,Nơi nào bạn đã gọi là nhà trong những năm tháng trưởng thành?
Just a small number of pupils were still in the classroom.,Chỉ một số ít học sinh vẫn còn trong lớp học.
I believed they wouldn't show up.,Tôi tin là họ sẽ không xuất hiện.
Are you sure it's impossible?,bạn có chắc là không thể?
It was just the beginning,nó chỉ là khởi đầu
Are you punctual?,bạn có đúng giờ không
He stuck a flower in his buttonhole,anh ta cắm một bông hoa vào cái khuy
Help me lift the package,giúp tôi nâng gói
My answer was what she was expecting.,Câu trả lời của tôi là điều cô ấy đang mong đợi.
I don't like his type,tôi không thích kiểu của anh ấy
Don't go anywhere,đừng đi đâu cả
Tom was trying to find his camera by looking around.,Tom đang cố gắng tìm máy ảnh của mình bằng cách nhìn quanh.
He's quite fond of traditional rites.,Anh ấy khá ưa chuộng các nghi thức truyền thống.
He is popular among us,anh ấy nổi tiếng trong chúng ta
I had a pleasant dream last night,tôi đã có một giấc mơ dễ chịu đêm qua
They swim at a very rapid pace.,Chúng bơi với tốc độ rất nhanh.
"Not knowing her telephone number, I couldn't call her","không biết số điện thoại của cô ấy, tôi không thể gọi cho cô ấy"
A telegram arrived for him stating his mother had passed away.,Một bức điện đã đến với anh ấy nói rằng mẹ anh ấy đã qua đời.
Tom took a sip of his drink and then set it down.,Tom nhấp một ngụm đồ uống của mình và sau đó đặt nó xuống.
I thought I was doing it your way,tôi nghĩ tôi đã làm theo cách của bạn
I don't like your going there by yourself.,tôi không thích bạn đến đó một mình.
Tom put his hand over his mouth.,Tom đặt tay lên miệng.
I value our friendship more than anything.,Tôi coi trọng tình bạn của chúng tôi hơn bất cứ điều gì.
My assumption was that they wouldn't arrive.,Giả định của tôi là họ sẽ không đến.
I regret my tardiness. This will not be repeated.,Tôi hối tiếc vì sự chậm trễ của mình. Điều này sẽ không lặp lại.
Mary was instructed by Tom to acquire a ticket for him.,Mary đã được Tom hướng dẫn mua một tấm vé cho anh.
We put in a lot of effort to achieve what we possess.,Chúng tôi đã bỏ ra rất nhiều công sức để có được những gì mình đang có.
It is not easy to be an umpire today.,không dễ để trở thành một trọng tài ngày nay.
Has this ever happened before?,Nó đã từng xảy ra chưa?
Shouldn't we be talking about what happened?,chúng ta không nên nói về những gì đã xảy ra?
I'm sure that'll really be appreciated.,Tôi chắc chắn rằng nó sẽ thực sự được đánh giá cao.
Mary gets nervous when Tom drives too fast.,mary trở nên lo lắng khi tom lái xe quá nhanh.
I'm not satisfied with it,tôi không hài lòng với nó
I got sick riding the roller coaster with the loop-the-loop.,tôi bị ốm khi đi tàu lượn siêu tốc với vòng lặp.
Everyone in the office was impressed with the way Tom handled the problem.,mọi người trong văn phòng đều ấn tượng với cách tom xử lý vấn đề.
I extend my sincere felicitations to you.,Tôi xin gửi lời chúc mừng chân thành đến bạn.
I'm almost certain that Tom will ask Mary to the prom,Tôi gần như chắc chắn rằng tom sẽ yêu cầu mary đến vũ hội
Tom really doesn't want to tell Mary where he was,Tom thực sự không muốn nói với mary anh ấy đã ở đâu
Anyone needing me can find me here in the morning.,Bất cứ ai cần tôi đều có thể tìm thấy tôi ở đây vào buổi sáng.
I guess I should have known Tom wasn't going to help,tôi đoán tôi nên biết rằng tom sẽ không giúp đỡ
I'm trying to avoid Tom.,Tôi đang cố tránh tom.
Do you have some spare time?,Bạn có chút thời gian rảnh không?
That building has changed hands many times,tòa nhà đó đã đổi chủ nhiều lần
I have an exam tomorrow,tôi có một bài kiểm tra vào ngày mai
This is a company town,đây là một thị trấn công ty
Tom is someone who has endured.,Tom là người đã chịu đựng và vượt qua.
He's a very heavy drinker.,Anh ấy là một người nghiện rượu nặng.
You shouldn't smoke.,bạn không nên hút thuốc.
Tom has a large number of relatives in his immediate family.,Tom có rất nhiều người thân trong gia đình trực hệ của mình.
She consistently has a lot to do during the workweek.,Cô ấy luôn có nhiều việc phải làm trong tuần làm việc.
I have to water the flowers,tôi phải tưới hoa
You'll soon get accustomed to this cold weather.,bạn sẽ sớm quen với thời tiết lạnh này.
Tom always leaves for work at 8:00,tom luôn đi làm lúc 8:00
The way I live now is altered.,Cách tôi sống bây giờ đã thay đổi.
It would please me if Tom were happy.,Tôi sẽ rất vui nếu Tom hạnh phúc.
You think I don't know what's going on?,bạn nghĩ tôi không biết chuyện gì đang xảy ra?
I have to make money to buy a personal computer,tôi phải kiếm tiền để mua một máy tính cá nhân
My awakening occurred while I was in the vehicle.,Tôi tỉnh dậy khi đang ở trong phương tiện đó.
What's not to like?,những gì không thích?
She is the youngest of my three children.,cô ấy là con út trong ba đứa con của tôi
Tom is the one who'll do the cooking,tom là người sẽ nấu ăn
I want you to find out about that.,tôi muốn bạn tìm hiểu về điều đó
Tom withheld his remarks concerning the issue.,Tom đã giữ lại những nhận xét của mình liên quan đến vấn đề này.
Your whining is exhausting me.,Những lời than vãn của bạn đang làm tôi kiệt sức.
That's enough crying. Pull yourself together,Thế là đủ khóc. bạn nên bình tĩnh lại
Tom was polite.,tom đã lịch sự.
Tom is the most diligent student in his class,tom là học sinh siêng năng nhất trong lớp
Bob wanted to keep the fox at home.,bob muốn giữ con cáo ở nhà.
I feel refreshed after taking a walk.,tôi cảm thấy sảng khoái sau khi đi dạo.
"When Tom gets back, tell him to come to my office","Khi tom quay lại, bảo anh ta đến văn phòng của tôi"
Don't air your dirty laundry in public.,không phơi quần áo bẩn ở nơi công cộng.
I'm sorry I let everyone down,tôi xin lỗi tôi đã làm mọi người thất vọng
They captured the great Belgian port of Antwerp.,họ đã chiếm được cảng Antwerp tuyệt vời.
Let me examine it briefly.,Để tôi xem xét nó một chút.
That man was wearing a tiger mask.,Người đàn ông đó đang đeo mặt nạ hổ.
He spent $20 to acquire the lipstick.,Anh ấy đã chi 20 đô la để mua thỏi son.
The classroom in question is undersized.,Lớp học đang nói đến có kích thước nhỏ hơn mức cần thiết.
What he said to her was truly mean-spirited.,Những gì anh ấy nói với cô ấy thực sự là độc ác.
You must really like Tom,bạn phải thực sự thích tom
I have gone through many hardships.,tôi đã trải qua nhiều khó khăn
Your idiosyncrasies have the potential to make you delightful or uninteresting.,Những nét đặc trưng riêng của bạn có tiềm năng khiến bạn trở nên thú vị hoặc không hấp dẫn.
I'm sure Tom will complain.,Tôi chắc chắn tom sẽ phàn nàn.
We'd like you to sing some songs.,chúng tôi muốn bạn hát một số bài hát.
The telephone being broken prevented me from calling you.,Điện thoại bị hỏng đã ngăn cản tôi gọi cho bạn.
He isn't very good at math,anh ấy không giỏi toán
I'm under no compulsion to act at present.,Tôi không bị ép buộc phải hành động vào lúc này.
Are you suggesting I lack the desire to put my faith in you?,Bạn đang ám chỉ tôi thiếu mong muốn đặt niềm tin vào bạn sao?
That's his business,đó là việc của anh ấy
We've toiled diligently to earn what we have today.,Chúng tôi đã làm việc siêng năng để có được những gì chúng tôi có ngày hôm nay.
I'm a pretty good student.,Tôi là một học sinh khá giỏi.
"From the way they talked, I presumed they were married.","Từ cách họ nói chuyện, tôi đoán họ đã kết hôn."
He amassed great wealth from authoring a best-selling novel.,Ông ấy đã tích lũy được khối tài sản lớn nhờ viết một cuốn tiểu thuyết bán chạy nhất.
The prisoner was found guilty by the judge.,tù nhân bị kết án bởi thẩm phán.
Everything is a sham.,Mọi thứ đều là giả dối.
Tom wants to see you as soon as possible,tom muốn gặp bạn càng sớm càng tốt
I don't anticipate you'll grasp this.,Tôi không mong đợi bạn sẽ nắm bắt được điều này.
Please get into the car,xin mời lên xe
I'm here simply to advise you that I'm unavailable for this week's gathering.,Tôi đến đây chỉ để thông báo rằng tôi không thể tham gia buổi họp mặt tuần này.
Japan was her destination because she wanted to study Japanese.,Nhật Bản là điểm đến của cô ấy vì cô ấy muốn học tiếng Nhật.
Tom was always unhappy.,Tom luôn luôn không vui.
Is this Tom's bag?,cái túi này của tom phải không?
Better a small fish than an empty dish,tốt hơn một con cá nhỏ hơn một món ăn trống
Your captain is speaking at this moment.,Đội trưởng của quý vị đang nói vào lúc này.
The long wait made them feel fatigued.,Việc chờ đợi lâu khiến họ cảm thấy mệt mỏi.
Stop sucking up to the teacher,ngừng hút giáo viên
Our school has adopted a new teaching method,trường chúng tôi đã áp dụng một phương pháp giảng dạy mới
We have no idea what Tom did with it.,chúng tôi không biết tom đã làm gì với nó.
Tom isn't like that,tom không như thế
Tom won't have any part of it.,Tom sẽ không có bất kỳ phần nào của nó.
They're exploring the tourist spots in Kyoto.,Họ đang khám phá các điểm du lịch ở Kyoto.
Tom felt his way in the dark,Tom cảm thấy theo cách của mình trong bóng tối
He took the trouble to show me the way to the station.,anh ấy gặp khó khăn để chỉ cho tôi đường đến nhà ga.
I have a sharp pain in my chest,tôi bị đau nhói ở ngực
Mary's smiling face let everyone know that she was happy.,khuôn mặt tươi cười của mary cho mọi người biết rằng cô ấy hạnh phúc.
Is there something more?,còn gì nữa không
You're an inspiration to us all.,bạn là nguồn cảm hứng cho tất cả chúng ta.
Tom is out fishing with Mary.,Tom đang ra ngoài câu cá với mary.
I plucked up the courage and confessed that it was all my fault,tôi lấy hết can đảm và thú nhận rằng tất cả là lỗi của tôi
I can see I've lost you.,tôi có thể thấy tôi đã mất bạn
He's smart and ambitious,anh ấy thông minh và tham vọng
I wish I could understand you better,tôi ước tôi có thể hiểu bạn hơn
I suggest we be frank with Tom.,Tôi đề nghị chúng ta nên thẳng thắn với Tom.
Don't stay underwater.,đừng ở dưới nước.
"Clean your room, please.",làm sạch phòng của bạn
That night was the absolute worst I've ever experienced.,Đêm đó là đêm tồi tệ nhất mà tôi từng trải qua.
It's clear Tom and Mary are meant to be together.,Rõ ràng Tom và Mary sinh ra là để dành cho nhau.
Everything we possess is the result of our strenuous efforts.,Tất cả những gì chúng tôi có được là kết quả của những nỗ lực không ngừng nghỉ.
I've read the report,tôi đã đọc báo cáo
"If you haven't driven a bike yet, you should give it a shot.","nếu bạn chưa lái xe đạp, bạn nên thử."
Can you direct me to where I can find it?,Bạn có thể chỉ tôi nơi tôi có thể tìm thấy nó không?
He told everyone.,Anh nói với mọi người.
I don't want to be shot.,tôi không muốn bị bắn.
You're our guests.,là khách của chúng tôi
"When I was young, my father often talked to me about the Golden Pavilion","Khi tôi còn nhỏ, cha tôi thường nói chuyện với tôi về gian hàng vàng"
He is trying to quit smoking.,anh ấy đang cố gắng bỏ hút thuốc
Who do you think would be the best person for the job?,bạn nghĩ ai sẽ là người tốt nhất cho công việc?
"Tom squeezed the trigger, but the gun didn't fire.","Tom bóp cò, nhưng khẩu súng không nổ."
What caused you to be so upset with him?,Điều gì đã khiến bạn bực bội với anh ấy đến thế?
"That's the real reason Tom ran away from home, isn't it?","Đó là lý do thực sự khiến tom bỏ nhà ra đi, phải không?"
The box is empty.,Cái hộp rỗng.
Take a moment to imagine what the polar bear's environment is like,hãy dành một chút thời gian để tưởng tượng môi trường của gấu Bắc cực là như thế nào
I'm delighted our paths crossed.,Tôi rất vui vì chúng ta đã gặp nhau.
I thought you gave Tom your old jacket,tôi nghĩ bạn đã cho tom chiếc áo khoác cũ của bạn
Is that law still in force?,luật đó có còn hiệu lực không?
I am capable of ripping you to shreds using only my hands.,Tôi có khả năng xé nát bạn chỉ bằng tay không.
I'll need time to ponder on that.,Tôi sẽ cần thời gian để suy ngẫm về việc đó.
Tom asked Mary how long she could wait,Tom hỏi mary cô ấy có thể đợi bao lâu
Is this for real?,điều này là thật?
You're not obliged to labor strenuously when you're tired.,Bạn không bắt buộc phải làm việc vất vả khi bạn mệt mỏi.
It's very cold now,bây giờ trời rất lạnh
I'm lonely.,tôi thật cô đơn.
Have you received Tom's invitation?,bạn đã nhận được lời mời của tom chưa?
The conference continued till 5 o'clock,Hội nghị tiếp tục đến 5 giờ
I'll ensure you get a fair deal.,Tôi sẽ đảm bảo bạn nhận được một giao dịch công bằng.
I heard Tom was mugged,tôi nghe nói tom đã bị lừa
I don't want any distractions.,tôi không muốn bất kỳ phiền nhiễu.
That boy is full of vigor.,Cậu bé đó tràn đầy sức sống.
Each one of us is extraordinary.,Mỗi người trong chúng ta đều phi thường.
She's too loud.,cô ấy quá to
He put his hand to his mouth.,Anh ấy đưa tay lên miệng.
I'm not used to dealing with people like Tom,tôi không quen giao tiếp với những người như tom
What makes it so unique?,Điều gì làm cho nó rất độc đáo?
I am very fond of my hometown.,Tôi rất yêu thích quê hương của mình.
Yumi is leaving for Osaka the day after tomorrow,yumi sẽ rời osaka vào ngày mai
I climbed to the top of Mt. Fuji.,tôi leo lên đỉnh mt. fuji.
Tom and I recognized each other even though we hadn't seen each other for years,tom và tôi nhận ra nhau mặc dù chúng tôi đã không gặp nhau trong nhiều năm
Tom felt dizzy.,Tom cảm thấy choáng váng.
He was compelled to nourish his large kin.,Anh ấy bị buộc phải nuôi sống đại gia đình của mình.
These shoes are too big for me.,những đôi giày này quá lớn đối với tôi
Is eating a clove of garlic every day beneficial to your health?,Ăn một tép tỏi mỗi ngày có lợi cho sức khỏe của bạn không?
I'd completely forgotten your talent for golf.,Tôi đã hoàn toàn quên mất tài năng chơi golf của bạn.
I feel happier than I've ever felt before.,tôi cảm thấy hạnh phúc hơn tôi từng cảm thấy trước đây.
I wish I'd been there,tôi ước tôi đã ở đó
The entitlement provided by this ticket lasts for two days from the moment it's bought.,Quyền lợi mà vé này cung cấp có giá trị trong hai ngày kể từ thời điểm mua.
Tom has been sent back to his house by me.,Tom đã được tôi gửi về nhà.
"Come on, I'll give you a ride home","Thôi nào, tôi sẽ cho bạn một chuyến đi về nhà"
Tom cried during his son's graduation.,Tom đã khóc khi tốt nghiệp con trai mình.
We are in the black this month,chúng tôi đang ở trong màu đen trong tháng này
Tom arrived much later than expected.,Tom đã đến muộn hơn nhiều so với dự kiến.
Where can I meet Tom?,tôi có thể gặp tom ở đâu?
It was wrong of Tom to borrow Mary's car.,Tom đã sai khi mượn xe của Mary.
Tom is better.,tom là tốt hơn
Father came home about ten minutes ago.,cha về nhà khoảng mười phút trước.
I have no books to read,tôi không có sách để đọc
No student was able to answer the question.,không học sinh nào có thể trả lời câu hỏi
Don't ask me so many questions. Use your head.,đừng hỏi tôi quá nhiều câu hỏi sử dụng đầu của bạn.
He always treats me like a child.,anh ấy luôn đối xử với tôi như một đứa trẻ
She came in quietly so she wouldn't wake up the baby,Cô lặng lẽ đi vào để cô không đánh thức đứa bé
You can't have left it at the airport.,bạn không thể để nó ở sân bay.
Keep your eyes closed.,Giữ mắt bạn nhắm lại.
I know Tom is innocent.,tôi biết tom là vô tội.
We are unable to take that gamble.,Chúng ta không thể đánh cược điều đó.
I figured we should give it a shot.,Tôi nghĩ chúng ta nên thử một lần.
The bad weather delayed the plane,thời tiết xấu làm máy bay trì hoãn
Mary confirmed she would attend to her schoolwork.,Mary đã xác nhận cô ấy sẽ làm bài tập ở trường.
It's been ages since he last corresponded with them by letter.,Đã rất lâu rồi anh ấy không viết thư cho họ.
I told her once and for all that I wouldn't go shopping with her,tôi đã nói với cô ấy một lần và mãi mãi rằng tôi sẽ không đi mua sắm với cô ấy
Tom says that he didn't study at all for the test.,Tom nói rằng anh ấy đã không học bài kiểm tra nào cả.
This is the first time I've killed a mouse,đây là lần đầu tiên tôi giết một con chuột
I lost the watch,tôi bị mất đồng hồ
Adams was an intelligent man,adams là một người đàn ông thông minh
I believe I asked you to ensure the door remained closed.,Tôi tin rằng tôi đã yêu cầu bạn đảm bảo cửa luôn đóng.
The car was where I was when I awoke.,Chiếc xe là nơi tôi ở khi tôi thức dậy.
I was in New York when it happened.,tôi đã ở new york khi nó xảy ra.
I'll arrange for Tom to bring you food.,Tôi sẽ sắp xếp để Tom mang đồ ăn cho bạn.
What do you say to eating out tonight?,Bạn nói gì khi đi ăn tối nay?
Where is his workplace situated?,Nơi làm việc của anh ấy nằm ở đâu?
I'm freaking out,tôi đang bối rối
When will you be ready to go?,khi nào bạn sẽ sẵn sàng để đi
I'm glad you could come to the party,tôi rất vui vì bạn có thể đến bữa tiệc
Drop by my office any time.,ghé qua văn phòng của tôi bất cứ lúc nào
She likes going to the library.,cô ấy thích đến thư viện
The reality hasn't been revealed to her.,Thực tế vẫn chưa được tiết lộ cho cô ấy.
Tokyo is where my brother makes his home.,Tokyo là nơi anh trai tôi sinh sống.
I can't explain anything,tôi không thể giải thích bất cứ điều gì
Assistance was necessary for Tom to file his taxes.,Tom cần sự giúp đỡ để nộp thuế.
Do you have any French wine?,bạn có rượu vang Pháp không
You may choose whichever you want.,bạn có thể chọn bất cứ điều gì bạn muốn.
All these people are known to you.,Tất cả những người này đều được bạn biết đến.
I thought as much,Tôi nghĩ rằng càng nhiều
I am an entrepreneur.,tôi là một doanh nhân
He's giving it a go,anh ấy cho nó đi
Tom told the police that Mary was missing.,tom nói với cảnh sát rằng mary bị mất tích.
It looks like this TV series is quite amusing.,Có vẻ như loạt phim truyền hình này khá giải trí.
I'm so inebriated that I can hardly stand.,Tôi say đến mức khó có thể đứng vững.
Babies often fall down,em bé thường ngã
I decided to be a doctor.,tôi quyết định làm bác sĩ
I want Tom out of my life,tôi muốn tom ra khỏi cuộc sống của tôi
Waseda tied Keio in yesterday's game.,waseda gắn keio trong trò chơi ngày hôm qua.
Didn't you see the musical?,bạn không xem nhạc kịch à?
This is an extremely serious matter,đây là một vấn đề cực kỳ nghiêm trọng
We'll find this instrument quite helpful throughout our travels.,Chúng ta sẽ thấy công cụ này khá hữu ích trong suốt chuyến đi.
She answered my letter soon,cô ấy đã trả lời thư của tôi sớm
We don't want them to decrease our paycheck.,chúng tôi không muốn họ giảm tiền lương của chúng tôi.
Greece has many islands.,Hy Lạp có nhiều đảo.
Tom didn't say anything about you coming by.,Tom đã không nói bất cứ điều gì về bạn đi qua.
She did not walk to the gym.,cô không đi bộ đến phòng tập thể dục.
"Perseverance is, among other things, necessary for success",sự kiên trì là một trong những điều cần thiết để thành công
Do you have any baggage that requires checking?,Bạn có hành lý nào cần kiểm tra không?
We help Tom.,chúng tôi giúp tom.
I'm obliged to exit this location early tomorrow.,Tôi buộc phải rời khỏi địa điểm này sớm vào ngày mai.
I'm glad we're together now.,Tôi rất vui vì bây giờ chúng ta cùng nhau.
What's keeping Tom busy in that spot?,Điều gì đang khiến Tom bận rộn ở chỗ đó?
I think what Tom is doing is great,tôi nghĩ những gì tom đang làm là tuyệt vời
He is not running in the coming election.,ông không tham gia cuộc bầu cử sắp tới.
I sense Tom is here.,Tôi cảm nhận được Tom đang ở đây.
It's our secret.,nó là bí mật của chúng ta.
What's your weekly school attendance?,Lịch học hàng tuần của bạn thế nào?
Calm down. I will manage that.,Bình tĩnh đi. Tôi sẽ quản lý việc đó.
They say that Isabela died.,họ nói rằng isabela đã chết.
Which team will win?,Đội nào sẽ thắng?
His words brought silence to the room.,Lời nói của anh ấy đã mang lại sự im lặng cho căn phòng.
Use your dictionary to check the definitions of the new words.,Sử dụng từ điển của bạn để kiểm tra định nghĩa của các từ mới.
At the moment they think that the accident is due to his carelessness.,tại thời điểm họ nghĩ rằng tai nạn là do sự bất cẩn của anh ấy.
Tom finished the work without any difficulty.,tom hoàn thành công việc mà không gặp khó khăn gì.
Is this a coincidence?,Đây có phải là một sự trùng hợp?
These socks don't stretch when you wash them.,những đôi tất không kéo dài khi bạn giặt chúng.
We're still not allowed to enter,chúng tôi vẫn không được phép vào
The man gave no heed to her loud protest.,người đàn ông không chú ý đến sự phản kháng lớn của cô.
Is photography permitted in this area?,Chụp ảnh có được phép ở khu vực này không?
I only did my duty,tôi chỉ làm nhiệm vụ của mình
I would rather study than play today.,Tôi thà học hơn là chơi hôm nay.
The factory sustained a large number of enemy bomb attacks.,Nhà máy phải chịu nhiều cuộc tấn công bằng bom của kẻ thù.
I'm already hungry,tôi đã đói
Form a circle on the floor surface.,Tạo một hình tròn trên bề mặt sàn.
The identical answers from Tom and Mary on the test made the teacher question them.,Những câu trả lời giống hệt nhau của Tom và Mary trong bài kiểm tra đã khiến giáo viên nghi ngờ họ.
His theatrical work was a great success.,Vở kịch của anh ấy đã thành công vang dội.
Put on some decent clothes.,mặc một số quần áo đàng hoàng.
Tom was deeply engrossed in his contemplations.,Tom đang chìm sâu vào những suy tư của mình.
He continued to mock me.,Anh tiếp tục chế giễu tôi.
It's really windy today.,hôm nay trời rất gió.
It's important for you to resist that habit.,Điều quan trọng là bạn phải chống lại thói quen đó.
Are these Tom's notes?,những ghi chú của tom?
Table manners vary from one country to another,cách cư xử bàn khác nhau từ nước này sang nước khác
I'm tired of waiting for things to happen.,Tôi mệt mỏi vì chờ đợi mọi thứ xảy ra.
"When he would not give them higher pay, they went on strike.","khi anh ta không cho họ lương cao hơn, họ đã đình công."
He's a meth addict.,Anh ấy là một người nghiện meth.
The coal is igniting within the stove.,Than đang cháy lên trong bếp.
We're going to need a lawyer,chúng ta sẽ cần một luật sư
Each individual possesses unique qualities.,Mỗi cá nhân đều sở hữu những phẩm chất độc đáo.
I was wondering when you'd show up,tôi đã tự hỏi khi bạn xuất hiện
The man next door said he goes for a jog every morning.,Người đàn ông bên cạnh nói anh ta đi chạy bộ mỗi sáng.
The costs are steady recently.,Chi phí gần đây ổn định.
The modem was built into the computer,modem được tích hợp vào máy tính
"Christmas is soon, isn't it?",Giáng sinh đến sớm phải không?
The most significant entitlements in an open society are those of the individual.,Các quyền lợi quan trọng nhất trong một xã hội mở là của cá nhân.
Please give me a second chance.,xin vui lòng cho tôi một cơ hội thứ hai.
My routine involves hunting on most days.,Thói quen của tôi bao gồm việc săn bắn vào hầu hết các ngày.
He struck it rich by publishing a best-selling novel.,Ông ấy đã phát tài nhờ xuất bản một cuốn tiểu thuyết bán chạy nhất.
A long while has passed since he last wrote them a letter.,Đã một thời gian dài trôi qua kể từ lần cuối anh ấy viết thư cho họ.
"You're feeling very sleepy, aren't you?",bạn đang cảm thấy rất buồn ngủ phải không?
I'm going to keep my distance from her for a while.,Tôi sẽ giữ khoảng cách với cô ấy một lúc.
You taught me a lot.,bạn đã dạy tôi rất nhiều
The oranges cost 7 pence each.,cam có giá 7 pence mỗi quả.
You're showing a lack of caution.,Bạn đang thể hiện sự thiếu thận trọng.
Is there somebody sitting in this seat here?,Có ai ngồi ở chỗ này không?
The evening news was being read by Tom as he sat on the porch.,Tom đang đọc tin tức buổi tối khi anh ấy ngồi trên hiên.
I got bored with his long talk,tôi đã chán với cuộc nói chuyện dài của anh ấy
Would you mind telling me what happened?,bạn có phiền nói cho tôi biết chuyện gì đã xảy ra không?
Tom handed Mary a twenty-dollar bill.,tom đưa cho mary một hóa đơn hai mươi đô la.
I don't understand what happened,tôi không hiểu chuyện gì đã xảy ra
He talked about himself,anh ấy đã nói về bản thân mình
Her mother's features are not strongly reflected in Mary.,Các nét của mẹ cô ấy không được thể hiện rõ ràng trên Mary.
She paid seven percent interest on the loan.,cô đã trả bảy phần trăm tiền lãi cho khoản vay.
Tom wasn't paying attention to the teacher,tom đã không chú ý đến giáo viên
I thought you might want to read this.,Tôi nghĩ bạn có thể muốn đọc nó.
I'm claustrophobic.,Tôi đang bị ngột ngạt.
Don't look so surprised,đừng nhìn quá ngạc nhiên
Please explain it,hãy giải thích nó
Tom won't be here that long,Tom sẽ không ở đây lâu đâu
She cast her gaze over the rooms.,Cô ấy đảo mắt nhìn khắp các căn phòng.
I am very interested in French.,tôi rất quan tâm đến tiếng Pháp
Tom is growing a beard again,tom đang mọc râu một lần nữa
Who does she get that from?,cô ấy nhận được điều đó từ ai?
Stay in your room.,ở trong phòng của bạn
Tom soon caught up with Mary,tom sớm bắt kịp với mary
"Observe your cat carefully. If you do so, you'll get to know your cat well","quan sát con mèo của bạn một cách cẩn thận. nếu bạn làm như vậy, bạn sẽ hiểu rõ về con mèo của bạn"
That play was an immense success.,vở kịch đó là một thành công to lớn.
I'm interested in history,tôi quan tâm đến lịch sử
We can't make Tom do something he doesn't want to do,chúng ta không thể bắt tom làm điều gì đó mà anh ấy không muốn làm
This puzzle will be completed by tomorrow.,Câu đố này sẽ được hoàn thành vào ngày mai.
The number of students in the class is limited to fifteen.,số lượng học sinh trong lớp được giới hạn trong mười lăm.
New facts have been brought to light.,sự thật mới đã được đưa ra ánh sáng.
Tom kept silent all day long,tom im lặng suốt ngày
My son can neither read nor write yet,con trai tôi không thể đọc và viết
What Tom saw made him unhappy.,những gì tom nhìn thấy làm anh không vui.
I thought I'd informed you to keep the door from opening.,Tôi nghĩ tôi đã thông báo cho bạn hãy giữ cửa không mở.
You give the impression of being in good spirits.,Bạn tạo ấn tượng là đang có tinh thần tốt.
Is there somebody you want to talk to?,có ai đó bạn muốn nói chuyện không?
Tom wasn't aware of Mary's extreme fatigue.,Tom không biết Mary mệt mỏi đến mức nào.
The validity of this ticket extends for two days following its purchase.,Hiệu lực của vé này kéo dài trong hai ngày sau khi mua.
He walked out of the room.,Anh ấy đi ra khỏi phòng.
Please take your seat,xin mời ngồi
You're lucky Tom didn't hit you.,bạn thật may mắn khi tom không đánh bạn.
I just don't want to be Tom's wife,tôi chỉ không muốn làm vợ của tom
What you want and what you need are two different things.,những gì bạn muốn và những gì bạn cần là hai điều khác nhau.
The sky suggests rain will fall soon.,Bầu trời cho thấy trời sẽ mưa sớm thôi.
That's exactly what Tom wanted,đó chính xác là những gì tom muốn
Tom is fairly intoxicated at the moment.,Hiện tại Tom đang khá say.
It's unusual.,nó không bình thường
He is utterly captivated by love.,Anh ấy hoàn toàn bị tình yêu mê hoặc.
What's the reason for his intense anger?,Lý do cho cơn giận dữ tột độ của anh ấy là gì?
My city holds a special place in my heart.,Thành phố của tôi chiếm một vị trí đặc biệt trong trái tim tôi.
We're not progressing rapidly.,Chúng tôi không tiến triển nhanh chóng.
We named the dog Pochi,chúng tôi đặt tên cho con chó pochi
He's expected to be back in a little while.,Anh ấy dự kiến sẽ quay về trong chốc lát.
A stitch in time saves nine.,một khâu trong thời gian tiết kiệm chín.
You've got me.,bạn đã có tôi
It has been a long time since we visited that city,đã lâu lắm rồi chúng tôi không đến thăm thành phố đó
The total loss was two million dollars.,Tổng thiệt hại là hai triệu đô la.
You should try to break free from that pattern.,Bạn nên cố gắng thoát khỏi cái kiểu hành vi đó.
Tom didn't tell me.,Tom đã không nói với tôi.
I love the sound of rain falling.,Tôi yêu tiếng mưa rơi.
I don't want them to hurt Tom,tôi không muốn họ làm tổn thương tom
My car is red.,Xe của tôi màu đỏ.
I have to get something,tôi phải lấy một cái gì đó
I don't know who you want to meet.,tôi không biết bạn muốn gặp ai
Spring comes between winter and summer.,mùa xuân đến giữa mùa đông và mùa hè.
The master praised the slave,ông chủ ca ngợi nô lệ
She knows she does not have any other choices.,cô ấy biết mình không có lựa chọn nào khác.
Tom let me know you'd be at this location.,Tom đã cho tôi biết bạn sẽ ở địa điểm này.
That book was so boring that I couldn't finish it.,cuốn sách đó chán đến nỗi tôi không thể hoàn thành nó.
Tom and Mary were plotting to kill Tom's father for the life insurance.,tom và mary đã âm mưu giết cha của tom để mua bảo hiểm nhân thọ.
It was a truly lovely visit for us.,Đó là một chuyến thăm thực sự đáng yêu đối với chúng tôi.
How many CDs do you have?,bạn có bao nhiêu đĩa CD?
Many people think that children don't spend enough time playing outside,Nhiều người nghĩ rằng trẻ em không dành đủ thời gian chơi bên ngoài
Are you the owner of this car?,Bạn có phải là chủ sở hữu của chiếc xe này không?
Share the details of your project with me.,Hãy chia sẻ chi tiết dự án của bạn với tôi.
"To our great surprise, she held her breath for three minutes","trước sự ngạc nhiên to lớn của chúng tôi, cô nín thở trong ba phút"
Finland is on the map,Finland là trên bản đồ
I heard everything,tôi đã nghe thấy tất cả
You have to come with us,bạn phải đến với chúng tôi
I've consumed excessive alcohol and am struggling to walk.,Tôi đã uống quá nhiều rượu và đang vật lộn để đi bộ.
We can't see it.,chúng ta không thể nhìn thấy nó.
I told Tom to wait in the car,tôi bảo tom đợi trong xe
Please scan these documents promptly.,Vui lòng quét qua các tài liệu này một cách nhanh chóng.
They crossed over the bridge.,họ băng qua cầu.
I should get ready,tôi nên sẵn sàng
"I'm very sorry, but I seem to have lost your umbrella.","Tôi rất xin lỗi, nhưng tôi dường như đã mất chiếc ô của bạn."
I thought you said you studied all night.,Tôi nghĩ bạn nói rằng bạn học cả đêm.
Tom wants updates.,tom muốn cập nhật.
"Starting tomorrow, we'll stay open until 9:00 p.m","bắt đầu từ ngày mai, chúng tôi sẽ mở cửa đến 9:00 tối"
Something was wrong.,có cái gì đó không đúng.
What is the target of this maritime journey?,Mục tiêu của chuyến hải trình này là gì?
I had anticipated Tom's presence here.,Tôi đã dự đoán Tom sẽ có mặt ở đây.
We're all hungry,chúng tôi đều đói
Soccer is very popular among Japanese students,bóng đá rất phổ biến trong sinh viên Nhật Bản
My neighbors say they're going on a family trip to Hokkaido,hàng xóm của tôi nói rằng họ đang đi du lịch gia đình đến hokkaido
What's problematic is that a few of our accounts payable remain unsettled.,Điều đáng lo ngại là một vài khoản phải trả của chúng tôi vẫn chưa được thanh toán.
Nothing unusual happened during our trip,không có gì bất thường xảy ra trong chuyến đi của chúng tôi
Can we not talk about it here?,chúng ta không thể nói về nó ở đây?
I could have suffered the same fate as Tom.,Tôi cũng có thể gặp phải số phận tương tự như Tom.
That's plenty,thật nhiều
Would you like me to stay here until you arrive?,Bạn có muốn tôi ở lại đây cho đến khi bạn đến không?
Tom has gone mad,tom đã phát điên
How on earth did Tom persuade you into this?,Tom đã thuyết phục bạn tham gia vào việc này bằng cách nào chứ?
What's going on here?,Chuyện gì đang xảy ra ở đây vậy?
"If you have any questions, don't hesitate to ask","nếu bạn có bất kỳ câu hỏi nào, đừng ngần ngại hỏi"
Better luck next time.,chúc may mắn lần sau.
He's too smart to do something that stupid.,Anh ấy quá thông minh để làm điều gì đó ngu ngốc.
That's what you said last time.,đó là những gì bạn nói lần trước
You ought to schedule an eye test.,Bạn nên đặt lịch kiểm tra mắt.
I'll see if Tom is up,tôi sẽ xem nếu tom lên
"With first base open, he walked the batter","Với cơ sở đầu tiên mở, anh đi bộ"
I was greeted by her with a delightful grin.,Tôi được cô ấy chào đón bằng một nụ cười rạng rỡ.
I'm very happy,Tôi rất hạnh phúc
There is a little wine left in the bottom of the glass.,Có một ít rượu còn lại trong đáy ly.
My boss feels I'm unqualified for the work.,Ông chủ của tôi cảm thấy tôi không đủ tiêu chuẩn cho công việc.
I've been swamped with work.,Tôi đã ngập đầu trong công việc.
I'm sure you'll tell me what I want to know,tôi chắc chắn bạn sẽ cho tôi biết những gì tôi muốn biết
He'll succeed for sure,chắc chắn anh ấy sẽ thành công
She switched off the illumination.,Cô ấy tắt đèn chiếu sáng.
Long hairstyles are considered old-fashioned.,Các kiểu tóc dài bị coi là lỗi thời.
Please clarify it with additional specifics.,Vui lòng làm rõ nó với các chi tiết bổ sung.
I heard a rooster crow and knew I'd soon have to get out of bed.,tôi nghe thấy một con gà trống gáy và biết rằng tôi sẽ sớm phải ra khỏi giường.
She's currently facing a hazardous situation.,Cô ấy hiện đang đối mặt với một tình huống nguy hiểm.
Don't lose heart.,đừng mất lòng.
I was calm until I saw the syringe,tôi đã bình tĩnh cho đến khi tôi nhìn thấy ống tiêm
I'll be happy to work with you.,Tôi sẽ rất vui khi được làm việc với bạn.
She hasn't learned the reality of the situation.,Cô ấy chưa biết sự thật của tình hình.
Is he American?,là ông người Mỹ?
We were all so happy.,chúng tôi đều rất hạnh phúc
Tom showed up way past the agreed time.,Tom đã xuất hiện muộn hơn nhiều so với thời gian đã hẹn.
Tom always asks for my opinion.,tom luôn hỏi ý kiến của tôi
I experienced Kyoto twice.,Tôi đã trải nghiệm Kyoto hai lần.
Tom pushed the plug into the socket,tom đẩy phích cắm vào ổ cắm
Tom would like to ask you a couple questions,tom muốn hỏi bạn một vài câu hỏi
My belief is that Tom would share my opinion.,Tôi tin rằng Tom sẽ có cùng quan điểm với tôi.
What's before us?,Cái gì đang ở trước mặt chúng ta vậy?
The movie was so dull that the audience left one by one.,bộ phim buồn tẻ đến nỗi khán giả bỏ lại từng người một.
This lid is so tight I can't open it.,cái nắp này quá chặt tôi không thể mở được.
Boston is not yet Tom's place of residence.,Boston chưa phải là nơi Tom sinh sống.
Don't let your ice cream melt.,đừng để kem của bạn tan chảy
Please buy a few apples,vui lòng mua một vài quả táo
I suggested Tom remain indoors once night fell.,Tôi đã gợi ý Tom nên ở trong nhà khi màn đêm buông xuống.
Does Tom look like he's busy?,Tom có vẻ như đang bận không?
I showed my wife how to operate a car.,Tôi đã chỉ cho vợ tôi cách lái xe ô tô.
I am pretty sure,tôi khá chắc chắn
Mahjong tiles are very beautiful.,gạch mạt chược rất đẹp.
It's terribly cold. I think I'm going to catch a cold,trời lạnh quá. tôi nghĩ rằng tôi sẽ bị cảm lạnh
Please don't say anything embarrassing.,xin đừng nói gì xấu hổ.
I will abolish capital punishment.,tôi sẽ bãi bỏ hình phạt tử hình.
No need to fret. I'll handle it.,Không cần phải lo lắng. Tôi sẽ lo liệu chuyện đó.
Why is he so furious?,Tại sao anh ấy lại giận dữ đến thế?
My expectation was that they wouldn't show up.,Kỳ vọng của tôi là họ sẽ không xuất hiện.
Does your dog bark at Tom?,con chó của bạn sủa tại tom?
Thirty dollars were placed on the table by Tom.,Ba mươi đô la đã được Tom đặt lên bàn.
Tom tried to go back to sleep.,Tom cố gắng đi ngủ lại.
She wears beautiful clothes,cô ấy mặc quần áo đẹp
I decided it was a good idea.,tôi quyết định đó là một ý tưởng tốt
They really know how to throw a party!,họ thực sự biết làm thế nào để ném một bữa tiệc!
Tom and Mary need this.,tom và mary cần điều này.
We're still somewhat unsure about the events.,Chúng tôi vẫn còn hơi không chắc chắn về các sự kiện.
My rent has gone up,tiền thuê nhà của tôi đã tăng lên
The amount was below fifty dollars.,Số tiền đó dưới năm mươi đô la.
Your height is the same as my sister's.,Chiều cao của bạn bằng với chị tôi.
Let's rent bicycles over there,hãy thuê xe đạp ở đằng kia
Mark your name on this line.,Đánh dấu tên của bạn vào dòng này.
Shall we go watch a movie together?,Chúng ta đi xem phim cùng nhau nhé?
Tom turned on the light and walked in,tom bật đèn và bước vào
I performed the whole task without any help.,Tôi đã tự mình thực hiện toàn bộ công việc mà không cần giúp đỡ.
Your mother must have been beautiful when she was young,Mẹ của bạn phải đẹp khi còn trẻ
Did you hear your name called?,bạn có nghe tên bạn được gọi không?
It's heartless of him to utter such remarks to her.,Anh ấy thật nhẫn tâm khi thốt ra những lời nhận xét như vậy với cô ấy.
In what place did you spend your formative years?,Bạn đã trải qua những năm tháng hình thành nhân cách ở nơi nào?
They're sightseeing in Kyoto.,Họ đang đi ngắm cảnh ở Kyoto.
I know better than to do a thing like that,tôi biết tốt hơn là làm một việc như thế
It's a mystery to all what exactly is unfolding.,Đó là một bí ẩn đối với tất cả những gì đang diễn ra.
This house has six rooms.,Ngôi nhà này có sáu phòng.
The text needs to be translated into Belarusian.,văn bản cần được dịch sang tiếng Caribê.
"After his wife died, he lived for quite a few more years.","Sau khi vợ mất, anh ta sống thêm vài năm nữa."
"My father rarely, if ever, goes out on Sundays","cha tôi hiếm khi, nếu có, đi ra ngoài vào chủ nhật"
Unfortunately the store was closed.,tiếc là cửa hàng đã đóng cửa.
Tom is starting to worry,tom đang bắt đầu lo lắng
Tom arrived much behind schedule.,Tom đã đến muộn hơn nhiều so với dự kiến.
Tom couldn't figure out what Mary really wanted.,tom không thể tìm ra những gì mary thực sự muốn.
Is it true you acquired a new car?,Có đúng là bạn đã mua một chiếc xe mới không?
Tom reached for Mary's hand,Tom với tay của mary
They have been here for an hour,họ đã ở đây được một giờ
I gave him some advice,tôi đã cho anh ấy một lời khuyên
I need to find batteries.,Tôi cần tìm pin.
Refrain from asking anything. Just absorb what I'm about to tell you.,Đừng hỏi gì cả. Chỉ cần tiếp thu những gì tôi sắp nói với bạn.
"Support Tom, won't you?",Giúp đỡ Tom nhé?
It was his duty to provide for his large family.,Đó là nhiệm vụ của anh ấy để chu cấp cho gia đình lớn của mình.
"I'm glad to meet you, too.",tôi rất vui khi được gặp bạn.
I should know by now not to ask Tom for help.,Tôi nên biết bây giờ không yêu cầu tom giúp đỡ.
"If I knew where Tom was, I'd tell you.","nếu tôi biết tom ở đâu, tôi sẽ nói với bạn."
She wore a sweater that she'd knitted herself.,Cô ấy mặc một chiếc áo len mà cô ấy tự đan.
Tom was the only one without enough money for the trip.,Tom là người duy nhất không có đủ tiền cho chuyến đi.
English is what I'm learning right now.,Tiếng Anh là thứ tôi đang học ngay bây giờ.
I hope Tom achieves happiness.,Tôi hy vọng Tom đạt được hạnh phúc.
Make sure Tom is told everything we'd like him to know.,Hãy đảm bảo Tom được biết mọi điều chúng tôi muốn anh ấy biết.
Did Tom know?,Tom có biết không?
That car salesman was a pretty off the wall kind of guy.,nhân viên bán xe hơi đó là một chàng trai tốt bụng.
Tom and Mary quickly developed a close friendship.,Tom và Mary nhanh chóng phát triển tình bạn thân thiết.
Tom looked back to check on the events unfolding behind him.,Tom ngoảnh lại để kiểm tra những gì đang diễn ra phía sau anh ấy.
People should understand that the world is changing.,mọi người nên hiểu rằng thế giới đang thay đổi
He's too sensible to go to that spot on his own.,Anh ấy quá khôn ngoan để đến địa điểm đó một mình.
Tom agreed with Mary,tom đồng ý với mary
Statistics show that very few people live to be a hundred.,thống kê cho thấy rất ít người sống được một trăm.
Tom declined to be interviewed.,tom từ chối để được phỏng vấn.
I want to get a job that mixes work and play,tôi muốn có một công việc kết hợp giữa làm việc và vui chơi
I looked around me,tôi nhìn xung quanh tôi
I knew you'd help me.,tôi biết bạn sẽ giúp tôi.
"The bigger they come, the harder they fall","họ càng lớn, họ càng khó ngã"
Her father dedicated his life to science,Cha cô dành cả cuộc đời cho khoa học
The store will be closed tomorrow,cửa hàng sẽ đóng cửa vào ngày mai
Do you see Tom as someone without integrity?,Bạn có coi Tom là người thiếu chính trực không?
It's been pretty rough going these days.,Mọi việc gần đây khá vất vả.
We lack complete understanding of what took place.,Chúng tôi thiếu sự hiểu biết hoàn toàn về những gì đã diễn ra.
Tom was up late last night studying,tom thức khuya học bài
Raise your hand if you have a question,giơ tay nếu bạn có câu hỏi
"If it isn't broken, don't fix it.","Nếu nó không bị hỏng, đừng sửa nó."
It was a perfect fit.,Nó là một sự kết hợp hoàn hảo.
Tom's mouth was hidden by his hand.,Miệng của Tom được che bằng tay anh ấy.
I haven't broken any laws.,Tôi đã không vi phạm bất kỳ luật.
Tom was extraordinary,tom thật phi thường
Tom may have missed the train. He hasn't come yet.,tom có thể đã lỡ tàu. Anh chưa đến.
Bob missed the last train and had to take a taxi.,bob đã lỡ chuyến tàu cuối cùng và phải đi taxi.
Is there anyone waiting for us?,Có ai đợi chúng tôi không?
The two countries will negotiate a settlement to the crisis.,hai nước sẽ đàm phán giải quyết cuộc khủng hoảng.
My return to Boston is scheduled for October.,Lịch trở lại Boston của tôi là vào tháng Mười.
What will become of his children after his death?,Những gì sẽ trở thành của con mình sau khi chết?
I anticipated trouble,tôi đã lường trước sự cố
I seem to remember the procedure for accomplishing that.,Tôi dường như nhớ quy trình để hoàn thành việc đó.
The circumstances are deteriorating steadily.,Tình hình đang xấu đi đều đặn.
I want to talk with Tom.,tôi muốn nói chuyện với tom
Who will host the party?,Ai sẽ tổ chức bữa tiệc?
This message is from your captain.,Đây là thông báo từ đội trưởng của quý vị.
Are you in need of help?,bạn đang cần giúp đỡ?
Don't take it personal.,đừng mang nó cá nhân.
He is a good athlete.,Anh ấy là một vận động viên giỏi.
She has a habit of coughing before she speaks.,cô ấy có thói quen ho trước khi nói.
How do you operate this machine?,Làm thế nào để bạn vận hành máy này?
Tom refuses to take orders from Mary.,tom từ chối nhận đơn đặt hàng từ mary.
Either we all go or nobody goes,hoặc tất cả chúng ta đi hoặc không ai đi
The old building was broken down.,tòa nhà cũ đã bị phá vỡ.
My schedule has been quite packed lately.,Lịch trình của tôi gần đây khá bận rộn.
What transpired remains somewhat unclear to us.,Điều gì đã xảy ra vẫn còn hơi mơ hồ đối với chúng tôi.
Natural food will do you good,thực phẩm tự nhiên sẽ làm bạn tốt
Tom helped Mary out of the rowboat.,tom giúp mary ra khỏi thuyền.
Should I buy something?,tôi có nên mua gì không
How is Tom going to help you?,Tom sẽ giúp bạn như thế nào?
I'm good at singing.,tôi hát hay
Tom started to climb the ladder,tom bắt đầu leo lên thang
Sixty percent of Japanese adult males drink alcoholic beverages on a regular basis.,Sáu mươi phần trăm nam giới trưởng thành Nhật Bản uống đồ uống có cồn một cách thường xuyên.
She leaned against his shoulder,cô dựa vào vai anh
Should I make something up?,tôi có nên làm gì không?
Women usually have the gift of gab,phụ nữ thường có món quà của gab
What did your husband give you for your birthday?,Chồng bạn đã tặng gì cho bạn vào ngày sinh nhật?
Shine your shoes before going out.,đánh giày trước khi ra ngoài
He sent her a brief message.,Anh ấy đã gửi cho cô ấy một tin nhắn ngắn.
Mary often hums a tune as she works in the kitchen.,mary thường ngân nga một giai điệu khi cô ấy làm việc trong nhà bếp.
He stammered out a few words.,Anh lắp bắp vài lời.
Tom appears utterly worn out.,Tom trông hoàn toàn kiệt sức.
I take it you have a problem with Tom,"tôi hiểu rồi, bạn có vấn đề với tom"
Did you find something?,bạn đã tìm thấy cái gì?
Morning sunlight pierced through the window pane.,Ánh nắng buổi sáng xuyên qua ô cửa sổ.
Are there any items you wish to place in the hold?,Có món đồ nào bạn muốn đặt vào khoang hành lý không?
She deactivated the lighting.,Cô ấy tắt hệ thống chiếu sáng.
Tom isn't easily fooled.,Tom không dễ bị lừa.
A poem by Keats was recited by her.,Một bài thơ của Keats đã được cô ấy đọc lại.
We leave in three hours.,chúng tôi rời đi trong ba giờ.
Stop wasting time and get back to work.,ngừng lãng phí thời gian và trở lại làm việc.
The coast is clear,bờ biển sạch sẽ
I've been way busier than expected.,Tôi đã bận rộn hơn dự kiến.
I'm so drunk that walking is a real challenge.,Tôi say đến nỗi việc đi lại là một thử thách thực sự.
It's not likely to happen soon.,nó sẽ không xảy ra sớm đâu
It's possible Tom will want to eat after exercising.,Có thể Tom sẽ muốn ăn sau khi tập thể dục.
Tom frequently mentioned Mary in her absence.,Tom thường xuyên nhắc đến Mary khi cô ấy vắng mặt.
Tom will be thrilled.,tom sẽ vui mừng
You can put it anywhere,bạn có thể đặt nó ở bất cứ đâu
I'll go to Tom.,tôi sẽ đi đến tom.
It may rain soon,trời có thể mưa sớm
That is old news,đó là tin cũ
I'm going to watch a scary movie,tôi sẽ xem một bộ phim đáng sợ
"To tell the truth, I had forgotten all about our appointment","nói thật, tôi đã quên tất cả về cuộc hẹn của chúng tôi"
It's essential for everyone to determine their own direction in life.,Điều cần thiết là mọi người phải tự xác định hướng đi của mình trong cuộc sống.
He is licensed as a pharmacist.,ông được cấp phép làm dược sĩ.
Please give me a chance.,Làm ơn cho tôi một cơ hội.
Didn't I instruct you to leave the door shut?,Tôi đã không chỉ thị bạn đóng cửa lại sao?
I need a little help.,tôi cần một chút giúp đỡ
We need to finish the job.,chúng ta cần hoàn thành công việc
President Obama won a second term.,Tổng thống obama đã giành được một nhiệm kỳ thứ hai.
I'm not what I used to be,tôi không phải là những gì tôi từng là
Tom found out what Mary did.,tom tìm ra những gì mary đã làm.
This occurrence shouldn't have surprised me.,Việc này lẽ ra không nên làm tôi ngạc nhiên.
I'm impressed with how well you speak French.,Tôi ấn tượng với cách bạn nói tiếng Pháp tốt.
There has to be a better way to do this.,phải có một cách tốt hơn để làm điều này.
A variety of books are displayed there.,một loạt các cuốn sách được hiển thị ở đó.
Don't give up without a fight.,đừng bỏ cuộc mà không chiến đấu
I'm sorry if I hurt you,Tôi xin lỗi nếu tôi làm tổn thương bạn
Tom considered changing his job,tom xem xét thay đổi công việc của mình
From what place do you hail?,Bạn đến từ nơi nào?
I can't control Tom.,tôi không thể kiểm soát tom.
He has enough sense not to go there by himself.,Anh ấy đủ lý trí để không tự mình đến đó.
We'll change it,chúng tôi sẽ thay đổi nó
I've already performed that action thrice.,Tôi đã thực hiện hành động đó ba lần rồi.
"After dinner, he usually sleeps","Sau bữa tối, anh thường ngủ."
Tom bought a beer for himself,tom mua bia cho mình
I successfully aimed the arrow at the bullseye.,Tôi đã bắn mũi tên trúng hồng tâm.
My offer will be quite attractive financially.,Ưu đãi của tôi sẽ khá hấp dẫn về mặt tài chính.
Tell me something about Tom,cho tôi biết vài điều về tom
This book is designed to teach children how to read,cuốn sách này được thiết kế để dạy trẻ em đọc
This hamburger is inexpensive for a Japanese hamburger,hamburger này là không tốn kém cho một hamburger Nhật Bản
There's something for you on your desk,có cái gì đó cho bạn trên bàn của bạn
We need to be cautious.,Chúng ta cần phải thận trọng.
Tom doesn't love Mary like he used to,Tom không yêu mary như trước đây
Even the mayor breathes dioxin.,ngay cả thị trưởng cũng hít phải chất độc da cam.
We want to prevent any disturbance from occurring.,Chúng tôi muốn ngăn chặn bất kỳ sự xáo trộn nào xảy ra.
They communicate with each other often by mail.,họ liên lạc với nhau thường xuyên qua thư.
Put your signature down here.,Hãy ký tên của bạn xuống đây.
"""Did you complete the report I asked you to write?"" ""No. There was no time.""","""bạn đã hoàn thành báo cáo tôi yêu cầu bạn viết chưa?"" ""không. không có thời gian."""
Tom is right here.,tom ở ngay đây
I'm right behind you,tôi ở ngay đằng sau bạn
I met your parents yesterday,tôi đã gặp bố mẹ của bạn ngày hôm qua
The boy I thought was honest deceived me,cậu bé mà tôi nghĩ là thật lòng đã lừa dối tôi
You'll find the eatery directly opposite the hotel.,Bạn sẽ tìm thấy nhà hàng ngay đối diện khách sạn.
Who's dieting?,Ai đang ăn kiêng?
A few books are resting on the table.,Vài cuốn sách đang nằm trên bàn.
"In the U.S., most people can vote when they reach eighteen years of age.","trong u.s., hầu hết mọi người có thể bỏ phiếu khi họ đủ mười tám tuổi."
Tom recognized the sound.,tom nhận ra âm thanh.
His bag was badly damaged.,Túi của anh bị hư hỏng nặng.
It was not long before they made their appearance,không lâu trước khi họ xuất hiện
This is the main gate to their house,đây là cổng chính vào nhà của họ
Tom earned the admiration of Mary's parents.,Tom đã giành được sự ngưỡng mộ của cha mẹ Mary.
Tom reduced the music's sound.,Tom hạ tiếng nhạc.
He had Mary buy a ticket for him.,Anh ấy nhờ Mary mua vé cho mình.
Do you intend to reappear?,Bạn có ý định xuất hiện lại không?
Artificial light is produced by electricity,ánh sáng nhân tạo được sản xuất bằng điện
Twenty dollars was the price he paid for the lipstick.,Hai mươi đô la là giá anh ấy đã trả cho thỏi son.
The only answer was war,câu trả lời duy nhất là chiến tranh
He possesses honesty.,Anh ấy có sự trung thực.
The cause of the accident is still not clear.,nguyên nhân vụ tai nạn vẫn chưa rõ ràng.
I look on him as my best friend,tôi xem anh ấy như người bạn thân nhất của tôi
Tom reached down to assist Mary to her feet.,tom đưa tay xuống để giúp mary đứng lên.
He showed it to me,anh ấy đã cho tôi xem
This job will mean moving to another city.,công việc này sẽ có nghĩa là di chuyển đến một thành phố khác.
Last night I had a weird dream,đêm qua tôi có một giấc mơ kỳ lạ
She meticulously records every item she buys.,Cô ấy ghi chép cẩn thận từng món đồ cô ấy mua.
How young do you think Tom is?,bạn nghĩ tom thế nào?
Don't put that there. Somebody might trip over it,đừng để nó ở đó ai đó có thể đi qua nó
I sure hope so.,tôi chắc chắn hy vọng như vậy.
I made friends with her.,tôi đã kết bạn với cô ấy
Tom didn't have as much trouble finding a job as he thought he would,Tom không gặp nhiều khó khăn khi tìm việc như anh ta nghĩ
"To tell the truth, I don't like him.","nói thật, tôi không thích anh ấy."
Soldiers are used to danger,binh lính đã quen với nguy hiểm
Are you a typist?,bạn có phải là người đánh máy không?
I can provide it at a reasonable cost.,Tôi có thể cung cấp nó với một chi phí phải chăng.
Tom came to see you.,tom đến gặp bạn
Tom said you like popcorn,tom nói bạn thích bỏng ngô
I know I can trust you,tôi biết tôi có thể tin tưởng bạn
You've got to get out of here,bạn phải ra khỏi đây
The ocean's roar is audible from this hotel accommodation.,Tiếng gầm của đại dương có thể nghe được từ phòng khách sạn này.
Kindly endorse this document right here.,Vui lòng ký xác nhận tài liệu này ngay tại đây.
I felt that.,tôi cảm thấy thế.
Tom and Mary are looking for John,tom và mary đang tìm john
We need some more food.,chúng ta cần thêm thức ăn
There was another problem.,Có một vấn đề khác.
I have a longing to live in a town.,Tôi khao khát được sống ở một thị trấn.
He has a maid.,anh ấy có một người giúp việc
My current activity is studying English.,Hoạt động hiện tại của tôi là học tiếng Anh.
I have to talk to you,Tôi có nói chuyện với bạn
What did Tom forget?,Tom đã quên cái gì?
It's possible Tom will be hungry for some food once his workout is done.,Có khả năng Tom sẽ đói và muốn ăn gì đó sau khi tập luyện xong.
"Instead of watching television, the children played outside.","thay vì xem tivi, bọn trẻ chơi ngoài trời."
Why do you hold such strong resentment towards him?,Tại sao bạn lại có sự oán giận mạnh mẽ như vậy đối với anh ấy?
Keep your nose out of other people's business and focus on yours.,Đừng xen vào chuyện của người khác và tập trung vào việc của bạn.
She persuaded him to do it even though she knew it wasn't a good idea.,Cô đã thuyết phục anh làm điều đó mặc dù cô biết đó không phải là một ý tưởng tốt.
We experimented with that.,Chúng tôi đã thử nghiệm điều đó.
Jeremy is Cory's oldest son.,jeremy là con trai lớn của cory.
Her frame is incredibly delicate and thin.,Vóc dáng của cô ấy vô cùng mảnh mai và gầy gò.
We cannot take that chance.,Chúng ta không thể nắm lấy cơ hội đó.
"Are you in favor of the war, or do you object to it?",Bạn ủng hộ cuộc chiến hay phản đối nó?
He has started to write a novel,anh ấy đã bắt đầu viết một cuốn tiểu thuyết
I tried my best to get them to stop quarreling.,tôi đã cố gắng hết sức để khiến họ ngừng cãi nhau.
We had to learn the poem by heart,chúng tôi đã phải học bài thơ bằng trái tim
I'm pretty sure Tom is the only one who can tell us what we need to know,Tôi khá chắc chắn tom là người duy nhất có thể cho chúng tôi biết những gì chúng tôi cần biết
"If Tom dies, what'll we do?","Nếu tom chết, chúng ta sẽ làm gì?"
Let's discuss it again.,Chúng ta hãy thảo luận lại về nó.
Tom was considerably delayed.,Tom đã bị trì hoãn đáng kể.
There is frost on the grass.,Có sương trên cỏ.
Are you absolutely positive you want to do this?,Bạn hoàn toàn tích cực bạn muốn làm điều này?
I am wiping the shelves,tôi đang lau kệ
Tom pulled out of the parking lot.,tom kéo ra khỏi bãi đậu xe.
They swim with impressive speed.,Chúng bơi với tốc độ ấn tượng.
Can you come pick me up?,bạn có thể đến đón tôi không?
A bench was occupied by Tom and Mary.,Một chiếc ghế dài được Tom và Mary chiếm chỗ.
Look what we've got!,Nhìn xem chúng ta có gì này!
Put your glasses on,đeo kính của bạn vào
I'm not that kind of girl.,Tôi không phải là cô gái như vậy.
I started studying French a few weeks ago.,tôi bắt đầu học tiếng Pháp vài tuần trước.
He emphasized the importance of peace,ông nhấn mạnh tầm quan trọng của hòa bình
Tell Tom we'll be ready,nói với tom chúng tôi sẽ sẵn sàng
What's the reason for his intense anger?,Lý do cho sự tức giận dữ dội của anh ấy là gì?
Graves are where Muslims typically intern their departed.,Mộ là nơi người Hồi giáo thường an táng người đã khuất của họ.
"He gave a ""no"" when I asked him.","Anh ấy đã nói ""không"" khi tôi hỏi anh ấy."
"""Your face is quite soiled!"" he exclaimed.","Mặt bạn khá bẩn!"" anh ấy thốt lên."
She looks exactly the same as she was at school.,cô ấy trông giống hệt như cô ấy ở trường.
Tom plans to hire someone that speaks French.,tom có kế hoạch thuê một người nói tiếng Pháp.
They have no more wine.,họ không còn rượu nữa
You never gave Tom a chance.,bạn không bao giờ cho tom một cơ hội.
Her son meant everything to her.,Con trai cô có ý nghĩa với cô.
It's possible it will be sore.,Có thể nó sẽ đau nhức.
That's remarkable,thật đáng chú ý
That's his weak spot,đó là điểm yếu của anh ấy
I've never met anybody like him.,Tôi chưa bao giờ gặp bất cứ ai như anh ấy.
He was exceptionally careful with it.,Anh ấy đã vô cùng cẩn thận với nó.
I'll offer you a favorable rate.,Tôi sẽ đưa ra cho bạn một mức giá ưu đãi.
Don't despise a man because he is poor,đừng coi thường một người đàn ông vì anh ta nghèo
The smell of roses filled the room,mùi hoa hồng tràn ngập căn phòng
You don't have to make a different dish for every person,bạn không cần phải làm một món ăn khác nhau cho mỗi người
We mistook him for an American,chúng tôi nhầm anh ấy là người Mỹ
You are selling him short.,bạn đang bán anh ta ngắn.
Tom talked to Mary.,tom nói chuyện với mary.
Ancient customs are dying out quickly today,phong tục cổ xưa đang chết dần
This computer's usage is understood by Mac.,Cách sử dụng máy tính này được Mac hiểu rõ.
"He failed in the scheme, much to the disappointment of his father","anh thất bại trong kế hoạch, khiến cha anh thất vọng"
Tom always seemed discontent.,Tom luôn tỏ ra không hài lòng.
Tom came back at 2:30,tom trở lại lúc 2:30
Tom is ready to settle down and start a family,tom đã sẵn sàng để ổn định và bắt đầu một gia đình
"Someone told me that Albert Einstein said, ""Common sense is the collection of prejudices acquired by age eighteen. ""","ai đó nói với tôi rằng albert einstein nói, ""lẽ thường là tập hợp những định kiến có được ở tuổi mười tám."""
The boy had bad teeth because he neglected to brush them,Cậu bé có hàm răng xấu vì bỏ bê việc đánh răng
I'm not so sure that was a good idea.,Tôi không chắc đó là một ý tưởng tốt.
They'll be so happy to have Tom back.,họ sẽ rất vui khi có tom trở lại.
The way he talks is reminiscent of his father.,Cách anh ấy nói chuyện gợi nhớ đến bố anh ấy.
I have nothing against Tom.,tôi không có gì chống lại tom.
"Let me hear from you now and again, will you?","Hãy để tôi nghe từ bạn bây giờ và một lần nữa, phải không?"
Tom has lived alone ever since his wife died,Tom đã sống một mình kể từ khi vợ anh ta chết
I'm afraid that I might make you angry.,Tôi sợ rằng tôi có thể làm cho bạn tức giận.
It cannot have rained during the night.,trời không thể mưa trong đêm.
"Even though they're not still married, Tom and Mary still have dinner together once a week.","mặc dù họ vẫn chưa kết hôn, tom và mary vẫn ăn tối cùng nhau mỗi tuần một lần."
His name is mud,anh ấy tên là bùn
I want him in my office.,tôi muốn anh ấy trong văn phòng của tôi
I wasn't sure what to say,tôi không chắc phải nói gì
Your bag is on my desk.,Túi của bạn ở trên bàn của tôi.
The majority of us are far more fascinating than the public realizes.,Phần lớn chúng ta thú vị hơn nhiều so với những gì công chúng nhận ra.
Why don't you think about it for a while before you make up your mind?,Tại sao bạn không nghĩ về nó một lúc trước khi bạn quyết định?
Let me take you there.,Hãy để tôi đưa bạn đến đó.
I'm just trying to make a buck,tôi chỉ đang cố gắng kiếm tiền
"By the time we got there, the ship had left.","Khi chúng tôi đến đó, con tàu đã rời đi."
They move through the water with great rapidity.,Chúng di chuyển trong nước với tốc độ rất nhanh.
Tom and Mary have to work together,tom và mary phải làm việc cùng nhau
I felt like going out for a walk,tôi cảm thấy muốn ra ngoài đi dạo
The old man was not as mean as he looked,ông già không có ý nghĩa như anh ta nhìn
Tom was very sleepy,tom rất buồn ngủ
One would think his father is a lawyer.,Người ta có thể nghĩ cha anh ấy là một luật sư.
Tom looked a little distracted,tom nhìn hơi mất tập trung
"No matter how tired you might be, you have to do it","cho dù bạn có mệt mỏi đến đâu, bạn phải làm điều đó"
Tom just told us that he got fired,Tom chỉ nói với chúng tôi rằng anh ta bị sa thải
Would you be able to clarify it with more specifics?,Bạn có thể làm rõ nó với nhiều chi tiết cụ thể hơn không?
Tom behaves as if he's completely worn out.,Tom cư xử như thể anh ấy hoàn toàn kiệt sức.
What is the local time in New York?,giờ địa phương ở new york là gì?
People love freedom,người yêu tự do
I feel a great love for all of humanity.,tôi cảm thấy một tình yêu lớn cho cả nhân loại
There are many monkeys in the mountain,có rất nhiều khỉ trên núi
How would you reword this sentence to make it sound more natural?,Làm thế nào bạn sẽ điều chỉnh lại câu này để làm cho nó nghe tự nhiên hơn?
His thoughts are contemporary.,Những suy nghĩ của ông ấy rất đương đại.
Tom doesn't love Mary anymore.,Tom không còn yêu mary nữa.
Directing is what all actors say they want to do.,chỉ đạo là những gì tất cả các diễn viên nói họ muốn làm.
"Open the window and let some fresh air into the room, please.",xin vui lòng mở cửa sổ và để một chút không khí trong lành vào phòng.
I have wanted to go to Brazil for many years,tôi đã muốn đến brazil trong nhiều năm
My attachment to this city is strong.,Tôi gắn bó mạnh mẽ với thành phố này.
There's something I need to say,có vài điều tôi cần nói
"You can't give up, Tom.","bạn không thể bỏ cuộc, tom."
We'll be destroyed,chúng ta sẽ bị phá hủy
I had no trouble finding his office,tôi không gặp khó khăn khi tìm văn phòng của anh ấy
Tom was impatient and restless,tom không kiên nhẫn và bồn chồn
Tom went to a private boys' schools.,tom đã đi đến một trường nam sinh tư nhân.
Is there any luggage you need to hand over for inspection?,Có hành lý nào bạn cần giao để kiểm tra không?
I can tell it's him by the way he speaks,tôi có thể nói với anh ấy bằng cách anh ấy nói
I tried to do it quickly.,tôi đã cố gắng làm điều đó một cách nhanh chóng.
I'm tired of translating.,tôi mệt mỏi với việc dịch
I'm twice your age,tôi gấp đôi tuổi bạn
The roof leaks every time it rains,mái nhà bị dột mỗi khi trời mưa
Tom needed this,tom cần cái này
I thought I could be of some help,tôi nghĩ rằng tôi có thể giúp đỡ
Mary and Tom were sitting together on a seat.,Mary và Tom đang ngồi cùng nhau trên một chiếc ghế.
It's Claudine's house.,đó là nhà của claudine.
"That's what Tom said, too",đó cũng là những gì tom nói
You can have the flower if you simply request it.,Bạn có thể có bông hoa nếu bạn chỉ cần yêu cầu.
I had a rough night.,tôi đã có một đêm khó khăn
Tom doesn't know what Mary is looking for,tom không biết mary đang tìm gì
I comprehend the grounds for your utterance.,Tôi hiểu lý do bạn phát biểu như vậy.
I was careful not to say anything to make him angry.,tôi cẩn thận không nói gì làm anh tức giận.
My destination tomorrow is the village.,Điểm đến của tôi ngày mai là ngôi làng.
I'm not required to perform any tasks right away.,Tôi không bị yêu cầu thực hiện bất kỳ nhiệm vụ nào ngay lập tức.
When will we get to Sydney?,khi nào chúng ta sẽ đến sydney?
The girl threw her arms around her father's neck,Cô gái quàng tay qua cổ cha mình.
He rolled his eyes.,Anh tròn mắt.
I'm going to try to trap that rabbit,tôi sẽ cố gắng bẫy con thỏ đó
He looked back at the pretty girl,anh nhìn lại cô gái xinh đẹp
Tom wants to go with you,tom muốn đi với bạn
They're both older than you.,họ đều lớn tuổi hơn bạn
I caught them by surprise,tôi bất ngờ bắt gặp họ
I cannot answer so many questions at a time,tôi không thể trả lời nhiều câu hỏi cùng một lúc
He believed in the truth.,anh tin vào sự thật.
It's time for a change.,Đã đến lúc phải thay đổi.
A solution to the argument was found non-violently.,Một giải pháp cho cuộc tranh cãi đã được tìm thấy một cách phi bạo lực.
Rebecca has at least two daughters.,rebecca có ít nhất hai con gái.
This is a difficult problem to solve.,đây là một vấn đề khó giải quyết
"At first, Meg was homesick.","Lúc đầu, meg nhớ nhà."
Which one do you think she chose?,bạn nghĩ cô ấy chọn cái nào
My reply was what she anticipated.,Câu trả lời của tôi là điều cô ấy mong đợi.
I don't enjoy studying because I don't make any progress.,Tôi không thích học vì tôi không tiến bộ.
Tom won't come out of his room,Tom sẽ không ra khỏi phòng anh ấy
"Stay out of it, Tom",tránh xa nó ra
You've got to answer the question,bạn phải trả lời câu hỏi
Tom gave the rope a tug.,tom kéo dây.
I wish you success in your work.,tôi chúc bạn thành công trong công việc
When did you know?,bạn biết khi nào
It looks like his father practices law.,Trông có vẻ như cha anh ấy hành nghề luật sư.
I'd appreciate it if you could quickly check these materials.,Tôi sẽ rất cảm kích nếu bạn có thể kiểm tra nhanh các tài liệu này.
I was rear-ended by a pickup truck.,tôi đã được kết thúc bởi một chiếc xe tải nhỏ.
The texture of this carpet is lovely.,Kết cấu của tấm thảm này thật đáng yêu.
My tea is too sweet.,trà của tôi quá ngọt
Both boys and girls should take cooking class in school.,cả nam và nữ nên học lớp nấu ăn ở trường.
You could have ruined everything.,bạn có thể đã phá hỏng mọi thứ.
"I can't speak English, much less German","tôi không thể nói tiếng Anh, ít tiếng Đức hơn"
He's on standby for a response.,Anh ấy đang chờ đợi một phản hồi.
"I like baseball, too",tôi cũng thích bóng chày
I've carried that out three separate times.,Tôi đã thực hiện điều đó ba lần riêng biệt.
I was on the road.,tôi đang trên đường
Tom has a friend in Boston,tom có một người bạn ở boston
Thanks for the invite.,cảm ơn vì lời mời
Is this a good time to talk?,Đây có phải là thời điểm tốt để nói chuyện không?
You're not giving ear to my statements.,Bạn không để ý đến những phát biểu của tôi.
I think Tom doesn't come here very often.,tôi nghĩ rằng tom không đến đây rất thường xuyên.
We're paid by the hour.,chúng tôi được trả theo giờ.
Your time has elapsed.,Thời gian của bạn đã hết.
Did Tom teach you how to do that?,Tom đã dạy bạn làm thế nào để làm điều đó?
I don't blame you for hitting him.,Tôi không trách bạn đã đánh anh ta.
The house we live in is very pleasing.,Ngôi nhà chúng tôi đang ở rất ưng ý.
I will have him come here the day after tomorrow,tôi sẽ có anh ấy đến đây vào ngày mai
Most Japanese temples are made of wood.,hầu hết các ngôi đền Nhật Bản được làm bằng gỗ.
Tom's discomfort is visible to me.,Sự khó chịu của Tom có thể nhìn thấy được đối với tôi.
Tom was supposed to arrive here yesterday.,Tom đã định đến đây ngày hôm qua.
The prospect of him succeeding is rather low.,Khả năng anh ấy thành công khá thấp.
I should've been with Tom.,tôi nên đi với tom
Please book me a room in a first-class hotel.,xin vui lòng đặt cho tôi một phòng trong một khách sạn hạng nhất.
Your captain is now addressing you.,Đội trưởng của quý vị đang nói chuyện với quý vị.
Please proceed with the closure of my account.,Vui lòng tiến hành đóng tài khoản của tôi.
Does anybody need anything?,có ai cần gì không
Joy was something Tom never experienced.,Niềm vui là điều Tom chưa bao giờ trải qua.
Your appearance is far superior to mine.,Vẻ ngoài của bạn vượt trội hơn tôi rất nhiều.
I want an apple,tôi muốn một quả táo
"Tom was here yesterday morning, wasn't he?","Tom đã ở đây sáng hôm qua, phải không anh?"
What is the total number of surgeries Dr. Jackson has conducted in the current month?,Tổng số ca phẫu thuật mà Bác sĩ Jackson đã thực hiện trong tháng này là bao nhiêu?
Why did you just say that?,tại sao bạn chỉ nói vậy
I can't stand his arrogance any longer.,tôi không thể chịu được sự kiêu ngạo của anh ấy nữa.
I was starting to get worried,tôi đã bắt đầu lo lắng
It's crucial for us to have a meeting with Tom.,Việc chúng ta gặp Tom là rất quan trọng.
I've never even seen a koala before,tôi chưa bao giờ nhìn thấy một con gấu túi trước đây
He refuses to listen to me.,Anh không chịu nghe lời tôi.
Tom is the richest man I know.,Tom là người đàn ông giàu nhất mà tôi biết.
Tom bowed politely.,Tom cúi đầu lịch sự.
Try staying out of the way.,cố gắng tránh đường
"Since the bus was late, we had to wait in the rain a long time.","Vì xe buýt đã trễ, chúng tôi phải chờ trong mưa rất lâu."
Why didn't you show up at the party last night?,Tại sao bạn không xuất hiện tại bữa tiệc tối qua?
I lent him a magazine.,tôi cho anh ấy mượn tạp chí
I'm still waiting for my money.,Tôi vẫn đang chờ tiền của tôi.
Could you please reason with Tom?,Bạn có thể vui lòng nói lý với Tom được không?
Our pace isn't particularly quick.,Tốc độ của chúng ta không đặc biệt nhanh.
This sentence is grammatically correct,câu này đúng ngữ pháp
Tom let me see a snapshot of his romantic partner.,Tom đã cho tôi xem một bức ảnh chụp người yêu của anh ấy.
Call me if you have a problem.,Gọi cho tôi nếu bạn có một vấn đề.
Your constant complaining has exhausted me.,Những lời than vãn không ngừng của bạn đã làm tôi kiệt sức.
What do you want to do next?,Bạn muốn làm gì tiếp theo?
The conversation about this ends here.,Cuộc trò chuyện về việc này kết thúc tại đây.
I'll call them.,Tôi sẽ gọi cho họ.
He ran so fast that he was out of breath.,Anh chạy nhanh đến nỗi hết hơi.
Do you use fingernail clippers to cut your toenails?,Bạn có sử dụng cắt móng tay để cắt móng chân của bạn?
There's nobody there,không có ai ở đó
Tom said he wanted to kill himself,tom nói anh ta muốn tự sát
I'm glad it worked out,tôi rất vui vì nó đã làm việc
He has the good sense not to go there without company.,Anh ấy có đủ sáng suốt để không đến đó mà không có bạn bè.
They soon established a very close bond of friendship.,Họ sớm thiết lập một mối quan hệ bạn bè rất thân thiết.
He wants to take a brief walk.,Anh ấy muốn đi bộ một đoạn ngắn.
Tom gave Mary a book about Australia.,tom đã cho mary một cuốn sách về úc.
The station is situated in between the two towns,nhà ga nằm ở giữa hai thị trấn
Could you tell me this ship's intended destination?,Bạn có thể cho tôi biết điểm đến dự kiến của con tàu này không?
Keep it in mind for the next time.,hãy ghi nhớ nó cho lần sau
Tom called Mary to ask if everything was OK,tom gọi mary để hỏi xem mọi thứ có ổn không
Give me the money you owe me and I'll be gone,cho tôi số tiền bạn nợ tôi và tôi sẽ biến mất
He behaved cruelly by saying those things to her.,Anh ta đã hành xử tàn nhẫn khi nói những điều đó với cô ấy.
Samantha began laying the table before David's arrival.,Samantha bắt đầu dọn bàn ăn trước khi David đến.
Obey what you've been commanded.,Hãy tuân theo những gì bạn đã được lệnh.
We've got a million things to do,chúng ta có một triệu việc phải làm
You'd better leave us alone,bạn nên để chúng tôi yên
I'm not a very good carpenter,tôi không phải là thợ mộc giỏi
Is it a compliment?,nó là một lời khen?
Tom is the type of man a woman could easily develop feelings for.,Tom là mẫu đàn ông mà một cô gái dễ dàng nảy sinh tình cảm.
Jeans just don't look right on me.,Quần jean trông không ổn trên người tôi.
Do you understand what the problem is?,bạn có hiểu vấn đề là gì không?
It was out of the ordinary for Chris to behave so roughly.,Thật là bất thường khi chris cư xử thô bạo như vậy.
Everything proceeded without a hitch.,Mọi việc diễn ra thuận lợi.
I left the car in the garage.,Tôi để xe trong gara.
The author's book came out posthumously.,Cuốn sách của tác giả được phát hành sau khi ông/bà ấy qua đời.
Don't think it has nothing to do with you,đừng nghĩ nó không liên quan gì đến bạn
Pay attention to what I say,chú ý đến những gì tôi nói
The end comes for everyone.,Sự kết thúc đến với tất cả mọi người.
"Don't hang up yet, please.",xin đừng cúp máy
I found a rare book I had been looking for.,tôi tìm thấy một cuốn sách hiếm mà tôi đã tìm kiếm.
She knows who you are,cô ấy biết bạn là ai
I see your problem,tôi thấy vấn đề của bạn
It's warm today,Hôm nay trời ấm
I finally decided to go and see Tom,cuối cùng tôi quyết định đi xem tom
"She doesn't talk much, but once she does speak she is eloquent","cô ấy không nói nhiều, nhưng một khi cô ấy nói thì cô ấy rất hùng hồn"
That would exacerbate the difficulties.,Điều đó sẽ làm trầm trọng thêm những khó khăn.
His son wants to be a lawyer.,Con trai ông muốn trở thành một luật sư.
I forgot to call Tom,tôi quên gọi cho tom
We'll have to come up with something soon.,chúng tôi sẽ phải đưa ra một cái gì đó sớm.
The sum of thirty dollars was put on the table by Tom.,Tổng cộng ba mươi đô la đã được Tom đặt lên bàn.
It achieved the desired result.,Nó đã đạt được kết quả mong muốn.
I'd appreciate it if you could ship the five leftover units promptly.,Tôi sẽ rất cảm kích nếu bạn có thể vận chuyển năm đơn vị còn lại một cách nhanh chóng.
We keep a collie as a pet.,chúng tôi giữ một collie như một con vật cưng.
The new pupil was taunted by them.,Học sinh mới đã bị họ trêu ghẹo.
It's wonderful that we're all gathered here today,thật tuyệt vời khi tất cả chúng ta tập trung ở đây hôm nay
Graves are where Muslims typically bury those who have passed away.,Mộ là nơi người Hồi giáo thường chôn cất những người đã qua đời.
The authorities chose not to prosecute him.,Các nhà chức trách đã chọn không truy tố anh ta.
"Tom bought a camera just a couple of days ago, but he's already lost it","Tom đã mua một chiếc máy ảnh chỉ vài ngày trước, nhưng anh ấy đã mất nó"
Do you want me to improvise an explanation?,Bạn có muốn tôi ứng biến một lời giải thích không?
His chances of succeeding are slim.,Khả năng anh ấy thành công rất mong manh.
You'll find them either in the storage shed or the living room.,Bạn sẽ tìm thấy họ ở nhà kho hoặc phòng khách.
The stone was so heavy that nobody could lift it.,hòn đá nặng đến nỗi không ai có thể nâng nó lên.
Do you think I'm happy about this?,bạn có nghĩ rằng tôi hạnh phúc về điều này?
I'm aware of Tom being nearby.,Tôi biết Tom đang ở gần đây.
Why is he so enraged?,Tại sao anh ấy lại tức giận đến vậy?
Bill has stock in that company.,hóa đơn có cổ phiếu trong công ty đó.
I suggest that you proceed very carefully,tôi đề nghị bạn tiến hành rất cẩn thận
Japan was her destination for Japanese language immersion.,Nhật Bản là điểm đến của cô ấy để hòa mình vào tiếng Nhật.
Tom reluctantly obeyed,tom miễn cưỡng vâng lời
I'm not absolutely sure.,tôi không chắc lắm
Smith was arrested and put in jail.,smith đã bị bắt và đưa vào tù.
I will go to New York next week,tôi sẽ đến new york vào tuần tới
Is there no way for you to make Tom see reason?,Không có cách nào để bạn làm Tom hiểu ra sao?
It was not until I read the book that I knew about it.,Mãi đến khi tôi đọc cuốn sách tôi mới biết về nó.
Mortality is a shared experience.,Sự sống hữu hạn là một trải nghiệm chung.
It's happened three times now.,nó đã xảy ra ba lần rồi
Tom is working on that,tom đang làm việc trên đó
Tom loved Mary very much.,tom yêu mary rất nhiều.
You have an overactive imagination,bạn có một trí tưởng tượng hoạt động quá mức
Tom isn't guilty,tom không có tội
Tom was engrossed in his thoughts.,Tom đang mải mê trong những suy nghĩ của mình.
The weather conditions there are moderate.,Điều kiện thời tiết ở đó vừa phải.
Tom took a cookie,tom đã lấy một cái bánh quy
I'll investigate it personally.,Tôi sẽ tự mình điều tra.
I would be very grateful if you would help me.,Tôi sẽ rất biết ơn nếu bạn sẽ giúp tôi.
Tom should be behind bars,tom nên ở phía sau song sắt
Their goal is to construct a perimeter fence for their house.,Mục tiêu của họ là xây dựng một hàng rào bao quanh cho ngôi nhà của mình.
He studied very hard to become a scientist,ông đã học rất chăm chỉ để trở thành một nhà khoa học
The freedom of an individual is the most significant right in an open community.,Sự tự do của một cá nhân là quyền quan trọng nhất trong một cộng đồng mở.
Not everyone wears pajamas.,Không phải ai cũng mặc đồ ngủ.
Don't let him call her,đừng để anh ấy gọi cô ấy
How long is that bridge?,cây cầu đó dài bao nhiêu
That had to hurt.,mà phải đau.
The boy is over there,cậu bé ở đằng kia
The stable is right behind the farm house.,chuồng nằm ngay sau nhà nông.
I have our bearings.,Tôi đã định vị được chúng ta.
"Unfortunately, I have to disappoint you","thật không may, tôi phải làm bạn thất vọng"
"I don't know about you, but I agree with Tom","tôi không biết về bạn, nhưng tôi đồng ý với tom"
No one knows where she is.,không ai biết cô ấy ở đâu
He is old enough to drink.,Anh ấy đủ tuổi để uống.
Tom can't remember exactly what he was supposed to do.,Tom không thể nhớ chính xác những gì anh ấy phải làm.
I bared my soul to her.,Tôi đã trao linh hồn của mình cho cô ấy.
A few passengers went on board the plane.,Một vài hành khách đã lên máy bay.
Tom was the one who suggested leaving early.,tom là người đề nghị rời đi sớm.
The books which are on that list will be difficult to find in Japan.,những cuốn sách nằm trong danh sách đó sẽ khó tìm thấy ở Nhật Bản.
A pistol was the weapon she used to shoot him.,Một khẩu súng lục là vũ khí cô ấy dùng để bắn anh ta.
Smoking and drinking are not things I do.,Hút thuốc và uống rượu không phải là những việc tôi làm.
The book costs fifteen dollars.,Cuốn sách có giá mười lăm đô la.
Could you give me change for a dollar?,bạn có thể cho tôi đổi một đô la không?
I'm really starting to hate it here,tôi thực sự bắt đầu ghét nó ở đây
Has Tom told Mary anything yet?,Tom đã nói với mary gì chưa?
He needs new toys; you ought to purchase them for him.,Anh ấy cần đồ chơi mới; bạn nên mua chúng cho anh ấy.
I haven't felt that way since Mary left.,tôi đã không cảm thấy như vậy kể từ khi mary rời đi.
Our current situation is due to our tireless work.,Tình hình hiện tại của chúng tôi là nhờ công việc không mệt mỏi của chúng tôi.
She has broken the toaster again,cô ấy đã phá vỡ lò nướng bánh một lần nữa
Tom is a very weak person.,Tom là một người rất yếu ớt.
That country enjoys a clement climate.,Đất nước đó được hưởng khí hậu dễ chịu.
Tom's way of speaking gets on my nerves,cách nói chuyện của tom làm tôi lo lắng
Tom is just talking to himself,tom chỉ nói với chính mình
Tom gave Mary the receipt and told her to put it in her purse.,Tom đưa cho mary biên lai và bảo cô bỏ nó vào ví.
Don't any of you know anything?,bạn có biết gì không?
I'll reappear after some months have passed.,Tôi sẽ xuất hiện trở lại sau khi vài tháng trôi qua.
We got behind the car and pushed.,chúng tôi vào sau xe và đẩy.
They charged me for the broken window.,họ tính tiền cho cửa sổ bị vỡ.
I have been hoping to hear from you,tôi đã hy vọng được nghe từ bạn
"The clerk nodded, so the woman wrote a check and handed it over.","nhân viên bán hàng gật đầu, vì vậy người phụ nữ đã viết một tấm séc và trao nó."
The future of humanity lies in our hands,tương lai của nhân loại nằm trong tay chúng ta
It escaped Tom's notice that Mary was feeling so exhausted.,Tom đã không để ý rằng Mary cảm thấy quá kiệt sức.
That can happen sometimes.,điều đó đôi khi có thể xảy ra
They incited him to commit the crime.,họ xúi giục anh ta phạm tội.
"Since I have a cold, I can't taste anything.","Kể từ khi tôi bị cảm lạnh, tôi không thể nếm bất cứ thứ gì."
Now you're going too far.,bây giờ bạn đang đi quá xa
It became clear to her that math was her greatest academic challenge.,Cô ấy nhận ra rằng toán học là thử thách học thuật lớn nhất của mình.
He's totally lost it,anh ấy hoàn toàn mất nó
Write down your question.,Hãy viết câu hỏi của bạn ra.
"Well, you were right","tốt, bạn đã đúng"
All the apples that fall are eaten by the pigs,tất cả những quả táo rơi đều bị lợn ăn
In what location does he perform his job?,Anh ấy thực hiện công việc của mình ở địa điểm nào?
Tom quieted the music.,Tom đã làm cho tiếng nhạc nhỏ lại.
We need a car big enough for the whole family,chúng tôi cần một chiếc xe đủ lớn cho cả gia đình
I notice you're being less attentive lately.,Tôi nhận thấy bạn gần đây ít chú ý hơn.
A marriage to you would have brought her current joy.,Một cuộc hôn nhân với bạn đã mang lại niềm vui hiện tại cho cô ấy.
That tendency of yours requires you to put up a fight.,Cái xu hướng đó của bạn đòi hỏi bạn phải chiến đấu.
Tom will be out of town next week.,Tom sẽ ra khỏi thành phố vào tuần tới.
My current focus is on learning the English language.,Hiện tại tôi đang tập trung học tiếng Anh.
I seem to remember how that's done.,Tôi dường như nhớ cách làm điều đó.
No one saw that,không ai thấy điều đó
I promise to give you a competitive cost.,Tôi hứa sẽ cung cấp cho bạn một mức giá cạnh tranh.
May we capture images in this spot?,Chúng ta có thể chụp ảnh tại chỗ này không?
He sent an immediate reply to my telegram.,ông đã gửi một câu trả lời ngay lập tức cho bức điện tín của tôi.
She chose to undergo surgery.,Cô ấy đã chọn thực hiện phẫu thuật.
Are you having problems?,bạn đang có vấn đề à
Tom bought three bottles of grape juice,tom mua ba chai nước nho
I think that this was not a wise decision.,Tôi nghĩ rằng đây không phải là một quyết định sáng suốt.
I usually take stairs two at a time.,tôi thường đi cầu thang hai lần.
There are thirty messages for you.,Có ba mươi tin nhắn dành cho bạn.
They grew weary of the delay.,Họ đã mệt mỏi vì sự chậm trễ.
Tom got three presents for his birthday.,Tom nhận được ba món quà cho ngày sinh nhật của mình.
Do you want soup?,bạn có muốn ăn súp không
Your voice suggests you're feeling upbeat.,Giọng nói của bạn cho thấy bạn đang cảm thấy lạc quan.
His mother is with Tom.,Mẹ của Tom đang ở cùng anh ấy.
There was nobody in there,không có ai ở đó
He was not interested in the debate.,anh không quan tâm đến cuộc tranh luận.
It's really horrible,nó thực sự khủng khiếp
Nobody needs to get hurt.,không ai cần phải bị tổn thương.
"He will come with his wife, as is often the case with foreigners.","anh ta sẽ đi cùng vợ, như thường lệ với người nước ngoài."
You're welcome to give it a try.,bạn được chào đón để thử nó.
There's no need for you to overexert yourself if you're feeling weary.,Bạn không cần phải gắng sức quá mức nếu bạn cảm thấy mệt mỏi.
The engagement at San Jacinto got underway at four P.M.,Cuộc giao tranh tại San Jacinto đã bắt đầu lúc bốn giờ chiều.
Is there any other area of your body where you sense pain?,Có bất kỳ khu vực nào khác trên cơ thể bạn mà bạn cảm thấy đau không?
The world often underestimates how truly interesting most of us are.,Thế giới thường đánh giá thấp mức độ thực sự thú vị của hầu hết chúng ta.
Boston is where Tom originated from to get here.,Boston là nơi Tom đến để tới đây.
Tom caught the ball.,tom bắt bóng.
Would you mind giving me a flame?,Bạn có phiền châm lửa giúp tôi không?
Tom likes to watch baseball on TV,tom thích xem bóng chày trên tv
What was the origin of your curveball throwing technique?,Kỹ thuật ném curveball của bạn có nguồn gốc từ đâu?
I'm going to buy Tom something.,Tôi sẽ mua tom một cái gì đó.
My current life is unlike my past life.,Cuộc sống hiện tại của tôi không giống cuộc sống trước đây.
Is your father stern?,cha bạn có nghiêm khắc không?
I wondered if you could lend me some assistance.,Tôi tự hỏi liệu bạn có thể giúp đỡ tôi một chút không.
Are you waiting for anybody?,bạn đang đợi ai à
Just jump in.,chỉ cần nhảy vào
Mary is too stubborn to apologize.,mary quá cứng đầu để xin lỗi.
I think you should leave now.,Tôi nghĩ bạn nên rời đi ngay bây giờ.
Close your eyes,nhắm mắt lại
Could you stitch these fasteners in place?,Bạn có thể khâu những cái cúc này vào vị trí được không?
We'll succeed.,chúng ta sẽ thành công
Can you see Tom working in a garage?,bạn có thể thấy tom làm việc trong nhà để xe không?
I stand corrected.,tôi đứng sửa
Do you think it a bad thing?,Bạn có nghĩ đó là một điều xấu?
Wouldn't it be good to go aid Tom?,Sẽ tốt nếu bạn đi hỗ trợ Tom chứ?
Not every truth is fit to be told,không phải sự thật nào cũng phù hợp để nói
Tom wadded up the piece of paper.,tom vẩy lên mảnh giấy.
Tom gave Mary a potted plant.,tom đã cho mary một chậu cây.
It's the hardest thing I have ever done,đó là điều khó nhất tôi từng làm
What size do you take?,bạn có kích thước bao nhiêu
There's no doubt this is his umbrella.,"Không nghi ngờ gì nữa, đây là chiếc ô của anh ấy."
There is a church across the street.,Có một nhà thờ bên kia đường.
His chances of success are quite slim.,Cơ hội thành công của anh ấy khá mong manh.
Our troops engaged with the enemy,quân ta giao chiến với địch
She wished she had been born twenty years earlier,cô ước mình đã được sinh ra hai mươi năm trước
They used a high-speed camera,họ đã sử dụng máy ảnh tốc độ cao
We've missed the boat,chúng tôi đã lỡ thuyền
I heard that before,tôi đã nghe điều đó trước đây
Tom presented me with an image of his girlfriend.,Tom đã đưa cho tôi một hình ảnh bạn gái của anh ấy.
"Tom and his brother played on the same team, but not at the same time.","tom và anh trai của anh ấy chơi cùng một đội, nhưng không phải cùng một lúc."
It was a mistake for Tom to borrow Mary's car.,Tom đã sai khi mượn xe của Mary.
You'll have to wait at least an hour to get a ticket,bạn sẽ phải đợi ít nhất một giờ để lấy vé
Watch out so you don't accidentally consume the stone.,Cẩn thận để không vô tình nuốt phải hột.
Who's the gorgeous girl I saw wandering around in the mall with you?,Ai là cô gái tuyệt đẹp mà tôi thấy lang thang trong trung tâm thương mại với bạn?
Tom's drink was spilled unintentionally.,Đồ uống của Tom đã bị đổ một cách không chủ ý.
You don't know how bad I want to see you.,bạn không biết tôi muốn gặp bạn như thế nào.
Let me express my profound congratulations to you.,Hãy để tôi bày tỏ lời chúc mừng sâu sắc nhất đến bạn.
What's Tom's purpose for being there?,Mục đích của Tom khi ở đó là gì?
They'll know.,họ sẽ biết.
Has any conclusion been reached?,có kết luận nào đạt được không?
What kind of food would you prefer?,Bạn thích ăn loại thức ăn nào?
The old musical instrument found its home in the cellar.,Cây nhạc cụ cũ đã tìm thấy nhà của mình trong hầm.
This run of good luck won't last forever.,vận may này sẽ không kéo dài mãi mãi.
I recommend you purchase new playthings for him.,Tôi khuyên bạn nên mua đồ chơi mới cho anh ấy.
They are ideally suited for one another.,Họ rất phù hợp với nhau.
My impression was that your cello was in the vehicle.,Ấn tượng của tôi là cây cello của bạn đã ở trong xe.
My impression is that you've seen this before.,Ấn tượng của tôi là bạn đã thấy điều này trước đây.
Working is not what I want to do.,Làm việc không phải là điều tôi muốn làm.
Life's not easy,cuộc sống không dễ dàng
Harry fell seriously ill,harry ngã bệnh nặng
The waves swallowed up the boat,những con sóng nuốt chửng con thuyền
She glanced about the interior of the house.,Cô ấy liếc nhìn quanh bên trong ngôi nhà.
They attempted to force the lock open with a metal crowbar.,Họ đã cố gắng cạy khóa bằng một xà beng kim loại.
My sister is a very good typist.,chị tôi là một người đánh máy rất giỏi.
He is not the boy who came here yesterday.,Anh ấy không phải là cậu bé đến đây ngày hôm qua.
Mary mentioned she would be doing her school assignment.,Mary đã đề cập rằng cô ấy sẽ làm bài tập ở trường của mình.
They ridiculed the recently admitted pupil.,Họ đã chế nhạo học sinh mới được nhận.
How will you spend the coming three-day holiday?,Làm thế nào bạn sẽ dành kỳ nghỉ ba ngày tới?
It's your turn to tell me a secret.,đến lượt bạn nói cho tôi một bí mật.
Tom reluctantly went home.,Tom miễn cưỡng về nhà.
I think I'm going to be busy on Friday.,tôi nghĩ rằng tôi sẽ bận rộn vào thứ sáu.
I've had better vacations.,Tôi đã có những kỳ nghỉ tốt hơn.
Our office is located in the center of the town.,văn phòng của chúng tôi nằm ở trung tâm của thị trấn.
Tom is a real good friend.,tom là một người bạn tốt thực sự
I'm planning to buy a mobile phone tomorrow.,Tôi dự định mua một chiếc điện thoại di động vào ngày mai.
I've never seen a real cow.,Tôi chưa bao giờ nhìn thấy một con bò thực sự.
Tom trusted Mary.,mary đáng tin cậy.
A good seat requires you to go at an early hour.,Một chỗ ngồi tốt đòi hỏi bạn phải đi vào giờ sớm.
Maybe you won't believe me.,có lẽ bạn sẽ không tin tôi
"In order to buy a ticket, you'll have to wait at least an hour","để mua vé, bạn sẽ phải chờ ít nhất một giờ"
These are my favorite pair of shoes.,đây là đôi giày yêu thích của tôi
I don't want to play with Tom,tôi không muốn chơi với tom
Tom kissed the baby's forehead.,Tom hôn lên trán em bé.
You possess a beauty far greater than mine.,Bạn sở hữu vẻ đẹp vượt xa tôi.
How long have you been teaching Spanish?,bạn dạy tiếng Tây Ban Nha bao lâu rồi?
That's a bad name for a ship,đó là một tên xấu cho một con tàu
We have to be prepared,chúng ta phải chuẩn bị
You're always making mistakes.,bạn luôn mắc lỗi.
Grab my hand,nắm lấy tay tôi
The decision was put off.,quyết định đã được đưa ra.
Do these look familiar?,Những thứ này trông có quen thuộc không?
Could you try to reason with Tom?,Bạn có thể thử nói lý lẽ với Tom không?
Formal customs and rituals are dear to him.,Các phong tục và nghi lễ trang trọng rất quý giá đối với anh ấy.
At what point in time did you acquire this structure?,Bạn đã mua tòa nhà này vào thời điểm nào?
You're Tom's favorite,bạn yêu thích tom
She is concerned about her son's health.,cô quan tâm đến sức khỏe của con trai mình.
Tom complained about the weather.,Tom phàn nàn về thời tiết.
Her build is very slight.,Vóc dáng của cô ấy rất nhỏ nhắn.
Tom was preoccupied with thinking.,Tom đang bận tâm với suy nghĩ.
This man loves my sister,người đàn ông này yêu em gái tôi
"The word ""cliche"" comes from French.","từ ""sáo rỗng"" xuất phát từ tiếng Pháp."
I go to work every day by train.,tôi đi làm mỗi ngày bằng tàu hỏa.
Tom stopped laughing when he noticed Mary was crying,Tom ngừng cười khi nhận thấy mary đang khóc
I don't know if I can do this,tôi không biết nếu tôi có thể làm điều này
Our time spent here was delightful.,Thời gian chúng tôi ở đây thật là tuyệt vời.
Wash your hands with soap.,rửa tay bằng xà phòng.
Would you like to take some time off?,bạn có muốn nghỉ một chút không?
I'd jump through hoops for you.,Tôi sẽ nhảy qua hoops cho bạn.
How did she get to know so much about fish?,Làm thế nào mà cô ấy biết nhiều về cá?
Let's not get crazy.,đừng nổi điên
Your arrival today was unexpected.,Việc bạn đến hôm nay là điều không mong đợi.
Tom and I have known each other for years,tom và tôi đã biết nhau nhiều năm
A doctor is looking after me now.,Bây giờ có một bác sĩ đang chăm sóc tôi.
Boston is where Tom originated from before coming here.,Tom đến từ Boston trước khi tới đây.
Tom wondered how much tequila Mary could drink before she passed out,Tom tự hỏi có bao nhiêu rượu tequila mary có thể uống trước khi cô ấy bất tỉnh
I have a wife and three sons in Boston,tôi có vợ và ba con trai ở boston
You recognize all the faces.,Bạn nhận ra tất cả các khuôn mặt.
It seems we both comprehend my reason for being in this place.,Có vẻ như cả hai chúng ta đều hiểu lý do tôi có mặt ở nơi này.
The sisters hate each other.,Hai chị em ghét nhau.
You need to overcome that habit of yours.,Bạn cần phải vượt qua thói quen đó của mình.
Why should I talk to you?,tại sao tôi nên nói chuyện với bạn
Tom can't do anything without Mary's help,Tom không thể làm gì nếu không có sự giúp đỡ của mary
Who taught you how to pitch that curveball?,Ai đã dạy bạn cách ném cú curveball đó?
He is a cheerful boy,anh ấy là một cậu bé vui vẻ
The world often misjudges how truly fascinating most of us are.,Thế giới thường đánh giá sai mức độ thực sự hấp dẫn của hầu hết chúng ta.
Do you have any recollection of these?,Bạn có nhớ gì về những thứ này không?
Tom seems to be looking for trouble,Tom dường như đang tìm kiếm rắc rối
Such a thing is not seen on a daily basis.,Điều như vậy không được nhìn thấy hàng ngày.
He didn't calm down until much later,anh ấy đã không bình tĩnh cho đến sau này
I'll come right over.,Tôi sẽ đến ngay.
Did you know that some foxes lived on this mountain?,Bạn có biết rằng một số con cáo sống trên ngọn núi này?
Tom's discomfort is visible to me.,Sự khó chịu của Tom rõ ràng đối với tôi.
The moon landing was a monumental achievement,hạ cánh mặt trăng là một thành tựu lớn
We were moments away from departing.,Chúng tôi chỉ còn vài khoảnh khắc nữa là sẽ khởi hành.
I understand why you expressed that.,Tôi hiểu tại sao bạn nói điều đó.
John's house is opposite the church.,Nhà của John nằm đối diện nhà thờ.
The job was bigger than I anticipated,công việc lớn hơn tôi dự đoán
All her shopping transactions are recorded.,Tất cả các giao dịch mua sắm của cô ấy đều được ghi lại.
I wash my face every morning,tôi rửa mặt mỗi sáng
I wasn't too busy,tôi đã không quá bận rộn
Who was the last to reach the goal?,ai là người cuối cùng đạt được mục tiêu?
Tom will give Mary the details later.,tom sẽ cung cấp cho mary các chi tiết sau.
We enjoy talking.,chúng tôi thích nói chuyện
Would you mind sharing some information about yourself?,Bạn có thể chia sẻ một vài thông tin về bản thân được không?
Tom and Mary enjoyed themselves at the party.,tom và mary rất thích chính mình trong bữa tiệc.
I was agreeably surprised by the low prices.,tôi đã rất ngạc nhiên bởi giá thấp.
It's as old as the hills,nó cũ như những ngọn đồi
I've already told you I'm busy.,Tôi đã nói với bạn rằng tôi đang bận.
Don't leave the door open,đừng để cửa mở
My appearance isn't enhanced when I wear jeans.,Ngoại hình của tôi không được cải thiện khi tôi mặc quần jean.
"Armed only with a short sword, he drove off all five of his attackers.","Chỉ được trang bị một thanh kiếm ngắn, anh ta đã đuổi cả năm kẻ tấn công của mình."
It's silly to fight over it,thật ngớ ngẩn khi chiến đấu với nó
I thought Tom was supposed to be here for three weeks.,tôi nghĩ tom đáng lẽ phải ở đây trong ba tuần.
I appreciate your prudence.,tôi đánh giá cao sự thận trọng của bạn.
What does Tom want to say to Mary?,Tom muốn nói gì với mary?
Tom had a habit of speaking about Mary behind her back.,Tom có thói quen nói về Mary sau lưng cô ấy.
He spent much of his time reading,anh ấy dành nhiều thời gian để đọc
What's Tom doing in there?,Tom đang làm gì trong đó?
"So far, I haven't told anyone.","Cho đến nay, tôi đã không nói với bất cứ ai."
I didn't know you were seeing someone,tôi không biết bạn đã nhìn thấy ai đó
The blemish on the shirt faded away after we cleaned it.,Vết ố trên áo đã phai đi sau khi chúng tôi giặt sạch nó.
"He told me that whatever might happen, he was prepared for it","anh ấy nói với tôi rằng bất cứ điều gì có thể xảy ra, anh ấy đã chuẩn bị cho nó"
Let's return to our tasks.,Chúng ta hãy trở lại với các nhiệm vụ của mình.
A burglar broke in while he was asleep,một tên trộm đột nhập vào trong khi anh ta đang ngủ
I think Tom and Mary are dating.,Tôi nghĩ rằng tom và mary đang hẹn hò.
The boy can handle a knife and fork very well.,Cậu bé có thể xử lý một con dao và nĩa rất tốt.
Trading with Japan is not easy,giao dịch với Nhật Bản không dễ dàng
That was something we experimented with.,Đó là điều chúng tôi đã thử nghiệm.
We learned that English is an international language,chúng tôi đã học được rằng tiếng Anh là một ngôn ngữ quốc tế
I wasn't aware you were such a good cook.,Tôi không biết bạn lại là một đầu bếp giỏi đến vậy.
I feel utterly miserable.,Tôi cảm thấy hoàn toàn khốn khổ.
Tom and Mary aren't quite sure what to make of this,tom và mary không chắc chắn nên làm gì
They had to be turned away from the theater.,họ phải quay đi khỏi nhà hát.
He did a very foolish thing,anh ấy đã làm một điều rất ngu ngốc
I would like some more water.,tôi muốn thêm nước
Not every student has a dictionary,không phải học sinh nào cũng có từ điển
May I do it right now?,tôi có thể làm điều đó ngay bây giờ không?
What'll you do next?,bạn sẽ làm gì tiếp theo?
Don't go out now. We're about to have lunch,đừng đi ra ngoài bây giờ chúng tôi chuẩn bị ăn trưa
She is determined to succeed this time.,lần này cô quyết tâm thành công.
I read some books,tôi đọc một số sách
He's still underage.,Anh ấy vẫn chưa đủ tuổi.
We've got to get away.,chúng ta phải đi thôi.
Tom handed Mary some pictures,tom đưa mary một số hình ảnh
Please tell me about your hobbies.,xin vui lòng cho tôi biết về sở thích của bạn.
Didn't I tell you to keep the door from opening?,Chẳng phải tôi đã bảo bạn giữ cửa đóng rồi sao?
Tom took a few snapshots.,tom chụp một vài bức ảnh
How was Hawaii?,hawaii thế nào?
Tom required assistance with his tax preparation.,Tom cần hỗ trợ trong việc chuẩn bị thuế của mình.
It's Tom I ought to thank.,Người mà tôi nên cảm ơn là Tom.
You haven't done what I told you yet.,bạn đã không làm những gì tôi nói với bạn chưa.
Could you take a quick glance at these materials for me?,Bạn có thể nhanh chóng xem qua những tài liệu này giúp tôi không?
"You have something to say about everything, don't you?",bạn có điều gì muốn nói về mọi thứ không?
She still loved him,cô vẫn yêu anh
The majority of us possess a greater depth than people realize.,Phần lớn chúng ta có chiều sâu hơn nhiều so với những gì mọi người nhận ra.
The population of Tokyo is about five times as large as that of our city,dân số của Tokyo lớn gấp năm lần thành phố của chúng ta
A horse is a friendly animal.,ngựa là một động vật thân thiện.
Tom asked if anyone had seen Mary.,Tom hỏi có ai đã xem mary chưa.
You may use my car at any time,bạn có thể sử dụng xe của tôi bất cứ lúc nào
You really should make amends for your remarks.,Bạn thực sự nên bù đắp cho những nhận xét của mình.
It was hard to persuade him to cancel the trip.,thật khó để thuyết phục anh ấy hủy chuyến đi.
We already tried that,chúng tôi đã thử nó
Tom may not think this is funny.,tom có thể không nghĩ rằng điều này là buồn cười.
Have you eaten anywhere interesting lately?,gần đây bạn có ăn ở đâu thú vị không?
What a crazy way to run a business!,Thật là một cách điên rồ để điều hành một doanh nghiệp!
Are you seeking an argument regarding this?,Bạn đang tìm kiếm một cuộc tranh cãi về việc này sao?
Your metropolis is quite charming to me.,Thành phố lớn của bạn khá quyến rũ đối với tôi.
His house is at the foot of the hill.,Nhà anh ở dưới chân đồi.
The problem received specific attention from him.,Vấn đề đã nhận được sự chú ý đặc biệt từ ông ấy.
Tom switched off his computer,tom tắt máy tính của mình
The policeman grabbed the boy's arm.,viên cảnh sát nắm lấy cánh tay của cậu bé.
He must be the principal,anh ấy phải là hiệu trưởng
Thanks for doing that for Tom.,cảm ơn vì đã làm điều đó cho tom
There is a deep affection between Tom and Mary.,Có một tình cảm sâu đậm giữa Tom và Mary.
I'm just filling in here temporarily.,Tôi chỉ đang điền vào đây tạm thời.
I guess that's why Tom was so late,tôi đoán đó là lý do tại sao tom đã rất muộn
It goes without saying.,Điều đó là đương nhiên.
It is not safe for a girl to go out by herself so late at night.,Không an toàn cho một cô gái đi ra ngoài một mình vào đêm khuya.
Teach them how to make a salad,dạy họ cách làm salad
I have no time to listen to such everyday affairs,tôi không có thời gian để lắng nghe những công việc hàng ngày như vậy
I'm free from tasks for the time being.,Tôi tạm thời không có nhiệm vụ gì.
Have you ever dealt with this kind of a problem before?,Bạn đã bao giờ xử lý vấn đề này chưa?
Fuel costs are on an upward trend.,Chi phí nhiên liệu đang có xu hướng tăng.
Tom took his socks off.,tom cởi tất ra.
I didn't know you kept it,tôi không biết bạn đã giữ nó
Very few students were still present in the classroom.,Rất ít học sinh vẫn còn có mặt trong lớp học.
Gasoline prices are constantly rising.,Giá xăng dầu không ngừng tăng.
Greece has defaulted on its debt.,Hy Lạp đã vỡ nợ về khoản nợ của mình.
She easily catches cold,cô ấy dễ dàng bị cảm lạnh
I don't want to rock the boat.,Tôi không muốn làm rung chuyển con thuyền.
How much do they cost?,Những thứ này có giá bao nhiêu?
My departure from here is set for early tomorrow.,Việc tôi rời khỏi đây được ấn định vào sáng sớm mai.
Why would anyone do this if they didn't have to?,Tại sao mọi người sẽ làm điều này nếu họ không phải?
I'm not letting Tom do that.,Tôi sẽ không để tom làm điều đó.
It makes me very glad that I bumped into you.,Tôi rất vui vì đã tình cờ gặp bạn.
Tom doesn't know how much the ticket will cost.,Tom không biết vé sẽ có giá bao nhiêu.
Australia is smaller than South America,Úc nhỏ hơn Nam Mỹ
He is the owner of this land,ông là chủ sở hữu của mảnh đất này
I guess you didn't get my message,tôi đoán bạn đã không nhận được tin nhắn của tôi
"She held back her anger, and smiled graciously.",Cô kìm nén cơn giận và mỉm cười ân cần.
Tom appears to be extremely tired.,Tom dường như rất mệt mỏi.
This apparatus was fabricated in France.,Thiết bị này được chế tạo tại Pháp.
My schedule has been quite packed.,Lịch trình của tôi đã khá dày đặc.
Only once has she been to New York.,Cô ấy mới chỉ đến New York có một lần.
It's all wet,tất cả đều ướt
Please visit my office if you get a chance.,Vui lòng ghé thăm văn phòng của tôi nếu bạn có cơ hội.
What are the dietary habits of Egyptians?,Thói quen ăn uống của người Ai Cập là gì?
The train departed a minute before I arrived.,Chuyến tàu đã rời đi một phút trước khi tôi đến.
Two months have passed since he began his work on a new publication.,Hai tháng đã trôi qua kể từ khi anh ấy bắt đầu công việc viết một ấn phẩm mới.
He was a tall man.,anh ấy là một người đàn ông cao lớn
We're seeing an ongoing increase in petrol costs.,Chúng ta đang chứng kiến sự gia tăng liên tục của chi phí xăng dầu.
I've never seen you so busy.,Tôi chưa bao giờ thấy bạn bận rộn như vậy.
Misako married a Canadian last June,misako kết hôn với một người Canada cuối tháng sáu
They're going to get themselves killed.,họ sẽ tự sát.
Pat's going to Jim's birthday party.,pat sẽ đến bữa tiệc sinh nhật của jim.
How many days are you at school during the week?,Bạn ở trường bao nhiêu ngày trong tuần?
Birds are flying above the trees,những con chim đang bay trên cây
When did you talk to Tom?,khi nào bạn nói chuyện với tom
I'm sure that wasn't part of the plan,tôi chắc chắn rằng đó không phải là một phần của kế hoạch
Tom insisted that Mary carry it out.,Tom khăng khăng Mary phải làm việc đó.
He was wise not to participate in it,anh ấy đã khôn ngoan không tham gia vào nó
Who can remember?,ai có thể nhớ
Tom didn't actually hit me.,Tom đã không thực sự đánh tôi.
Mary was cruel to Tom,mary rất tàn nhẫn với tom
John can not play the guitar,john không thể chơi guitar
They were almost starving,họ gần như chết đói
He used to be an imaginative boy.,anh từng là một cậu bé giàu trí tưởng tượng.
Mary and Tom are here again.,Mary và Tom đã ở đây lần nữa.
I served an apprenticeship under Tom.,Tôi đã thực tập học nghề dưới sự hướng dẫn của Tom.
The birthdays of Tom and Mary coincide.,Ngày sinh của Tom và Mary trùng nhau.
I'd like to see it.,Tôi muốn xem nó.
Have you known him for a long time?,bạn quen anh ấy lâu chưa
Tom will give you everything you need,tom sẽ cung cấp cho bạn mọi thứ bạn cần
I'll still be here tomorrow.,Tôi sẽ vẫn ở đây vào ngày mai.
It is not necessary for you to quit the job.,bạn không cần phải nghỉ việc
She's not a bad girl.,cô ấy không phải là một cô gái xấu
That's beyond me,vượt quá tôi
A lovely hairbrush is included with this shampoo.,Kèm theo chai dầu gội này là một chiếc lược chải tóc xinh xắn.
Tom made Mary perform the action against her will.,Tom đã khiến Mary thực hiện hành động đó trái với ý muốn của cô ấy.
Tom didn't learn how to swim until he was thirteen,Tom không học bơi cho đến khi mười ba tuổi
I just don't want you to have it,tôi chỉ không muốn bạn có nó
They'll be married before you know it.,Họ sẽ kết hôn trước khi bạn kịp nhận ra.
You can't smoke in this room.,bạn không thể hút thuốc trong phòng này.
Tom is taller than his mother.,Tom cao hơn mẹ.
Tom knows what you're thinking,tom biết bạn đang nghĩ gì
It is too long ago.,nó đã quá lâu rồi
The price of fuel is steadily increasing.,Chi phí nhiên liệu đang tăng đều đặn.
Several newspapers published the story.,một số tờ báo xuất bản câu chuyện.
Perhaps you could get him new playthings.,Có lẽ bạn có thể mua cho anh ấy những món đồ chơi mới.
What are some foods commonly eaten in America?,một số thực phẩm thường ăn ở Mỹ là gì?
I'm being paid to help you,tôi đang được trả tiền để giúp bạn
I was with Tom the night before he died.,tôi đã ở với tom đêm trước khi anh ấy chết.
Tom presented you with untrue information.,Tom đã cung cấp cho bạn thông tin không đúng sự thật.
We have a cat and a dog.,chúng tôi có một con mèo và một con chó
We're not absolutely positive about the sequence of events.,Chúng tôi không hoàn toàn chắc chắn về trình tự các sự kiện.
My sister is having a baby in June,em gái tôi đang có em bé vào tháng sáu
Tom gave me your address.,tom cho tôi địa chỉ của bạn.
The climate here is like that of Hokkaido.,khí hậu ở đây giống như của hokkaido.
"If it were not for air and water, we could not live.","nếu không có không khí và nước, chúng ta không thể sống."
She showed me her room.,cô ấy chỉ cho tôi phòng của cô ấy
Can you tell me why she didn't arrive?,Bạn có thể cho tôi biết tại sao cô ấy không đến không?
They confined Tom to a correctional facility.,Họ đã giam Tom vào một cơ sở cải huấn.
Don't trust people who praise you in your presence,đừng tin những người khen bạn trước mặt bạn
He drinks an enormous amount.,Anh ấy uống một lượng rất lớn.
He was of considerable age.,Ông ấy đã khá cao tuổi.
We are all poor swimmers with the possible exception of Jack,tất cả chúng ta đều là những người bơi kém với ngoại lệ
Call me this afternoon,gọi cho tôi chiều nay
Your daughter's on drugs.,con gái bạn đang dùng thuốc.
They just don't trust you.,họ không tin bạn.
He keeps his ideas fresh and relevant.,Ông ấy giữ cho những ý tưởng của mình luôn mới mẻ và phù hợp.
Are you checking any luggage?,Bạn có ký gửi hành lý nào không?
Tom is a stranger,tom là một người lạ
All members must follow these rules.,tất cả các thành viên phải tuân theo các quy tắc này.
Tom didn't even bother looking up from his work.,Tom thậm chí không buồn nhìn lên từ công việc của mình.
Tom pulled into a gas station,tom kéo vào một trạm xăng
You are considerably more handsome/beautiful than me.,Bạn đẹp trai/xinh gái hơn tôi đáng kể.
"In retrospect, I should have treated her with more respect.","nhìn lại, tôi nên đối xử với cô ấy với sự tôn trọng hơn."
Six kids made up the Evans household.,Gia đình Evans có sáu đứa trẻ.
They had a brief date.,họ đã có một ngày ngắn ngủi.
There are thirty unread messages waiting for you.,Có ba mươi tin nhắn chưa đọc đang chờ bạn.
That photo came with the wallet.,bức ảnh đó đi kèm với ví.
Have you ever heard this opera sung in Italian?,Bạn đã bao giờ nghe vở opera này hát bằng tiếng Ý chưa?
I just performed the action.,Tôi vừa thực hiện hành động đó.
I take it you disagree.,tôi lấy nó bạn không đồng ý
"If the spaghetti sticks when you throw it against the wall, it's done.","nếu spaghetti dính khi bạn ném nó vào tường, thế là xong."
I was laughed at in school today.,hôm nay tôi đã cười
"""For what reason are you not departing?"" ""I just don't feel like it.""",Vì lý do gì mà bạn không đi? Tôi chỉ không thích thôi.
He is what is called a champion of justice.,anh ấy là những gì được gọi là một nhà vô địch của công lý.
You had better do it at once.,bạn nên làm điều đó ngay lập tức.
Tom didn't have to study.,Tom không phải học.
Mr. Hoshino is hard to please.,Ông. hoshino là khó để làm hài lòng.
That's quite an unusual occurrence.,Đó là một sự việc khá bất thường.
Will you watch the Olympics?,bạn sẽ xem olympics chứ?
I am ready to die.,tôi sẵn sàng để chết.
I passed up an opportunity to see him.,tôi đã bỏ qua một cơ hội để nhìn thấy anh ta.
My husband is in high spirits today,hôm nay chồng tôi rất phấn chấn
Come if you can.,đến nếu bạn có thể
Who's going to tell Tom they can't do that?,Ai sẽ nói với tom họ không thể làm điều đó?
Ken made an error and caught the wrong bus.,Ken đã mắc lỗi và bắt nhầm xe buýt.
What does he want to do?,anh ấy muốn làm gì?
It wasn't right for Tom to use Mary's car.,Tom dùng xe của Mary là không đúng.
He's the most likely to succeed,anh ấy có khả năng thành công nhất
I think it's unlikely that Tom will marry Mary,tôi nghĩ không chắc tom sẽ cưới mary
Variety is the spice of life.,Sự đa dạng là gia vị của cuộc sống.
It's time to get back to our jobs.,Đã đến lúc trở lại công việc của chúng ta.
Tom is utterly beside himself.,Tom hoàn toàn mất kiểm soát.
School keeps me pretty busy.,Trường học khiến tôi khá bận rộn.
What did that accomplish?,điều đó đã làm gì?
I found the events unfolding unbelievable.,Tôi thấy những sự kiện đang diễn ra thật khó tin.
Tom apologized for being late.,Tom xin lỗi vì đến muộn.
Tom might desire some food upon completing his exercise routine.,Tom có thể muốn một ít thức ăn sau khi hoàn thành thói quen tập luyện của mình.
Bill came to see me last autumn,hóa đơn đã đến gặp tôi vào mùa thu năm ngoái
Tom knows Mary won't do what John asked her to do,Tom biết mary sẽ không làm những gì john yêu cầu cô ấy làm
Tom doesn't look too good,Tom trông không được tốt lắm
We only believe in those who believe in themselves,chúng tôi chỉ tin vào những người tin vào chính mình
You were always a little strange.,bạn luôn luôn là một chút lạ.
She could not find her way back.,cô không thể tìm được đường về.
I got some shampoo in my eyes and it burns.,Tôi có một ít dầu gội trong mắt và nó bị bỏng.
It was my initial attempt at making curry.,Đây là lần đầu tiên tôi thử làm cà ri.
Give me all your money.,đưa hết tiền của bạn cho tôi.
You never told me that you wanted to learn how to play the banjo,bạn chưa bao giờ nói với tôi rằng bạn muốn học cách chơi đàn banjo
He'll be back shortly.,Anh ấy sẽ quay lại ngay thôi.
My return will be in a few months' time.,Tôi sẽ trở lại trong vài tháng tới.
Don't underestimate your opponents.,đừng đánh giá thấp đối thủ của bạn.
Where will this ship ultimately arrive?,Con tàu này cuối cùng sẽ đến đâu?
I won't talk about this matter anymore.,Tôi sẽ không nói về vấn đề này nữa.
Ritualistic practices appeal greatly to him.,Các nghi thức nghi lễ rất hấp dẫn anh ấy.
Our teacher seemed surprised.,giáo viên của chúng tôi có vẻ ngạc nhiên.
I love playing solitaire.,Tôi thích chơi solitaire.
What to do next is the question,Làm gì tiếp theo là câu hỏi
I've known Tom longer than you've been alive.,Tôi đã biết tom lâu hơn bạn còn sống.
Tom grinned.,tom cười toe toét.
He died of old age two years ago,ông chết vì già hai năm trước
It's a charming house we live in.,Chúng tôi sống trong một ngôi nhà quyến rũ.
Keep an eye on my suitcase while I get my ticket.,để mắt đến chiếc vali của tôi trong khi tôi lấy vé.
There's not much optimism regarding his achievement.,Không có nhiều lạc quan về thành tựu của anh ấy.
Tom's drink was overturned due to an accident.,Đồ uống của Tom bị đổ do một sự cố.
He was quite elderly.,Ông ấy khá lớn tuổi.
I didn't do anything wrong,tôi không làm gì sai
What is your greatest strength?,Điểm mạnh nhất của bạn là gì?
Which establishment does he work for?,Anh ấy làm việc cho cơ sở nào?
You're not allowed in this room.,bạn không được phép ở trong phòng này
Tom is an old and trusted friend,tom là một người bạn cũ và đáng tin cậy
They're awfully friendly,họ rất thân thiện
Tom needs to work.,tom cần phải làm việc
We're unable to gamble on it.,Chúng ta không thể đánh cược vào điều đó.
Tom injured his knee and can't go swimming today.,Tom bị thương đầu gối và không thể đi bơi ngày hôm nay.
It seems you're in high spirits.,Có vẻ bạn đang rất phấn chấn.
What's going to happen now?,Điều gì sẽ xảy ra bây giờ?
Tom didn't have time to spend with his children.,Tom không có thời gian dành cho con cái.
Is it possible for you to provide a unique 5% markdown for an order of 50 units of this item?,Bạn có thể cung cấp một mức giảm giá độc đáo 5% cho đơn hàng 50 đơn vị sản phẩm này không?
I asked Tom what he'd do,tôi hỏi tom anh ấy làm gì
She surveyed the interior of the home.,Cô ấy khảo sát nội thất của ngôi nhà.
Will you stay here for a while?,bạn sẽ ở đây một thời gian chứ?
Mary and Tom celebrate their birthdays on the same day.,Mary và Tom tổ chức sinh nhật vào cùng một ngày.
That's great!,thật tuyệt!
"It'll take some time, but eventually Tom will be able to walk again","sẽ mất một chút thời gian, nhưng cuối cùng tom sẽ có thể đi lại"
The location where Tom conceals the key is known to me.,Vị trí Tom cất giấu chiếc chìa khóa thì tôi biết rõ.
It is still a mystery who wrote the letter.,nó vẫn là một bí ẩn người đã viết bức thư.
There are a lot of good restaurants in Boston.,có rất nhiều nhà hàng tốt ở boston.
It's too dangerous for you to stay here.,Thật nguy hiểm cho bạn khi ở đây.
Visit him personally.,Đến gặp anh ấy đích thân.
I got my shoes wet.,tôi bị ướt giày
It's better to err on the side of caution,tốt hơn hết là bạn nên cảnh giác
Tom doesn't know how to have a good time.,Tom không biết làm thế nào để có một thời gian tốt.
At least tell Tom how you feel.,ít nhất là nói với tom bạn cảm thấy thế nào
"Thanks to you, we're in a real bind.",Nhờ bạn mà chúng ta đang ở trong một tình thế khó khăn thực sự.
How many books can I take out at one time?,Có bao nhiêu cuốn sách tôi có thể lấy ra cùng một lúc?
Our leisurely walk was marred by the inclement weather.,Buổi đi dạo thư thái của chúng tôi bị ảnh hưởng bởi thời tiết khắc nghiệt.
Deliver to Tom all the knowledge we intend for him to acquire.,Chuyển giao cho Tom tất cả kiến thức chúng tôi muốn anh ấy tiếp thu.
My sister sang an English song at the party.,em gái tôi đã hát một bài hát tiếng Anh tại bữa tiệc.
I wash my car almost every day.,Tôi rửa xe gần như mỗi ngày.
His salary can't keep pace with inflation.,lương của anh ta không thể theo kịp lạm phát.
I know how busy Tom has been,tôi biết tom đã bận rộn như thế nào
We cannot live without air.,chúng ta không thể sống mà không có không khí.
I don't want to jump the gun.,Tôi không muốn nhảy súng.
Proceed as you see fit if my method isn't to your liking.,Hãy tiến hành theo cách bạn thấy phù hợp nếu phương pháp của tôi không hợp ý bạn.
I wouldn't have trusted Tom either.,tôi cũng không tin tom.
Tom is now out of sight,Tom đã khuất mắt
I imagine you're quite aware Tom would prefer you weren't around.,Tôi hình dung bạn đã khá biết Tom muốn bạn không có mặt ở đây.
There has to be something else we can do,chúng ta phải làm gì đó
"Could the final five units be sent off right now, please?",Năm đơn vị cuối cùng có thể được gửi đi ngay bây giờ không?
I'm sure Tom is feeling wrathful.,Tôi chắc Tom đang cảm thấy phẫn nộ.
The teacher became suspicious because Tom and Mary's test answers were precisely alike.,Giáo viên trở nên nghi ngờ vì câu trả lời bài kiểm tra của Tom và Mary giống nhau một cách chính xác.
Nothing will deter them from achieving their political aims.,Không gì có thể ngăn cản họ đạt được các mục tiêu chính trị.
I can't finish this today,hôm nay tôi không thể hoàn thành
"Turn left at the next corner, and you'll find the station.",rẽ trái ở góc tiếp theo và bạn sẽ tìm thấy nhà ga.
That child soon fell asleep.,Đứa trẻ đó ngủ sớm.
She sleeps on her back,cô ấy ngủ trên lưng
Do you want to know what I'm doing?,bạn có muốn biết tôi đang làm gì không?
Your voice needs to be loud enough for others to hear.,Giọng của bạn cần đủ to để người khác nghe thấy.
Tom's car's outside.,xe của tom bên ngoài.
She was foolish enough to date him.,Cô ấy đã đủ ngu ngốc để hẹn hò với anh ta.
Mix three eggs and a cup of sugar,trộn ba quả trứng và một chén đường
Don't disobey my orders.,đừng làm trái mệnh lệnh của tôi
"After that, I didn't see him again.","Sau đó, tôi đã không gặp lại anh ấy."
She's turning red,cô ấy chuyển sang màu đỏ
I'm offering you the chance to be happy,tôi đang cho bạn cơ hội được hạnh phúc
Every individual should seek their personal direction.,Mỗi cá nhân nên tìm kiếm định hướng cá nhân của mình.
Give Tom some room here.,cho tom một số phòng ở đây.
Death awaits all of us.,Cái chết chờ đợi tất cả chúng ta.
Will it clear up soon?,nó sẽ rõ ràng sớm?
It meant nothing,nó không có nghĩa gì
We'll miss Tom.,chúng tôi sẽ nhớ tom.
Tom is resilient.,Tom là người kiên cường.
"Tom is asleep, but Mary is awake","Tom đang ngủ, nhưng mary đã thức"
What period is this painting from?,bức tranh này đến từ thời kỳ nào?
You got that right,bạn hiểu đúng
Jim succeeded in suppressing his fury and steering clear of a fight.,Jim đã thành công trong việc kìm nén sự tức giận và tránh được một cuộc ẩu đả.
"I'll call you tomorrow, OK?","Tôi sẽ gọi cho bạn vào ngày mai, được chứ?"
Tom isn't saying anything,tom không nói gì cả
Tom said he didn't want anything for his birthday,Tom nói anh ấy không muốn bất cứ điều gì cho ngày sinh nhật của mình
Tom wants to tell you about Mary.,Tom muốn nói với bạn về mary.
It was a mistake for Ken to take that bus.,Ken đã nhầm lẫn khi đi chiếc xe buýt đó.
This is the only one I have.,đây là người duy nhất tôi có
I wish to convey my heartfelt congratulations.,Tôi muốn gửi lời chúc mừng từ tận đáy lòng.
He didn't listen to music,anh ấy đã không nghe nhạc
I have a deep affection for my city.,Tôi có tình cảm sâu sắc với thành phố của mình.
I asked him if I could read his book,tôi hỏi anh ta nếu tôi có thể đọc cuốn sách của anh ta
It seems that he was late for the meeting yesterday,Có vẻ như anh ấy đã trễ cuộc họp ngày hôm qua
I wasn't trying to make a move or anything,tôi đã không cố gắng để di chuyển hoặc bất cứ điều gì
Which company does he work for?,Anh ấy làm việc cho công ty nào?
Tom just didn't want to tell Mary. He didn't mind telling me.,Tom chỉ không muốn nói với mary. anh không ngại nói với tôi.
It was so dark that they could hardly see,trời tối đến nỗi họ khó có thể nhìn thấy
She always fed her children before she fed her dog.,cô luôn cho con ăn trước khi cho chó ăn.
I wonder whether Tom will help us,tôi tự hỏi liệu tom sẽ giúp chúng ta
Don't you ever question anything?,bạn chưa bao giờ hỏi bất cứ điều gì?
The apples he forwarded to me tasted wonderful.,Những quả táo anh ấy gửi cho tôi có vị tuyệt vời.
The teacher gave John a prize.,giáo viên đã cho john một giải thưởng.
What's her picture doing here?,hình ảnh của cô ấy đang làm gì ở đây?
We looked everywhere,chúng tôi đã tìm khắp nơi
This is all a terrible mistake,đây là một sai lầm khủng khiếp
We need an ambulance,chúng ta cần một xe cứu thương
Tom didn't keep his promise,tom đã không giữ lời hứa
Food shipments were blocked.,lô hàng thực phẩm đã bị chặn.
I've been running.,Tôi đã chạy.
He went duck hunting,anh ấy đi săn vịt
Tom isn't easily fooled.,Tom không dễ bị lừa đâu.
Do you know Professor Brown by any chance?,Bạn có biết giáo sư màu nâu bằng cơ hội nào không?
Why don't you sit down?,tại sao bạn không ngồi xuống
I was starving,tôi đã chết đói
Further testing is needed.,kiểm tra thêm là cần thiết.
I don't think I could ever do this again,tôi không nghĩ rằng tôi có thể làm điều này một lần nữa
Arrange an in-person meeting with him.,Sắp xếp một cuộc gặp trực tiếp với anh ấy.
Could you write down your question?,Bạn có thể viết câu hỏi của mình ra không?
China is larger than Japan,Trung Quốc lớn hơn Nhật Bản
She could no longer put up with his insulting words.,Cô không thể chịu đựng những lời xúc phạm của anh nữa.
This word is difficult to pronounce.,từ này khó phát âm.
"If you are hungry, why don't you eat?","nếu bạn đói, tại sao bạn không ăn?"
"I was alone, studying","tôi ở một mình, học bài"
Please give a more thorough explanation.,Xin hãy giải thích kỹ hơn.
Please communicate to Tom everything we want him informed about.,Vui lòng truyền đạt cho Tom mọi điều chúng tôi muốn anh ấy được thông báo.
You need money to make money.,bạn cần tiền để kiếm tiền
You've exhausted your allotted time.,Bạn đã dùng hết thời gian được phân bổ.
Tom asked Mary if she was hungry,Tom hỏi mary nếu cô ấy đói
Tom wants a lawyer,tom muốn một luật sư
The visitors strolled through the shops.,Du khách dạo quanh các cửa hàng.
My grandmother attributes her good health to active living,bà tôi cho rằng sức khỏe tốt để sống tích cực
What tempted him to propose to her?,Điều gì cám dỗ anh cầu hôn cô?
Tom is an ophthalmologist,tom là một bác sĩ nhãn khoa
"To tell the truth, I don't like his way of living.","nói thật, tôi không thích cách sống của anh ấy."
Your car has a broken taillight,xe của bạn bị hỏng đèn hậu
I desire Tom's contentment.,Tôi mong muốn Tom được mãn nguyện.
He made a specific point about the issue.,Ông ấy đã đưa ra một điểm cụ thể về vấn đề này.
I had a feeling they wouldn't make it.,Tôi có cảm giác họ sẽ không tới được.
Tom is learning how to figure skate,tom đang học cách trượt patin
Go play tennis with Tom,đi chơi tennis với tom
Tom wants very much to see you.,tom rất muốn gặp bạn
You won't be able to offend me.,Bạn sẽ không thể xúc phạm tôi được.
The Evanses were a family with six children.,Nhà Evans là một gia đình có sáu đứa con.
Tom has a terrible secret,tom có một bí mật khủng khiếp
We've met only once,chúng ta chỉ gặp nhau một lần
Some of what you said sounded stupid,một số điều bạn nói nghe có vẻ ngu ngốc
Tom bought a camera for 500 dollars.,tom mua một máy ảnh với giá 500 đô la.
The idea was that they wouldn't be present.,Ý tưởng là họ sẽ không có mặt.
When do you expect him back?,khi nào bạn mong đợi anh ấy trở lại?
Tom blinked his eyes.,Tom chớp mắt.
I didn't even notice what Tom was doing,tôi thậm chí không nhận thấy những gì tom đang làm
It never occurred to me that I might be fired,Tôi chưa bao giờ bị sa thải
The ticket can be used for 48 hours after you buy it.,Vé này có thể được sử dụng trong 48 giờ sau khi bạn mua.
The total was below fifty dollars.,Tổng cộng là dưới năm mươi đô la.
We're involved.,có liên quan.
Tom's eyes widened,đôi mắt của Tom mở to
Much flour and oil were bought by him.,Rất nhiều bột và dầu đã được anh ấy mua.
I don't see the point.,tôi không thấy vấn đề
My children won't listen to me.,Các con tôi sẽ không lắng nghe tôi.
"Excuse me, but do you need any help?","Xin lỗi, nhưng bạn có cần giúp gì không?"
Why don't you fix Tom something to eat?,Tại sao bạn không sửa tom ăn gì?
Tom wouldn't tell me anything about what happened that night.,Tom sẽ không cho tôi biết bất cứ điều gì về những gì đã xảy ra đêm đó.
"I have been typing this report since this morning, but I'm only halfway through.","Tôi đã gõ báo cáo này từ sáng nay, nhưng tôi mới đi được nửa đường."
Let's find somewhere else to hide this.,Hãy tìm một nơi khác để che giấu điều này.
I wanted to stay there two days longer.,tôi muốn ở đó lâu hơn hai ngày.
Her life is currently at risk.,Mạng sống của cô ấy hiện đang gặp nguy hiểm.
I comprehend Tom's perspective.,Tôi hiểu quan điểm của Tom.
Do you want me to help Tom?,bạn có muốn tôi giúp tom không?
We might have rain before long.,Chúng ta có thể có mưa không lâu nữa.
It goes without saying that nothing is more important than health,Không cần phải nói rằng không có gì quan trọng hơn sức khỏe
Your appearance is vastly superior to mine.,Vẻ ngoài của bạn vượt trội hơn hẳn so với tôi.
Does he know how she feels about him?,Anh ấy có biết cô cảm thấy thế nào về anh ấy không?
I think you should see this,tôi nghĩ bạn nên thấy điều này
Prices continued to rise,giá tiếp tục tăng
What kind of food would you prefer?,Bạn muốn ăn loại thức ăn nào?
His name is Tom and he lives next to the post office,anh ấy tên là tom và anh ấy sống cạnh bưu điện
It's conceivable she will be our teacher.,Có thể cô ấy sẽ là giáo viên của chúng ta.
What's the speed limit on this road?,giới hạn tốc độ trên con đường này là gì?
Wait until dark.,Đợi đến tối.
You ought to express remorse for your remarks.,Bạn nên bày tỏ sự hối tiếc về những nhận xét của mình.
That particular classroom lacks adequate space.,Lớp học cụ thể đó thiếu không gian đầy đủ.
It's common for philosophy to be seen as hard.,"Thông thường, triết học được coi là khó."
You can't complain,bạn không thể phàn nàn
Let's not exaggerate the facts.,chúng ta đừng phóng đại sự thật
She waited for you for two hours.,cô ấy đợi bạn trong hai giờ.
She speaks English and also speaks Swahili,cô ấy nói tiếng anh và cũng nói
I'll pack.,Tôi sẽ gói.
My neck hurts today.,cổ tôi đau hôm nay
I have difficulty recalling student names.,Tôi gặp khó khăn trong việc nhớ lại tên học sinh.
Tom has agreed to advance us three thousand dollars.,Tom đã đồng ý cho chúng tôi ứng trước ba ngàn đô la.
It's not natural.,nó không tự nhiên
That's not going to help,điều đó sẽ không giúp
I hadn't thought you'd be here today.,Tôi không nghĩ bạn sẽ ở đây hôm nay.
The day after tomorrow is Tom's birthday.,ngày sau ngày mai là sinh nhật của tom
Can you come on Sunday evening?,bạn có thể đến vào tối chủ nhật không?
Tom searched for his camera.,Tom tìm kiếm máy ảnh của mình.
Tom failed to notice how exhausted Mary truly was.,Tom đã không nhận thấy Mary thực sự mệt mỏi đến mức nào.
It went very smoothly.,nó đã diễn ra rất suôn sẻ.
Don't bother me with details.,đừng làm phiền tôi với các chi tiết.
Look at the trouble you've caused us.,Nhìn xem bạn đã gây ra rắc rối gì cho chúng ta rồi.
Any luggage to declare for checking?,Có hành lý nào để khai báo kiểm tra không?
Instruct Tom to stop bothering me.,Hãy bảo Tom ngừng làm phiền tôi.
My schedule isn't overly packed.,Lịch trình của tôi không quá dày đặc.
I thought you were going to stay with Tom.,Tôi nghĩ bạn sẽ ở lại với tom.
They warned it could spark a domestic war.,Họ cảnh báo nó có thể châm ngòi cho một cuộc chiến tranh trong nước.
The actual situation is unknown to everyone.,Tình hình thực tế không ai biết.
I'll be in my quarters.,tôi sẽ ở trong khu của tôi
We'll just have to manage with our current resources.,Chúng ta sẽ chỉ phải xoay sở với các nguồn lực hiện có.
If only that were how things are.,Giá như mọi chuyện là như vậy.
His whole family is like that.,Cả nhà anh đều như vậy.
They are having a really good time,họ đang có khoảng thời gian thực sự tốt
What really happened to us?,Điều gì thực sự xảy ra với chúng ta?
Hunting is something I do on an almost daily basis.,Săn bắn là điều tôi làm gần như hàng ngày.
You need this.,bạn cần cái này.
"You never give up, do you?","bạn không bao giờ bỏ cuộc, phải không?"
Do you know Mr. Takahashi?,bạn có biết ông takahashi?
Tom eats everything that his mother gives him.,Tom ăn tất cả mọi thứ mà mẹ anh ấy cho anh ấy.
"Young as he is, he has a large family to provide for.","Khi còn trẻ, anh ấy có một gia đình lớn để chu cấp."
That'll do it.,Điều đó sẽ làm điều đó.
Tom didn't tell us what we wanted to know,tom đã không cho chúng tôi biết những gì chúng tôi muốn biết
He can speak French and English,anh ấy có thể nói tiếng Pháp và tiếng Anh
My concept was approved by him.,Ý tưởng của tôi đã được ông ấy chấp thuận.
My mother likes tea very much,mẹ tôi rất thích trà
I have a deep affection for my urban area.,Tôi có một tình cảm sâu sắc với khu đô thị của mình.
"You write very neatly, don't you?",bạn viết rất gọn gàng phải không?
You'll find clear glass in the majority of cars.,Bạn sẽ tìm thấy kính trong ở đa số các xe ô tô.
The events transpiring were simply unbelievable to me.,Những sự kiện đang diễn ra đơn giản là không thể tin được đối với tôi.
What's your strategy?,chiến lược của bạn là gì?
It is necessary that you see a doctor.,điều cần thiết là bạn phải gặp bác sĩ
He had reached a great age.,Ông ấy đã đạt đến một tuổi rất cao.
Would you please close the window?,bạn vui lòng đóng cửa sổ chứ?
The kid is ill and has remained hospitalized since the past Sunday.,Đứa trẻ bị ốm và vẫn nằm viện kể từ Chủ nhật tuần trước.
Tom was chewing on a toothpick.,Tom đang nhai một cây tăm.
It wasn't long before Tom and Mary were inseparable best pals.,Chẳng bao lâu sau Tom và Mary đã trở thành đôi bạn thân không thể tách rời.
Meeting Tom is of utmost importance.,Việc gặp Tom là vô cùng quan trọng.
The two men were arrested for reckless driving,Hai người đàn ông bị bắt vì lái xe liều lĩnh
The beauty of nature is precious.,Vẻ đẹp của thiên nhiên thật đáng quý.
Tom took a seat beside Mary on a bench.,Tom ngồi xuống cạnh Mary trên một chiếc ghế.
The odds are in Tom's favor.,tỷ lệ cược có lợi cho tom.
We're in charge.,chúng tôi phụ trách.
Will I have the pleasure of seeing you again?,tôi sẽ rất vui khi gặp lại bạn chứ?
It wasn't long before Tom and Mary were inseparable pals.,Chẳng bao lâu sau Tom và Mary đã trở thành đôi bạn thân không thể tách rời.
Go inside.,đi vào bên trong.
Where would you suggest we start?,bạn muốn đề nghị chúng ta bắt đầu từ đâu?
Tom doesn't know Mary's last name.,Tom không biết họ của mary.
Would you mind sending this package for me?,Bạn có phiền gửi gói hàng này giúp tôi không?
Inform me about your undertaking.,Hãy thông báo cho tôi về công việc bạn đang thực hiện.
Leave it to me; there's no cause for concern.,Cứ để đó cho tôi; không có gì phải lo lắng đâu.
Tom placed a hand over his mouth.,Tom đặt một tay lên miệng.
John is older than Robert.,John già hơn robert.
I've been engaged twice.,Tôi đã đính hôn hai lần.
Could you tell me your school days per week?,Bạn có thể cho tôi biết số ngày bạn đi học mỗi tuần không?
We should return to our duties.,Chúng ta nên quay lại với nhiệm vụ của mình.
The boy cannot keep quiet for ten minutes.,Cậu bé không thể giữ im lặng trong mười phút.
"He speaks Spanish, not to mention English and German.","Anh nói tiếng Tây Ban Nha, không đề cập đến tiếng Anh và tiếng Đức."
Tom sustained serious harm.,Tom bị tổn hại nghiêm trọng.
I look forward to hearing your thoughts on this matter.,Tôi mong muốn được nghe suy nghĩ của bạn về vấn đề này.
A course of action is necessary for me.,Một phương hướng hành động là cần thiết đối với tôi.
"If you don't want it, I'll eat it.","nếu bạn không muốn nó, tôi sẽ ăn nó"
Tom talks to me a lot,tom nói chuyện với tôi rất nhiều
Have another drink,có đồ uống khác
Tom was absorbed in contemplation.,Tom đang say mê suy ngẫm.
We shouldn't take the chance.,Chúng ta không nên chấp nhận rủi ro đó.
The sun rose over the horizon.,mặt trời mọc trên đường chân trời.
I learned my trade as Tom's apprentice.,Tôi đã học nghề khi là người học việc của Tom.
He is precisely the one you are looking for,anh ấy chính xác là người bạn đang tìm kiếm
I'd prefer to review the situation.,Tôi muốn xem xét tình hình.
"If you're not careful, you might slip and fall on the icy steps.","nếu bạn không cẩn thận, bạn có thể trượt và ngã trên những bước băng giá."
I wish to dine.,Tôi muốn dùng bữa.
Tom was told by me that I am married.,Tôi đã nói với Tom rằng tôi đã có gia đình.
I was in a plane crash.,tôi bị tai nạn máy bay
Tom is undoubtedly upset.,Tom chắc chắn đang khó chịu.
This machine is broken.,Máy này bị hỏng.
His best-selling novel brought him immense riches.,Cuốn tiểu thuyết bán chạy nhất của ông ấy đã mang lại cho ông ấy sự giàu có khổng lồ.
I enjoyed myself yesterday.,Tối qua tôi đã tận hưởng rất nhiều.
Meg has a knack for languages.,meg có sở trường về ngôn ngữ
That was such good a book that I read it three times,đó là một cuốn sách hay đến nỗi tôi đã đọc nó ba lần
And everyone has the ability to contribute,và mọi người đều có khả năng đóng góp
"When it comes to making things, I'm all thumbs","khi nói đến việc làm, tôi chỉ là ngón tay cái"
You have a difficult schedule to keep,bạn có một lịch trình khó khăn để giữ
That particular night was the lowest point of my life.,Đêm đặc biệt đó là điểm thấp nhất trong cuộc đời tôi.
"If I were you, I'd paint it blue.","nếu tôi là bạn, tôi sẽ sơn nó màu xanh."
Arrive ahead of time to secure a prime spot.,Hãy đến sớm để đảm bảo có được một vị trí tốt nhất.
Please describe your project to me.,Vui lòng mô tả dự án của bạn cho tôi.
John is in the swimming club.,john đang ở trong câu lạc bộ bơi lội
He lay on his back on the bed,anh nằm ngửa trên giường
How much do you bet?,bạn đặt cược bao nhiêu
The San Jacinto conflict commenced at 4 PM.,Cuộc xung đột San Jacinto bắt đầu lúc 4 giờ chiều.
He did it without me knowing.,ông đã làm điều đó mà tôi không biết.
They're staring at each other.,họ đang nhìn chằm chằm vào nhau.
I'm supposed to see Tom,tôi phải xem tom
It's hard to please Mr. Hoshino.,thật khó để làm hài lòng ông. hoshino.
My cousin in Hokkaido is a good skier.,Anh em họ của tôi ở hokkaido là một vận động viên trượt tuyết giỏi.
They are touring Kyoto's attractions.,Họ đang tham quan các điểm thu hút của Kyoto.
He did not repeat the truth to anyone.,anh không nhắc lại sự thật với ai.
Your time limit is thirty seconds.,Giới hạn thời gian của bạn là ba mươi giây.
Tom and Mary talked over a cup of coffee,Tom và mary nói chuyện với một tách cà phê
"You haven't seen Tom today, have you?","bạn đã không nhìn thấy tom ngày hôm nay, phải không?"
Japan entered into an alliance with France just before the war,Nhật Bản đã gia nhập một liên minh với Pháp ngay trước chiến tranh
I don't feel attractive when dressed in jeans.,Tôi không cảm thấy hấp dẫn khi mặc quần jean.
I have to fire Tom,tôi phải bắn tom
Could you please provide me with a light?,Bạn có thể châm lửa giúp tôi được không?
Give me liberty or give me death,cho tôi tự do hoặc cho tôi cái chết
I don't have a phone book,tôi không có danh bạ điện thoại
He must have left,anh ấy phải rời đi
I'm very sensitive to cold. May I have another blanket?,Tôi rất nhạy cảm với lạnh. tôi có thể có một cái chăn khác không?
I think I'll take a look around,tôi nghĩ rằng tôi sẽ nhìn xung quanh
She acknowledged that mathematics was her most challenging subject.,Cô ấy thừa nhận rằng toán học là môn học khó khăn nhất của mình.
Jealousy was present among the other girls.,Sự ghen tị đã xuất hiện ở những cô gái khác.
I saw the man jump.,tôi thấy người đàn ông nhảy.
She doesn't know how to play golf,cô ấy không biết chơi gôn
We went into a shop to get some food.,chúng tôi đã đi vào một cửa hàng để có được một số thực phẩm.
The church is between my house and yours,nhà thờ nằm giữa nhà tôi và của bạn
Neither smoking nor drinking is something I do.,Tôi không làm cả việc hút thuốc lẫn uống rượu.
What a woman!,Đúng là phụ nữ!
It nearly cost me my life.,nó gần như làm tôi mất mạng
You're with us now,bạn đang ở với chúng tôi
Tom kept hitting the door repeatedly.,Tom cứ đập cửa liên tục.
He got into the habit of smoking in his youth,anh ấy có thói quen hút thuốc khi còn trẻ
This is not a cat. This is a dog.,đây không phải là một con mèo đây la một con cho.
Tom is very good at playing songs by Eric Clapton.,tom rất giỏi chơi các bài hát của eric clapton.
I was learning the trade from Tom.,Tôi đã học nghề từ Tom.
She sometimes has her sister write her term papers.,đôi khi cô có chị gái viết giấy hạn.
She was stupid enough to go out with him.,Cô đủ ngu ngốc để đi chơi với anh.
She maintains a log of all her expenditures.,Cô ấy duy trì một nhật ký về tất cả các khoản chi tiêu của mình.
I have prior experience with this.,Tôi đã có kinh nghiệm trước đây với việc này.
Other young women harbored feelings of envy.,Những cô gái trẻ khác nuôi dưỡng cảm giác ghen tị.
He drew specific attention to the matter at hand.,Ông ấy đã đặc biệt chú ý đến vấn đề đang được thảo luận.
There's something I need to tell you,có gì đó tôi cần nói với bạn
Do you think Tom is in Boston?,bạn có nghĩ tom ở boston không?
Tom is currently accompanied by his mom.,Tom hiện đang đi cùng mẹ anh ấy.
I rode home with Tom last night.,Tôi đã về nhà với tom tối qua.
I wonder what this place was like three years ago.,tôi tự hỏi nơi này giống như ba năm trước.
I thought I was going to make it here on time.,tôi nghĩ rằng tôi sẽ đến đây đúng giờ.
Where were you raised?,Bạn đã được nuôi lớn ở đâu?
My running speed is the same as Jim's.,Tốc độ chạy của tôi ngang bằng với Jim.
The only girl Tom has ever dated is Mary.,cô gái tom duy nhất từng hẹn hò là mary.
Do you eat out often?,bạn có thường xuyên đi ăn không
How did you get here?,bạn đến đây bằng cách nào?
You are no younger than I am.,bạn không trẻ hơn tôi
He was listening to music in his room.,anh đang nghe nhạc trong phòng.
I'll be returning after some months have passed.,Tôi sẽ quay lại sau khi vài tháng trôi qua.
My question received a negative reply from him.,Câu hỏi của tôi đã nhận được một câu trả lời phủ định từ anh ấy.
I never knew Tom's mother was Japanese,tôi không bao giờ biết mẹ của tom là người Nhật
"You're disappointed, aren't you?",bạn thất vọng phải không?
Are you confident about letting her be responsible for your life?,Bạn có tự tin để cô ấy chịu trách nhiệm về cuộc đời mình không?
I was going to talk to you about it,tôi sẽ nói với bạn về nó
The accident occurred yesterday morning,tai nạn xảy ra sáng hôm qua
"When I got out of jail, I wanted to patch up things with my wife.","Khi tôi ra tù, tôi muốn vá lại mọi thứ với vợ."
I wasn't looking at Tom.,tôi đã không nhìn vào tom.
It won't be long before they marry.,Sẽ không lâu nữa là họ kết hôn.
You're losing your vigilance.,Bạn đang mất cảnh giác.
"Although each person follows a different path, our destinations are the same.","mặc dù mỗi người đi theo một con đường khác nhau, điểm đến của chúng ta đều giống nhau."
You need to grasp a few key points.,Bạn cần phải nắm rõ một vài điểm quan trọng.
"Tom hadn't washed dishes in a week, so the sink was full of dirty dishes.","Tom đã không rửa bát trong một tuần, vì vậy bồn rửa đầy bát đĩa bẩn."
We have household tasks; keep that in mind.,Chúng ta có công việc nhà; hãy nhớ điều đó.
He glared at me fiercely,anh ấy lườm tôi dữ dội
Hanako likes cake very much.,hanako rất thích bánh.
Which person can communicate in English?,Người nào có thể giao tiếp bằng tiếng Anh?
It seems to me that paying thirty dollars for this is too much.,"Đối với tôi, trả ba mươi đô la cho cái này là quá nhiều."
Tom and Mary don't speak French at home,tom và mary không nói tiếng Pháp ở nhà
How old are the kids?,Mây đưa trẻ đo bao nhiêu tuổi?
I can't believe no one heard that.,Tôi không thể tin rằng không ai nghe thấy điều đó.
We absolutely must arrange a meeting with Tom.,Chúng ta nhất định phải sắp xếp một cuộc gặp với Tom.
On what occasion did you come to own this building?,Bạn đã sở hữu tòa nhà này vào dịp nào?
They incurred a deficit of two million dollars.,Họ đã chịu một khoản thâm hụt hai triệu đô la.
I can't sell that to you.,tôi không thể bán nó cho bạn
Please support Tom with this.,Xin hãy hỗ trợ Tom với việc này.
Don't back down,đừng lùi bước
I'd like to elaborate on a point for your understanding.,Tôi muốn giải thích thêm một điểm để bạn hiểu rõ hơn.
My expectation was for Tom to be here.,Điều tôi mong đợi là Tom sẽ có mặt ở đây.
Tom clearly shows he doesn't fancy Mary.,Tom thể hiện rõ ràng rằng anh ấy không thích Mary.
Is it wise for me to fabricate something?,Có khôn ngoan không nếu tôi bịa đặt gì đó?
He usually gets up at six,anh ấy thường thức dậy lúc sáu giờ
Could you slide the table towards here?,Bạn có thể đẩy cái bàn về phía này được không?
The reality of his father being a mass murderer is hard for Tom to process.,Thực tế cha mình là một kẻ giết người hàng loạt rất khó để Tom chấp nhận.
She resembles a broomstick due to her extreme thinness.,Cô ấy trông giống một cây chổi do quá gầy.
We should play baseball after the rain has cleared.,Chúng ta nên chơi bóng chày sau khi trời tạnh mưa.
Many American planes were shot down.,nhiều máy bay Mỹ bị bắn hạ.
October is when I'll be returning to Boston.,Tháng Mười là lúc tôi sẽ trở về Boston.
Tom's mind was preoccupied.,Tâm trí của Tom đang bận rộn.
How well can you play guitar?,bạn có thể chơi guitar tốt như thế nào?
I wouldn't imagine you'd grasp it.,Tôi sẽ không tưởng tượng bạn sẽ nắm bắt được điều đó.
"Like I told you yesterday, I'm too busy to help.","Như tôi đã nói với bạn ngày hôm qua, tôi quá bận để giúp đỡ."
They predicted it would ignite a civil war.,Họ dự đoán nó sẽ châm ngòi cho một cuộc nội chiến.
It's plain to see Tom doesn't like Mary.,Dễ thấy Tom không thích Mary.
I discovered the gloves located beneath the chair.,Tôi đã phát hiện ra đôi găng tay nằm dưới ghế.
That cat is brown.,Con mèo đó màu nâu.
Make sure you don't leave without your umbrella.,Đảm bảo bạn không quên mang theo ô.
I've never killed anyone.,Tôi chưa bao giờ giết ai cả.
Every one of us will perish.,Mỗi người trong chúng ta đều sẽ chết.
"When I got out of jail, the first thing I wanted to do was to eat at my favorite restaurant","Khi tôi ra tù, điều đầu tiên tôi muốn làm là ăn ở nhà hàng yêu thích của tôi"
He could ski well when he was young,anh ấy có thể trượt tuyết tốt khi còn trẻ
The question is which to choose.,Câu hỏi là chọn cái nào.
It'll be amazing to drift off to sleep without a single thought of Tom lingering.,Sẽ thật tuyệt vời khi chìm vào giấc ngủ mà không còn một chút suy nghĩ nào về Tom.
I killed them all,tôi đã giết tất cả
Tom comes from a sizable family.,Tom đến từ một gia đình khá đông.
I only hope you're right,tôi chỉ hy vọng bạn đúng
What is two plus two?,hai cộng hai bằng mấy?
Tom was deeply engrossed in his thoughts.,Tom chìm sâu vào suy nghĩ của mình.
A number of donuts are here with me.,Một số bánh rán đang ở đây với tôi.
It's a common belief that philosophy is arduous.,Có một niềm tin phổ biến rằng triết học là khó khăn.
It's difficult bringing up a child who is not your own.,thật khó để nuôi dạy một đứa trẻ không phải của bạn.
I went out in spite of the rain,tôi đã đi ra ngoài bất chấp mưa
Could you tell me where he's currently working?,Bạn có thể cho tôi biết anh ấy hiện đang làm việc ở đâu không?
Sports aren't Tom's strong suit.,Thể thao không phải là sở trường của Tom.
Their wedding will happen in short order.,Đám cưới của họ sẽ diễn ra nhanh chóng.
Leaping from a truck in motion is dangerous.,Nhảy ra khỏi một chiếc xe tải đang chuyển động là nguy hiểm.
I wasn't looking,tôi đã không tìm kiếm
Isn't Tom funny?,Tom không vui sao?
The scene is always the same,khung cảnh luôn giống nhau
Tom continued to play his banjo even after everybody asked him to stop,Tom tiếp tục chơi đàn banjo của mình ngay cả sau khi mọi người yêu cầu anh ta dừng lại
She bought eggs by the dozen.,Cô mua trứng bằng tá.
I'll do that first thing in the morning,tôi sẽ làm điều đó vào buổi sáng
Why does this have to be done?,Tại sao điều này phải được thực hiện?
It happened here,nó đã xảy ra ở đây
Do you mind my making a suggestion?,bạn có phiền khi tôi đưa ra một đề nghị?
Tom looks different,tom trông khác
Tom made it himself,tom tự làm
He takes after his father in how he speaks.,Anh ấy giống bố mình ở cách nói chuyện.
Tom's shirt was soaked with sweat,áo sơ mi của tom ướt đẫm mồ hôi
The window let in the early morning rays.,Cửa sổ cho phép những tia nắng sớm ban mai chiếu vào.
"It looks like snow, doesn't it?","Nó trông giống như tuyết, phải không?"
"You learned English from Miss Long, didn't you?",bạn đã học tiếng anh từ lâu rồi phải không?
This situation does not sit well with Tom.,Tình huống này không làm Tom vui vẻ.
That's normal,đó là bình thường
I tried to make an inconspicuous exit from the party.,tôi đã cố gắng thực hiện một lối thoát không rõ ràng từ bữa tiệc.
Please lend Tom some help.,Làm ơn giúp Tom một tay.
The train went through a tunnel,tàu đi qua một đường hầm
I had a toothache yesterday,tôi bị đau răng ngày hôm qua
How can you be so heartless?,Làm thế nào bạn có thể vô tâm như vậy?
"All right, we'll meet at five","được rồi, chúng ta sẽ gặp nhau lúc năm"
"If you don't take a vacation, you'll collapse.","nếu bạn không đi nghỉ, bạn sẽ sụp đổ."
There's only one window in my room.,chỉ có một cửa sổ trong phòng tôi
I actually had fun tonight,tôi thực sự đã có niềm vui tối nay
Tom thanked Mary for her time,tom cảm ơn mary vì đã dành thời gian
I have a student visa.,tôi có visa sinh viên
Tom got a little pie.,tom có một chiếc bánh nhỏ.
I should have told you about this earlier,tôi nên nói với bạn về điều này sớm hơn
We have done nothing,chúng tôi không làm gì cả
Why are you in town?,tại sao bạn ở thị trấn
"Far from being a failure, it was a great success","không phải là một thất bại, đó là một thành công lớn"
I won't pay for Tom.,tôi sẽ không trả tiền cho tom.
My name was officially changed to Tom Jackson.,Tên của tôi đã chính thức được đổi thành Tom Jackson.
We're ignoring you.,chúng tôi đang phớt lờ bạn.
I've been mugged.,Tôi đã bị lừa.
Don't let me die here.,đừng để tôi chết ở đây
My impression is that you're pushing yourself too much.,Ấn tượng của tôi là bạn đang ép bản thân quá nhiều.
I thought you might want something to drink,tôi nghĩ bạn có thể muốn uống gì đó
More and more people are choosing this city for their vacations.,Ngày càng có nhiều người chọn thành phố này cho kỳ nghỉ của họ.
I play tennis every Sunday.,Tôi chơi tennis mỗi chủ nhật.
He briefly visited the bookstore.,Anh ấy ghé thăm hiệu sách một lúc.
I was still at home at that time,lúc đó tôi vẫn ở nhà
Tom took off his gas mask.,tom cởi mặt nạ phòng độc.
This is Mike. Is Hiroshi there?,đây là Mike. có hiroshi không?
Don't forget what he communicated.,Đừng quên những gì anh ấy đã truyền đạt.
The way dinosaurs changed over time is highly engaging to me.,Cách khủng long thay đổi theo thời gian rất thu hút tôi.
I don't anticipate a problem.,tôi không lường trước được một vấn đề
He thought that it would be interesting and fun.,anh nghĩ rằng nó sẽ rất thú vị và vui vẻ
Tom knows the situation,tom biết tình hình
My intention is to shut down the account.,Ý định của tôi là đóng tài khoản này.
The Evans family consisted of six children.,Gia đình Evans bao gồm sáu đứa trẻ.
I want to buy an automobile,tôi muốn mua một chiếc ô tô
Most signs around here are written in French,hầu hết các dấu hiệu xung quanh đây được viết bằng tiếng Pháp
Your attention to detail is slipping.,Sự chú ý đến chi tiết của bạn đang giảm sút.
You look nice in that red sweater.,bạn trông thật đẹp trong chiếc áo len màu đỏ đó
There are 30 classes in our school.,Có 30 lớp trong trường của chúng tôi.
You should concern yourself with your own matters.,Bạn nên quan tâm đến các vấn đề của riêng mình.
What happened was a terrible mistake,chuyện gì đã xảy ra là một sai lầm khủng khiếp
We'd emerge victorious in this game if only he were a better pitcher.,Chúng tôi sẽ giành chiến thắng trong trò chơi này nếu anh ấy là một người ném bóng giỏi hơn.
Travelers strolled among the retail outlets.,Những người đi du lịch tản bộ giữa các cửa hàng bán lẻ.
Tom knows you,tom biết bạn
They are fanatical in their beliefs.,họ cuồng tín trong niềm tin của họ.
Danger currently surrounds her.,Nguy hiểm hiện đang bao vây cô ấy.
Could you share details about your project?,Bạn có thể chia sẻ thông tin chi tiết về dự án của bạn không?
You're not late,bạn không đến muộn
We'd prefer not to stir up any issues.,Chúng tôi thà không gây ra bất kỳ vấn đề nào.
There is nothing in the world from which we can't learn something,không có gì trên thế giới mà chúng ta không thể học được điều gì
No one on either side was killed.,không ai ở hai bên bị giết.
I'm still the boss around here.,Tôi vẫn là ông chủ quanh đây.
Why don't you go get Tom?,tại sao bạn không đi lấy tom?
Where is my car?,xe của tôi đâu
We're adaptable.,chúng ta có thể thích nghi.
That's the book he'll read,đó là cuốn sách anh ấy sẽ đọc
I was just wondering what languages you can speak.,tôi chỉ tự hỏi những ngôn ngữ bạn có thể nói.
Tom possesses great endurance.,Tom có sức bền rất tốt.
Mary is a budding actress.,mary là một nữ diễn viên vừa chớm nở.
You are vastly more attractive than I am.,Bạn cuốn hút hơn tôi rất nhiều.
I hope you are well.,tôi hy vọng bạn khỏe.
Tom found a job as a mechanic.,tom tìm được việc làm thợ.
It served its purpose.,Nó đã hoàn thành mục đích của nó.
He's a very agreeable person.,Anh ấy là một người rất dễ chịu.
I wish you experience the same amount of pain we endured.,Tôi ước gì bạn phải chịu đựng nỗi đau tương tự như chúng tôi đã trải qua.
One of my favorite songs is Hungry Spider.,một trong những bài hát yêu thích của tôi là con nhện đói.
We wish to avoid creating any problems.,Chúng tôi muốn tránh gây ra bất kỳ vấn đề nào.
Tom couldn't manage his taxes without help.,Tom không thể tự mình xử lý thuế mà không có sự giúp đỡ.
Tom isn't that naive.,Tom không ngây thơ đến vậy.
"Just give me a chance, OK?","chỉ cần cho tôi một cơ hội, ok?"
There always seems like there is something to do,dường như luôn có việc để làm
I'd appreciate it if you could visit my office when you have a spare moment.,Tôi sẽ rất cảm kích nếu bạn có thể ghé thăm văn phòng của tôi khi bạn có thời gian rảnh.
He began to work to get Congress to reduce taxes,ông bắt đầu làm việc để có được đại hội để giảm thuế
She meticulously documents all her purchases.,Cô ấy ghi chép tỉ mỉ tất cả các giao dịch mua hàng của mình.
A ball was struck by Fred's foot.,Một quả bóng đã bị chân Fred đá trúng.
It was wrong of Tom to take Mary's car without permission.,Tom đã sai khi lấy xe của Mary mà không xin phép.
The man is wanted for murder.,Người đàn ông bị truy nã vì tội giết người.
My friend's father is an educator.,Bố của bạn tôi là một nhà giáo.
The employer's wish is exactly that.,Đó chính xác là ý muốn của ông chủ.
The soldiers were ordered to make an attack.,những người lính được lệnh thực hiện một cuộc tấn công.
Your signature is required on this line.,Chữ ký của bạn được yêu cầu trên dòng này.
Tom finds this unsatisfactory.,Tom thấy điều này không thỏa đáng.
Tom told Mary about everything that had happened.,Tom nói với mary về mọi thứ đã xảy ra.
Is there something you wanted?,bạn muốn gì không
What time do you want me to be at work tomorrow?,mấy giờ bạn muốn tôi đi làm vào ngày mai
He speaks Japanese well,anh ấy nói tiếng Nhật tốt
I knew you weren't going anywhere.,Tôi biết bạn sẽ không đi đâu cả.
She danced with him at the high school prom.,Cô nhảy với anh tại buổi vũ hội ở trường trung học.
The train carried me to Kyoto.,Chuyến tàu đã đưa tôi đến Kyoto.
"To me, it's important.","Đối với tôi, nó quan trọng."
Ophelia wishes Hamlet were still in love with her.,ophelia mong muốn ấp vẫn còn yêu cô.
Where did you buy the ticket?,bạn đã mua vé ở đâu
We can change things,chúng ta có thể thay đổi mọi thứ
He admonished his son for being lazy,ông khuyên con trai mình lười biếng
I ought to have anticipated this outcome.,Lẽ ra tôi nên dự đoán trước kết quả này.
Tom and Mary complement each other wonderfully.,Tom và Mary bổ sung cho nhau một cách tuyệt vời.
That is quite possible.,điều đó là hoàn toàn có thể
I've been looking for it everywhere.,Tôi đã tìm kiếm nó ở khắp mọi nơi.
Can you identify these items?,Bạn có thể nhận diện những món đồ này không?
"""The Gettysburg Address"" is a concise speech.","""Địa chỉ gettysburg"" là một bài phát biểu ngắn gọn."
Let's pick a name for the child.,Hãy chọn một tên cho đứa trẻ.
This is lame.,Cái này thật dở.
Tom is clearly lost.,tom bị mất rõ ràng.
I want you to feel as much anguish as we did.,Tôi muốn bạn cảm thấy đau khổ nhiều như chúng tôi đã cảm thấy.
He tends to do everything to excess.,anh ấy có xu hướng làm mọi thứ quá mức.
Everything has to be perfect,mọi thứ phải hoàn hảo
That's what I've ordered.,đó là những gì tôi đã đặt hàng.
I'd like you to translate this document into French,Tôi muốn bạn dịch tài liệu này sang tiếng Pháp
You should not be afraid of the future.,bạn không nên sợ tương lai.
Tom is all business,tom là tất cả kinh doanh
I'm sure you did the best you could.,Tôi chắc rằng bạn đã làm tốt nhất có thể.
Tom is in a bad state of injury.,Tom đang trong tình trạng bị thương nặng.
Did Tom tell you that?,Tom đã nói với bạn điều đó?
The weather in that nation is temperate.,Khí hậu ở quốc gia đó ôn hòa.
The constant waiting wore them out.,Việc chờ đợi liên tục đã làm họ kiệt sức.
"If it is used properly, this tool will be a great help","Nếu nó được sử dụng đúng cách, công cụ này sẽ giúp ích rất nhiều"
Let me ask you a question.,Hãy để tôi hỏi bạn một câu hỏi.
We'll meet Tom there.,chúng ta sẽ gặp tom ở đó
I thought you didn't want to talk about this matter,tôi nghĩ bạn không muốn nói về vấn đề này
Go on board.,lên thuyền.
Would you mind sharing some personal details?,Bạn có phiền chia sẻ một vài thông tin cá nhân không?
Tom's eggs are always served without any seasoning.,Trứng của Tom luôn được phục vụ mà không có bất kỳ gia vị nào.
All you need is love.,tất cả những gì bạn cần là tình yêu.
Tom and Mary must love each other very much.,tom và mary phải yêu nhau rất nhiều
It's possible she's our educator.,Có khả năng cô ấy là nhà giáo của chúng tôi.
No one is speaking.,không ai nói
I feel dreadfully unwell.,Tôi cảm thấy vô cùng khó chịu.
I just wanted to tell you about Tom.,tôi chỉ muốn nói với bạn về tom.
Gold is heavier than iron.,vàng nặng hơn sắt.
Tom didn't have much time for studying,tom không có nhiều thời gian cho việc học
Tom doesn't belong here.,Tom không thuộc về nơi này.
The earliest I can come is around 3.,sớm nhất tôi có thể đến là khoảng 3.
Tom realized that he had made a mistake,Tom nhận ra rằng mình đã phạm sai lầm
The apartment caught on fire.,căn hộ bốc cháy.
There are some donuts available with me.,Tôi có sẵn một vài chiếc bánh rán.
Everything is relative.,tất cả mọi thứ chỉ là tương đối.
You'll get a fair deal from me.,Bạn sẽ nhận được một thỏa thuận hợp lý từ tôi.
We're very happy for you,chúng tôi rất mừng cho bạn
This is the first time I've seen this animal.,đây là lần đầu tiên tôi thấy con vật này
Stop me if you've heard this one.,dừng lại nếu bạn đã nghe điều này
Will you look over these papers?,bạn sẽ xem qua các giấy tờ này?
The national debt is growing.,nợ quốc gia đang gia tăng.
This book hasn't received the attention it deserves.,cuốn sách này đã không nhận được sự chú ý mà nó xứng đáng.
My wish is for Tom to find happiness.,Ước muốn của tôi là Tom tìm thấy hạnh phúc.
I helped my wife learn how to operate a car.,Tôi đã giúp vợ tôi học cách điều khiển xe ô tô.
Tom looks very bored,tom trông rất chán
This book will be very useful to us.,cuốn sách này sẽ rất hữu ích cho chúng tôi.
Tom isn't very good at sports.,Tom không giỏi thể thao lắm.
I'm aware of our current location.,Tôi biết vị trí hiện tại của chúng ta.
My mornings typically involve physical activity.,Buổi sáng của tôi thường bao gồm hoạt động thể chất.
Is this the key you are looking for?,Đây có phải là chìa khóa bạn đang tìm kiếm?
Tom is better at chess than I am,Tom giỏi cờ vua hơn tôi
Tom divided the bread into two pieces,tom chia bánh mì thành hai phần
I don't want Tom to do that,tôi không muốn tom làm điều đó
John was standing alone in the room with his arms folded.,john đang đứng một mình trong phòng với đôi tay khoanh lại.
Would you say I'm good-looking?,Bạn có nói tôi ưa nhìn không?
She showed her guests how to eat what she had prepared.,Cô chỉ cho khách của mình cách ăn những gì cô đã chuẩn bị.
"Unfortunately, that rumor is true.","Thật không may, tin đồn đó là sự thật."
What caused you to be so mad at him?,Điều gì đã khiến bạn nổi giận đến thế với anh ấy?
New York is a place she's been to a single time.,New York là nơi cô ấy đã đến một lần duy nhất.
You're desperate.,bạn đang tuyệt vọng
Mr. and Mrs. Ikeda talked to Ken's teacher.,Ông. và bà ikeda đã nói chuyện với giáo viên của ken.
Tom was confined to a correctional facility.,Tom bị giam giữ trong một cơ sở cải huấn.
Tom always tells Mary everything,tom luôn nói với mary tất cả mọi thứ
The milk was transferred by her into a bowl.,Sữa được cô ấy chuyển vào một cái bát.
Think of all the things you should tell Tom.,nghĩ về tất cả những điều bạn nên nói với tom
One of the professors whispered.,một trong những giáo sư thì thầm.
She is extremely slender.,Cô ấy cực kỳ mảnh mai.
My mother does not always get up early.,mẹ tôi không phải lúc nào cũng dậy sớm.
Tom was exceedingly tardy.,Tom đã cực kỳ chậm trễ.
I have to see Tom.,tôi phải xem tom
He made a mistake,anh ấy đã làm sai
We had to get something to eat so we stopped at a restaurant near the exit,chúng tôi phải đi ăn gì đó nên dừng lại ở một nhà hàng gần lối ra
They left at daybreak from the base of the mountain,họ rời đi lúc bình minh từ chân núi
Harry managed to swim across the river,harry quản lý để bơi qua sông
Tom required assistance with his tax preparation.,Tom cần hỗ trợ trong việc chuẩn bị tờ khai thuế của mình.
Tom decided to stay with Mary,tom quyết định ở lại với mary
My intention is not to show any lack of respect.,Ý của tôi không phải là thiếu tôn trọng.
Our planned walk was negatively affected by the inclement weather.,Chuyến đi bộ đã lên kế hoạch của chúng tôi bị ảnh hưởng tiêu cực bởi thời tiết xấu.
You are not obligated to reply.,Bạn không có nghĩa vụ phải hồi đáp.
He who laughs last laughs best.,Người nào cười cuối cùng cũng cười.
There were fifty passengers in the bus.,Có năm mươi hành khách trên xe buýt.
Can I have it?,tôi có thể có nó?
Tom was caught off guard by the question.,tom bị mất cảnh giác bởi câu hỏi.
We used to date.,chúng tôi đã từng hẹn hò
I don't quite follow you,tôi không theo bạn
An idea came to me,một ý tưởng đã đến với tôi
She took a look around the residence.,Cô ấy đã nhìn quanh khu dân cư.
I agree with the opinion that real estate is overpriced,Tôi đồng ý với ý kiến rằng bất động sản là quá đắt
I didn't recognize his face because we were strangers.,Tôi không nhận ra khuôn mặt anh ấy vì chúng tôi là người lạ.
They'll tell you the truth,họ sẽ nói cho bạn sự thật
His failure in business left him penniless.,thất bại trong kinh doanh khiến anh không một xu dính túi.
Do you live in the city?,bạn sống ở thành phố phải không?
She can write a letter in English.,cô ấy có thể viết một lá thư bằng tiếng Anh.
What don't you want us to see?,bạn không muốn chúng tôi thấy gì?
Tom showed up way behind schedule.,Tom đã đến rất trễ so với lịch trình.
She wove the grass into a box,cô ấy nhổ cỏ vào một cái hộp
Could you stitch these buttons onto it?,Bạn có thể khâu những chiếc nút này vào không?
Tom will be stopped.,tom sẽ được dừng lại.
I invited her to go to the movies,tôi mời cô ấy đi xem phim
She despises him,cô ấy coi thường anh ta
You are not Japanese,bạn không phải người nhật
Tom asked Mary not to make any long-distance calls on his phone,Tom yêu cầu mary không thực hiện bất kỳ cuộc gọi đường dài nào trên điện thoại của anh ấy
Nice talking with you,Rất vui khi được nói chuyện với bạn
Tom can't believe that Mary thinks it's OK to let John take the blame,Tom không thể tin rằng mary nghĩ rằng ổn khi để john chịu trách nhiệm
Just wanted to let you know in person that I can't be at the meeting scheduled for this week.,Chỉ muốn trực tiếp cho bạn biết rằng tôi không thể có mặt tại cuộc họp đã lên lịch tuần này.
My childhood best friend was Tom.,Người bạn thân nhất thời thơ ấu của tôi là Tom.
I washed my own shirts.,tôi đã giặt áo sơ mi của riêng tôi.
Tom will be driving through Boston on his way to visit Mary,Tom sẽ lái xe qua boston trên đường đến thăm mary
Tom came to see me yesterday afternoon.,tom đến gặp tôi chiều hôm qua.
I have no doubt Tom would value it.,Tôi không nghi ngờ gì Tom sẽ coi trọng nó.
"Tom is rich, but not me","tom giàu, nhưng không phải tôi"
Tom can't hear us.,Tom không thể nghe chúng tôi.
India gained independence from Britain in 1947.,Ấn Độ giành được độc lập từ Anh vào năm 1947.
Funds don't magically materialize.,Tiền bạc không tự nhiên mà xuất hiện một cách kỳ diệu.
In what place did you master the art of throwing that curveball?,Bạn đã thành thạo nghệ thuật ném quả bóng cong đó ở đâu?
Tom indicated to Mary that she should go ahead.,Tom chỉ ra cho Mary rằng cô ấy nên đi trước.
The smell of cooking makes me hungry,mùi nấu ăn làm tôi đói
Are we going to be OK?,chúng ta sẽ ổn chứ
Tom eventually calmed down.,Tom cuối cùng cũng bình tĩnh lại.
It worked perfectly.,Nó đã hoạt động hoàn hảo.
She is said to have been beautiful.,cô ấy được cho là xinh đẹp
They attempted to assassinate the president.,họ đã cố gắng ám sát tổng thống.
Tom felt fine,tom cảm thấy tốt
My schedule has been rather full.,Lịch trình của tôi đã khá dày đặc.
I'm afraid you don't have any choice,tôi sợ bạn không có sự lựa chọn nào
That guy I was just talking to wouldn't tell me his name.,anh chàng đó tôi chỉ nói chuyện với tôi sẽ không cho tôi biết tên anh ta.
I complained to him face to face.,Tôi phàn nàn với anh ấy mặt đối mặt.
Tom depends too much on Mary,tom phụ thuộc quá nhiều vào mary
Please submit your question in written form.,Vui lòng gửi câu hỏi của bạn bằng văn bản.
I pursue game practically every single day.,Tôi theo đuổi con mồi gần như mỗi ngày.
The illumination ceased when she acted.,Ánh sáng ngừng lại khi cô ấy hành động.
Last year's summer saw me spending three weeks in Boston.,"Mùa hè năm ngoái, tôi đã dành ba tuần ở Boston."
Tom intends to take a constitutional.,Tom có ý định đi dạo để rèn luyện sức khỏe.
Tom had no idea where Mary went,tom không biết mary đã đi đâu
Someone has taken my shoes by mistake.,ai đó đã lấy giày của tôi do nhầm lẫn.
Where were you at the time of the murder?,bạn đã ở đâu trong vụ giết người?
He occupied the chair.,Anh ấy ngồi vào chiếc ghế.
I'll be there in 30 minutes.,Tôi sẽ đến đó sau 30 phút nữa.
Is it impossible for you to bring Tom to his senses?,Có phải là không thể để bạn làm cho Tom tỉnh ngộ không?
I need you to sew these buttons in place.,Tôi cần bạn khâu các nút này vào đúng vị trí.
There's no doubt Tom is fat.,"Không còn nghi ngờ gì nữa, Tom béo."
Their belief was that it would provoke a civil uprising.,Họ tin rằng điều đó sẽ kích động một cuộc nổi dậy dân sự.
It has been raining on and off since the day before yesterday.,trời đã mưa và mưa từ hôm trước.
The bigger boys torment the little ones,những cậu bé lớn hơn hành hạ những đứa trẻ
The fruit he dispatched my way was delightful.,Số trái cây anh ấy gửi cho tôi thật thú vị.
Fred took a liking to Jane and started dating her.,fred thích jane và bắt đầu hẹn hò với cô ấy.
Where is his job located?,Công việc của anh ấy ở đâu?
It will be some time before they come,sẽ có một thời gian trước khi họ đến
I have already read today's paper.,tôi đã đọc bài báo hôm nay.
I fear I've performed very poorly.,Tôi sợ rằng tôi đã thể hiện rất kém.
I thought you were right,tôi nghĩ bạn đã đúng
Get me my pills,lấy cho tôi thuốc
What in the world are you getting at?,bạn đang làm gì trên thế giới?
Tom's doorbell rang,chuông cửa của tom vang lên
He got over the shock of his father's death,ông đã vượt qua cú sốc về cái chết của cha mình
A piece of fruit landed on the ground.,Một trái cây đã rơi xuống mặt đất.
I don't have the luxury of time.,Tôi không có sự xa xỉ về thời gian.
Are there any famous musicians on the stage?,Có nhạc sĩ nổi tiếng nào trên sân khấu không?
I haven't been following the news lately.,Tôi đã không theo dõi tin tức gần đây.
He knows neither of us,anh ấy không biết cả hai chúng tôi
He was well advanced in years.,Ông ấy đã lớn tuổi.
Can you spare me a few minutes? I'd like to have a word with you,bạn có thể tha cho tôi vài phút không? tôi muốn nói chuyện với bạn
How was your walk?,bạn đi bộ thế nào?
"If it had not been for the map, I would have lost my way.","Nếu nó không có trên bản đồ, tôi sẽ lạc đường."
The drama he wrote became very popular.,Vở kịch anh ấy viết đã trở nên rất nổi tiếng.
What does your son do in Germany?,Con trai bạn làm gì ở Đức?
She offered me a warm smile as a greeting.,Cô ấy chào tôi bằng một nụ cười ấm áp.
What was it that he was looking for?,anh đang tìm cái gì vậy?
He behaved badly.,Anh cư xử tệ.
Tom wanted some more elbow room,tom muốn thêm một số phòng khuỷu tay
Have you found a cure?,bạn đã tìm ra cách chữa trị chưa?
Have you got any baggage for the check-in counter?,Bạn có hành lý nào cần ký gửi tại quầy không?
Do you want anything special?,bạn có muốn điều gì đặc biệt không?
I only wish it were that simple,tôi chỉ ước nó thật đơn giản
Tom always asks for Mary's opinion,tom luôn hỏi ý kiến của mary
Tom was nervous before the race.,Tom đã lo lắng trước cuộc đua.
Tom Jackson is the new name I've taken.,Tom Jackson là cái tên mới mà tôi đã lấy.
My bath was interrupted by the ringing of the telephone.,Việc tắm của tôi bị gián đoạn bởi tiếng điện thoại reo.
My wife learned to drive thanks to my instruction.,Vợ tôi đã học lái xe nhờ sự hướng dẫn của tôi.
It's essential that you resist that habit of yours.,Điều cần thiết là bạn phải chống lại thói quen đó của mình.
What made you so angry?,Điều gì làm bạn rất tức giận?
I had absolute confidence in it.,Tôi hoàn toàn tin tưởng vào điều đó.
The moon's surface is devoid of grass.,Bề mặt mặt trăng không có cỏ.
You're not really taking in what I'm communicating.,Bạn không thực sự tiếp thu những gì tôi đang truyền đạt.
Where did everybody go?,mọi người đã đi đâu
They won't be back.,họ sẽ không trở lại.
Every item she acquires is noted down by her.,Mọi thứ cô ấy mua đều được cô ấy ghi lại.
Publication of the book occurred following the author's demise.,Việc xuất bản cuốn sách diễn ra sau sự ra đi của tác giả.
You must not stay up late.,bạn không được thức khuya
Did you take Tom's advice?,bạn đã nghe lời khuyên của tom chưa?
You can't ride a horse.,bạn không thể cưỡi ngựa
Every sail on the ship was brought down.,Mọi cánh buồm trên tàu đều được gỡ xuống.
Tom is someone who has endured.,Tom là một người đã trải qua nhiều khó khăn và sống sót.
I've never played golf.,Tôi chưa bao giờ chơi gôn.
Tom and Mary agreed to work together.,tom và mary đồng ý làm việc cùng nhau.
No one answered.,không có ai trả lời.
Tom named his hamster Cookie,Tom đặt tên cho bánh quy hamster của mình
People don't say that anymore.,mọi người đừng nói thế nữa
I need to get some air,tôi cần lấy không khí
They plan to do away with most of these regulations,họ có kế hoạch loại bỏ hầu hết các quy định này
"If he comes, tell him to wait for me.","nếu anh ấy đến, bảo anh ấy đợi tôi"
They say that you never get over your first love,họ nói rằng bạn không bao giờ vượt qua được mối tình đầu
Tom never thought about the future.,tom không bao giờ nghĩ về tương lai.
Lake Biwa could be seen from where we were standing,hồ biwa có thể được nhìn thấy từ nơi chúng tôi đang đứng
He highlighted the problem with extra focus.,Ông ấy đã nhấn mạnh vấn đề với sự tập trung đặc biệt.
Would you mind giving me a light?,Bạn có phiền cho tôi xin lửa không?
Tom is careful,tom cẩn thận
Michael is to be on a TV program tonight.,michael sẽ có mặt trong một chương trình truyền hình tối nay.
Was Spot part of the group that went?,Spot có phải là một phần của nhóm đã đi không?
I don't like being treated this way.,Tôi không thích bị đối xử theo cách này.
He lost his balance and fell off the ladder,anh ta mất thăng bằng và ngã ra khỏi thang
How did you come by these books?,Làm thế nào bạn đến bởi những cuốn sách này?
"If I were you, I'd stay away from Tom for a while.","nếu tôi là bạn, tôi sẽ tránh xa tom một lúc."
I know how much it means to you.,tôi biết nó có ý nghĩa như thế nào với bạn
He's due to return soon.,Anh ấy dự kiến sẽ quay lại sớm.
Perhaps she is our mentor.,Có lẽ cô ấy là người hướng dẫn của chúng ta.
She's a successful businesswoman.,cô ấy là một nữ doanh nhân thành đạt
You'll be expected to dance with Tom.,bạn sẽ được nhảy với tom
He admitted to the theft of the treasure.,Anh ấy đã thừa nhận hành vi trộm cắp kho báu.
My heart broke at the sight of the dying birds,trái tim tôi tan vỡ khi nhìn thấy những con chim sắp chết
You're becoming negligent.,Bạn đang trở nên cẩu thả.
He handled it very carefully.,Anh ấy xử lý nó rất cẩn thận.
It's time to get down to work again.,Đã đến lúc bắt tay vào làm việc trở lại.
How're you doing at home?,bạn đang làm gì ở nhà
Tom began to open the present.,tom bắt đầu mở quà
My circle of friends includes many Esperanto speakers.,Vòng bạn bè của tôi bao gồm nhiều người nói tiếng Esperanto.
We don't need to ask for permission,chúng tôi không cần phải xin phép
"Tom stepped forward to kiss Mary, but she stepped back.","Tom bước tới hôn mary, nhưng cô lùi lại."
The visit turned out to be quite agreeable.,Chuyến thăm hóa ra khá dễ chịu.
Tom ran away from home.,tom bỏ nhà ra đi.
I believed you could offer some help.,Tôi tin rằng bạn có thể giúp đỡ.
Tom doesn't seem to have any self-confidence,Tom dường như không có tự tin
Jim and I run at an equal pace.,Jim và tôi chạy với tốc độ như nhau.
He confessed he had to lie,anh thú nhận anh phải nói dối
There's something very wrong here,có gì đó rất sai ở đây
I'll get up.,tôi sẽ dậy
Are there any items you wish to check?,Có món đồ nào bạn muốn kiểm tra không?
He started writing a new book two months ago and is still at it.,Anh ấy đã bắt đầu viết một cuốn sách mới cách đây hai tháng và vẫn đang tiếp tục.
I guess I'll be living with you a year from now.,Tôi đoán tôi sẽ sống với bạn một năm kể từ bây giờ.
Waiting had exhausted them.,Việc chờ đợi đã làm họ kiệt sức.
Tom didn't think he's ever get used to Thai food.,Tom không nghĩ mình đã quen với đồ ăn Thái.
How much money do you have on you right now?,bây giờ bạn có bao nhiêu tiền
"If I had known it, I would have told you.","nếu tôi biết điều đó, tôi sẽ nói với bạn."
All the furniture was covered with dust.,tất cả đồ đạc đều phủ đầy bụi.
Remembering the names of the students is something I can't do.,Việc nhớ tên học sinh là điều tôi không thể làm được.
A husband and wife promise always to love each other,Vợ chồng luôn hứa yêu nhau.
That's not an everyday spectacle.,Đó không phải là một cảnh tượng thường ngày.
Tom is leaving Kobe tomorrow morning.,Tom sẽ rời khỏi kobe vào sáng mai.
It dawned on her that math was her most challenging course.,Cô ấy chợt nhận ra rằng toán học là môn học khó nhất đối với mình.
His chances of succeeding are extremely slim.,Cơ hội thành công của anh ấy là cực kỳ mong manh.
The wallet came equipped with that photo.,Chiếc ví đi kèm với bức ảnh đó.
My surgery took place last summer.,Ca phẫu thuật của tôi diễn ra vào mùa hè năm ngoái.
I simply don't feel like it.,Tôi đơn giản là không có hứng thú.
I consider thirty dollars to be an exorbitant amount for this.,Tôi cho rằng ba mươi đô la là một số tiền cắt cổ cho cái này.
Do come by all means.,làm bằng mọi cách
We don't know for sure what actually took place.,Chúng tôi không biết chắc chắn điều gì đã thực sự diễn ra.
Mary is a potter,mary là thợ gốm
The room looks out on the ocean,căn phòng nhìn ra biển
He's patiently waiting for feedback.,Anh ấy đang kiên nhẫn chờ đợi phản hồi.
That was a more serious problem than we thought it would be.,đó là một vấn đề nghiêm trọng hơn chúng ta nghĩ.
I need to figure out what to do.,Tôi cần tìm ra mình phải làm gì.
You can see the colors of the spectrum in a rainbow.,bạn có thể thấy màu sắc của quang phổ trong cầu vồng.
It seemed Tom wasn't pleased.,Có vẻ như Tom không vui.
I find it quite tedious.,Tôi thấy nó khá buồn tẻ.
Dinosaur evolution holds a significant appeal for me.,Sự tiến hóa của khủng long có một sức hấp dẫn đáng kể đối với tôi.
I'll be sixteen on my next birthday,tôi sẽ mười sáu tuổi vào sinh nhật tới
That's a strange name for a company,đó là một cái tên lạ cho một công ty
Tom is right there.,tom ở ngay đây
I find the development of dinosaurs extremely captivating.,Tôi thấy sự phát triển của khủng long vô cùng hấp dẫn.
Dust filled the unoccupied house.,Bụi phủ kín ngôi nhà không người ở.
Is this where Tom lives?,đây là nơi tom sống?
Tom is a loyal citizen of his country,tom là một công dân trung thành của đất nước mình
You can trust him; he's honest.,Bạn có thể tin tưởng anh ấy; anh ấy là người trung thực.
I couldn't even understand the main point of what he said.,tôi thậm chí không thể hiểu ý chính của những gì anh ấy nói.
He purchased a large quantity of flour and cooking oil.,Anh ấy đã mua một lượng lớn bột mì và dầu ăn.
I suppose you have a plan,tôi cho rằng bạn có một kế hoạch
He got married at 22.,anh ấy kết hôn năm 22 tuổi.
The only time Tom seems to be happy is when he's with Mary.,Lần duy nhất tom có vẻ hạnh phúc là khi anh ấy với mary.
She put her sweater on,cô ấy mặc áo len vào
What's the tally of surgical interventions performed by Dr. Jackson over the past few weeks?,Tổng số ca can thiệp phẫu thuật mà Bác sĩ Jackson đã thực hiện trong vài tuần qua là bao nhiêu?
I wouldn't expect you to understand.,tôi sẽ không mong bạn hiểu
You should have known better than to lend him money,bạn nên biết nhiều hơn là cho anh ta mượn tiền
Tom and I aren't cowards,tom và tôi không hèn nhát
"Let's have our picture taken with the statue in the back, shall we?",Chúng ta hãy chụp ảnh với bức tượng ở phía sau?
No one's around,không có ai xung quanh
I think Tom knew Mary,tôi nghĩ tom biết mary
Personal rights hold the highest importance within a democratic society.,Quyền cá nhân giữ vai trò quan trọng nhất trong một xã hội dân chủ.
I'm feeling very shaky,tôi đang cảm thấy rất run
Why didn't you tell them?,tại sao bạn không nói với họ?
Bank services are getting more and more expensive,dịch vụ ngân hàng ngày càng đắt đỏ
Tom possesses the greatest artistic talent in our group.,Tom sở hữu tài năng nghệ thuật lớn nhất trong nhóm của chúng ta.
The revolt was put down with little trouble,cuộc nổi dậy đã bị dập tắt với một chút rắc rối
You're mistaken. That's not what I said.,bạn đang nhầm đó không phải là những gì tôi nói
Who'll drive?,ai sẽ lái xe
We don't yet know the side effects of the drug.,chúng tôi chưa biết tác dụng phụ của thuốc.
They agreed to work together on the project.,họ đã đồng ý làm việc cùng nhau trong dự án.
A sizable bundle of banknotes was taken from Tom's pocket.,Một bó tiền giấy khá lớn đã được lấy ra từ túi của Tom.
I was told about your new car.,Tôi đã được kể về chiếc xe mới của bạn.
A few things require your understanding.,Một vài điều yêu cầu bạn phải hiểu.
I have a lot of land,tôi có nhiều đất
She's wearing a nice hat,cô ấy đội một chiếc mũ đẹp
There isn't a strong physical likeness between Mary and her mother.,Không có sự giống nhau rõ rệt về ngoại hình giữa Mary và mẹ cô ấy.
Did you catch anything the last time you went fishing?,bạn có bắt được gì khi lần trước đi câu không?
I don't know what I want anymore.,tôi không biết tôi muốn gì nữa.
Not all of the staff was present.,không phải tất cả các nhân viên đã có mặt
Different jobs require different tools,công việc khác nhau đòi hỏi các công cụ khác nhau
Can't you convince Tom to be more sensible?,Bạn không thể thuyết phục Tom trở nên hợp lý hơn sao?
We're fair.,chúng ta công bằng
How many men do you have working in the dairy now?,bây giờ bạn có bao nhiêu người đàn ông làm việc trong ngành sữa?
I shouldn't have gotten up so early.,tôi không nên dậy sớm
Tom is a slightly overweight man,tom là một người đàn ông hơi thừa cân
He purchased the lipstick for twenty dollars.,Anh ấy đã mua thỏi son với giá hai mươi đô la.
It was about the size of an egg.,Nó có kích thước bằng một quả trứng.
His friend received a present from Jack.,Bạn của anh ấy đã nhận được một món quà từ Jack.
The room has two windows,phòng có hai cửa sổ
Tom was deep in contemplation.,Tom đang chìm sâu vào suy tư.
Every person must forge their own destiny.,Mỗi người phải tự tạo ra số phận của riêng mình.
"""What a filthy face!"" he shouted.","Thật là một khuôn mặt bẩn thỉu!"" anh ấy hét lên."
He had a gentleness that was attractive to women,"anh có một sự dịu dàng, hấp dẫn đối với phụ nữ"
I'm offering Tom his final opportunity.,Tôi đang trao cho Tom cơ hội cuối cùng của cậu ấy.
He tried to restrain his anger,anh cố gắng kiềm chế cơn giận của mình
Why can't he play tennis today?,Tại sao hôm nay anh ấy không thể chơi tennis?
Money isn't freely given; it must be earned.,Tiền không tự nhiên mà có; nó phải được kiếm.
Are you sure you don't want me to help you do the laundry?,bạn có chắc bạn không muốn tôi giúp bạn giặt giũ?
I'm sorry about everything,tôi xin lỗi về tất cả mọi thứ
That sounds like a great idea.,Có vẻ là một ý tưởng tuyệt vời.
Tom stood at the open window.,tom đứng ở cửa sổ mở.
Consult your dictionary for the definitions of the unfamiliar words.,Tra cứu từ điển của bạn để biết định nghĩa của những từ mới.
You've probably seen that already,có lẽ bạn đã thấy điều đó rồi
"Tom doesn't see any reason why he can't go, too.",Tom không thấy bất kỳ lý do tại sao anh ấy không thể đi quá.
How about stopping the car and taking a rest?,Làm thế nào về việc dừng xe và nghỉ ngơi?
What a cute baby!,Thật là một em bé dễ thương!
I would like to help you.,tôi muốn giúp bạn
I need what you have.,tôi cần những gì bạn có
How did you get Tom to tell you that?,Làm thế nào bạn có được tom để nói với bạn điều đó?
Both my father and I went to the museum for the first time,cả cha và tôi lần đầu tiên đến bảo tàng
Tom needs a good lawyer,tom cần một luật sư giỏi
He looks down on everybody else,anh ấy coi thường những người khác
I'll tell Tom to fetch you a meal.,Tôi sẽ bảo Tom đi lấy cho bạn một bữa ăn.
It's a very big and busy city,đó là một thành phố rất lớn và bận rộn
I guess you don't recognize me,tôi đoán bạn không nhận ra tôi
Do not alter the arrangement of the books and magazines.,Đừng thay đổi cách sắp xếp của sách và tạp chí.
That dog's bark wouldn't even scare off a baby.,tiếng sủa của con chó đó thậm chí sẽ không làm bé sợ.
How about we share a meal this evening?,Tối nay chúng ta cùng ăn bữa tối nhé?
Eat slowly,ăn chậm thôi
I wonder what Tom has done now.,tôi tự hỏi những gì tom đã làm bây giờ.
He has only six months to live.,anh chỉ còn sáu tháng để sống.
He will take over the business when his father retires,ông sẽ tiếp quản công việc kinh doanh khi cha ông nghỉ hưu
Relax. I've got it covered.,Thư giãn đi. Tôi đã lo liệu rồi.
That toy is made of wood.,đồ chơi đó được làm bằng gỗ.
I have been to the place that she spoke about in her talk.,tôi đã đến nơi mà cô ấy nói về cô ấy.
Tom tried to hide his surprise,tom cố gắng che giấu sự ngạc nhiên của mình
You have to do it again.,bạn phải làm lại
Tom was immediately worried.,tom ngay lập tức lo lắng.
My sibling resides in Tokyo.,Anh/em trai của tôi cư trú tại Tokyo.
Boston is a great town,boston là một thị trấn tuyệt vời
What's the payment you're receiving for doing this?,Khoản thanh toán bạn nhận được khi làm việc này là bao nhiêu?
My impression is that you've already laid eyes on this.,Ấn tượng của tôi là bạn đã nhìn thấy cái này rồi.
Is he kind to you?,anh ấy có tử tế với bạn không?
Tom developed a taste for French wine,tom phát triển một hương vị cho rượu vang Pháp
We don't want to die.,chúng tôi không muốn chết.
Tom doesn't want to take risks.,Tom không muốn mạo hiểm.
Tom's house was on fire.,Nhà của tom bị cháy.
He mistakenly got on the wrong bus.,Anh ấy đã nhầm lẫn lên sai xe buýt.
I have no current obligations.,Hiện tại tôi không có nghĩa vụ nào.
Tom is apparently some kind of genius when it comes to music,Tom rõ ràng là một loại thiên tài khi nói đến âm nhạc
I'd like to get something to eat.,Tôi muốn kiếm gì đó để ăn.
Tom ended up behind bars.,Tom đã phải vào tù.
I thought this was something we both wanted,tôi nghĩ rằng đây là điều cả hai chúng tôi muốn
Exiting a truck while it's in motion poses a risk.,Rời khỏi xe tải khi nó đang di chuyển tiềm ẩn rủi ro.
The president terminated the institution of slavery.,Tổng thống đã chấm dứt thể chế nô lệ.
I told Tom I'd help.,tôi nói với tom tôi sẽ giúp.
I wish you good health.,Tôi chúc bạn sức khỏe tốt.
I want you to go through as much hardship as we did.,Tôi muốn bạn trải qua nhiều khó khăn như chúng tôi đã trải qua.
I saw the two together on several occasions,tôi đã thấy hai người cùng nhau trong nhiều dịp
He possesses advanced and non-obsolete ideas.,Ông ấy sở hữu những ý tưởng tiên tiến và không lỗi thời.
I like to eat Korean food,tôi thích ăn đồ ăn hàn quốc
I can't talk to girls.,tôi không thể nói chuyện với các cô gái.
Would you care to join us for a drink?,bạn có muốn tham gia cùng chúng tôi để uống không?
Tom is certainly feeling upset.,Tom chắc chắn đang cảm thấy khó chịu.
I warned Tom against venturing outside after sunset.,Tôi đã cảnh báo Tom không nên mạo hiểm ra ngoài sau khi mặt trời lặn.
They must really hate me.,họ phải thực sự ghét tôi
This is quite uninteresting.,Điều này khá là không thú vị.
It's clear to me that Tom is in agony.,Rõ ràng đối với tôi là Tom đang đau đớn tột cùng.
I met her on my way home,tôi gặp cô ấy trên đường về nhà
I saw you hide it under your bed.,tôi thấy bạn giấu nó dưới giường của bạn.
Tell me how to get back to the hotel,cho tôi biết làm thế nào để trở về khách sạn
Were you attacked?,bạn đã bị tấn công?
On Sundays I rest.,vào chủ nhật tôi nghỉ ngơi.
I'd rather live in a wooden house,tôi thà sống trong một ngôi nhà gỗ
The cost of goods has been steady recently.,Giá cả hàng hóa gần đây đã ổn định.
We're dizzy.,chúng tôi choáng váng.
She's made one trip to New York.,Cô ấy đã có một chuyến đi đến New York.
Journeys to other countries are highly engaging.,Những chuyến đi đến các quốc gia khác rất lôi cuốn.
I asked Tom to leave,tôi yêu cầu tom rời đi
They went fishing.,họ đã đi câu cá.
It was just accomplished by me.,Nó vừa được tôi thực hiện.
Mastery doesn't come without challenges.,Sự tinh thông không đến mà không có thử thách.
Is there anything unusual about that?,Có điều gì bất thường về điều đó?
A competent pitcher in his place would ensure our victory in this match.,Một người ném bóng có năng lực ở vị trí của anh ấy sẽ đảm bảo chiến thắng của chúng tôi trong trận đấu này.
Is it okay if I wait for you right here?,Tôi đợi bạn ngay tại đây có được không?
I'm a free man.,Tôi là một người tự do.
We are beyond anyone's control.,Chúng tôi nằm ngoài sự kiểm soát của bất kỳ ai.
I expect to score highly on the assessment.,Tôi mong đợi sẽ đạt điểm cao trong bài đánh giá.
Come to the front of the classroom,đến trước lớp học
Let's go to the kitchen,chúng ta hãy vào bếp
"Except for John, they all arrived","ngoại trừ john, tất cả họ đã đến"
Tom and Mary need to help each other more often,tom và mary cần giúp đỡ nhau thường xuyên hơn
You should be able to manage it,bạn sẽ có thể quản lý nó
The boy talks as if he were a man,Cậu bé nói chuyện như thể là một người đàn ông
It's necessary for them to calculate the price.,Họ cần phải tính toán giá cả.
I missed my bus this morning.,Tôi đã bỏ lỡ xe buýt của tôi sáng nay.
It is on the tip of my tongue.,nó ở trên đầu lưỡi của tôi
I was advised by Tom that this area would be loud.,Tôi đã được Tom khuyên rằng khu vực này sẽ ồn ào.
I'm happy right now.,Tôi đang hạnh phúc ngay bây giờ.
"Just tell us what you want to tell us, then leave","chỉ cần cho chúng tôi biết những gì bạn muốn nói với chúng tôi, sau đó rời đi"
I have nothing to open the can with.,tôi không có gì để mở lon với.
Tom says he can't sleep.,Tom nói rằng anh ta không thể ngủ được.
I'm surprised by how well you can cook.,Tôi ngạc nhiên về việc bạn có thể nấu ăn ngon đến mức nào.
It's rude of you to ask her that question,bạn thật thô lỗ khi hỏi cô ấy câu hỏi đó
Thirty dollars were set down by Tom on the table.,Ba mươi đô la đã được Tom đặt xuống bàn.
The hotel faces the restaurant across the street.,Khách sạn đối diện nhà hàng qua đường.
Stop putting off finding a job.,ngừng tìm việc làm
You've got to learn to be careful,bạn phải học cách cẩn thận
You did it again,bạn đã làm lại
Permit me to observe.,Cho phép tôi quan sát.
She caught my eye.,cô ấy lọt vào mắt tôi
"Anyway, I'll take a chance.","Dù sao, tôi sẽ có một cơ hội."
Tom wasn't truthful with you.,Tom đã không thành thật với bạn.
Is this your briefcase?,đây có phải là chiếc cặp của bạn không?
I was shown an image of Tom's girlfriend.,Tôi đã được xem một bức ảnh bạn gái của Tom.
I have some inquiries to make.,Tôi có vài điều cần hỏi.
I thought you said Tom used to live in Boston,Tôi nghĩ bạn nói tom đã từng sống ở boston
It appears that not many individuals have read this book.,Dường như không có nhiều người đã đọc cuốn sách này.
He will make his return before long.,Anh ấy sẽ trở lại trong thời gian không xa.
An attempt was made to force the lock open with a metal rod.,Người ta đã cố gắng dùng một thanh kim loại để cạy khóa.
Where can I find a bank to change yen into dollars?,Tôi có thể tìm ngân hàng nào để đổi yên thành đô la?
I don't feel the same way.,tôi không cảm thấy như vậy
They will react with surprise the instant they locate it.,Họ sẽ ngạc nhiên ngay lập tức khi định vị được nó.
My train ride took me to Kyoto and no further.,Chuyến tàu của tôi đưa tôi đến Kyoto và không xa hơn.
He stopped by the bookstore.,Anh ấy đã ghé qua hiệu sách.
The factory was targeted with many bombs by the enemy.,Nhà máy đã bị kẻ thù nhắm mục tiêu với nhiều quả bom.
Tom should take an umbrella because it looks like rain.,tom nên lấy một cái ô vì nó trông giống như mưa.
May I leave school early today?,hôm nay tôi có thể nghỉ học sớm không?
Thank you for helping me clean out the garage.,cảm ơn bạn đã giúp tôi dọn dẹp nhà để xe.
The student who is talking with John is from Canada.,sinh viên đang nói chuyện với john đến từ Canada.
Tom is looking forward to seeing you again,tom rất mong được gặp lại bạn
He got a telegram conveying the sad news of his mother's death.,Anh ấy nhận được một bức điện tín truyền tải tin buồn về cái chết của mẹ anh ấy.
I put in all my capability.,Tôi đã phát huy hết khả năng của mình.
Would you like a glass of orange juice with your breakfast?,Bạn có muốn một ly nước cam với bữa sáng của bạn?
"After I found out where Tom went, I went to look for him.","Sau khi tôi phát hiện ra tom đã đi đâu, tôi đã đi tìm anh ấy."
Each person must discover their unique journey.,Mỗi người phải khám phá hành trình độc đáo của riêng mình.
This is a pretty predicament you've created for us.,Đây là một tình thế khó khăn mà bạn đã tạo ra cho chúng tôi.
"Frankly speaking, he is an unreliable man","thẳng thắn mà nói, anh ấy là một người đàn ông không đáng tin cậy"
Do you understand Tom?,bạn có hiểu tom không
She smiled agreeably when she greeted me.,Cô ấy mỉm cười một cách dễ chịu khi chào tôi.
Let's get up early and watch the sunrise,hãy dậy sớm và ngắm bình minh
Tom bought the house next door to me three years ago,Tom mua căn nhà bên cạnh tôi ba năm trước
The task has just been performed by me.,Nhiệm vụ vừa được tôi thực hiện.
How does this soup taste?,món súp này có vị như thế nào?
She asserted that she was right.,Cô khẳng định mình đã đúng.
